# Object Export From Tinkercad Server 2015

mtllib obj.mtl

o obj_0
v -13.6109 		-102.7879 		5
v -13.6203 		-102.7887 		5
v -13.6011 		-102.7852 		5
v -31.0967 		-76.5527 		0
v -13.6882 		-104.6233 		0
v -31.0967 		-76.5527 		5
v -13.0402 		-88.9399 		0
v -13.6882 		-104.6233 		5
v -13.7198 		-104.5716 		5
v -13.7198 		-104.5716 		0
v -13.0402 		-88.9399 		5
v -31.0967 		-73.9839 		5
v -31.0967 		-73.9839 		0
v -17.2298 		-79.9751 		0
v -13.0407 		-88.7436 		0
v -17.2298 		-79.9751 		5
v -13.0407 		-88.7436 		5
v -13.7554 		-104.5177 		5
v -13.7554 		-104.5177 		0
v -31.0967 		-71.9418 		0
v -31.0967 		-71.9418 		5
v -13.0416 		-88.5601 		0
v -13.7956 		-104.4612 		5
v -13.0416 		-88.5601 		5
v -13.7956 		-104.4612 		0
v -31.0967 		-63.1284 		0
v -31.0967 		-63.1284 		5
v -13.0428 		-88.3891 		0
v -13.5106 		-102.6938 		5
v -31.0967 		-56.3571 		5
v -13.0428 		-88.3891 		5
v -31.0967 		-56.3571 		0
v -13.8408 		-104.4015 		5
v -13.5007 		-102.6773 		5
v -13.0447 		-88.2302 		0
v -13.0447 		-88.2302 		5
v -17.4075 		-78.7384 		5
v -13.4911 		-102.6595 		5
v -31.0967 		-64.9878 		5
v -31.0967 		-64.9878 		0
v -13.8408 		-104.4015 		0
v -17.4002 		-78.8343 		5
v -13.0468 		-88.0829 		0
v -13.0468 		-88.0829 		5
v -17.3905 		-78.9372 		5
v -13.8911 		-104.3381 		5
v -13.8911 		-104.3381 		0
v -13.0767 		-105.5804 		0
v -21.9416 		-60.1529 		0
v -13.0851 		-105.6294 		0
v -13.9469 		-104.2702 		5
v -13.9469 		-104.2702 		0
v -13.0945 		-105.6706 		0
v -13.1052 		-105.7047 		0
v -17.3787 		-79.0458 		5
v -13.1172 		-105.7321 		0
v -14.0885 		-88.1212 		0
v -13.1307 		-105.7537 		0
v -13.1455 		-105.7701 		0
v -13.1618 		-105.7821 		0
v -13.1799 		-105.7901 		0
v -13.4239 		-102.4874 		5
v -13.1994 		-105.7951 		0
v -14.0885 		-88.1212 		5
v -13.2209 		-105.7975 		0
v -14.0086 		-104.1976 		5
v -13.2442 		-105.7982 		0
v -13.2637 		-105.7977 		0
v -14.0086 		-104.1976 		0
v -21.9416 		-60.1529 		5
v -13.4172 		-102.4629 		5
v -21.9423 		-60.0374 		5
v -21.9423 		-60.0374 		0
v -13.9874 		-88.1146 		0
v -14.0766 		-104.1195 		5
v -14.0766 		-104.1195 		0
v -13.9874 		-88.1146 		5
v -21.9405 		-60.2698 		0
v -21.9405 		-60.2698 		5
v -13.4111 		-102.4379 		5
v -13.8989 		-88.1075 		0
v -21.9393 		-60.3876 		0
v -21.9393 		-60.3876 		5
v -13.8989 		-88.1075 		5
v -13.0402 		-103.7313 		0
v -21.9354 		-60.5616 		0
v -13.0402 		-103.7313 		5
v -21.9354 		-60.5616 		5
v -13.8229 		-88.0999 		0
v -13.2823 		-105.7958 		0
v -13.2998 		-105.7926 		0
v -13.4054 		-102.4126 		5
v -13.3163 		-105.7881 		0
v -13.8229 		-88.0999 		5
v -13.3319 		-105.7819 		0
v -13.3466 		-105.774 		0
v -13.0407 		-103.5574 		0
v -13.3604 		-105.7643 		0
v -13.0407 		-103.5574 		5
v -13.3736 		-105.7528 		0
v -13.3858 		-105.7393 		0
v -13.3974 		-105.7236 		0
v -13.4085 		-105.7056 		0
v -13.4188 		-105.6853 		0
v -13.4286 		-105.6626 		0
v -13.4379 		-105.6373 		0
v -13.4468 		-105.6092 		0
v -17.4139 		-78.5053 		5
v -13.4551 		-105.5785 		0
v -13.0416 		-103.3951 		0
v -13.0416 		-103.3951 		5
v -17.4145 		-78.5727 		5
v -13.0428 		-103.2442 		0
v -13.0428 		-103.2442 		5
v -13.3775 		-102.2862 		5
v -13.3842 		-102.31 		5
v -13.3904 		-102.3346 		5
v -13.396 		-102.36 		5
v -13.0428 		-104.8228 		0
v -21.9362 		-58.9348 		0
v -17.4124 		-78.6508 		5
v -13.401 		-102.386 		5
v -21.9362 		-58.9348 		5
v -13.0447 		-104.9593 		0
v -13.0447 		-103.1043 		0
v -13.0447 		-103.1043 		5
v -13.0469 		-105.0826 		0
v -13.0499 		-105.1931 		0
v -13.0536 		-105.2917 		0
v -13.058 		-105.3791 		0
v -13.0633 		-105.4559 		0
v -13.0695 		-105.5228 		0
v -13.0468 		-102.975 		0
v -13.0468 		-102.975 		5
v -21.9378 		-59.0167 		0
v -21.9378 		-59.0167 		5
v -17.3877 		-78.3726 		5
v -21.9393 		-59.1032 		0
v -17.3929 		-78.3799 		5
v -21.9393 		-59.1032 		5
v -13.4782 		-105.4681 		0
v -13.4854 		-105.425 		0
v -13.4925 		-105.3785 		0
v -13.4993 		-105.3286 		0
v -13.5061 		-105.275 		0
v -13.5129 		-105.2178 		0
v -13.0495 		-102.8558 		5
v -21.9405 		-59.194 		0
v -21.9405 		-59.194 		5
v -17.383 		-78.3641 		5
v -13.2665 		-102.0748 		5
v -13.0527 		-102.7465 		5
v -13.2772 		-102.0861 		5
v -21.9416 		-59.2886 		0
v -21.9416 		-59.2886 		5
v -17.3788 		-78.3544 		5
v -13.4632 		-105.5448 		0
v -13.4708 		-105.508 		0
v -13.0564 		-102.6467 		5
v -13.5223 		-105.1516 		0
v -21.9423 		-59.3871 		0
v -21.9423 		-59.3871 		5
v -17.375 		-78.3438 		5
v -13.0606 		-102.556 		5
v -17.3715 		-78.3322 		5
v -13.2877 		-102.0987 		5
v -13.759 		-88.0916 		0
v -13.298 		-102.1126 		5
v -13.5319 		-105.0895 		0
v -13.3082 		-102.1276 		5
v -13.318 		-102.1438 		5
v -13.3277 		-102.1612 		5
v -13.3369 		-102.1796 		5
v -13.759 		-88.0916 		5
v -13.3458 		-102.1991 		5
v -13.3544 		-102.2195 		5
v -13.3626 		-102.2408 		5
v -13.5422 		-105.0309 		0
v -13.3702 		-102.263 		5
v -13.0654 		-102.474 		5
v -13.5534 		-104.9753 		0
v -13.7071 		-88.0829 		0
v -13.7071 		-88.0829 		5
v -17.3685 		-78.3196 		5
v -14.137 		-102.3341 		5
v -13.5658 		-104.9222 		0
v -13.0708 		-102.4005 		5
v -13.6668 		-88.0736 		0
v -13.6668 		-88.0736 		5
v -13.58 		-104.871 		0
v -14.0744 		-102.3964 		5
v -13.0769 		-102.3348 		5
v -13.638 		-88.0636 		0
v -13.638 		-88.0636 		5
v -14.0149 		-102.4549 		5
v -13.5963 		-104.8211 		0
v -13.6203 		-88.0531 		0
v -13.0835 		-102.2769 		5
v -17.4032 		-78.4077 		5
v -13.6203 		-88.0531 		5
v -13.9585 		-102.5095 		5
v -13.6147 		-104.772 		0
v -13.6097 		-88.0441 		0
v -13.9056 		-102.5598 		5
v -13.0909 		-102.2263 		5
v -13.636 		-104.723 		0
v -13.6097 		-88.0441 		5
v -13.8564 		-102.6056 		5
v -13.5993 		-88.0332 		5
v -13.5993 		-88.0332 		0
v -13.0988 		-102.1824 		5
v -17.366 		-78.3062 		5
v -21.9429 		-59.4888 		0
v -13.5892 		-88.0203 		5
v -13.5892 		-88.0203 		0
v -13.811 		-102.6469 		5
v -13.1075 		-102.1452 		5
v -13.7698 		-102.6833 		5
v -13.0399 		-103.9173 		0
v -13.5794 		-88.0056 		5
v -13.0401 		-104.1304 		0
v -13.5794 		-88.0056 		0
v -13.0403 		-104.3269 		0
v -13.0408 		-104.5072 		0
v -17.3639 		-78.2919 		5
v -13.0417 		-104.6723 		0
v -13.117 		-102.1141 		5
v -13.7329 		-102.7147 		5
v -13.5698 		-87.9894 		5
v -13.5698 		-87.9894 		0
v -13.6604 		-104.6736 		0
v -17.3621 		-78.2769 		5
v -13.1272 		-102.0888 		5
v -13.5606 		-87.9716 		5
v -13.5606 		-87.9716 		0
v -13.1382 		-102.0689 		5
v -13.1626 		-102.044 		5
v -13.1761 		-102.0382 		5
v -13.1904 		-102.0364 		5
v -13.2012 		-102.0372 		5
v -13.2121 		-102.0397 		5
v -17.4102 		-78.4499 		5
v -21.9429 		-59.4888 		5
v -13.15 		-102.0541 		5
v -21.9432 		-59.5936 		0
v -21.9432 		-59.5936 		5
v -13.223 		-102.0437 		5
v -13.0495 		-87.9467 		0
v -20.8936 		-104.736 		5
v -13.0495 		-87.9467 		5
v -20.9971 		-104.8533 		5
v -13.0527 		-87.8214 		0
v -13.0527 		-87.8214 		5
v -21.0897 		-104.9609 		5
v -21.1721 		-105.0593 		5
v -13.0564 		-87.7066 		0
v -13.0564 		-87.7066 		5
v -21.9433 		-59.701 		0
v -21.9433 		-59.701 		5
v -13.0606 		-87.6017 		0
v -13.0606 		-87.6017 		5
v -13.0654 		-87.5064 		0
v -13.0654 		-87.5064 		5
v -13.0708 		-87.4204 		0
v -13.0708 		-87.4204 		5
v -21.3832 		-58.8832 		5
v -14.1513 		-104.0353 		5
v -13.0769 		-87.343 		0
v -13.0769 		-87.343 		5
v -21.3496 		-58.8896 		5
v -13.0835 		-87.2741 		0
v -13.0835 		-87.2741 		5
v -14.2329 		-103.9445 		5
v -13.0909 		-87.2132 		0
v -21.3123 		-58.8913 		5
v -13.0909 		-87.2132 		5
v -21.2708 		-58.8885 		5
v -13.0988 		-87.1599 		0
v -13.0988 		-87.1599 		5
v -13.2339 		-102.0493 		5
v -14.3219 		-103.8466 		5
v -14.4185 		-103.741 		5
v -13.2449 		-102.0564 		5
v -13.2558 		-102.065 		5
v -21.2246 		-58.8806 		5
v -13.1075 		-87.1137 		0
v -13.1075 		-87.1137 		5
v -14.5232 		-103.6271 		5
v -13.4813 		-87.6632 		5
v -21.5723 		-58.7007 		5
v -13.4778 		-87.6322 		5
v -21.5634 		-58.7178 		5
v -13.475 		-87.6009 		5
v -21.554 		-58.7345 		5
v -13.4728 		-87.569 		5
v -15.1031 		-103.0029 		5
v -15.0258 		-103.0869 		5
v -14.9492 		-103.1698 		5
v -21.5442 		-58.7504 		5
v -14.8739 		-103.2512 		5
v -14.7999 		-103.331 		5
v -14.7276 		-103.4087 		5
v -14.6572 		-103.4841 		5
v -14.589 		-103.557 		5
v -13.4712 		-87.5371 		5
v -21.5341 		-58.7656 		5
v -14.8822 		-101.5466 		5
v -14.9638 		-101.456 		5
v -13.0606 		-102.556 		0
v -13.0564 		-102.6467 		0
v -21.5236 		-58.7803 		5
v -13.0527 		-102.7465 		0
v -13.0495 		-102.8558 		0
v -13.5517 		-87.9521 		5
v -14.8011 		-101.6357 		5
v -14.7209 		-101.7231 		5
v -21.5127 		-58.794 		5
v -13.5431 		-87.9314 		5
v -13.0835 		-102.2769 		0
v -14.6419 		-101.8085 		5
v -13.0769 		-102.3348 		0
v -13.0708 		-102.4005 		0
v -13.0654 		-102.474 		0
v -21.5016 		-58.8069 		5
v -13.5349 		-87.9092 		5
v -14.5641 		-101.8917 		5
v -21.4902 		-58.819 		5
v -13.5272 		-87.8858 		5
v -14.4879 		-101.9725 		5
v -21.4784 		-58.8299 		5
v -13.5198 		-87.8612 		5
v -14.4134 		-102.0509 		5
v -13.15 		-102.0541 		0
v -13.1382 		-102.0689 		0
v -14.3409 		-102.1263 		5
v -13.1272 		-102.0888 		0
v -13.117 		-102.1141 		0
v -13.1075 		-102.1452 		0
v -21.4664 		-58.8399 		5
v -13.5129 		-87.8355 		5
v -13.0988 		-102.1824 		0
v -13.0909 		-102.2263 		0
v -13.2558 		-102.065 		0
v -13.2449 		-102.0564 		0
v -14.2705 		-102.1989 		5
v -13.2339 		-102.0493 		0
v -13.5064 		-87.8088 		5
v -21.4412 		-58.8583 		5
v -14.2025 		-102.2682 		5
v -13.4817 		-102.6409 		0
v -13.5004 		-87.7812 		5
v -13.4724 		-102.6213 		0
v -21.4136 		-58.8728 		5
v -13.4948 		-87.7527 		5
v -13.4635 		-102.6009 		0
v -13.4548 		-102.5796 		0
v -13.4897 		-87.7235 		5
v -15.7977 		-102.2423 		5
v -15.8699 		-102.1624 		5
v -13.4465 		-102.5574 		0
v -21.629 		-58.5338 		5
v -15.6485 		-102.4067 		5
v -15.7237 		-102.3238 		5
v -13.4852 		-87.6936 		5
v -13.4386 		-102.5348 		0
v -15.4946 		-102.5756 		5
v -15.572 		-102.4907 		5
v -13.431 		-102.5113 		0
v -21.6252 		-58.5527 		5
v -21.6206 		-58.5717 		5
v -13.4476 		-87.1001 		5
v -21.6153 		-58.5907 		5
v -13.4532 		-87.1341 		5
v -13.5912 		-102.781 		0
v -21.6095 		-58.6096 		5
v -13.4579 		-87.1715 		5
v -13.5813 		-102.7751 		0
v -13.4618 		-87.2123 		5
v -15.0468 		-101.364 		5
v -15.1288 		-101.2734 		5
v -21.6031 		-58.6284 		5
v -15.2098 		-101.1844 		5
v -13.5712 		-102.7676 		0
v -13.4648 		-87.2569 		5
v -15.4166 		-102.6612 		5
v -15.3382 		-102.7468 		5
v -13.561 		-102.7586 		0
v -15.2596 		-102.8326 		5
v -15.1812 		-102.918 		5
v -21.5962 		-58.647 		5
v -13.4671 		-87.3051 		5
v -13.5509 		-102.7483 		0
v -13.4687 		-87.3571 		5
v -21.5886 		-58.6653 		5
v -13.5407 		-102.7366 		0
v -15.9402 		-102.0847 		5
v -13.4695 		-87.413 		5
v -13.5306 		-102.7236 		0
v -21.5807 		-58.6832 		5
v -13.5205 		-102.7093 		0
v -16.2536 		-101.7354 		5
v -13.4702 		-87.505 		5
v -16.1969 		-101.7991 		5
v -16.1369 		-101.866 		5
v -16.0739 		-101.9362 		5
v -16.0082 		-102.0092 		5
v -16.3084 		-101.6754 		5
v -13.4699 		-87.4727 		5
v -16.3625 		-101.6164 		5
v -13.7004 		-102.7408 		0
v -16.4158 		-101.5587 		5
v -13.6728 		-102.7614 		0
v -16.4681 		-101.5022 		5
v -13.65 		-102.7765 		0
v -16.5194 		-101.4472 		5
v -13.6325 		-102.7856 		0
v -16.5695 		-101.3936 		5
v -16.6183 		-101.3419 		5
v -16.6656 		-101.292 		5
v -13.6203 		-102.7887 		0
v -13.6109 		-102.7879 		0
v -16.7114 		-101.244 		5
v -16.7554 		-101.1981 		5
v -13.6011 		-102.7852 		0
v -13.705 		-102.8292 		0
v -17.5393 		-101.2395 		5
v -17.625 		-101.3243 		5
v -13.5106 		-102.6938 		0
v -17.4075 		-78.7384 		0
v -13.5007 		-102.6773 		0
v -13.4911 		-102.6595 		0
v -17.4002 		-78.8343 		0
v -15.894 		-99.4908 		5
v -21.6369 		-58.478 		5
v -17.3905 		-78.9372 		0
v -13.4239 		-102.4874 		0
v -21.635 		-58.4963 		5
v -17.3787 		-79.0458 		0
v -13.4172 		-102.4629 		0
v -21.6324 		-58.515 		5
v -15.2895 		-101.0973 		5
v -15.3677 		-101.0122 		5
v -15.4442 		-100.9295 		5
v -15.5188 		-100.8492 		5
v -15.5912 		-100.7716 		5
v -13.4111 		-102.4379 		0
v -15.6614 		-100.6971 		5
v -15.729 		-100.6255 		5
v -15.7939 		-100.5573 		5
v -15.8559 		-100.4927 		5
v -21.9147 		-58.479 		5
v -14.2774 		-97.7327 		5
v -13.4054 		-102.4126 		0
v -14.4109 		-97.8669 		5
v -21.9182 		-58.5138 		5
v -14.5459 		-98.0047 		5
v -21.9214 		-58.5555 		5
v -14.6814 		-98.1452 		5
v -13.401 		-102.386 		0
v -21.9244 		-58.6039 		5
v -13.396 		-102.36 		0
v -14.8169 		-98.2874 		5
v -13.3904 		-102.3346 		0
v -13.3842 		-102.31 		0
v -13.3775 		-102.2862 		0
v -14.9514 		-98.4306 		5
v -21.9272 		-58.6585 		5
v -21.9298 		-58.7193 		5
v -15.0841 		-98.5736 		5
v -21.9321 		-58.7857 		5
v -15.2142 		-98.7153 		5
v -13.3702 		-102.263 		0
v -13.3626 		-102.2408 		0
v -13.3544 		-102.2195 		0
v -13.3458 		-102.1991 		0
v -21.9343 		-58.8578 		5
v -15.3408 		-98.8552 		5
v -13.3369 		-102.1796 		0
v -13.3277 		-102.1612 		0
v -13.318 		-102.1438 		0
v -13.3082 		-102.1276 		0
v -13.298 		-102.1126 		0
v -15.4632 		-98.9921 		5
v -13.2877 		-102.0987 		0
v -13.2772 		-102.0861 		0
v -13.2665 		-102.0748 		0
v -15.5805 		-99.1249 		5
v -21.6384 		-58.4422 		5
v -21.638 		-58.4599 		5
v -15.6919 		-99.2531 		5
v -14.137 		-102.3341 		0
v -21.6394 		-58.4035 		5
v -15.7967 		-99.3753 		5
v -14.0744 		-102.3964 		0
v -21.6423 		-58.3682 		5
v -14.0149 		-102.4549 		0
v -13.9585 		-102.5095 		0
v -13.9056 		-102.5598 		0
v -15.9148 		-100.4318 		5
v -15.9703 		-100.3748 		5
v -16.0223 		-100.3221 		5
v -13.8564 		-102.6056 		0
v -13.811 		-102.6469 		0
v -21.6469 		-58.3359 		5
v -13.7698 		-102.6833 		0
v -16.1916 		-99.8661 		5
v -21.6531 		-58.3071 		5
v -13.7329 		-102.7147 		0
v -16.239 		-99.9336 		5
v -16.274 		-99.9885 		5
v -21.6607 		-58.2814 		5
v -16.2959 		-100.0302 		5
v -21.6698 		-58.2592 		5
v -13.223 		-102.0437 		0
v -13.2121 		-102.0397 		0
v -13.2012 		-102.0372 		0
v -13.1904 		-102.0364 		0
v -13.1761 		-102.0382 		0
v -13.1626 		-102.044 		0
v -20.8936 		-104.736 		0
v -21.8334 		-58.2518 		5
v -20.9971 		-104.8533 		0
v -21.0897 		-104.9609 		0
v -21.8474 		-58.2732 		5
v -21.1721 		-105.0593 		0
v -21.68 		-58.2402 		5
v -21.6914 		-58.2245 		5
v -16.3037 		-100.0574 		5
v -14.1513 		-104.0353 		0
v -21.7035 		-58.2121 		5
v -21.7166 		-58.2031 		5
v -14.2329 		-103.9445 		0
v -21.7303 		-58.1974 		5
v -16.2966 		-100.0695 		5
v -14.3219 		-103.8466 		0
v -16.0705 		-100.2737 		5
v -16.1147 		-100.2299 		5
v -16.1548 		-100.1909 		5
v -16.1906 		-100.157 		5
v -16.2218 		-100.1282 		5
v -16.2481 		-100.1048 		5
v -16.2695 		-100.0871 		5
v -14.4185 		-103.741 		0
v -16.2858 		-100.0753 		5
v -15.9829 		-99.5986 		5
v -16.0627 		-99.6977 		5
v -16.1325 		-99.7871 		5
v -14.5232 		-103.6271 		0
v -14.589 		-103.557 		0
v -14.6572 		-103.4841 		0
v -14.7276 		-103.4087 		0
v -14.7999 		-103.331 		0
v -14.8739 		-103.2512 		0
v -14.9492 		-103.1698 		0
v -15.0258 		-103.0869 		0
v -15.1031 		-103.0029 		0
v -16.7977 		-101.1546 		5
v -17.4139 		-78.5053 		0
v -14.9638 		-101.456 		0
v -14.8822 		-101.5466 		0
v -17.4145 		-78.5727 		0
v -14.8011 		-101.6357 		0
v -21.6339 		-49.1616 		0
v -14.7209 		-101.7231 		0
v -17.4124 		-78.6508 		0
v -14.6419 		-101.8085 		0
v -21.643 		-49.1519 		0
v -14.5641 		-101.8917 		0
v -17.3929 		-78.3799 		0
v -17.3877 		-78.3726 		0
v -14.4879 		-101.9725 		0
v -21.6526 		-49.143 		0
v -14.4134 		-102.0509 		0
v -17.383 		-78.3641 		0
v -14.3409 		-102.1263 		0
v -21.6622 		-49.1348 		0
v -14.2705 		-102.1989 		0
v -17.3788 		-78.3544 		0
v -21.6722 		-49.1274 		0
v -14.2025 		-102.2682 		0
v -17.375 		-78.3438 		0
v -21.6824 		-49.121 		0
v -17.3715 		-78.3322 		0
v -15.7977 		-102.2423 		0
v -15.8699 		-102.1624 		0
v -21.6927 		-49.1154 		0
v -17.3685 		-78.3196 		0
v -15.6485 		-102.4067 		0
v -15.7237 		-102.3238 		0
v -15.4946 		-102.5756 		0
v -15.572 		-102.4907 		0
v -21.7032 		-49.1108 		0
v -17.4032 		-78.4077 		0
v -21.7137 		-49.107 		0
v -17.366 		-78.3062 		0
v -21.7244 		-49.1043 		0
v -15.2098 		-101.1844 		0
v -15.1288 		-101.2734 		0
v -15.0468 		-101.364 		0
v -17.3639 		-78.2919 		0
v -21.7351 		-49.1027 		0
v -15.1812 		-102.918 		0
v -17.3621 		-78.2769 		0
v -15.2596 		-102.8326 		0
v -15.3382 		-102.7468 		0
v -15.4166 		-102.6612 		0
v -15.9402 		-102.0847 		0
v -21.7459 		-49.1022 		0
v -17.4102 		-78.4499 		0
v -21.7627 		-49.1036 		0
v -16.0082 		-102.0092 		0
v -16.0739 		-101.9362 		0
v -16.1369 		-101.866 		0
v -16.1969 		-101.7991 		0
v -21.7784 		-49.108 		0
v -16.2536 		-101.7354 		0
v -16.3084 		-101.6754 		0
v -17.3608 		-78.2612 		5
v -21.7929 		-49.1157 		0
v -13.4817 		-102.6409 		5
v -16.3625 		-101.6164 		0
v -16.4158 		-101.5587 		0
v -17.3598 		-78.2449 		5
v -13.4724 		-102.6213 		5
v -21.8065 		-49.1272 		0
v -16.4681 		-101.5022 		0
v -13.4635 		-102.6009 		5
v -17.3593 		-78.228 		5
v -16.5194 		-101.4472 		0
v -21.819 		-49.1427 		0
v -13.4548 		-102.5796 		5
v -16.5695 		-101.3936 		0
v -17.3592 		-78.2107 		5
v -16.6183 		-101.3419 		0
v -21.8305 		-49.1625 		0
v -13.4465 		-102.5574 		5
v -16.6656 		-101.292 		0
v -17.3594 		-78.1929 		5
v -13.4386 		-102.5348 		5
v -21.8412 		-49.187 		0
v -16.7114 		-101.244 		0
v -16.7554 		-101.1981 		0
v -13.431 		-102.5113 		5
v -17.36 		-78.1747 		5
v -17.3611 		-78.1562 		5
v -17.5393 		-101.2395 		0
v -21.851 		-49.2164 		0
v -17.625 		-101.3243 		0
v -13.5912 		-102.781 		5
v -17.3625 		-78.1374 		5
v -13.5813 		-102.7751 		5
v -21.6216 		-47.7043 		5
v -17.3642 		-78.1184 		5
v -21.6045 		-47.6607 		5
v -13.5712 		-102.7676 		5
v -15.894 		-99.4908 		0
v -17.3663 		-78.0993 		5
v -21.5888 		-47.6149 		5
v -16.838 		-101.1133 		5
v -13.561 		-102.7586 		5
v -17.3687 		-78.0801 		5
v -21.5745 		-47.5669 		5
v -16.8762 		-101.0747 		5
v -13.5509 		-102.7483 		5
v -21.562 		-47.5172 		5
v -17.3716 		-78.0609 		5
v -16.9124 		-101.0386 		5
v -15.8559 		-100.4927 		0
v -15.7939 		-100.5573 		0
v -15.729 		-100.6255 		0
v -15.6614 		-100.6971 		0
v -13.5407 		-102.7366 		5
v -15.5912 		-100.7716 		0
v -15.5188 		-100.8492 		0
v -16.946 		-101.0054 		5
v -21.7445 		-58.195 		5
v -21.5513 		-47.4661 		5
v -15.4442 		-100.9295 		0
v -15.3677 		-101.0122 		0
v -15.2895 		-101.0973 		0
v -13.5306 		-102.7236 		5
v -16.9773 		-100.9751 		5
v -14.2774 		-97.7327 		0
v -17.006 		-100.9478 		5
v -21.7591 		-58.196 		5
v -13.5205 		-102.7093 		5
v -17.3747 		-78.0416 		5
v -14.4109 		-97.8669 		0
v -21.8771 		-47.9164 		5
v -21.774 		-58.2004 		5
v -14.5459 		-98.0047 		0
v -17.3783 		-78.0226 		5
v -21.86 		-47.9315 		5
v -21.789 		-58.2081 		5
v -21.842 		-47.9402 		5
v -14.6814 		-98.1452 		0
v -17.032 		-100.9237 		5
v -17.3822 		-78.0037 		5
v -21.804 		-58.2193 		5
v -21.8228 		-47.9428 		5
v -14.8169 		-98.2874 		0
v -17.0552 		-100.9031 		5
v -17.3958 		-77.959 		5
v -21.8029 		-47.9397 		5
v -21.8189 		-58.2338 		5
v -14.9514 		-98.4306 		0
v -17.0754 		-100.8858 		5
v -17.4125 		-77.9188 		5
v -15.0841 		-98.5736 		0
v -17.0925 		-100.8721 		5
v -21.7825 		-47.9312 		5
v -17.4318 		-77.8831 		5
v -15.2142 		-98.7153 		0
v -17.1065 		-100.8621 		5
v -21.7618 		-47.9175 		5
v -15.3408 		-98.8552 		0
v -21.7408 		-47.899 		5
v -17.1171 		-100.8561 		5
v -15.4632 		-98.9921 		0
v -17.4536 		-77.8518 		5
v -17.1242 		-100.8541 		5
v -15.5805 		-99.1249 		0
v -17.1345 		-100.8592 		5
v -15.6919 		-99.2531 		0
v -21.7199 		-47.876 		5
v -17.4777 		-77.8251 		5
v -15.7967 		-99.3753 		0
v -17.1546 		-100.8747 		5
v -17.5036 		-77.8027 		5
v -21.6991 		-47.8488 		5
v -17.1842 		-100.9 		5
v -17.5311 		-77.7847 		5
v -21.6787 		-47.8178 		5
v -17.2227 		-100.9347 		5
v -17.5601 		-77.7708 		5
v -21.6588 		-47.7832 		5
v -17.5901 		-77.7613 		5
v -21.6398 		-47.7452 		5
v -17.2699 		-100.9787 		5
v -16.0223 		-100.3221 		0
v -17.6211 		-77.756 		5
v -15.9703 		-100.3748 		0
v -15.9148 		-100.4318 		0
v -17.3255 		-101.0314 		5
v -17.6526 		-77.7549 		5
v -16.1916 		-99.8661 		0
v -17.3893 		-101.0927 		5
v -21.9321 		-47.5138 		5
v -16.239 		-99.9336 		0
v -13.4813 		-87.6632 		0
v -17.4606 		-101.1622 		5
v -16.274 		-99.9885 		0
v -21.9298 		-47.5833 		5
v -13.4778 		-87.6322 		0
v -16.2959 		-100.0302 		0
v -21.8611 		-58.2979 		5
v -13.475 		-87.6009 		0
v -21.9272 		-47.646 		5
v -13.4728 		-87.569 		0
v -21.9244 		-47.7018 		5
v -17.4681 		-98.5432 		5
v -13.4712 		-87.5371 		0
v -17.2317 		-98.3283 		5
v -21.9214 		-47.7505 		5
v -17.1727 		-98.2729 		5
v -21.9182 		-47.7916 		5
v -13.5517 		-87.9521 		0
v -17.0886 		-98.1891 		5
v -16.9818 		-98.0795 		5
v -21.9147 		-47.8247 		5
v -13.5431 		-87.9314 		0
v -16.8546 		-97.9466 		5
v -13.5349 		-87.9092 		0
v -16.7094 		-97.7931 		5
v -16.3037 		-100.0574 		0
v -21.911 		-47.8497 		5
v -13.5272 		-87.8858 		0
v -21.9071 		-47.8661 		5
v -13.5198 		-87.8612 		0
v -21.8928 		-47.8948 		5
v -13.5129 		-87.8355 		0
v -16.2966 		-100.0695 		0
v -17.7174 		-101.4163 		5
v -13.5064 		-87.8088 		0
v -17.8161 		-101.5151 		5
v -13.5004 		-87.7812 		0
v -16.2858 		-100.0753 		0
v -16.2695 		-100.0871 		0
v -16.2481 		-100.1048 		0
v -17.9209 		-101.6204 		5
v -16.2218 		-100.1282 		0
v -16.1906 		-100.157 		0
v -16.1548 		-100.1909 		0
v -16.1147 		-100.2299 		0
v -16.0705 		-100.2737 		0
v -13.4948 		-87.7527 		0
v -18.0311 		-101.7319 		5
v -15.9829 		-99.5986 		0
v -13.4897 		-87.7235 		0
v -18.1469 		-101.8491 		5
v -16.0627 		-99.6977 		0
v -18.2675 		-101.9719 		5
v -13.4852 		-87.6936 		0
v -16.1325 		-99.7871 		0
v -18.3927 		-102.0998 		5
v -18.5223 		-102.2325 		5
v -18.6558 		-102.3698 		5
v -13.4476 		-87.1001 		0
v -18.7928 		-102.5111 		5
v -13.4532 		-87.1341 		0
v -18.9332 		-102.6562 		5
v -13.4579 		-87.1715 		0
v -19.0766 		-102.8049 		5
v -16.7977 		-101.1546 		0
v -13.4618 		-87.2123 		0
v -19.2224 		-102.9566 		5
v -16.838 		-101.1133 		0
v -19.3705 		-103.1112 		5
v -13.4648 		-87.2569 		0
v -16.8762 		-101.0747 		0
v -13.4671 		-87.3051 		0
v -16.9124 		-101.0386 		0
v -13.4687 		-87.3571 		0
v -16.946 		-101.0054 		0
v -19.5999 		-103.3512 		5
v -19.8127 		-103.5745 		5
v -16.9773 		-100.9751 		0
v -13.4695 		-87.413 		0
v -20.0097 		-103.7821 		5
v -13.7004 		-102.7408 		5
v -17.006 		-100.9478 		0
v -20.1914 		-103.9745 		5
v -20.3585 		-104.1526 		5
v -13.6728 		-102.7614 		5
v -20.5117 		-104.317 		5
v -13.65 		-102.7765 		5
v -20.6515 		-104.4685 		5
v -20.7785 		-104.6079 		5
v -13.6325 		-102.7856 		5
v -17.032 		-100.9237 		0
v -13.4702 		-87.505 		0
v -17.0552 		-100.9031 		0
v -13.4699 		-87.4727 		0
v -17.0754 		-100.8858 		0
v -19.9918 		-101.1827 		5
v -20.0619 		-101.258 		5
v -20.131 		-101.3324 		5
v -20.1988 		-101.4057 		5
v -20.2652 		-101.4776 		5
v -17.0925 		-100.8721 		0
v -13.2177 		-86.9472 		5
v -13.2177 		-86.9472 		0
v -13.2433 		-86.9395 		0
v -13.2433 		-86.9395 		5
v -17.1065 		-100.8621 		0
v -21.1806 		-102.4711 		5
v -17.1171 		-100.8561 		0
v -21.1502 		-102.4408 		5
v -13.117 		-87.0742 		0
v -13.117 		-87.0742 		5
v -17.1242 		-100.8541 		0
v -21.1187 		-102.4089 		5
v -13.1272 		-87.0411 		0
v -13.1272 		-87.0411 		5
v -17.1345 		-100.8592 		0
v -17.1546 		-100.8747 		0
v -13.1382 		-87.014 		0
v -21.0863 		-102.3756 		5
v -13.1382 		-87.014 		5
v -21.874 		-58.3262 		5
v -17.1842 		-100.9 		0
v -13.15 		-86.9924 		0
v -13.15 		-86.9924 		5
v -21.0528 		-102.3409 		5
v -21.886 		-58.3578 		5
v -17.2227 		-100.9347 		0
v -13.1626 		-86.976 		0
v -13.1626 		-86.976 		5
v -21.0186 		-102.3049 		5
v -21.8971 		-58.3929 		5
v -13.1761 		-86.9643 		0
v -20.9835 		-102.2678 		5
v -13.1761 		-86.9643 		5
v -13.1904 		-86.9568 		0
v -20.9478 		-102.2297 		5
v -13.1904 		-86.9568 		5
v -20.9115 		-102.1906 		5
v -17.2699 		-100.9787 		0
v -13.2673 		-86.9341 		0
v -20.8747 		-102.1506 		5
v -17.3255 		-101.0314 		0
v -13.2673 		-86.9341 		5
v -17.3893 		-101.0927 		0
v -20.8376 		-102.11 		5
v -13.2895 		-86.9308 		0
v -13.2895 		-86.9308 		5
v -17.4606 		-101.1622 		0
v -20.8 		-102.0686 		5
v -13.3102 		-86.9301 		0
v -13.3102 		-86.9301 		5
v -13.3293 		-86.9317 		0
v -13.3293 		-86.9317 		5
v -20.4535 		-101.6828 		5
v -20.3928 		-101.6164 		5
v -13.3469 		-86.9358 		0
v -13.3469 		-86.9358 		5
v -17.4681 		-98.5432 		0
v -13.3631 		-86.9425 		0
v -13.3631 		-86.9425 		5
v -20.33 		-101.5479 		5
v -20.5119 		-101.7468 		5
v -20.5677 		-101.8083 		5
v -17.2317 		-98.3283 		0
v -20.6207 		-101.867 		5
v -20.6705 		-101.9225 		5
v -20.7173 		-101.9749 		5
v -20.7605 		-102.0237 		5
v -13.378 		-86.9519 		0
v -13.378 		-86.9519 		5
v -17.1727 		-98.2729 		0
v -18.1613 		-97.7697 		5
v -17.0886 		-98.1891 		0
v -13.3915 		-86.9641 		0
v -13.3915 		-86.9641 		5
v -16.9818 		-98.0795 		0
v -13.4038 		-86.9792 		0
v -13.4038 		-86.9792 		5
v -18.3065 		-99.4246 		5
v -19.2846 		-100.4349 		5
v -19.3524 		-100.5056 		5
v -16.8546 		-97.9466 		0
v -19.4215 		-100.5779 		5
v -13.4147 		-86.9971 		0
v -16.7094 		-97.7931 		0
v -13.4147 		-86.9971 		5
v -13.4246 		-87.0181 		0
v -19.4282 		-97.6451 		5
v -13.4246 		-87.0181 		5
v -17.9088 		-98.0488 		5
v -13.4333 		-87.0423 		0
v -13.4333 		-87.0423 		5
v -13.441 		-87.0696 		0
v -13.441 		-87.0696 		5
v -19.4917 		-100.6515 		5
v -17.7174 		-101.4163 		0
v -19.5625 		-100.7261 		5
v -19.634 		-100.8015 		5
v -19.7058 		-100.8776 		5
v -19.7777 		-100.9539 		5
v -19.8495 		-101.0305 		5
v -19.9209 		-101.1068 		5
v -17.8161 		-101.5151 		0
v -19.5318 		-98.0703 		5
v -17.9209 		-101.6204 		0
v -19.6165 		-97.9776 		5
v -16.5485 		-97.6216 		5
v -16.5485 		-97.6216 		0
v -18.0311 		-101.7319 		0
v -19.7012 		-97.885 		5
v -18.1469 		-101.8491 		0
v -16.3743 		-97.4346 		5
v -16.3743 		-97.4346 		0
v -19.8696 		-97.7014 		5
v -19.7856 		-97.7929 		5
v -18.2675 		-101.9719 		0
v -16.1891 		-97.2348 		5
v -16.1891 		-97.2348 		0
v -18.3927 		-102.0998 		0
v -15.9953 		-97.0247 		5
v -15.9953 		-97.0247 		0
v -18.5223 		-102.2325 		0
v -15.7952 		-96.8069 		5
v -18.6558 		-102.3698 		0
v -15.7952 		-96.8069 		0
v -21.5403 		-105.6067 		5
v -18.7928 		-102.5111 		0
v -15.5912 		-96.584 		5
v -15.5912 		-96.584 		0
v -18.9332 		-102.6562 		0
v -15.3857 		-96.3587 		5
v -15.3857 		-96.3587 		0
v -19.0766 		-102.8049 		0
v -19.2224 		-102.9566 		0
v -15.181 		-96.1335 		5
v -15.181 		-96.1335 		0
v -21.5593 		-105.6563 		5
v -19.3705 		-103.1112 		0
v -14.9793 		-95.9109 		5
v -14.9793 		-95.9109 		0
v -14.7832 		-95.6937 		5
v -14.7832 		-95.6937 		0
v -21.5744 		-105.7043 		5
v -14.5949 		-95.4845 		5
v -14.5949 		-95.4845 		0
v -19.5999 		-103.3512 		0
v -19.8127 		-103.5745 		0
v -21.5863 		-105.7513 		5
v -14.4167 		-95.2856 		5
v -14.4167 		-95.2856 		0
v -20.0097 		-103.7821 		0
v -21.5954 		-105.7982 		5
v -20.1914 		-103.9745 		0
v -21.9071 		-58.4315 		5
v -20.3585 		-104.1526 		0
v -21.6261 		-105.9418 		5
v -21.6195 		-105.915 		5
v -21.6129 		-105.8872 		5
v -21.911 		-58.4515 		5
v -21.6068 		-105.8584 		5
v -21.601 		-105.8287 		5
v -14.2511 		-95.0999 		5
v -20.5117 		-104.317 		0
v -20.6515 		-104.4685 		0
v -20.7785 		-104.6079 		0
v -21.733 		-106.1776 		5
v -21.7238 		-106.1682 		5
v -21.7148 		-106.1573 		5
v -14.2511 		-95.0999 		0
v -21.7059 		-106.1447 		5
v -21.6972 		-106.1305 		5
v -21.6885 		-106.1149 		5
v -21.68 		-106.0977 		5
v -21.6717 		-106.0793 		5
v -21.6636 		-106.0595 		5
v -21.6557 		-106.0383 		5
v -21.648 		-106.0159 		5
v -20.2652 		-101.4776 		0
v -20.1988 		-101.4057 		0
v -20.131 		-101.3324 		0
v -21.7795 		-106.1976 		5
v -20.0619 		-101.258 		0
v -21.7701 		-106.1973 		5
v -19.9918 		-101.1827 		0
v -21.7607 		-106.1951 		5
v -21.7514 		-106.191 		5
v -21.7421 		-106.1852 		5
v -21.8445 		-106.0111 		5
v -21.8271 		-106.1071 		5
v -21.8085 		-106.1697 		5
v -21.7889 		-106.1959 		5
v -21.1806 		-102.4711 		0
v -21.1502 		-102.4408 		0
v -21.8758 		-105.7323 		5
v -21.8608 		-105.885 		5
v -21.6404 		-105.9924 		5
v -21.6332 		-105.9677 		5
v -21.1187 		-102.4089 		0
v -21.2451 		-105.1492 		5
v -21.0863 		-102.3756 		0
v -21.3091 		-105.2316 		5
v -21.0528 		-102.3409 		0
v -21.3647 		-105.307 		5
v -21.0186 		-102.3049 		0
v -21.4127 		-105.3762 		5
v -20.9835 		-102.2678 		0
v -21.4536 		-105.4401 		5
v -21.4881 		-105.4993 		5
v -20.9478 		-102.2297 		0
v -21.5168 		-105.5545 		5
v -20.9115 		-102.1906 		0
v -20.8747 		-102.1506 		0
v -21.9227 		-104.9191 		5
v -21.9131 		-105.1461 		5
v -21.902 		-105.3596 		5
v -21.8896 		-105.556 		5
v -20.8376 		-102.11 		0
v -20.8 		-102.0686 		0
v -21.6216 		-47.7043 		0
v -20.4535 		-101.6828 		0
v -20.3928 		-101.6164 		0
v -21.6045 		-47.6607 		0
v -21.94 		-103.0038 		5
v -21.9441 		-103.2222 		5
v -21.9463 		-103.4532 		5
v -21.9466 		-103.6935 		5
v -21.9452 		-103.9397 		5
v -21.942 		-104.1887 		5
v -21.9372 		-104.4371 		5
v -21.9306 		-104.6816 		5
v -21.5888 		-47.6149 		0
v -20.7605 		-102.0237 		0
v -20.7173 		-101.9749 		0
v -21.4039 		-102.6686 		5
v -20.6705 		-101.9225 		0
v -20.6207 		-101.867 		0
v -21.5745 		-47.5669 		0
v -20.5677 		-101.8083 		0
v -20.5119 		-101.7468 		0
v -20.33 		-101.5479 		0
v -21.3895 		-102.659 		5
v -21.562 		-47.5172 		0
v -18.1613 		-97.7697 		0
v -21.373 		-102.6469 		5
v -21.5513 		-47.4661 		0
v -19.4215 		-100.5779 		0
v -21.3547 		-102.6323 		5
v -19.3524 		-100.5056 		0
v -19.2846 		-100.4349 		0
v -18.3065 		-99.4246 		0
v -21.3347 		-102.6156 		5
v -21.8771 		-47.9164 		0
v -17.3608 		-78.2612 		0
v -21.3127 		-102.5964 		5
v -17.9088 		-98.0488 		0
v -17.3598 		-78.2449 		0
v -21.2893 		-102.5753 		5
v -21.86 		-47.9315 		0
v -21.2643 		-102.5521 		5
v -21.842 		-47.9402 		0
v -17.3593 		-78.228 		0
v -21.2377 		-102.5269 		5
v -21.8228 		-47.9428 		0
v -17.3592 		-78.2107 		0
v -19.9209 		-101.1068 		0
v -21.2098 		-102.4999 		5
v -19.8495 		-101.0305 		0
v -19.7777 		-100.9539 		0
v -19.7058 		-100.8776 		0
v -19.634 		-100.8015 		0
v -19.5625 		-100.7261 		0
v -19.4917 		-100.6515 		0
v -21.8029 		-47.9397 		0
v -19.5318 		-98.0703 		0
v -17.3594 		-78.1929 		0
v -19.6165 		-97.9776 		0
v -21.7825 		-47.9312 		0
v -17.36 		-78.1747 		0
v -21.7618 		-47.9175 		0
v -19.7012 		-97.885 		0
v -17.3611 		-78.1562 		0
v -21.5141 		-102.5968 		5
v -21.7408 		-47.899 		0
v -19.7856 		-97.7929 		0
v -19.8696 		-97.7014 		0
v -17.3625 		-78.1374 		0
v -21.5057 		-102.6106 		5
v -17.3642 		-78.1184 		0
v -21.4973 		-102.6234 		5
v -17.3663 		-78.0993 		0
v -21.5403 		-105.6067 		0
v -21.4891 		-102.635 		5
v -17.3687 		-78.0801 		0
v -21.4811 		-102.6456 		5
v -21.4735 		-102.6547 		5
v -17.3716 		-78.0609 		0
v -21.5593 		-105.6563 		0
v -21.4661 		-102.6627 		5
v -21.459 		-102.6692 		5
v -21.5744 		-105.7043 		0
v -17.3747 		-78.0416 		0
v -21.4522 		-102.6744 		5
v -17.3783 		-78.0226 		0
v -21.4458 		-102.6781 		5
v -21.5863 		-105.7513 		0
v -17.3822 		-78.0037 		0
v -21.4398 		-102.6805 		5
v -17.3958 		-77.959 		0
v -21.4342 		-102.6813 		5
v -21.5954 		-105.7982 		0
v -17.4125 		-77.9188 		0
v -21.4263 		-102.6799 		5
v -17.4318 		-77.8831 		0
v -21.601 		-105.8287 		0
v -21.6068 		-105.8584 		0
v -21.6129 		-105.8872 		0
v -21.4161 		-102.6756 		5
v -21.6195 		-105.915 		0
v -21.6261 		-105.9418 		0
v -17.4536 		-77.8518 		0
v -21.5673 		-102.4929 		5
v -21.648 		-106.0159 		0
v -21.6557 		-106.0383 		0
v -21.6636 		-106.0595 		0
v -17.4777 		-77.8251 		0
v -21.6717 		-106.0793 		0
v -21.68 		-106.0977 		0
v -21.5584 		-102.5125 		5
v -21.6885 		-106.1149 		0
v -21.6972 		-106.1305 		0
v -21.7059 		-106.1447 		0
v -21.7148 		-106.1573 		0
v -21.7238 		-106.1682 		0
v -21.733 		-106.1776 		0
v -21.5494 		-102.5312 		5
v -17.5036 		-77.8027 		0
v -21.5405 		-102.5489 		5
v -17.5311 		-77.7847 		0
v -21.5317 		-102.5659 		5
v -17.5601 		-77.7708 		0
v -21.7421 		-106.1852 		0
v -21.5228 		-102.5818 		5
v -21.7514 		-106.191 		0
v -21.7607 		-106.1951 		0
v -17.5901 		-77.7613 		0
v -21.7701 		-106.1973 		0
v -21.7795 		-106.1976 		0
v -21.7889 		-106.1959 		0
v -21.8085 		-106.1697 		0
v -21.8271 		-106.1071 		0
v -21.8445 		-106.0111 		0
v -17.6211 		-77.756 		0
v -17.6526 		-77.7549 		0
v -21.6332 		-105.9677 		0
v -21.6404 		-105.9924 		0
v -21.6195 		-102.3613 		5
v -21.7199 		-47.876 		0
v -21.6276 		-102.3373 		5
v -21.8608 		-105.885 		0
v -21.8758 		-105.7323 		0
v -21.6111 		-102.3847 		5
v -17.6079 		-76.9504 		0
v -17.6079 		-76.9504 		5
v -21.2451 		-105.1492 		0
v -21.6026 		-102.4076 		5
v -14.1461 		-97.6032 		5
v -14.1461 		-97.6032 		0
v -21.6991 		-47.8488 		0
v -21.3091 		-105.2316 		0
v -21.5939 		-102.43 		5
v -21.6787 		-47.8178 		0
v -21.3647 		-105.307 		0
v -21.5851 		-102.4517 		5
v -19.3293 		-96.4414 		0
v -19.3293 		-96.4414 		5
v -17.7691 		-81.3678 		5
v -21.4127 		-105.3762 		0
v -17.7694 		-81.3576 		5
v -21.5763 		-102.4726 		5
v -21.6588 		-47.7832 		0
v -19.1096 		-96.6963 		0
v -19.1096 		-96.6963 		5
v -21.4536 		-105.4401 		0
v -17.7674 		-81.3959 		5
v -18.8826 		-96.9573 		0
v -18.8826 		-96.9573 		5
v -21.6398 		-47.7452 		0
v -18.6486 		-97.2234 		0
v -18.6486 		-97.2234 		5
v -21.4881 		-105.4993 		0
v -18.4081 		-97.4945 		0
v -18.4081 		-97.4945 		5
v -21.5168 		-105.5545 		0
v -17.7623 		-81.4286 		5
v -17.7541 		-81.4659 		5
v -19.7447 		-95.9509 		0
v -19.7447 		-95.9509 		5
v -21.9259 		-102.6176 		5
v -21.934 		-102.8012 		5
v -19.5411 		-96.1928 		0
v -19.5411 		-96.1928 		5
v -21.8896 		-105.556 		0
v -21.9321 		-47.5138 		0
v -21.902 		-105.3596 		0
v -21.9131 		-105.1461 		0
v -21.9227 		-104.9191 		0
v -21.6383 		-102.3099 		5
v -21.6489 		-102.284 		5
v -21.9298 		-47.5833 		0
v -20.0351 		-97.5213 		0
v -20.0351 		-97.5213 		5
v -20.1161 		-97.4333 		5
v -20.1161 		-97.4333 		0
v -21.9272 		-47.646 		0
v -19.9528 		-97.6107 		5
v -21.9306 		-104.6816 		0
v -19.9528 		-97.6107 		0
v -21.9372 		-104.4371 		0
v -21.942 		-104.1887 		0
v -21.9452 		-103.9397 		0
v -21.9466 		-103.6935 		0
v -21.9463 		-103.4532 		0
v -21.9441 		-103.2222 		0
v -21.94 		-103.0038 		0
v -21.9244 		-47.7018 		0
v -17.7429 		-81.5073 		5
v -21.6594 		-102.2597 		5
v -21.6698 		-102.2369 		5
v -20.1958 		-97.347 		5
v -21.68 		-102.2158 		5
v -21.9214 		-47.7505 		0
v -20.1958 		-97.347 		0
v -21.4039 		-102.6686 		0
v -21.6901 		-102.1961 		5
v -21.7001 		-102.1779 		5
v -17.7286 		-81.5526 		5
v -21.7101 		-102.1614 		5
v -21.7199 		-102.1463 		5
v -21.7295 		-102.1328 		5
v -20.2737 		-97.2626 		5
v -21.7391 		-102.1207 		5
v -20.2737 		-97.2626 		0
v -21.9182 		-47.7916 		0
v -17.7117 		-81.6016 		5
v -20.3497 		-97.1805 		5
v -21.9147 		-47.8247 		0
v -17.692 		-81.654 		5
v -20.3497 		-97.1805 		0
v -20.4235 		-97.1008 		5
v -20.4235 		-97.1008 		0
v -17.67 		-81.7094 		5
v -21.911 		-47.8497 		0
v -21.7763 		-102.0879 		5
v -21.7853 		-102.0833 		5
v -21.7941 		-102.0803 		5
v -20.495 		-97.0237 		5
v -21.8029 		-102.0788 		5
v -20.495 		-97.0237 		0
v -21.8117 		-102.0788 		5
v -21.8202 		-102.0803 		5
v -21.8286 		-102.0832 		5
v -21.837 		-102.0876 		5
v -21.8452 		-102.0935 		5
v -21.9071 		-47.8661 		0
v -20.5639 		-96.9497 		5
v -20.5639 		-96.9497 		0
v -21.3895 		-102.659 		0
v -21.7486 		-102.1103 		5
v -21.8928 		-47.8948 		0
v -21.7579 		-102.1013 		5
v -21.7672 		-102.0938 		5
v -20.6299 		-96.8789 		5
v -20.6299 		-96.8789 		0
v -21.373 		-102.6469 		0
v -20.6928 		-96.8115 		5
v -20.6928 		-96.8115 		0
v -21.3547 		-102.6323 		0
v -21.8534 		-102.1009 		5
v -21.5426 		-47.4139 		5
v -21.8724 		-102.1399 		5
v -21.889 		-102.2142 		5
v -21.9034 		-102.3209 		5
v -21.9158 		-102.4564 		5
v -21.3347 		-102.6156 		0
v -17.7702 		-81.346 		5
v -21.3127 		-102.5964 		0
v -17.7715 		-81.3329 		5
v -21.7356 		-69.6427 		0
v -21.2893 		-102.5753 		0
v -13.2004 		-97.5704 		5
v -13.1796 		-97.5053 		5
v -13.1599 		-97.4054 		5
v -13.1417 		-97.2741 		5
v -21.2643 		-102.5521 		0
v -13.1251 		-97.1149 		5
v -17.7733 		-81.3184 		5
v -13.1098 		-96.9314 		5
v -21.7267 		-69.6354 		0
v -21.2377 		-102.5269 		0
v -13.2634 		-97.6015 		5
v -13.2526 		-97.6027 		5
v -13.2423 		-97.6024 		5
v -13.2323 		-97.6006 		5
v -13.2227 		-97.5974 		5
v -21.7178 		-69.6262 		0
v -21.2098 		-102.4999 		0
v -17.7756 		-81.3027 		5
v -17.7783 		-81.2857 		5
v -21.7089 		-69.6155 		0
v -13.3657 		-97.5344 		5
v -13.3543 		-97.5464 		5
v -13.3428 		-97.5572 		5
v -13.3313 		-97.5671 		5
v -21.5363 		-47.3608 		5
v -17.7814 		-81.2676 		5
v -13.3197 		-97.5759 		5
v -13.3082 		-97.5834 		5
v -13.2968 		-97.5899 		5
v -13.2854 		-97.5951 		5
v -21.6999 		-69.6029 		0
v -13.2744 		-97.5989 		5
v -21.5032 		-47.0232 		5
v -17.785 		-81.2484 		5
v -21.691 		-69.5888 		0
v -21.509 		-47.0453 		5
v -13.4382 		-97.4267 		5
v -13.4288 		-97.4444 		5
v -17.789 		-81.2282 		5
v -13.4191 		-97.4613 		5
v -21.6821 		-69.573 		0
v -13.409 		-97.4777 		5
v -21.5141 		-47.0683 		5
v -13.3986 		-97.4932 		5
v -17.7932 		-81.2071 		5
v -13.3879 		-97.5078 		5
v -13.3769 		-97.5215 		5
v -21.6733 		-69.5557 		0
v -13.4699 		-97.3502 		5
v -17.7978 		-81.1851 		5
v -13.4628 		-97.3701 		5
v -13.4551 		-97.3896 		5
v -13.4469 		-97.4085 		5
v -21.5323 		-47.3072 		5
v -21.5141 		-102.5968 		0
v -21.6646 		-69.5368 		0
v -21.5187 		-47.0921 		5
v -21.5057 		-102.6106 		0
v -21.6561 		-69.5164 		0
v -17.8079 		-81.1388 		5
v -21.5224 		-47.1168 		5
v -21.4973 		-102.6234 		0
v -21.5255 		-47.1424 		5
v -21.6477 		-69.4944 		0
v -17.8026 		-81.1622 		5
v -13.5881 		-97.06 		5
v -21.4891 		-102.635 		0
v -21.5279 		-47.1688 		5
v -21.6396 		-69.4709 		0
v -21.4811 		-102.6456 		0
v -17.8133 		-81.1146 		5
v -21.4735 		-102.6547 		0
v -14.018 		-97.4792 		5
v -21.5309 		-47.2535 		5
v -20.7523 		-96.7479 		5
v -20.7523 		-96.7479 		0
v -21.5295 		-47.1962 		5
v -13.0962 		-96.7268 		5
v -13.0841 		-96.5047 		5
v -13.0738 		-96.2685 		5
v -13.0652 		-96.0216 		5
v -21.8391 		-69.5125 		0
v -20.8082 		-96.6883 		5
v -17.8249 		-81.0645 		5
v -17.8309 		-81.0387 		5
v -20.8082 		-96.6883 		0
v -13.0583 		-95.7675 		5
v -21.5306 		-47.2244 		5
v -13.0534 		-95.5096 		5
v -13.0503 		-95.2514 		5
v -21.8305 		-69.5525 		0
v -17.819 		-81.0898 		5
v -20.8603 		-96.633 		5
v -20.8603 		-96.633 		0
v -13.0492 		-94.9963 		5
v -13.0502 		-94.7477 		5
v -13.0531 		-94.5092 		5
v -13.0582 		-94.284 		5
v -21.8212 		-69.5856 		0
v -21.2501 		-46.7708 		5
v -20.9084 		-96.5821 		5
v -20.9084 		-96.5821 		0
v -21.4661 		-102.6627 		0
v -21.3267 		-46.7913 		5
v -20.9521 		-96.536 		5
v -17.8371 		-81.0126 		5
v -20.9521 		-96.536 		0
v -21.8114 		-69.612 		0
v -13.6935 		-94.458 		5
v -21.459 		-102.6692 		0
v -20.9914 		-96.4949 		5
v -20.9914 		-96.4949 		0
v -13.6526 		-94.4052 		5
v -21.801 		-69.6319 		0
v -17.8435 		-80.9862 		5
v -21.4522 		-102.6744 		0
v -13.6405 		-94.3872 		5
v -21.0259 		-96.4591 		5
v -21.0259 		-96.4591 		0
v -21.7898 		-69.6454 		0
v -17.8499 		-80.9595 		5
v -13.6286 		-94.3682 		5
v -21.4458 		-102.6781 		0
v -21.0553 		-96.4289 		5
v -21.0553 		-96.4289 		0
v -13.617 		-94.3482 		5
v -17.8565 		-80.9328 		5
v -21.7781 		-69.6525 		0
v -21.4398 		-102.6805 		0
v -13.6055 		-94.3273 		5
v -21.0795 		-96.4044 		5
v -21.0795 		-96.4044 		0
v -21.7699 		-69.6542 		0
v -13.5942 		-94.3057 		5
v -21.4342 		-102.6813 		0
v -21.1194 		-96.3684 		5
v -21.1194 		-96.3684 		0
v -13.5833 		-94.2835 		5
v -21.7616 		-69.6541 		0
v -21.1583 		-96.3354 		5
v -21.4263 		-102.6799 		0
v -21.1583 		-96.3354 		0
v -13.5725 		-94.2606 		5
v -13.5622 		-94.2373 		5
v -21.4161 		-102.6756 		0
v -21.7531 		-69.652 		0
v -13.5523 		-94.2135 		5
v -13.5427 		-94.1894 		5
v -21.7444 		-69.6483 		0
v -13.5336 		-94.165 		5
v -13.5249 		-94.1405 		5
v -21.1433 		-94.1723 		0
v -21.1433 		-94.1723 		5
v -21.5673 		-102.4929 		0
v -21.0313 		-94.3284 		0
v -21.0313 		-94.3284 		5
v -24.3362 		-71.8451 		0
v -24.3362 		-71.8451 		5
v -21.5584 		-102.5125 		0
v -20.9075 		-94.4961 		0
v -14.1005 		-94.9298 		5
v -20.9075 		-94.4961 		5
v -21.3438 		-46.8011 		5
v -21.5494 		-102.5312 		0
v -13.967 		-94.778 		5
v -20.7724 		-94.6749 		0
v -21.5405 		-102.5489 		0
v -20.7724 		-94.6749 		5
v -13.8531 		-94.647 		5
v -21.36 		-46.8118 		5
v -20.6262 		-94.8642 		0
v -20.6262 		-94.8642 		5
v -13.7611 		-94.5395 		5
v -21.5317 		-102.5659 		0
v -21.3756 		-46.823 		5
v -20.4695 		-95.0636 		0
v -20.4695 		-95.0636 		5
v -21.5228 		-102.5818 		0
v -20.3026 		-95.2724 		0
v -21.3903 		-46.8353 		5
v -21.4043 		-46.8483 		5
v -21.4175 		-46.8621 		5
v -21.6276 		-102.3373 		0
v -21.6195 		-102.3613 		0
v -13.0654 		-94.0757 		5
v -13.075 		-93.8878 		5
v -20.3026 		-95.2724 		5
v -13.0868 		-93.7236 		5
v -13.101 		-93.5867 		5
v -20.1259 		-95.4904 		0
v -21.6111 		-102.3847 		0
v -13.1175 		-93.4804 		5
v -20.1259 		-95.4904 		5
v -13.1366 		-93.4081 		5
v -13.1582 		-93.3734 		5
v -13.177 		-93.3631 		5
v -13.1959 		-93.3562 		5
v -13.2148 		-93.3528 		5
v -13.2335 		-93.3526 		5
v -19.9398 		-95.7167 		0
v -13.2521 		-93.3555 		5
v -19.9398 		-95.7167 		5
v -21.6026 		-102.4076 		0
v -21.5939 		-102.43 		0
v -13.4848 		-93.9956 		5
v -21.5851 		-102.4517 		0
v -13.4804 		-93.9726 		5
v -21.5763 		-102.4726 		0
v -13.4766 		-93.9502 		5
v -15.8467 		-88.1559 		0
v -15.8467 		-88.1559 		5
v -15.6062 		-88.1549 		0
v -15.6062 		-88.1549 		5
v -15.3807 		-88.1534 		0
v -15.3807 		-88.1534 		5
v -13.4737 		-93.9284 		5
v -15.1699 		-88.1514 		0
v -15.1699 		-88.1514 		5
v -13.4716 		-93.9074 		5
v -14.9736 		-88.1488 		0
v -14.9736 		-88.1488 		5
v -13.4703 		-93.8872 		5
v -14.7918 		-88.1456 		0
v -14.7918 		-88.1456 		5
v -21.934 		-102.8012 		0
v -13.4699 		-93.8678 		5
v -21.9259 		-102.6176 		0
v -14.6239 		-88.1418 		0
v -14.6239 		-88.1418 		5
v -14.47 		-88.1375 		0
v -14.47 		-88.1375 		5
v -13.4572 		-93.7051 		5
v -13.4627 		-93.7439 		5
v -14.3295 		-88.1327 		0
v -13.4666 		-93.784 		5
v -13.469 		-93.8254 		5
v -14.3295 		-88.1327 		5
v -21.6489 		-102.284 		0
v -21.6383 		-102.3099 		0
v -14.2025 		-88.1272 		0
v -14.2025 		-88.1272 		5
v -13.5168 		-94.116 		5
v -13.5092 		-94.0915 		5
v -13.5022 		-94.0672 		5
v -13.4958 		-94.043 		5
v -17.6186 		-88.1499 		0
v -17.6186 		-88.1499 		5
v -21.7391 		-102.1207 		0
v -21.7295 		-102.1328 		0
v -17.283 		-88.1522 		0
v -21.7199 		-102.1463 		0
v -13.49 		-94.0192 		5
v -21.7101 		-102.1614 		0
v -21.7001 		-102.1779 		0
v -17.283 		-88.1522 		5
v -21.6901 		-102.1961 		0
v -21.68 		-102.2158 		0
v -21.6698 		-102.2369 		0
v -21.6594 		-102.2597 		0
v -16.9637 		-88.1542 		0
v -16.9637 		-88.1542 		5
v -16.6607 		-88.1555 		0
v -16.6607 		-88.1555 		5
v -21.43 		-46.8767 		5
v -16.3738 		-88.1561 		0
v -16.3738 		-88.1561 		5
v -16.1025 		-88.1563 		0
v -21.4417 		-46.892 		5
v -16.1025 		-88.1563 		5
v -21.8452 		-102.0935 		0
v -13.3059 		-93.3822 		5
v -21.837 		-102.0876 		0
v -13.3229 		-93.3966 		5
v -21.8286 		-102.0832 		0
v -13.3394 		-93.4137 		5
v -21.8202 		-102.0803 		0
v -13.3553 		-93.4334 		5
v -21.8117 		-102.0788 		0
v -13.3704 		-93.4553 		5
v -21.4527 		-46.9083 		5
v -21.8029 		-102.0788 		0
v -13.3848 		-93.4797 		5
v -13.3983 		-93.5062 		5
v -13.411 		-93.5348 		5
v -13.4225 		-93.5653 		5
v -21.7941 		-102.0803 		0
v -13.433 		-93.5977 		5
v -21.7853 		-102.0833 		0
v -13.4423 		-93.6319 		5
v -21.7763 		-102.0879 		0
v -13.4504 		-93.6677 		5
v -21.7672 		-102.0938 		0
v -21.7579 		-102.1013 		0
v -21.7486 		-102.1103 		0
v -13.2704 		-93.3615 		5
v -15.8597 		-83.6213 		0
v -13.2883 		-93.3704 		5
v -15.8597 		-83.6213 		5
v -21.463 		-46.9254 		5
v -15.7761 		-83.6438 		0
v -15.7761 		-83.6438 		5
v -21.4724 		-46.9432 		5
v -21.9158 		-102.4564 		0
v -21.9034 		-102.3209 		0
v -21.889 		-102.2142 		0
v -21.8724 		-102.1399 		0
v -21.8534 		-102.1009 		0
v -15.6902 		-83.6644 		0
v -15.6902 		-83.6644 		5
v -13.1455 		-91.2601 		5
v -13.1307 		-91.2428 		5
v -13.1172 		-91.2197 		5
v -13.1052 		-91.19 		5
v -13.0945 		-91.1529 		5
v -13.0851 		-91.1074 		5
v -21.4811 		-46.9619 		5
v -13.0767 		-91.053 		5
v -15.6023 		-83.6832 		0
v -15.6023 		-83.6832 		5
v -13.2442 		-91.2883 		5
v -13.2209 		-91.2878 		5
v -13.1994 		-91.2854 		5
v -13.1799 		-91.2806 		5
v -13.1618 		-91.2724 		5
v -21.4892 		-46.9816 		5
v -15.512 		-83.7002 		0
v -15.512 		-83.7002 		5
v -13.1098 		-96.9314 		0
v -13.1251 		-97.1149 		0
v -13.1417 		-97.2741 		0
v -21.4965 		-47.0019 		5
v -13.1599 		-97.4054 		0
v -13.0695 		-90.9888 		5
v -13.1796 		-97.5053 		0
v -13.0633 		-90.9137 		5
v -13.2004 		-97.5704 		0
v -13.058 		-90.8272 		5
v -13.2227 		-97.5974 		0
v -13.0536 		-90.7283 		5
v -13.2323 		-97.6006 		0
v -13.0499 		-90.6163 		5
v -15.4419 		-83.7091 		0
v -13.2423 		-97.6024 		0
v -15.4419 		-83.7091 		5
v -13.2526 		-97.6027 		0
v -13.2634 		-97.6015 		0
v -15.3692 		-83.7119 		0
v -15.3692 		-83.7119 		5
v -13.3553 		-91.2675 		5
v -21.9432 		-46.6461 		5
v -13.3401 		-91.2744 		5
v -13.3237 		-91.2797 		5
v -15.2938 		-83.7087 		0
v -13.306 		-91.2837 		5
v -15.2938 		-83.7087 		5
v -13.2868 		-91.2864 		5
v -13.2662 		-91.2879 		5
v -21.9429 		-46.7603 		5
v -15.2164 		-83.6997 		0
v -13.2744 		-97.5989 		0
v -15.2164 		-83.6997 		5
v -13.2854 		-97.5951 		0
v -13.2968 		-97.5899 		0
v -13.3082 		-97.5834 		0
v -13.3197 		-97.5759 		0
v -13.3313 		-97.5671 		0
v -13.3428 		-97.5572 		0
v -13.3543 		-97.5464 		0
v -13.3657 		-97.5344 		0
v -15.1371 		-83.6852 		0
v -21.9423 		-46.8708 		5
v -15.1371 		-83.6852 		5
v -13.4594 		-91.052 		5
v -15.0564 		-83.6655 		0
v -13.4535 		-91.0845 		5
v -15.0564 		-83.6655 		5
v -21.9416 		-46.9773 		5
v -13.4472 		-91.1141 		5
v -13.4402 		-91.1408 		5
v -13.4326 		-91.1648 		5
v -13.4242 		-91.1862 		5
v -13.415 		-91.2051 		5
v -13.4051 		-91.2218 		5
v -13.3942 		-91.2362 		5
v -13.3823 		-91.2485 		5
v -13.3694 		-91.2589 		5
v -13.3769 		-97.5215 		0
v -13.3879 		-97.5078 		0
v -14.9745 		-83.6404 		0
v -13.3986 		-97.4932 		0
v -14.9745 		-83.6404 		5
v -21.9405 		-47.0794 		5
v -13.409 		-97.4777 		0
v -13.4191 		-97.4613 		0
v -13.4288 		-97.4444 		0
v -13.4382 		-97.4267 		0
v -14.8918 		-83.6106 		0
v -14.8918 		-83.6106 		5
v -21.9393 		-47.1769 		5
v -13.4469 		-97.4085 		0
v -13.4551 		-97.3896 		0
v -13.4628 		-97.3701 		0
v -13.4699 		-97.3502 		0
v -14.8086 		-83.576 		0
v -13.4914 		-90.7294 		5
v -14.8086 		-83.576 		5
v -13.4873 		-90.7865 		5
v -13.4832 		-90.8398 		5
v -13.479 		-90.8892 		5
v -13.4746 		-90.935 		5
v -13.4699 		-90.9774 		5
v -21.9378 		-47.2694 		5
v -13.4648 		-91.0163 		5
v -21.9362 		-47.3567 		5
v -13.0469 		-90.4904 		5
v -13.0447 		-90.3497 		5
v -16.0204 		-83.571 		0
v -25.5293 		-76.0912 		5
v -13.0428 		-90.1934 		5
v -16.0204 		-83.571 		5
v -25.5507 		-76.0691 		5
v -25.5507 		-76.0691 		0
v -13.5236 		-90.1598 		5
v -25.5293 		-76.0912 		0
v -21.9343 		-47.4383 		5
v -15.9411 		-83.5971 		0
v -15.9411 		-83.5971 		5
v -25.5637 		-76.0665 		5
v -25.5637 		-76.0665 		0
v -13.0417 		-90.0207 		5
v -13.0408 		-89.8308 		5
v -13.0403 		-89.6228 		5
v -25.5863 		-76.0639 		5
v -13.0401 		-89.3959 		5
v -25.5863 		-76.0639 		0
v -13.0399 		-89.1494 		5
v -21.0224 		-83.5608 		0
v -21.0224 		-83.5608 		5
v -21.1057 		-83.653 		0
v -21.1057 		-83.653 		5
v -13.5881 		-97.06 		0
v -21.1797 		-83.7374 		0
v -25.4714 		-76.4031 		5
v -21.1797 		-83.7374 		5
v -25.4714 		-76.4031 		0
v -25.4818 		-76.2955 		5
v -25.4818 		-76.2955 		0
v -25.4949 		-76.2064 		5
v -25.4949 		-76.2064 		0
v -25.5107 		-76.1376 		5
v -21.1961 		-96.3056 		5
v -25.5107 		-76.1376 		0
v -21.2329 		-96.279 		5
v -25.6182 		-76.0615 		5
v -25.6182 		-76.0615 		0
v -21.2684 		-96.2555 		5
v -25.6589 		-76.0593 		5
v -25.6589 		-76.0593 		0
v -25.7084 		-76.0571 		5
v -25.7084 		-76.0571 		0
v -21.3028 		-96.2351 		5
v -25.766 		-76.0551 		5
v -25.766 		-76.0551 		0
v -21.3359 		-96.2179 		5
v -25.8315 		-76.0533 		5
v -25.8315 		-76.0533 		0
v -21.3676 		-96.2037 		5
v -25.9046 		-76.0515 		5
v -25.9046 		-76.0515 		0
v -21.3981 		-96.1928 		5
v -25.9848 		-76.0499 		5
v -25.9848 		-76.0499 		0
v -26.072 		-76.0485 		5
v -26.072 		-76.0485 		0
v -14.018 		-97.4792 		0
v -21.4269 		-96.1849 		5
v -26.1656 		-76.0473 		5
v -26.1656 		-76.0473 		0
v -26.2654 		-76.0463 		5
v -26.2654 		-76.0463 		0
v -13.0652 		-96.0216 		0
v -13.0738 		-96.2685 		0
v -13.0841 		-96.5047 		0
v -13.0962 		-96.7268 		0
v -21.4542 		-96.1803 		5
v -26.3711 		-76.0453 		5
v -26.3711 		-76.0453 		0
v -21.4799 		-96.1787 		5
v -13.0503 		-95.2514 		0
v -13.0534 		-95.5096 		0
v -13.0583 		-95.7675 		0
v -21.5038 		-96.1803 		5
v -13.0582 		-94.284 		0
v -13.0531 		-94.5092 		0
v -13.0502 		-94.7477 		0
v -13.0492 		-94.9963 		0
v -21.5261 		-96.1849 		5
v -26.4822 		-76.0445 		5
v -26.4822 		-76.0445 		0
v -13.6935 		-94.458 		0
v -21.5466 		-96.1928 		5
v -13.6526 		-94.4052 		0
v -21.5651 		-96.2037 		5
v -13.6405 		-94.3872 		0
v -21.5817 		-96.2179 		5
v -26.5984 		-76.044 		5
v -26.5984 		-76.044 		0
v -13.6286 		-94.3682 		0
v -26.7194 		-76.0436 		5
v -26.7194 		-76.0436 		0
v -13.617 		-94.3482 		0
v -21.5964 		-96.2351 		5
v -26.8449 		-76.0434 		5
v -26.8449 		-76.0434 		0
v -13.6055 		-94.3273 		0
v -26.9745 		-76.0434 		5
v -26.9745 		-76.0434 		0
v -13.5942 		-94.3057 		0
v -27.1078 		-76.0436 		5
v -21.6089 		-96.2555 		5
v -27.1078 		-76.0436 		0
v -13.5833 		-94.2835 		0
v -27.2445 		-76.0439 		5
v -27.2445 		-76.0439 		0
v -13.5725 		-94.2606 		0
v -21.6194 		-96.279 		5
v -13.5622 		-94.2373 		0
v -27.3843 		-76.0445 		5
v -27.3843 		-76.0445 		0
v -21.6276 		-96.3056 		5
v -13.5523 		-94.2135 		0
v -27.5268 		-76.0453 		5
v -27.5268 		-76.0453 		0
v -13.5427 		-94.1894 		0
v -27.6716 		-76.0464 		5
v -27.6716 		-76.0464 		0
v -13.5336 		-94.165 		0
v -27.8185 		-76.0476 		5
v -27.8185 		-76.0476 		0
v -13.5249 		-94.1405 		0
v -21.6787 		-96.5132 		5
v -28.1947 		-71.6194 		0
v -28.1947 		-71.6194 		5
v -21.6728 		-96.5072 		5
v -25.454 		-71.7806 		0
v -25.454 		-71.7806 		5
v -14.1005 		-94.9298 		0
v -21.6673 		-96.5006 		5
v -13.967 		-94.778 		0
v -27.0124 		-71.6194 		0
v -27.0124 		-71.6194 		5
v -13.8531 		-94.647 		0
v -21.6621 		-96.4934 		5
v -13.7611 		-94.5395 		0
v -21.6575 		-96.4856 		5
v -29.9948 		-81.9487 		0
v -29.9948 		-81.9487 		5
v -21.6532 		-96.4773 		5
v -29.8441 		-82.1132 		0
v -29.8441 		-82.1132 		5
v -21.6495 		-96.4683 		5
v -13.177 		-93.3631 		0
v -13.1582 		-93.3734 		0
v -13.1366 		-93.4081 		0
v -13.1175 		-93.4804 		0
v -13.101 		-93.5867 		0
v -13.0868 		-93.7236 		0
v -13.075 		-93.8878 		0
v -13.0654 		-94.0757 		0
v -21.6462 		-96.459 		5
v -29.6851 		-82.264 		0
v -29.6851 		-82.264 		5
v -13.2521 		-93.3555 		0
v -13.2335 		-93.3526 		0
v -29.518 		-82.4011 		0
v -13.2148 		-93.3528 		0
v -29.518 		-82.4011 		5
v -21.6434 		-96.449 		5
v -29.3432 		-82.5239 		0
v -29.3432 		-82.5239 		5
v -29.161 		-82.6326 		0
v -21.6413 		-96.4386 		5
v -13.1959 		-93.3562 		0
v -13.4848 		-93.9956 		0
v -13.4804 		-93.9726 		0
v -21.7354 		-96.538 		5
v -13.4766 		-93.9502 		0
v -21.7276 		-96.5373 		5
v -13.4737 		-93.9284 		0
v -21.72 		-96.5358 		5
v -13.4716 		-93.9074 		0
v -29.161 		-82.6326 		5
v -21.7126 		-96.5338 		5
v -28.9714 		-82.7268 		0
v -28.9714 		-82.7268 		5
v -13.4703 		-93.8872 		0
v -28.7747 		-82.8065 		0
v -28.7747 		-82.8065 		5
v -21.7052 		-96.531 		5
v -13.4699 		-93.8678 		0
v -28.5713 		-82.8713 		0
v -28.5713 		-82.8713 		5
v -28.3615 		-82.9212 		0
v -28.3615 		-82.9212 		5
v -21.6983 		-96.5275 		5
v -13.469 		-93.8254 		0
v -13.4666 		-93.784 		0
v -13.4627 		-93.7439 		0
v -13.4572 		-93.7051 		0
v -21.6914 		-96.5234 		5
v -13.5168 		-94.116 		0
v -21.6849 		-96.5186 		5
v -13.5092 		-94.0915 		0
v -13.5022 		-94.0672 		0
v -13.4958 		-94.043 		0
v -13.49 		-94.0192 		0
v -17.7694 		-81.3576 		0
v -17.7691 		-81.3678 		0
v -13.4504 		-93.6677 		0
v -13.4423 		-93.6319 		0
v -13.433 		-93.5977 		0
v -29.3909 		-80.0858 		0
v -13.4225 		-93.5653 		0
v -13.411 		-93.5348 		0
v -13.3983 		-93.5062 		0
v -29.3909 		-80.0858 		5
v -13.3848 		-93.4797 		0
v -17.7674 		-81.3959 		0
v -13.3704 		-93.4553 		0
v -13.3553 		-93.4334 		0
v -13.3394 		-93.4137 		0
v -29.3101 		-80.1884 		0
v -13.3229 		-93.3966 		0
v -13.3059 		-93.3822 		0
v -29.3101 		-80.1884 		5
v -13.2883 		-93.3704 		0
v -13.2704 		-93.3615 		0
v -29.2234 		-80.2827 		0
v -29.2234 		-80.2827 		5
v -29.1306 		-80.3691 		0
v -29.1306 		-80.3691 		5
v -29.0318 		-80.4478 		0
v -29.0318 		-80.4478 		5
v -28.9267 		-80.5191 		0
v -13.0767 		-91.053 		0
v -13.0851 		-91.1074 		0
v -28.9267 		-80.5191 		5
v -13.0945 		-91.1529 		0
v -13.1052 		-91.19 		0
v -13.1172 		-91.2197 		0
v -13.1307 		-91.2428 		0
v -13.1455 		-91.2601 		0
v -13.1618 		-91.2724 		0
v -13.1799 		-91.2806 		0
v -13.1994 		-91.2854 		0
v -28.8152 		-80.5831 		0
v -13.2209 		-91.2878 		0
v -13.2442 		-91.2883 		0
v -17.7623 		-81.4286 		0
v -28.8152 		-80.5831 		5
v -28.6973 		-80.6401 		0
v -17.7541 		-81.4659 		0
v -28.6973 		-80.6401 		5
v -13.0499 		-90.6163 		0
v -28.5729 		-80.6902 		0
v -13.0536 		-90.7283 		0
v -13.058 		-90.8272 		0
v -13.0633 		-90.9137 		0
v -28.5729 		-80.6902 		5
v -13.0695 		-90.9888 		0
v -17.7429 		-81.5073 		0
v -17.7286 		-81.5526 		0
v -17.7117 		-81.6016 		0
v -13.2662 		-91.2879 		0
v -13.2868 		-91.2864 		0
v -13.306 		-91.2837 		0
v -13.3237 		-91.2797 		0
v -13.3401 		-91.2744 		0
v -13.3553 		-91.2675 		0
v -17.692 		-81.654 		0
v -17.67 		-81.7094 		0
v -13.3694 		-91.2589 		0
v -13.3823 		-91.2485 		0
v -13.3942 		-91.2362 		0
v -13.4051 		-91.2218 		0
v -13.415 		-91.2051 		0
v -13.4242 		-91.1862 		0
v -13.4326 		-91.1648 		0
v -13.4402 		-91.1408 		0
v -13.4472 		-91.1141 		0
v -13.4535 		-91.0845 		0
v -13.4594 		-91.052 		0
v -21.5426 		-47.4139 		0
v -13.4648 		-91.0163 		0
v -13.4699 		-90.9774 		0
v -13.4746 		-90.935 		0
v -13.479 		-90.8892 		0
v -13.4832 		-90.8398 		0
v -13.4873 		-90.7865 		0
v -13.4914 		-90.7294 		0
v -21.5363 		-47.3608 		0
v -13.0428 		-90.1934 		0
v -13.0447 		-90.3497 		0
v -13.0469 		-90.4904 		0
v -21.5032 		-47.0232 		0
v -13.5236 		-90.1598 		0
v -13.0399 		-89.1494 		0
v -13.0401 		-89.3959 		0
v -13.0403 		-89.6228 		0
v -13.0408 		-89.8308 		0
v -13.0417 		-90.0207 		0
v -21.509 		-47.0453 		0
v -21.5141 		-47.0683 		0
v -21.5323 		-47.3072 		0
v -21.5187 		-47.0921 		0
v -28.4419 		-80.7337 		0
v -28.4419 		-80.7337 		5
v -21.5224 		-47.1168 		0
v -28.2867 		-80.7758 		0
v -28.2867 		-80.7758 		5
v -21.5255 		-47.1424 		0
v -30.871 		-80.1635 		0
v -30.871 		-80.1635 		5
v -30.7958 		-80.4305 		0
v -30.7958 		-80.4305 		5
v -30.7104 		-80.6853 		0
v -30.7104 		-80.6853 		5
v -30.6148 		-80.9278 		0
v -30.6148 		-80.9278 		5
v -30.5095 		-81.1578 		0
v -30.5095 		-81.1578 		5
v -30.3945 		-81.375 		0
v -30.3945 		-81.375 		5
v -30.2703 		-81.5795 		0
v -30.2703 		-81.5795 		5
v -30.1369 		-81.7707 		0
v -30.1369 		-81.7707 		5
v -29.916 		-78.3589 		0
v -29.916 		-78.3589 		5
v -29.8941 		-78.5654 		0
v -21.5279 		-47.1688 		0
v -29.8941 		-78.5654 		5
v -29.8672 		-78.7612 		0
v -29.8672 		-78.7612 		5
v -29.8354 		-78.9468 		0
v -29.8354 		-78.9468 		5
v -21.5309 		-47.2535 		0
v -21.5295 		-47.1962 		0
v -21.5306 		-47.2244 		0
v -17.7702 		-81.346 		0
v -20.3086 		-95.8842 		5
v -17.7715 		-81.3329 		0
v -17.7733 		-81.3184 		0
v -17.7756 		-81.3027 		0
v -17.7783 		-81.2857 		0
v -17.7814 		-81.2676 		0
v -17.785 		-81.2484 		0
v -21.6397 		-96.4276 		5
v -17.789 		-81.2282 		0
v -21.6387 		-96.4162 		5
v -17.7932 		-81.2071 		0
v -21.6336 		-96.3354 		5
v -17.7978 		-81.1851 		0
v -21.6372 		-96.3684 		5
v -21.6384 		-96.4044 		5
v -17.8079 		-81.1388 		0
v -17.8026 		-81.1622 		0
v -21.846 		-96.3802 		5
v -21.8366 		-96.4172 		5
v -17.8133 		-81.1146 		0
v -21.8265 		-96.4488 		5
v -21.2501 		-46.7708 		0
v -21.816 		-96.4753 		5
v -17.8249 		-81.0645 		0
v -17.8309 		-81.0387 		0
v -21.3267 		-46.7913 		0
v -21.8048 		-96.4969 		5
v -17.819 		-81.0898 		0
v -21.3438 		-46.8011 		0
v -21.7929 		-96.5137 		5
v -21.36 		-46.8118 		0
v -21.7805 		-96.5257 		5
v -17.8371 		-81.0126 		0
v -21.3756 		-46.823 		0
v -17.8435 		-80.9862 		0
v -21.7674 		-96.5334 		5
v -21.3903 		-46.8353 		0
v -17.8499 		-80.9595 		0
v -21.4043 		-46.8483 		0
v -21.7593 		-96.5356 		5
v -17.8565 		-80.9328 		0
v -21.7512 		-96.5372 		5
v -21.4175 		-46.8621 		0
v -29.7985 		-79.1223 		0
v -29.7985 		-79.1223 		5
v -21.7433 		-96.538 		5
v -29.7565 		-79.2879 		0
v -29.7565 		-79.2879 		5
v -21.43 		-46.8767 		0
v -29.7093 		-79.4437 		0
v -29.7093 		-79.4437 		5
v -29.6567 		-79.5902 		0
v -21.4417 		-46.892 		0
v -29.6567 		-79.5902 		5
v -29.5986 		-79.7275 		0
v -29.5986 		-79.7275 		5
v -21.4527 		-46.9083 		0
v -21.855 		-96.338 		5
v -29.5351 		-79.8556 		0
v -29.5351 		-79.8556 		5
v -29.4659 		-79.975 		0
v -21.463 		-46.9254 		0
v -29.4659 		-79.975 		5
v -21.8982 		-95.962 		5
v -21.4724 		-46.9432 		0
v -31.0298 		-79.1928 		0
v -31.0298 		-79.1928 		5
v -21.892 		-96.0399 		5
v -21.4811 		-46.9619 		0
v -31.0205 		-79.297 		0
v -31.0205 		-79.297 		5
v -31.0105 		-79.3958 		0
v -21.8856 		-96.1115 		5
v -31.0105 		-79.3958 		5
v -21.4892 		-46.9816 		0
v -30.9998 		-79.4891 		0
v -30.9998 		-79.4891 		5
v -21.4965 		-47.0019 		0
v -30.9885 		-79.5773 		0
v -30.9885 		-79.5773 		5
v -30.9763 		-79.6607 		0
v -17.8699 		-80.8788 		0
v -30.9763 		-79.6607 		5
v -21.8786 		-96.177 		5
v -17.8699 		-80.8788 		5
v -17.8766 		-80.8519 		5
v -30.9635 		-79.7396 		0
v -17.8766 		-80.8519 		0
v -30.9635 		-79.7396 		5
v -21.8712 		-96.2364 		5
v -30.9499 		-79.8141 		0
v -30.9499 		-79.8141 		5
v -17.8631 		-80.9058 		5
v -17.8631 		-80.9058 		0
v -21.8633 		-96.29 		5
v -30.9355 		-79.8846 		0
v -30.9355 		-79.8846 		5
v -21.9432 		-46.6461 		0
v -21.9429 		-46.7603 		0
v -17.9841 		-80.4758 		5
v -17.9841 		-80.4758 		0
v -21.9423 		-46.8708 		0
v -21.9416 		-46.9773 		0
v -19.7575 		-82.2599 		0
v -19.7575 		-82.2599 		5
v -20.3086 		-96.7647 		0
v -21.9405 		-47.0794 		0
v -19.9503 		-82.4543 		0
v -19.9503 		-82.4543 		5
v -21.9393 		-47.1769 		0
v -20.1288 		-82.6345 		0
v -31.0768 		-78.2842 		0
v -31.0768 		-78.2842 		5
v -20.1288 		-82.6345 		5
v -21.9378 		-47.2694 		0
v -31.072 		-78.4349 		0
v -20.2935 		-82.8015 		0
v -31.072 		-78.4349 		5
v -20.2935 		-82.8015 		5
v -31.0665 		-78.5783 		0
v -31.0665 		-78.5783 		5
v -20.4449 		-82.9559 		0
v -21.9362 		-47.3567 		0
v -20.4449 		-82.9559 		5
v -31.0604 		-78.7145 		0
v -31.0604 		-78.7145 		5
v -20.5837 		-83.0982 		0
v -20.5837 		-83.0982 		5
v -21.9343 		-47.4383 		0
v -31.0537 		-78.8437 		0
v -31.0537 		-78.8437 		5
v -20.7102 		-83.2291 		0
v -31.0464 		-78.9663 		0
v -20.7102 		-83.2291 		5
v -31.0464 		-78.9663 		5
v -20.8252 		-83.3495 		0
v -31.0384 		-79.0826 		0
v -20.8252 		-83.3495 		5
v -31.0384 		-79.0826 		5
v -21.9195 		-44.9134 		0
v -20.929 		-83.4597 		0
v -21.9195 		-44.9134 		5
v -20.929 		-83.4597 		5
v -31.0965 		-76.7815 		0
v -31.0965 		-76.7815 		5
v -21.9235 		-45.0597 		0
v -21.9235 		-45.0597 		5
v -31.0957 		-77.0007 		0
v -31.0957 		-77.0007 		5
v -20.2228 		-80.3651 		0
v -20.2228 		-80.3651 		5
v -31.0946 		-77.2104 		0
v -31.0946 		-77.2104 		5
v -20.1304 		-80.2762 		0
v -21.9275 		-45.218 		0
v -21.9275 		-45.218 		5
v -20.1304 		-80.2762 		5
v -31.0929 		-77.4108 		0
v -31.0929 		-77.4108 		5
v -21.9314 		-45.389 		0
v -31.0908 		-77.6024 		0
v -21.9314 		-45.389 		5
v -31.0908 		-77.6024 		5
v -19.9442 		-80.0944 		0
v -19.9442 		-80.0944 		5
v -31.0881 		-77.7852 		0
v -31.0881 		-77.7852 		5
v -21.9354 		-45.5729 		0
v -21.9354 		-45.5729 		5
v -20.0369 		-80.1856 		0
v -31.0849 		-77.9596 		0
v -20.0369 		-80.1856 		5
v -31.0849 		-77.9596 		5
v -21.9393 		-45.7703 		0
v -21.9393 		-45.7703 		5
v -31.0812 		-78.1259 		0
v -31.0812 		-78.1259 		5
v -21.9405 		-45.9013 		0
v -21.9405 		-45.9013 		5
v -21.1567 		-81.2323 		0
v -21.9416 		-46.0309 		0
v -21.1567 		-81.2323 		5
v -21.9416 		-46.0309 		5
v -29.9574 		-77.4233 		0
v -21.0958 		-81.1785 		0
v -21.9423 		-46.1588 		0
v -21.9423 		-46.1588 		5
v -21.0958 		-81.1785 		5
v -21.0311 		-81.1206 		0
v -21.9429 		-46.2846 		0
v -21.9429 		-46.2846 		5
v -21.0311 		-81.1206 		5
v -20.9629 		-81.0589 		0
v -21.9432 		-46.4078 		0
v -21.9432 		-46.4078 		5
v -20.9629 		-81.0589 		5
v -20.8912 		-80.9937 		0
v -21.9433 		-46.5285 		0
v -21.9433 		-46.5285 		5
v -20.8912 		-80.9937 		5
v -20.8165 		-80.925 		0
v -20.8165 		-80.925 		5
v -20.7388 		-80.8531 		0
v -20.7388 		-80.8531 		5
v -20.6583 		-80.7782 		0
v -20.6583 		-80.7782 		5
v -21.4085 		-44.6006 		5
v -20.5753 		-80.7005 		0
v -20.5753 		-80.7005 		5
v -21.3992 		-44.6121 		5
v -29.9574 		-77.4233 		5
v -20.4901 		-80.6201 		0
v -29.9538 		-77.6742 		0
v -20.4901 		-80.6201 		5
v -29.9538 		-77.6742 		5
v -21.3898 		-44.6222 		5
v -20.4028 		-80.5372 		0
v -29.9459 		-77.9135 		0
v -20.4028 		-80.5372 		5
v -29.9459 		-77.9135 		5
v -21.3804 		-44.631 		5
v -29.9333 		-78.1417 		0
v -20.3136 		-80.4522 		0
v -29.9333 		-78.1417 		5
v -20.3136 		-80.4522 		5
v -21.3311 		-44.6456 		5
v -21.2218 		-44.66 		5
v -18.1064 		-78.3312 		5
v -18.0908 		-78.3068 		5
v -18.0761 		-78.2824 		5
v -21.5083 		-44.3857 		5
v -21.5015 		-44.4075 		5
v -18.5088 		-78.7366 		5
v -21.4942 		-44.4288 		5
v -21.4865 		-44.4496 		5
v -18.3175 		-78.5771 		5
v -21.4787 		-44.4698 		5
v -21.4706 		-44.4892 		5
v -21.4622 		-44.508 		5
v -29.9681 		-76.0798 		5
v -29.9681 		-76.0798 		0
v -18.2964 		-78.5582 		5
v -21.4536 		-44.5259 		5
v -29.9144 		-71.9418 		0
v -29.9144 		-71.9418 		5
v -18.2754 		-78.5383 		5
v -21.4449 		-44.5428 		5
v -13.889 		-66.4603 		0
v -13.889 		-66.4603 		5
v -18.2548 		-78.5176 		5
v -21.436 		-44.559 		5
v -18.2345 		-78.4961 		5
v -21.427 		-44.5739 		5
v -18.2145 		-78.4738 		5
v -21.4178 		-44.5879 		5
v -18.195 		-78.451 		5
v -21.5524 		-44.1796 		5
v -21.5494 		-44.2025 		5
v -21.546 		-44.2256 		5
v -21.542 		-44.2488 		5
v -21.5375 		-44.272 		5
v -21.5324 		-44.2951 		5
v -21.527 		-44.3181 		5
v -21.5212 		-44.3409 		5
v -21.515 		-44.3635 		5
v -13.7816 		-68.5562 		5
v -13.7816 		-68.5562 		0
v -13.0614 		-67.5029 		0
v -13.0614 		-67.5029 		5
v -21.5553 		-44.1531 		5
v -21.5586 		-44.1276 		5
v -13.8908 		-64.6984 		0
v -13.8908 		-64.6984 		5
v -13.8912 		-64.4493 		5
v -13.8912 		-64.4493 		0
v -21.5625 		-44.103 		5
v -13.8901 		-64.9742 		0
v -13.8901 		-64.9742 		5
v -21.5667 		-44.0795 		5
v -21.5714 		-44.0568 		5
v -21.5766 		-44.0351 		5
v -21.5822 		-44.0145 		5
v -13.889 		-65.278 		5
v -13.889 		-65.278 		0
v -21.5882 		-43.9948 		5
v -13.8918 		-64.2254 		5
v -13.8918 		-64.2254 		0
v -21.5948 		-43.9763 		5
v -13.8928 		-64.0254 		5
v -13.8928 		-64.0254 		0
v -21.6016 		-43.9588 		5
v -13.8944 		-63.8479 		5
v -13.8944 		-63.8479 		0
v -13.8969 		-63.6912 		5
v -13.8969 		-63.6912 		0
v -21.609 		-43.9423 		5
v -21.1961 		-96.3056 		0
v -21.2329 		-96.279 		0
v -21.3832 		-58.8832 		0
v -21.2684 		-96.2555 		0
v -21.8412 		-43.9381 		5
v -21.3028 		-96.2351 		0
v -21.3496 		-58.8896 		0
v -21.3359 		-96.2179 		0
v -21.851 		-43.9742 		5
v -21.3123 		-58.8913 		0
v -21.86 		-44.0169 		5
v -21.3676 		-96.2037 		0
v -21.2708 		-58.8885 		0
v -21.8683 		-44.067 		5
v -21.3981 		-96.1928 		0
v -21.2246 		-58.8806 		0
v -21.8759 		-44.1246 		5
v -13.9005 		-63.5539 		5
v -13.9005 		-63.5539 		0
v -13.9057 		-63.4348 		5
v -13.9057 		-63.4348 		0
v -21.8829 		-44.1903 		5
v -21.5723 		-58.7007 		0
v -13.9125 		-63.3323 		5
v -13.9125 		-63.3323 		0
v -21.4269 		-96.1849 		0
v -21.8894 		-44.2645 		5
v -21.5634 		-58.7178 		0
v -21.4542 		-96.1803 		0
v -21.8953 		-44.3477 		5
v -13.9212 		-63.245 		5
v -21.4799 		-96.1787 		0
v -13.9212 		-63.245 		0
v -21.554 		-58.7345 		0
v -21.9008 		-44.4402 		5
v -13.932 		-63.1714 		5
v -21.5038 		-96.1803 		0
v -13.932 		-63.1714 		0
v -21.5442 		-58.7504 		0
v -13.9454 		-63.1101 		5
v -21.9059 		-44.5426 		5
v -13.9454 		-63.1101 		0
v -21.5261 		-96.1849 		0
v -13.9615 		-63.0597 		5
v -13.9615 		-63.0597 		0
v -21.5341 		-58.7656 		0
v -21.5466 		-96.1928 		0
v -21.9106 		-44.6553 		5
v -13.9806 		-63.0188 		5
v -13.9806 		-63.0188 		0
v -21.5651 		-96.2037 		0
v -21.5236 		-58.7803 		0
v -21.9152 		-44.7788 		5
v -14.0029 		-62.9859 		5
v -14.0029 		-62.9859 		0
v -21.5817 		-96.2179 		0
v -14.0288 		-62.9595 		5
v -14.0288 		-62.9595 		0
v -21.5127 		-58.794 		0
v -14.0583 		-62.9383 		5
v -14.0583 		-62.9383 		0
v -21.5964 		-96.2351 		0
v -14.092 		-62.9207 		5
v -21.5016 		-58.8069 		0
v -14.092 		-62.9207 		0
v -18.1761 		-78.4277 		5
v -21.6089 		-96.2555 		0
v -14.1299 		-62.9055 		5
v -14.1299 		-62.9055 		0
v -21.4902 		-58.819 		0
v -21.6194 		-96.279 		0
v -21.6276 		-96.3056 		0
v -21.4784 		-58.8299 		0
v -21.4664 		-58.8399 		0
v -13.9248 		-62.4004 		5
v -13.9248 		-62.4004 		0
v -13.9811 		-62.4038 		0
v -13.9811 		-62.4038 		5
v -14.0363 		-62.4075 		0
v -14.0363 		-62.4075 		5
v -21.4412 		-58.8583 		0
v -14.0902 		-62.4116 		0
v -14.0902 		-62.4116 		5
v -14.1428 		-62.4161 		0
v -14.1428 		-62.4161 		5
v -21.4136 		-58.8728 		0
v -21.6413 		-96.4386 		0
v -21.6434 		-96.449 		0
v -21.6462 		-96.459 		0
v -21.6495 		-96.4683 		0
v -21.6532 		-96.4773 		0
v -21.6575 		-96.4856 		0
v -21.6621 		-96.4934 		0
v -21.6673 		-96.5006 		0
v -21.6728 		-96.5072 		0
v -21.6787 		-96.5132 		0
v -13.0399 		-62.3653 		0
v -13.0399 		-62.3653 		5
v -13.8675 		-62.3975 		0
v -13.8675 		-62.3975 		5
v -21.629 		-58.5338 		0
v -21.6252 		-58.5527 		0
v -21.6849 		-96.5186 		0
v -21.6914 		-96.5234 		0
v -21.6983 		-96.5275 		0
v -21.7052 		-96.531 		0
v -21.7126 		-96.5338 		0
v -21.72 		-96.5358 		0
v -21.6206 		-58.5717 		0
v -21.7276 		-96.5373 		0
v -21.7354 		-96.538 		0
v -21.9461 		-94.1704 		5
v -21.9452 		-94.3108 		5
v -21.9437 		-94.4626 		5
v -21.6153 		-58.5907 		0
v -21.9418 		-94.6265 		5
v -21.9393 		-94.8029 		5
v -21.9365 		-94.9521 		5
v -21.9335 		-95.0936 		5
v -21.9302 		-95.2273 		5
v -21.9265 		-95.3535 		5
v -21.9227 		-95.4724 		5
v -21.9185 		-95.5842 		5
v -21.914 		-95.6888 		5
v -21.9091 		-95.7866 		5
v -18.1577 		-78.404 		5
v -21.9039 		-95.8775 		5
v -21.6095 		-58.6096 		0
v -18.1399 		-78.3799 		5
v -21.6031 		-58.6284 		0
v -18.1228 		-78.3556 		5
v -21.5962 		-58.647 		0
v -21.4044 		-93.779 		5
v -21.3302 		-93.8971 		5
v -21.5886 		-58.6653 		0
v -21.2431 		-94.0284 		5
v -18.3817 		-78.6271 		5
v -18.3602 		-78.6116 		5
v -21.5807 		-58.6832 		0
v -18.4049 		-78.6461 		5
v -21.5632 		-93.4487 		5
v -21.5689 		-93.4235 		5
v -21.6369 		-58.478 		0
v -21.575 		-93.3992 		5
v -21.5816 		-93.3757 		5
v -21.5888 		-93.3531 		5
v -21.5966 		-93.3313 		5
v -18.3388 		-78.595 		5
v -21.6046 		-93.3104 		5
v -21.635 		-58.4963 		0
v -21.6336 		-96.3354 		0
v -21.545 		-93.5089 		5
v -21.6131 		-93.2906 		5
v -21.6221 		-93.2715 		5
v -21.6324 		-58.515 		0
v -21.6372 		-96.3684 		0
v -21.5122 		-93.5843 		5
v -21.6384 		-96.4044 		0
v -21.4652 		-93.6746 		5
v -21.9147 		-58.479 		0
v -21.6387 		-96.4162 		0
v -21.6397 		-96.4276 		0
v -21.9182 		-58.5138 		0
v -21.9214 		-58.5555 		0
v -21.9244 		-58.6039 		0
v -18.434 		-78.6709 		5
v -13.9607 		-56.7808 		0
v -13.9607 		-56.7808 		5
v -18.4687 		-78.7011 		5
v -13.7458 		-56.651 		0
v -13.7458 		-56.651 		5
v -21.7433 		-96.538 		0
v -21.7512 		-96.5372 		0
v -21.6314 		-93.2535 		5
v -21.7593 		-96.5356 		0
v -21.7674 		-96.5334 		0
v -13.5533 		-56.5343 		0
v -21.7805 		-96.5257 		0
v -13.5533 		-56.5343 		5
v -21.7929 		-96.5137 		0
v -21.8048 		-96.4969 		0
v -21.816 		-96.4753 		0
v -21.9109 		-93.264 		5
v -21.8265 		-96.4488 		0
v -21.9182 		-93.3061 		5
v -21.8366 		-96.4172 		0
v -21.846 		-96.3802 		0
v -13.3855 		-56.4322 		0
v -13.3855 		-56.4322 		5
v -21.9245 		-93.3551 		5
v -21.9299 		-93.411 		5
v -21.9346 		-93.4747 		5
v -13.2448 		-56.3459 		0
v -13.2448 		-56.3459 		5
v -21.9384 		-93.5465 		5
v -21.9414 		-93.6267 		5
v -21.9437 		-93.7158 		5
v -21.9454 		-93.8143 		5
v -21.9462 		-93.9226 		5
v -21.9465 		-94.0411 		5
v -13.1335 		-56.2769 		0
v -21.855 		-96.338 		0
v -13.1335 		-56.2769 		5
v -21.641 		-93.2365 		5
v -21.651 		-93.2205 		5
v -21.6612 		-93.2055 		5
v -21.6718 		-93.1916 		5
v -21.6826 		-93.1788 		5
v -21.6936 		-93.1671 		5
v -21.7049 		-93.1564 		5
v -21.7163 		-93.1471 		5
v -21.7279 		-93.1388 		5
v -13.0077 		-56.1959 		5
v -21.8633 		-96.29 		0
v -21.8712 		-96.2364 		0
v -21.8786 		-96.177 		0
v -21.8856 		-96.1115 		0
v -21.892 		-96.0399 		0
v -21.8982 		-95.962 		0
v -12.9921 		-56.1853 		5
v -21.7396 		-93.1318 		5
v -12.9775 		-56.1746 		5
v -21.7515 		-93.126 		5
v -21.7634 		-93.1214 		5
v -12.9638 		-56.1642 		5
v -21.9272 		-58.6585 		0
v -12.9513 		-56.1539 		5
v -21.9298 		-58.7193 		0
v -21.9321 		-58.7857 		0
v -21.9039 		-95.8775 		0
v -21.9091 		-95.7866 		0
v -21.914 		-95.6888 		0
v -12.9398 		-56.1437 		5
v -21.9185 		-95.5842 		0
v -21.9227 		-95.4724 		0
v -21.9265 		-95.3535 		0
v -21.9302 		-95.2273 		0
v -21.9335 		-95.0936 		0
v -21.9365 		-94.9521 		0
v -21.9393 		-94.8029 		0
v -21.9418 		-94.6265 		0
v -21.9343 		-58.8578 		0
v -21.9437 		-94.4626 		0
v -21.9452 		-94.3108 		0
v -21.9461 		-94.1704 		0
v -21.4044 		-93.779 		0
v -12.9292 		-56.1336 		5
v -12.9198 		-56.1237 		5
v -12.9114 		-56.1139 		5
v -12.904 		-56.1042 		5
v -12.8976 		-56.0948 		5
v -12.8924 		-56.0855 		5
v -12.8881 		-56.0764 		5
v -12.885 		-56.0673 		5
v -12.8829 		-56.0585 		5
v -12.8818 		-56.0499 		5
v -13.0536 		-56.2264 		5
v -12.8886 		-56.0173 		5
v -12.893 		-56.0095 		5
v -12.8985 		-56.0021 		5
v -12.9052 		-55.9948 		5
v -12.9129 		-55.9878 		5
v -12.9217 		-55.9809 		5
v -12.9297 		-55.9756 		5
v -21.7754 		-93.1182 		5
v -21.7876 		-93.1161 		5
v -21.7996 		-93.1155 		5
v -21.8165 		-93.1168 		5
v -21.8321 		-93.1207 		5
v -21.8466 		-93.1281 		5
v -21.3302 		-93.8971 		0
v -21.2431 		-94.0284 		0
v -21.86 		-93.139 		5
v -21.8723 		-93.154 		5
v -21.8834 		-93.1736 		5
v -21.8935 		-93.1981 		5
v -21.9027 		-93.2281 		5
v -21.6046 		-93.3104 		0
v -21.5966 		-93.3313 		0
v -21.5888 		-93.3531 		0
v -21.5816 		-93.3757 		0
v -21.575 		-93.3992 		0
v -21.5689 		-93.4235 		0
v -21.5632 		-93.4487 		0
v -21.6194 		-91.1293 		5
v -21.6078 		-91.0937 		5
v -21.5966 		-91.0541 		5
v -21.6221 		-93.2715 		0
v -21.6131 		-93.2906 		0
v -21.5859 		-91.0106 		5
v -21.5758 		-90.9631 		5
v -21.5661 		-90.9115 		5
v -21.545 		-93.5089 		0
v -21.5567 		-90.856 		5
v -21.5477 		-90.7964 		5
v -21.5392 		-90.7327 		5
v -21.5309 		-90.6649 		5
v -21.5122 		-93.5843 		0
v -21.4652 		-93.6746 		0
v -21.843 		-91.2328 		5
v -21.8226 		-91.2491 		5
v -21.8031 		-91.2619 		5
v -21.7841 		-91.271 		5
v -21.7661 		-91.2766 		5
v -21.7486 		-91.2785 		5
v -21.7318 		-91.2769 		5
v -21.7156 		-91.2715 		5
v -21.7001 		-91.2626 		5
v -21.6853 		-91.2498 		5
v -21.671 		-91.2334 		5
v -21.6572 		-91.2131 		5
v -21.6441 		-91.189 		5
v -21.6314 		-91.161 		5
v -21.6314 		-93.2535 		0
v -21.9465 		-94.0411 		0
v -21.9462 		-93.9226 		0
v -21.9454 		-93.8143 		0
v -21.9437 		-93.7158 		0
v -21.8973 		-91.1 		5
v -21.9414 		-93.6267 		0
v -21.8818 		-91.1748 		5
v -21.9384 		-93.5465 		0
v -21.8641 		-91.2131 		5
v -21.9346 		-93.4747 		0
v -21.9299 		-93.411 		0
v -21.9245 		-93.3551 		0
v -21.9182 		-93.3061 		0
v -21.9109 		-93.264 		0
v -21.9313 		-90.6896 		5
v -21.9219 		-90.8541 		5
v -21.9106 		-90.992 		5
v -21.4772 		-90.1598 		5
v -21.7279 		-93.1388 		0
v -21.7163 		-93.1471 		0
v -21.7049 		-93.1564 		0
v -21.6936 		-93.1671 		0
v -21.6826 		-93.1788 		0
v -21.6718 		-93.1916 		0
v -21.6612 		-93.2055 		0
v -21.651 		-93.2205 		0
v -21.641 		-93.2365 		0
v -18.1064 		-78.3312 		0
v -21.9433 		-89.081 		5
v -21.9469 		-89.3362 		5
v -21.9488 		-89.5886 		5
v -18.0908 		-78.3068 		0
v -21.9489 		-89.8348 		5
v -21.9473 		-90.0714 		5
v -21.9439 		-90.295 		5
v -21.9385 		-90.5022 		5
v -18.0761 		-78.2824 		0
v -21.4772 		-88.1176 		5
v -21.9134 		-88.0985 		5
v -21.8466 		-93.1281 		0
v -21.8321 		-93.1207 		0
v -21.8165 		-93.1168 		0
v -21.7996 		-93.1155 		0
v -21.7876 		-93.1161 		0
v -21.7754 		-93.1182 		0
v -18.5088 		-78.7366 		0
v -21.7634 		-93.1214 		0
v -21.7515 		-93.126 		0
v -21.7396 		-93.1318 		0
v -21.9232 		-88.3315 		5
v -21.9315 		-88.5752 		5
v -21.9382 		-88.8261 		5
v -21.9027 		-93.2281 		0
v -21.8935 		-93.1981 		0
v -21.8834 		-93.1736 		0
v -21.8723 		-93.154 		0
v -21.86 		-93.139 		0
v -21.5739 		-87.548 		5
v -21.5809 		-87.5069 		5
v -21.5882 		-87.4673 		5
v -21.5959 		-87.4288 		5
v -21.604 		-87.3918 		5
v -21.6124 		-87.3562 		5
v -21.6211 		-87.3221 		5
v -21.8898 		-87.6778 		5
v -21.9023 		-87.8795 		5
v -21.5309 		-90.6649 		0
v -21.5392 		-90.7327 		0
v -21.5477 		-90.7964 		0
v -21.5567 		-90.856 		0
v -21.5661 		-90.9115 		0
v -21.5758 		-90.9631 		0
v -21.5859 		-91.0106 		0
v -21.5966 		-91.0541 		0
v -21.6078 		-91.0937 		0
v -21.6194 		-91.1293 		0
v -21.8271 		-87.1123 		5
v -21.8445 		-87.2107 		5
v -21.8609 		-87.34 		5
v -21.8759 		-87.4968 		5
v -21.63 		-87.2896 		5
v -21.6391 		-87.2585 		5
v -21.6485 		-87.2293 		5
v -21.6581 		-87.2016 		5
v -21.6676 		-87.1758 		5
v -21.6773 		-87.1517 		5
v -21.638 		-58.4599 		0
v -21.6871 		-87.1295 		5
v -21.6384 		-58.4422 		0
v -21.6969 		-87.109 		5
v -21.6314 		-91.161 		0
v -21.7066 		-87.0907 		5
v -21.6441 		-91.189 		0
v -21.6572 		-91.2131 		0
v -21.671 		-91.2334 		0
v -21.6853 		-91.2498 		0
v -21.7001 		-91.2626 		0
v -21.7156 		-91.2715 		0
v -21.7318 		-91.2769 		0
v -21.7486 		-91.2785 		0
v -21.7661 		-91.2766 		0
v -21.6394 		-58.4035 		0
v -21.7841 		-91.271 		0
v -21.8031 		-91.2619 		0
v -21.8226 		-91.2491 		0
v -21.843 		-91.2328 		0
v -21.7164 		-87.0743 		5
v -21.6423 		-58.3682 		0
v -21.7261 		-87.0599 		5
v -21.7357 		-87.0477 		5
v -21.745 		-87.0377 		5
v -21.7543 		-87.0297 		5
v -21.7633 		-87.0241 		5
v -21.7721 		-87.0208 		5
v -21.7806 		-87.0198 		5
v -21.7889 		-87.0213 		5
v -21.8085 		-87.048 		5
v -21.8641 		-91.2131 		0
v -21.8818 		-91.1748 		0
v -21.8973 		-91.1 		0
v -21.6469 		-58.3359 		0
v -21.9106 		-90.992 		0
v -21.9219 		-90.8541 		0
v -21.9313 		-90.6896 		0
v -21.6223 		-84.912 		5
v -21.6086 		-84.8838 		5
v -21.5959 		-84.8528 		5
v -21.5842 		-84.8192 		5
v -21.5735 		-84.7829 		5
v -21.5639 		-84.7442 		5
v -21.6531 		-58.3071 		0
v -21.5554 		-84.7031 		5
v -21.4772 		-90.1598 		0
v -21.5481 		-84.6597 		5
v -21.5421 		-84.6139 		5
v -21.5373 		-84.5659 		5
v -21.5337 		-84.5158 		5
v -21.5317 		-84.4637 		5
v -21.6607 		-58.2814 		0
v -21.6698 		-58.2592 		0
v -21.9385 		-90.5022 		0
v -21.9439 		-90.295 		0
v -21.9473 		-90.0714 		0
v -21.9489 		-89.8348 		0
v -21.9488 		-89.5886 		0
v -21.9469 		-89.3362 		0
v -21.9433 		-89.081 		0
v -21.4772 		-88.1176 		0
v -21.8334 		-58.2518 		0
v -21.8426 		-85.0114 		5
v -21.9134 		-88.0985 		0
v -21.8213 		-85.0217 		5
v -21.8004 		-85.0283 		5
v -21.7798 		-85.0314 		5
v -21.7598 		-85.031 		5
v -21.7403 		-85.0272 		5
v -21.7214 		-85.0201 		5
v -21.703 		-85.0098 		5
v -21.6854 		-84.9963 		5
v -21.8474 		-58.2732 		0
v -21.6684 		-84.9797 		5
v -21.6523 		-84.9601 		5
v -21.6368 		-84.9375 		5
v -21.9382 		-88.8261 		0
v -21.9315 		-88.5752 		0
v -21.9232 		-88.3315 		0
v -21.68 		-58.2402 		0
v -21.8854 		-84.905 		5
v -21.8775 		-84.938 		5
v -21.8693 		-84.9651 		5
v -21.8608 		-84.9864 		5
v -21.8518 		-85.0018 		5
v -21.6914 		-58.2245 		0
v -12.9529 		-55.9435 		5
v -21.7035 		-58.2121 		0
v -21.9299 		-84.5117 		5
v -21.9247 		-84.5853 		5
v -21.919 		-84.6532 		5
v -21.9131 		-84.7152 		5
v -21.9067 		-84.7714 		5
v -21.8999 		-84.8217 		5
v -12.9454 		-55.9567 		5
v -21.8928 		-84.8663 		5
v -21.7166 		-58.2031 		0
v -21.2447 		-83.8144 		5
v -21.3014 		-83.8847 		5
v -21.7303 		-58.1974 		0
v -12.9376 		-55.9674 		5
v -21.3503 		-83.9491 		5
v -21.7445 		-58.195 		0
v -21.392 		-84.0081 		5
v -21.427 		-84.0624 		5
v -21.7591 		-58.196 		0
v -21.4558 		-84.1128 		5
v -21.774 		-58.2004 		0
v -21.479 		-84.1599 		5
v -12.8819 		-56.0414 		5
v -21.789 		-58.2081 		0
v -21.4972 		-84.2042 		5
v -12.883 		-56.0332 		5
v -21.804 		-58.2193 		0
v -21.5107 		-84.2466 		5
v -12.8853 		-56.0251 		5
v -21.8189 		-58.2338 		0
v -21.5204 		-84.2877 		5
v -21.5266 		-84.3281 		5
v -12.9875 		-55.8443 		5
v -21.5299 		-84.3685 		5
v -21.8611 		-58.2979 		0
v -21.5309 		-84.4095 		5
v -21.874 		-58.3262 		0
v -21.886 		-58.3578 		0
v -21.8971 		-58.3929 		0
v -21.9071 		-58.4315 		0
v -21.9588 		-83.5867 		5
v -21.911 		-58.4515 		0
v -21.9573 		-83.7128 		5
v -21.9554 		-83.8329 		5
v -21.953 		-83.9474 		5
v -21.9501 		-84.0559 		5
v -21.9469 		-84.1588 		5
v -21.9433 		-84.2557 		5
v -21.9392 		-84.3469 		5
v -21.9348 		-84.4321 		5
v -18.3175 		-78.5771 		0
v -24.3254 		-58.3992 		0
v -24.3254 		-58.3992 		5
v -24.3254 		-56.3571 		0
v -24.3254 		-56.3571 		5
v -18.2964 		-78.5582 		0
v -14.023 		-83.018 		5
v -27.0877 		-58.4207 		5
v -13.9562 		-82.9456 		5
v -27.0877 		-58.4207 		0
v -13.8931 		-82.871 		5
v -13.8337 		-82.7943 		5
v -13.7786 		-82.716 		5
v -18.2754 		-78.5383 		0
v -13.7278 		-82.6361 		5
v -13.6565 		-82.5099 		5
v -13.5901 		-82.3859 		5
v -13.5285 		-82.2623 		5
v -13.4716 		-82.1379 		5
v -13.4191 		-82.0113 		5
v -13.371 		-81.8809 		5
v -14.0927 		-83.0881 		5
v -29.8607 		-63.1284 		0
v -29.8607 		-63.1284 		5
v -18.2548 		-78.5176 		0
v -29.8607 		-58.453 		5
v -29.8607 		-58.453 		0
v -18.2345 		-78.4961 		0
v -13.3269 		-81.7453 		5
v -13.2867 		-81.6031 		5
v -13.2504 		-81.4529 		5
v -13.2176 		-81.293 		5
v -13.1883 		-81.1224 		5
v -13.1621 		-80.9393 		5
v -18.2145 		-78.4738 		0
v -28.5226 		-64.8595 		0
v -28.5226 		-64.8595 		5
v -18.195 		-78.451 		0
v -28.8191 		-64.8633 		0
v -13.1391 		-80.7423 		5
v -13.119 		-80.5301 		5
v -13.1017 		-80.3012 		5
v -28.8191 		-64.8633 		5
v -13.0869 		-80.0542 		5
v -29.1016 		-64.8684 		0
v -29.1016 		-64.8684 		5
v -18.1761 		-78.4277 		0
v -14.1211 		-80.5843 		5
v -29.367 		-64.8747 		0
v -29.367 		-64.8747 		5
v -14.0972 		-80.5336 		5
v -18.1577 		-78.404 		0
v -29.6122 		-64.8823 		0
v -29.6122 		-64.8823 		5
v -14.0751 		-80.4839 		5
v -29.8338 		-64.8911 		0
v -29.8338 		-64.8911 		5
v -18.1399 		-78.3799 		0
v -21.6211 		-87.3221 		0
v -21.6124 		-87.3562 		0
v -21.604 		-87.3918 		0
v -21.5959 		-87.4288 		0
v -21.5882 		-87.4673 		0
v -21.5809 		-87.5069 		0
v -21.5739 		-87.548 		0
v -30.0288 		-64.9012 		0
v -30.0288 		-64.9012 		5
v -18.1228 		-78.3556 		0
v -30.1938 		-64.9126 		0
v -30.1938 		-64.9126 		5
v -21.9023 		-87.8795 		0
v -21.8898 		-87.6778 		0
v -29.9144 		-66.9977 		5
v -18.3602 		-78.6116 		0
v -29.9144 		-66.9977 		0
v -18.3817 		-78.6271 		0
v -18.4049 		-78.6461 		0
v -13.0402 		-55.2853 		5
v -13.0399 		-55.3253 		5
v -21.4085 		-44.6006 		0
v -18.3388 		-78.595 		0
v -21.7066 		-87.0907 		0
v -21.6969 		-87.109 		0
v -21.6871 		-87.1295 		0
v -21.6773 		-87.1517 		0
v -13.0396 		-55.3655 		5
v -21.3992 		-44.6121 		0
v -21.6676 		-87.1758 		0
v -21.6581 		-87.2016 		0
v -21.6485 		-87.2293 		0
v -21.6391 		-87.2585 		0
v -21.63 		-87.2896 		0
v -18.434 		-78.6709 		0
v -13.0408 		-55.2462 		5
v -21.8759 		-87.4968 		0
v -21.3898 		-44.6222 		0
v -21.8609 		-87.34 		0
v -21.8445 		-87.2107 		0
v -21.8271 		-87.1123 		0
v -13.0419 		-55.2078 		5
v -18.4687 		-78.7011 		0
v -21.3804 		-44.631 		0
v -21.3311 		-44.6456 		0
v -14.0548 		-80.4347 		5
v -21.2218 		-44.66 		0
v -14.0362 		-80.3854 		5
v -18.554 		-78.777 		0
v -13.0434 		-55.1703 		5
v -18.554 		-78.777 		5
v -14.0192 		-80.3352 		5
v -13.0452 		-55.1339 		5
v -21.8085 		-87.048 		0
v -18.6041 		-78.8223 		0
v -21.7889 		-87.0213 		0
v -18.6041 		-78.8223 		5
v -21.7806 		-87.0198 		0
v -21.7721 		-87.0208 		0
v -21.7633 		-87.0241 		0
v -21.7543 		-87.0297 		0
v -21.745 		-87.0377 		0
v -21.7357 		-87.0477 		0
v -21.7261 		-87.0599 		0
v -21.7164 		-87.0743 		0
v -13.0475 		-55.0986 		5
v -21.5083 		-44.3857 		0
v -18.6587 		-78.872 		0
v -18.6587 		-78.872 		5
v -13.0502 		-55.0644 		5
v -18.7177 		-78.9261 		0
v -18.7177 		-78.9261 		5
v -21.5015 		-44.4075 		0
v -13.0531 		-55.0316 		5
v -18.7807 		-78.9841 		0
v -18.7807 		-78.9841 		5
v -21.4942 		-44.4288 		0
v -14.0037 		-80.2836 		5
v -13.0564 		-55 		5
v -18.8476 		-79.0462 		0
v -18.8476 		-79.0462 		5
v -13.9898 		-80.2297 		5
v -21.4865 		-44.4496 		0
v -13.06 		-54.9699 		5
v -18.9179 		-79.1117 		0
v -18.9179 		-79.1117 		5
v -13.9772 		-80.1732 		5
v -18.9917 		-79.1806 		0
v -18.9917 		-79.1806 		5
v -13.9659 		-80.1131 		5
v -21.4787 		-44.4698 		0
v -13.9558 		-80.049 		5
v -19.0684 		-79.2526 		0
v -19.0684 		-79.2526 		5
v -13.0639 		-54.9412 		5
v -21.4706 		-44.4892 		0
v -19.1479 		-79.3277 		0
v -19.1479 		-79.3277 		5
v -13.0681 		-54.9142 		5
v -21.5317 		-84.4637 		0
v -21.4622 		-44.508 		0
v -19.2299 		-79.4053 		0
v -21.5337 		-84.5158 		0
v -21.5373 		-84.5659 		0
v -21.5421 		-84.6139 		0
v -21.5481 		-84.6597 		0
v -19.2299 		-79.4053 		5
v -21.5554 		-84.7031 		0
v -21.5639 		-84.7442 		0
v -21.5735 		-84.7829 		0
v -13.0726 		-54.8888 		5
v -21.5842 		-84.8192 		0
v -21.5959 		-84.8528 		0
v -13.9468 		-79.98 		5
v -21.6086 		-84.8838 		0
v -21.6223 		-84.912 		0
v -19.314 		-79.4853 		0
v -19.314 		-79.4853 		5
v -13.9389 		-79.9057 		5
v -21.4536 		-44.5259 		0
v -13.0775 		-54.8653 		5
v -19.4002 		-79.5677 		0
v -13.932 		-79.8252 		5
v -19.4002 		-79.5677 		5
v -21.4449 		-44.5428 		0
v -13.0824 		-54.8436 		5
v -13.926 		-79.738 		5
v -13.9209 		-79.6434 		5
v -21.436 		-44.559 		0
v -17.8673 		-77.8601 		5
v -13.9164 		-79.5407 		5
v -13.0877 		-54.8237 		5
v -13.9127 		-79.4293 		5
v -21.427 		-44.5739 		0
v -13.0931 		-54.806 		5
v -13.9096 		-79.3086 		5
v -17.894 		-77.8909 		5
v -21.4178 		-44.5879 		0
v -13.9069 		-79.1778 		5
v -13.0988 		-54.7903 		5
v -17.9188 		-77.9254 		5
v -13.0744 		-79.7876 		5
v -13.0643 		-79.4998 		5
v -13.0562 		-79.1898 		5
v -13.1048 		-54.7767 		5
v -17.9416 		-77.9636 		5
v -21.6368 		-84.9375 		0
v -21.6523 		-84.9601 		0
v -21.6684 		-84.9797 		0
v -21.6854 		-84.9963 		0
v -21.703 		-85.0098 		0
v -21.7214 		-85.0201 		0
v -21.7403 		-85.0272 		0
v -13.9046 		-79.0363 		5
v -21.7598 		-85.031 		0
v -21.7798 		-85.0314 		0
v -21.8004 		-85.0283 		0
v -17.962 		-78.0055 		5
v -13.1109 		-54.7655 		5
v -21.8213 		-85.0217 		0
v -21.8426 		-85.0114 		0
v -13.9028 		-78.8834 		5
v -18.0621 		-78.2581 		5
v -13.1171 		-54.7566 		5
v -13.9012 		-78.7187 		5
v -13.8998 		-78.5411 		5
v -13.1235 		-54.7502 		5
v -21.8518 		-85.0018 		0
v -21.8608 		-84.9864 		0
v -21.8693 		-84.9651 		0
v -21.8775 		-84.938 		0
v -21.8854 		-84.905 		0
v -13.0498 		-78.8556 		5
v -13.0452 		-78.4962 		5
v -17.9799 		-78.0512 		5
v -13.13 		-54.7462 		5
v -12.981 		-55.8683 		5
v -18.0492 		-78.2341 		5
v -13.1367 		-54.7449 		5
v -13.0422 		-78.11 		5
v -12.9744 		-55.8903 		5
v -13.0405 		-77.6955 		5
v -13.0399 		-77.2513 		5
v -13.0402 		-77.0233 		5
v -21.8928 		-84.8663 		0
v -21.8999 		-84.8217 		0
v -13.8998 		-76.9074 		5
v -21.9067 		-84.7714 		0
v -21.9131 		-84.7152 		0
v -21.919 		-84.6532 		0
v -21.9247 		-84.5853 		0
v -18.0373 		-78.2105 		5
v -21.9299 		-84.5117 		0
v -13.0406 		-76.7988 		5
v -13.0414 		-76.5786 		5
v -21.2447 		-83.8144 		0
v -18.0264 		-78.1872 		5
v -13.1888 		-54.7257 		5
v -13.0425 		-76.363 		5
v -21.3014 		-83.8847 		0
v -13.0439 		-76.1527 		5
v -13.0456 		-75.9481 		5
v -13.0477 		-75.7498 		5
v -13.1553 		-54.74 		5
v -18.0167 		-78.1645 		5
v -21.3503 		-83.9491 		0
v -21.392 		-84.0081 		0
v -18.0081 		-78.1424 		5
v -13.2364 		-54.7024 		5
v -13.0499 		-75.5583 		5
v -21.427 		-84.0624 		0
v -13.0524 		-75.3741 		5
v -13.0552 		-75.1978 		5
v -13.0582 		-75.0297 		5
v -13.0614 		-74.8706 		5
v -21.4558 		-84.1128 		0
v -13.982 		-74.8575 		5
v -17.9948 		-78.1004 		5
v -21.479 		-84.1599 		0
v -13.7952 		-74.8469 		5
v -18.0008 		-78.1211 		5
v -13.6725 		-74.8352 		5
v -21.4972 		-84.2042 		0
v -13.6203 		-74.8223 		5
v -21.5107 		-84.2466 		0
v -13.6161 		-74.8158 		5
v -17.6844 		-77.7578 		5
v -21.5204 		-84.2877 		0
v -13.6116 		-74.8073 		5
v -13.6069 		-74.7969 		5
v -17.7163 		-77.7649 		5
v -13.6019 		-74.7846 		5
v -17.748 		-77.7761 		5
v -13.5967 		-74.7704 		5
v -13.5913 		-74.7545 		5
v -17.7792 		-77.7911 		5
v -21.5266 		-84.3281 		0
v -17.8097 		-77.8102 		5
v -17.8392 		-77.8332 		5
v -12.9674 		-55.9102 		5
v -12.9602 		-55.928 		5
v -13.0649 		-74.7209 		5
v -13.0686 		-74.5811 		5
v -13.0725 		-74.4518 		5
v -13.0766 		-74.3335 		5
v -13.0808 		-74.2266 		5
v -13.0853 		-74.1317 		5
v -13.0899 		-74.0494 		5
v -13.0947 		-73.9802 		5
v -13.0996 		-73.9245 		5
v -13.1046 		-73.8829 		5
v -13.0389 		-55.4053 		5
v -13.0375 		-55.4447 		5
v -13.5857 		-74.7368 		5
v -13.0356 		-55.4836 		5
v -13.5801 		-74.7176 		5
v -13.0333 		-55.5218 		5
v -13.5744 		-74.6968 		5
v -13.5686 		-74.6746 		5
v -13.0305 		-55.5593 		5
v -13.5629 		-74.6511 		5
v -13.0273 		-55.5958 		5
v -13.5571 		-74.6261 		5
v -21.5524 		-44.1796 		0
v -13.0236 		-55.6314 		5
v -13.5516 		-74.6 		5
v -21.5494 		-44.2025 		0
v -13.546 		-74.5727 		5
v -13.0195 		-55.6659 		5
v -13.5405 		-74.5443 		5
v -21.546 		-44.2256 		0
v -21.5299 		-84.3685 		0
v -13.0151 		-55.6992 		5
v -21.5309 		-84.4095 		0
v -13.0102 		-55.7314 		5
v -21.542 		-44.2488 		0
v -13.5351 		-74.515 		5
v -13.005 		-55.7619 		5
v -21.5375 		-44.272 		0
v -13.5301 		-74.4847 		5
v -12.9994 		-55.791 		5
v -13.5251 		-74.4535 		5
v -21.5324 		-44.2951 		0
v -13.5205 		-74.4215 		5
v -12.9936 		-55.8185 		5
v -21.527 		-44.3181 		0
v -13.5161 		-74.3889 		5
v -21.9348 		-84.4321 		0
v -21.9392 		-84.3469 		0
v -21.9433 		-84.2557 		0
v -21.9469 		-84.1588 		0
v -21.5212 		-44.3409 		0
v -21.9501 		-84.0559 		0
v -13.512 		-74.3556 		5
v -21.953 		-83.9474 		0
v -21.9554 		-83.8329 		0
v -21.9573 		-83.7128 		0
v -21.9588 		-83.5867 		0
v -13.5083 		-74.3217 		5
v -21.515 		-44.3635 		0
v -13.505 		-74.2873 		5
v -13.371 		-81.8809 		0
v -13.4191 		-82.0113 		0
v -13.4716 		-82.1379 		0
v -13.5285 		-82.2623 		0
v -13.5901 		-82.3859 		0
v -13.6565 		-82.5099 		0
v -13.7278 		-82.6361 		0
v -13.7786 		-82.716 		0
v -13.8337 		-82.7943 		0
v -13.8931 		-82.871 		0
v -21.5553 		-44.1531 		0
v -13.9562 		-82.9456 		0
v -14.023 		-83.018 		0
v -14.0927 		-83.0881 		0
v -21.5586 		-44.1276 		0
v -13.4042 		-73.8787 		5
v -13.4185 		-73.9079 		5
v -13.432 		-73.9402 		5
v -13.4447 		-73.9757 		5
v -13.4565 		-74.0142 		5
v -13.4675 		-74.0559 		5
v -13.4775 		-74.1007 		5
v -13.4867 		-74.1484 		5
v -13.4949 		-74.199 		5
v -13.1621 		-80.9393 		0
v -13.5021 		-74.2526 		5
v -13.1883 		-81.1224 		0
v -13.2176 		-81.293 		0
v -13.2504 		-81.4529 		0
v -13.2867 		-81.6031 		0
v -13.3269 		-81.7453 		0
v -21.5625 		-44.103 		0
v -21.5667 		-44.0795 		0
v -13.0869 		-80.0542 		0
v -13.1017 		-80.3012 		0
v -13.1099 		-73.856 		5
v -13.119 		-80.5301 		0
v -13.1152 		-73.8442 		5
v -13.1391 		-80.7423 		0
v -13.1379 		-73.8219 		5
v -13.1601 		-73.8031 		5
v -13.182 		-73.7881 		5
v -13.2035 		-73.7767 		5
v -13.2246 		-73.7688 		5
v -21.5714 		-44.0568 		0
v -13.2451 		-73.7645 		5
v -14.1211 		-80.5843 		0
v -14.0972 		-80.5336 		0
v -21.5766 		-44.0351 		0
v -14.0751 		-80.4839 		0
v -13.2652 		-73.7636 		5
v -13.2848 		-73.7662 		5
v -13.3037 		-73.7722 		5
v -13.3221 		-73.7817 		5
v -14.0548 		-80.4347 		0
v -13.3399 		-73.7944 		5
v -13.357 		-73.8107 		5
v -13.3735 		-73.83 		5
v -13.3893 		-73.8528 		5
v -21.5822 		-44.0145 		0
v -13.0937 		-72.6404 		5
v -13.6848 		-72.6727 		5
v -21.5882 		-43.9948 		0
v -21.5948 		-43.9763 		0
v -14.133 		-72.6783 		5
v -14.0941 		-72.6794 		5
v -14.0543 		-72.6804 		5
v -21.6016 		-43.9588 		0
v -14.014 		-72.6811 		5
v -13.9732 		-72.6813 		5
v -13.932 		-72.6813 		5
v -13.8907 		-72.6808 		5
v -13.8492 		-72.68 		5
v -13.8077 		-72.6788 		5
v -13.7664 		-72.6772 		5
v -13.7253 		-72.6751 		5
v -21.609 		-43.9423 		0
v -14.1375 		-71.999 		5
v -14.1089 		-71.9712 		5
v -21.8412 		-43.9381 		0
v -14.0828 		-71.9439 		5
v -14.0588 		-71.9162 		5
v -21.851 		-43.9742 		0
v -14.0368 		-71.8873 		5
v -14.0362 		-80.3854 		0
v -14.0168 		-71.8567 		5
v -21.86 		-44.0169 		0
v -14.0192 		-80.3352 		0
v -13.9987 		-71.8235 		5
v -14.0037 		-80.2836 		0
v -21.8683 		-44.067 		0
v -13.9898 		-80.2297 		0
v -13.9822 		-71.7869 		5
v -21.8759 		-44.1246 		0
v -13.9673 		-71.7465 		5
v -13.9772 		-80.1732 		0
v -21.8829 		-44.1903 		0
v -13.9538 		-71.7013 		5
v -13.9659 		-80.1131 		0
v -21.8894 		-44.2645 		0
v -13.9558 		-80.049 		0
v -21.8953 		-44.3477 		0
v -13.9417 		-71.6506 		5
v -13.9306 		-71.5939 		5
v -21.9008 		-44.4402 		0
v -13.9207 		-71.5301 		5
v -13.9468 		-79.98 		0
v -13.9389 		-79.9057 		0
v -21.9059 		-44.5426 		0
v -13.932 		-79.8252 		0
v -13.926 		-79.738 		0
v -21.9106 		-44.6553 		0
v -13.9209 		-79.6434 		0
v -21.9152 		-44.7788 		0
v -13.9164 		-79.5407 		0
v -13.9127 		-79.4293 		0
v -13.9096 		-79.3086 		0
v -13.9069 		-79.1778 		0
v -21.6169 		-43.927 		5
v -13.0562 		-79.1898 		0
v -13.0643 		-79.4998 		0
v -21.6252 		-43.9128 		5
v -13.0744 		-79.7876 		0
v -13.9046 		-79.0363 		0
v -13.9028 		-78.8834 		0
v -21.6339 		-43.8997 		5
v -13.9012 		-78.7187 		0
v -13.8998 		-78.5411 		0
v -13.9118 		-71.4589 		5
v -21.6431 		-43.8877 		5
v -13.9037 		-71.3792 		5
v -21.6527 		-43.877 		5
v -13.0452 		-78.4962 		0
v -13.0498 		-78.8556 		0
v -13.8962 		-71.2906 		5
v -21.6628 		-43.8674 		5
v -13.0402 		-77.0233 		0
v -13.0399 		-77.2513 		0
v -13.0405 		-77.6955 		0
v -13.0422 		-78.11 		0
v -13.8998 		-76.9074 		0
v -21.6733 		-43.8592 		5
v -13.8893 		-71.1921 		5
v -13.0414 		-76.5786 		0
v -13.0406 		-76.7988 		0
v -13.8828 		-71.0831 		5
v -21.6843 		-43.8521 		5
v -21.6957 		-43.8462 		5
v -13.8767 		-70.963 		5
v -13.0477 		-75.7498 		0
v -13.0456 		-75.9481 		0
v -13.0439 		-76.1527 		0
v -13.0425 		-76.363 		0
v -13.8707 		-70.8308 		5
v -21.7076 		-43.8415 		5
v -13.8648 		-70.686 		5
v -21.7199 		-43.8383 		5
v -13.8587 		-70.5278 		5
v -13.0614 		-74.8706 		0
v -13.0582 		-75.0297 		0
v -13.0552 		-75.1978 		0
v -13.0524 		-75.3741 		0
v -13.0499 		-75.5583 		0
v -13.8526 		-70.3555 		5
v -21.7327 		-43.8363 		5
v -13.982 		-74.8575 		0
v -13.846 		-70.1684 		5
v -13.7952 		-74.8469 		0
v -21.7459 		-43.8356 		5
v -13.6725 		-74.8352 		0
v -13.6203 		-74.8223 		0
v -21.7627 		-43.8372 		5
v -14.7252 		-83.537 		5
v -14.6422 		-83.4937 		5
v -14.5594 		-83.4462 		5
v -13.6161 		-74.8158 		0
v -14.4776 		-83.3949 		5
v -14.397 		-83.3401 		5
v -14.3179 		-83.2816 		5
v -14.2405 		-83.2201 		5
v -14.1654 		-83.1555 		5
v -21.7784 		-43.8425 		5
v -13.6116 		-74.8073 		0
v -13.6069 		-74.7969 		0
v -21.7929 		-43.8517 		5
v -21.8065 		-43.8655 		5
v -15.0163 		-81.4851 		5
v -13.6019 		-74.7846 		0
v -21.819 		-43.8841 		5
v -13.5967 		-74.7704 		0
v -14.9511 		-81.4642 		5
v -13.5913 		-74.7545 		0
v -21.8305 		-43.9082 		5
v -14.8884 		-81.4401 		5
v -14.8281 		-81.4127 		5
v -14.7701 		-81.3819 		5
v -14.714 		-81.3477 		5
v -14.6598 		-81.31 		5
v -13.1046 		-73.8829 		0
v -13.0996 		-73.9245 		0
v -13.0947 		-73.9802 		0
v -13.0899 		-74.0494 		0
v -13.0853 		-74.1317 		0
v -13.0808 		-74.2266 		0
v -13.0766 		-74.3335 		0
v -13.0725 		-74.4518 		0
v -14.6074 		-81.2686 		5
v -13.0686 		-74.5811 		0
v -13.0649 		-74.7209 		0
v -14.5566 		-81.2236 		5
v -13.5857 		-74.7368 		0
v -13.5801 		-74.7176 		0
v -13.5744 		-74.6968 		0
v -13.5686 		-74.6746 		0
v -13.5629 		-74.6511 		0
v -14.5073 		-81.1748 		5
v -13.5571 		-74.6261 		0
v -13.5516 		-74.6 		0
v -13.546 		-74.5727 		0
v -13.5405 		-74.5443 		0
v -13.5351 		-74.515 		0
v -13.5301 		-74.4847 		0
v -13.5251 		-74.4535 		0
v -13.5205 		-74.4215 		0
v -13.5161 		-74.3889 		0
v -14.4592 		-81.122 		5
v -13.512 		-74.3556 		0
v -14.4124 		-81.0654 		5
v -13.5083 		-74.3217 		0
v -14.3665 		-81.0047 		5
v -14.3214 		-80.9398 		5
v -13.505 		-74.2873 		0
v -14.2772 		-80.8706 		5
v -14.2334 		-80.7972 		5
v -14.1901 		-80.7193 		5
v -13.5021 		-74.2526 		0
v -13.4949 		-74.199 		0
v -13.4867 		-74.1484 		0
v -13.4775 		-74.1007 		0
v -14.147 		-80.637 		5
v -13.4675 		-74.0559 		0
v -13.4565 		-74.0142 		0
v -13.4447 		-73.9757 		0
v -13.432 		-73.9402 		0
v -13.4185 		-73.9079 		0
v -13.4042 		-73.8787 		0
v -13.2451 		-73.7645 		0
v -13.2246 		-73.7688 		0
v -13.2035 		-73.7767 		0
v -13.182 		-73.7881 		0
v -13.1601 		-73.8031 		0
v -13.1379 		-73.8219 		0
v -13.1152 		-73.8442 		0
v -13.1099 		-73.856 		0
v -13.3893 		-73.8528 		0
v -13.3735 		-73.83 		0
v -13.357 		-73.8107 		0
v -13.3399 		-73.7944 		0
v -13.3221 		-73.7817 		0
v -13.3037 		-73.7722 		0
v -13.2848 		-73.7662 		0
v -13.2652 		-73.7636 		0
v -13.0937 		-72.6404 		0
v -13.6848 		-72.6727 		0
v -13.7253 		-72.6751 		0
v -13.7664 		-72.6772 		0
v -13.8077 		-72.6788 		0
v -13.8492 		-72.68 		0
v -13.8907 		-72.6808 		0
v -13.932 		-72.6813 		0
v -13.9732 		-72.6813 		0
v -14.014 		-72.6811 		0
v -14.0543 		-72.6804 		0
v -14.0941 		-72.6794 		0
v -14.133 		-72.6783 		0
v -15.8816 		-81.5449 		5
v -14.1375 		-71.999 		0
v -14.1089 		-71.9712 		0
v -14.0828 		-71.9439 		0
v -14.0588 		-71.9162 		0
v -14.0368 		-71.8873 		0
v -14.0168 		-71.8567 		0
v -13.9987 		-71.8235 		0
v -15.8355 		-81.5482 		5
v -13.9822 		-71.7869 		0
v -15.7864 		-81.5504 		5
v -15.7342 		-81.5516 		5
v -15.6783 		-81.552 		5
v -15.6187 		-81.5516 		5
v -15.4681 		-81.5493 		5
v -15.555 		-81.5506 		5
v -15.3848 		-81.5455 		5
v -13.0399 		-55.3253 		0
v -13.0402 		-55.2853 		0
v -13.0396 		-55.3655 		0
v -13.0408 		-55.2462 		0
v -13.0419 		-55.2078 		0
v -13.9673 		-71.7465 		0
v -13.9538 		-71.7013 		0
v -13.9417 		-71.6506 		0
v -13.0434 		-55.1703 		0
v -13.9306 		-71.5939 		0
v -13.9207 		-71.5301 		0
v -13.9118 		-71.4589 		0
v -13.9037 		-71.3792 		0
v -13.8962 		-71.2906 		0
v -13.8893 		-71.1921 		0
v -13.8828 		-71.0831 		0
v -13.8767 		-70.963 		0
v -13.8707 		-70.8308 		0
v -13.0452 		-55.1339 		0
v -13.8648 		-70.686 		0
v -13.8587 		-70.5278 		0
v -13.0475 		-55.0986 		0
v -13.8526 		-70.3555 		0
v -13.0502 		-55.0644 		0
v -13.846 		-70.1684 		0
v -13.0531 		-55.0316 		0
v -13.0564 		-55 		0
v -13.06 		-54.9699 		0
v -14.1654 		-83.1555 		0
v -14.2405 		-83.2201 		0
v -14.3179 		-83.2816 		0
v -14.397 		-83.3401 		0
v -14.4776 		-83.3949 		0
v -14.5594 		-83.4462 		0
v -14.6422 		-83.4937 		0
v -14.7252 		-83.537 		0
v -15.0163 		-81.4851 		0
v -14.9511 		-81.4642 		0
v -15.3049 		-81.5391 		5
v -14.8884 		-81.4401 		0
v -14.8281 		-81.4127 		0
v -14.7701 		-81.3819 		0
v -14.714 		-81.3477 		0
v -14.6598 		-81.31 		0
v -14.6074 		-81.2686 		0
v -14.5566 		-81.2236 		0
v -17.8673 		-77.8601 		0
v -14.5073 		-81.1748 		0
v -17.894 		-77.8909 		0
v -14.4592 		-81.122 		0
v -17.9188 		-77.9254 		0
v -14.4124 		-81.0654 		0
v -17.9416 		-77.9636 		0
v -14.3665 		-81.0047 		0
v -14.3214 		-80.9398 		0
v -15.2282 		-81.5299 		5
v -15.1547 		-81.5179 		5
v -14.2772 		-80.8706 		0
v -15.0841 		-81.5031 		5
v -14.2334 		-80.7972 		0
v -14.1901 		-80.7193 		0
v -14.147 		-80.637 		0
v -15.8816 		-81.5449 		0
v -15.8355 		-81.5482 		0
v -16.753 		-83.1634 		5
v -15.7864 		-81.5504 		0
v -16.6966 		-83.2097 		5
v -16.6383 		-83.2542 		5
v -16.578 		-83.2968 		5
v -16.5155 		-83.3375 		5
v -16.4511 		-83.3764 		5
v -16.3845 		-83.4134 		5
v -16.316 		-83.4486 		5
v -16.2452 		-83.482 		5
v -16.1724 		-83.5135 		5
v -16.0974 		-83.5431 		5
v -15.7342 		-81.5516 		0
v -17.1348 		-82.72 		5
v -17.092 		-82.7866 		5
v -17.0494 		-82.8461 		5
v -17.0048 		-82.9037 		5
v -16.9584 		-82.9594 		5
v -16.91 		-83.0133 		5
v -16.8596 		-83.0652 		5
v -16.8074 		-83.1153 		5
v -17.962 		-78.0055 		0
v -18.0621 		-78.2581 		0
v -17.9799 		-78.0512 		0
v -15.6783 		-81.552 		0
v -18.0492 		-78.2341 		0
v -18.0373 		-78.2105 		0
v -15.6187 		-81.5516 		0
v -18.0264 		-78.1872 		0
v -15.555 		-81.5506 		0
v -15.4681 		-81.5493 		0
v -15.3848 		-81.5455 		0
v -18.0167 		-78.1645 		0
v -15.3049 		-81.5391 		0
v -18.0081 		-78.1424 		0
v -15.2282 		-81.5299 		0
v -15.1547 		-81.5179 		0
v -15.0841 		-81.5031 		0
v -17.9948 		-78.1004 		0
v -18.0008 		-78.1211 		0
v -17.6844 		-77.7578 		0
v -16.0974 		-83.5431 		0
v -16.1724 		-83.5135 		0
v -16.2452 		-83.482 		0
v -16.316 		-83.4486 		0
v -16.3845 		-83.4134 		0
v -16.4511 		-83.3764 		0
v -17.7163 		-77.7649 		0
v -16.5155 		-83.3375 		0
v -16.578 		-83.2968 		0
v -16.6383 		-83.2542 		0
v -16.6966 		-83.2097 		0
v -16.753 		-83.1634 		0
v -17.748 		-77.7761 		0
v -17.6188 		-81.8284 		5
v -17.5901 		-81.8914 		5
v -17.5595 		-81.9563 		5
v -17.527 		-82.0229 		5
v -17.493 		-82.091 		5
v -17.4574 		-82.1601 		5
v -17.4204 		-82.2301 		5
v -17.3822 		-82.3007 		5
v -17.3428 		-82.3714 		5
v -17.3026 		-82.4422 		5
v -17.2616 		-82.5128 		5
v -17.2198 		-82.5828 		5
v -17.1775 		-82.6519 		5
v -16.3429 		-81.3577 		5
v -16.3092 		-81.3843 		5
v -16.2762 		-81.4085 		5
v -16.2436 		-81.4303 		5
v -16.2113 		-81.45 		5
v -16.1789 		-81.4676 		5
v -16.146 		-81.4832 		5
v -16.1125 		-81.4968 		5
v -16.0781 		-81.5088 		5
v -16.0424 		-81.5189 		5
v -16.0052 		-81.5276 		5
v -17.7792 		-77.7911 		0
v -17.8097 		-77.8102 		0
v -16.8074 		-83.1153 		0
v -16.8596 		-83.0652 		0
v -16.91 		-83.0133 		0
v -16.9584 		-82.9594 		0
v -17.0048 		-82.9037 		0
v -17.8392 		-77.8332 		0
v -17.0494 		-82.8461 		0
v -17.092 		-82.7866 		0
v -17.1348 		-82.72 		0
v -21.6169 		-43.927 		0
v -21.6252 		-43.9128 		0
v -15.9662 		-81.5347 		5
v -15.9252 		-81.5404 		5
v -17.1775 		-82.6519 		0
v -17.2198 		-82.5828 		0
v -17.2616 		-82.5128 		0
v -17.3026 		-82.4422 		0
v -17.3428 		-82.3714 		0
v -17.3822 		-82.3007 		0
v -17.4204 		-82.2301 		0
v -17.4574 		-82.1601 		0
v -17.493 		-82.091 		0
v -17.527 		-82.0229 		0
v -17.5595 		-81.9563 		0
v -17.5901 		-81.8914 		0
v -17.6188 		-81.8284 		0
v -16.3429 		-81.3577 		0
v -16.7777 		-80.9276 		5
v -16.3092 		-81.3843 		0
v -16.7512 		-80.9578 		5
v -16.2762 		-81.4085 		0
v -16.7243 		-80.9879 		5
v -16.2436 		-81.4303 		0
v -16.6972 		-81.0177 		5
v -16.2113 		-81.45 		0
v -16.6698 		-81.0471 		5
v -16.1789 		-81.4676 		0
v -16.6423 		-81.0761 		5
v -16.146 		-81.4832 		0
v -16.6147 		-81.1045 		5
v -16.1125 		-81.4968 		0
v -16.5873 		-81.1323 		5
v -16.0781 		-81.5088 		0
v -16.56 		-81.1591 		5
v -16.0424 		-81.5189 		0
v -16.5331 		-81.1851 		5
v -16.0052 		-81.5276 		0
v -16.4913 		-81.2253 		5
v -15.9662 		-81.5347 		0
v -16.4516 		-81.2625 		5
v -15.9252 		-81.5404 		0
v -16.4139 		-81.2969 		5
v -16.3778 		-81.3286 		5
v -16.7777 		-80.9276 		0
v -16.7512 		-80.9578 		0
v -17.6455 		-81.7677 		5
v -16.7243 		-80.9879 		0
v -16.6972 		-81.0177 		0
v -17.0068 		-80.916 		5
v -17.0029 		-80.641 		5
v -16.985 		-80.6668 		5
v -16.9658 		-80.6934 		5
v -16.9455 		-80.7209 		5
v -16.9241 		-80.7492 		5
v -13.0639 		-54.9412 		0
v -16.9016 		-80.7781 		5
v -13.0681 		-54.9142 		0
v -16.8783 		-80.8074 		5
v -16.8541 		-80.8372 		5
v -13.0726 		-54.8888 		0
v -16.8293 		-80.8672 		5
v -16.8038 		-80.8974 		5
v -13.0775 		-54.8653 		0
v -13.0824 		-54.8436 		0
v -17.0923 		-80.4824 		5
v -17.0705 		-80.5295 		5
v -16.6698 		-81.0471 		0
v -13.0877 		-54.8237 		0
v -17.0601 		-80.5491 		5
v -16.6423 		-81.0761 		0
v -13.0931 		-54.806 		0
v -17.0482 		-80.5701 		5
v -16.6147 		-81.1045 		0
v -17.0346 		-80.5925 		5
v -13.0988 		-54.7903 		0
v -16.5873 		-81.1323 		0
v -17.0194 		-80.6161 		5
v -16.56 		-81.1591 		0
v -13.1048 		-54.7767 		0
v -16.5331 		-81.1851 		0
v -13.1109 		-54.7655 		0
v -16.4913 		-81.2253 		0
v -17.207 		-80.0802 		5
v -13.1171 		-54.7566 		0
v -16.4516 		-81.2625 		0
v -17.184 		-80.1788 		5
v -16.4139 		-81.2969 		0
v -13.1235 		-54.7502 		0
v -16.3778 		-81.3286 		0
v -17.1607 		-80.2695 		5
v -13.13 		-54.7462 		0
v -17.1376 		-80.3512 		5
v -17.1147 		-80.4226 		5
v -13.1367 		-54.7449 		0
v -13.1888 		-54.7257 		0
v -13.1553 		-54.74 		0
v -17.365 		-79.1591 		5
v -17.6455 		-81.7677 		0
v -13.2364 		-54.7024 		0
v -17.3495 		-79.2756 		5
v -17.0029 		-80.641 		0
v -17.3324 		-79.3943 		5
v -13.5497 		-54.5314 		0
v -17.314 		-79.5137 		5
v -13.5497 		-54.5314 		5
v -16.985 		-80.6668 		0
v -16.9658 		-80.6934 		0
v -17.8613 		-76.9532 		5
v -17.8613 		-76.9532 		0
v -16.9455 		-80.7209 		0
v -18.1109 		-76.9562 		5
v -18.1109 		-76.9562 		0
v -16.9241 		-80.7492 		0
v -18.3559 		-76.9594 		5
v -18.3559 		-76.9594 		0
v -16.9016 		-80.7781 		0
v -18.5958 		-76.9628 		5
v -18.5958 		-76.9628 		0
v -16.8783 		-80.8074 		0
v -18.83 		-76.9663 		5
v -18.83 		-76.9663 		0
v -16.8541 		-80.8372 		0
v -19.058 		-76.9701 		5
v -19.058 		-76.9701 		0
v -16.8293 		-80.8672 		0
v -19.2791 		-76.9739 		5
v -19.2791 		-76.9739 		0
v -16.8038 		-80.8974 		0
v -19.4881 		-79.6518 		0
v -19.4881 		-79.6518 		5
v -17.0923 		-80.4824 		0
v -19.5775 		-79.7378 		0
v -19.5775 		-79.7378 		5
v -17.0705 		-80.5295 		0
v -19.6681 		-79.8253 		0
v -19.6681 		-79.8253 		5
v -19.7595 		-79.9141 		0
v -17.0601 		-80.5491 		0
v -19.7595 		-79.9141 		5
v -19.8516 		-80.0038 		0
v -19.8516 		-80.0038 		5
v -17.0482 		-80.5701 		0
v -17.0346 		-80.5925 		0
v -17.0194 		-80.6161 		0
v -19.4928 		-76.9779 		5
v -19.4928 		-76.9779 		0
v -19.6984 		-76.982 		5
v -19.6984 		-76.982 		0
v -19.8954 		-76.9861 		5
v -19.8954 		-76.9861 		0
v -20.0833 		-76.9904 		5
v -20.0833 		-76.9904 		0
v -17.207 		-80.0802 		0
v -20.2612 		-76.9948 		5
v -17.184 		-80.1788 		0
v -20.2612 		-76.9948 		0
v -17.1607 		-80.2695 		0
v -20.429 		-76.9991 		5
v -20.429 		-76.9991 		0
v -17.1376 		-80.3512 		0
v -17.2942 		-79.6328 		5
v -20.5857 		-77.0036 		5
v -20.5857 		-77.0036 		0
v -17.2736 		-79.7502 		5
v -17.1147 		-80.4226 		0
v -20.731 		-77.008 		5
v -20.731 		-77.008 		0
v -17.252 		-79.8647 		5
v -20.8641 		-77.0125 		5
v -20.8641 		-77.0125 		0
v -20.9846 		-77.0169 		5
v -20.9846 		-77.0169 		0
v -21.0917 		-77.0214 		5
v -21.0917 		-77.0214 		0
v -21.185 		-77.0258 		5
v -21.185 		-77.0258 		0
v -17.365 		-79.1591 		0
v -17.3495 		-79.2756 		0
v -17.3324 		-79.3943 		0
v -17.495 		-74.9015 		0
v -17.495 		-74.9015 		5
v -17.314 		-79.5137 		0
v -17.0186 		-74.9013 		0
v -17.2942 		-79.6328 		0
v -17.2736 		-79.7502 		0
v -17.252 		-79.8647 		0
v -21.6339 		-43.8997 		0
v -21.6431 		-43.8877 		0
v -21.6527 		-43.877 		0
v -21.6628 		-43.8674 		0
v -13.4547 		-54.5849 		0
v -13.4547 		-54.5849 		5
v -21.6733 		-43.8592 		0
v -13.3703 		-54.6315 		0
v -13.3703 		-54.6315 		5
v -13.2973 		-54.671 		0
v -13.2973 		-54.671 		5
v -21.6843 		-43.8521 		0
v -14.016 		-54.261 		0
v -21.6957 		-43.8462 		0
v -14.016 		-54.261 		5
v -13.8882 		-54.336 		0
v -21.7076 		-43.8415 		0
v -13.8882 		-54.336 		5
v -13.7674 		-54.4066 		0
v -13.7674 		-54.4066 		5
v -13.6542 		-54.4718 		0
v -21.7199 		-43.8383 		0
v -13.6542 		-54.4718 		5
v -21.7327 		-43.8363 		0
v -13.2561 		-47.9443 		5
v -13.2398 		-47.9488 		5
v -21.7459 		-43.8356 		0
v -13.2227 		-47.9521 		5
v -17.0186 		-74.9013 		5
v -21.7627 		-43.8372 		0
v -16.5488 		-74.8999 		0
v -16.5488 		-74.8999 		5
v -13.202 		-47.9554 		5
v -16.092 		-74.8973 		0
v -21.7784 		-43.8425 		0
v -16.092 		-74.8973 		5
v -13.183 		-47.9565 		5
v -15.6545 		-74.8935 		0
v -15.6545 		-74.8935 		5
v -21.7929 		-43.8517 		0
v -15.2429 		-74.8886 		0
v -13.1655 		-47.9551 		5
v -15.2429 		-74.8886 		5
v -14.8635 		-74.8826 		0
v -14.8635 		-74.8826 		5
v -21.8065 		-43.8655 		0
v -13.1495 		-47.9507 		5
v -21.819 		-43.8841 		0
v -13.135 		-47.9426 		5
v -21.8305 		-43.9082 		0
v -13.1218 		-47.9301 		5
v -13.1101 		-47.9129 		5
v -13.4921 		-36.249 		0
v -13.4591 		-36.226 		0
v -13.4591 		-36.226 		5
v -13.4921 		-36.249 		5
v -13.0399 		-35.925 		0
v -13.0399 		-35.925 		5
v -13.0997 		-47.8904 		5
v -13.5317 		-36.2776 		0
v -13.5317 		-36.2776 		5
v -13.0905 		-47.8621 		5
v -13.0823 		-47.8271 		5
v -13.5777 		-36.3115 		0
v -13.5777 		-36.3115 		5
v -13.0754 		-47.7852 		5
v -13.6297 		-36.3505 		0
v -13.0695 		-47.7358 		5
v -13.6297 		-36.3505 		5
v -13.0647 		-47.6783 		5
v -13.6874 		-36.3943 		0
v -13.6874 		-36.3943 		5
v -13.0607 		-47.6121 		5
v -13.7506 		-36.4427 		0
v -13.7506 		-36.4427 		5
v -13.0577 		-47.5366 		5
v -13.819 		-36.4953 		0
v -13.819 		-36.4953 		5
v -13.8923 		-36.552 		0
v -13.8923 		-36.552 		5
v -14.5225 		-74.8754 		0
v -14.5225 		-74.8754 		5
v -13.97 		-36.6125 		0
v -13.97 		-36.6125 		5
v -14.2266 		-74.867 		0
v -14.2266 		-74.867 		5
v -14.052 		-36.6767 		0
v -14.3439 		-72.6651 		5
v -14.3122 		-72.6679 		5
v -14.2789 		-72.6704 		5
v -14.2443 		-72.6728 		5
v -14.2083 		-72.6749 		5
v -14.1712 		-72.6768 		5
v -14.052 		-36.6767 		5
v -14.138 		-36.7441 		0
v -14.138 		-36.7441 		5
v -13.0399 		-34.3773 		0
v -13.0399 		-34.3773 		5
v -13.0402 		-34.2521 		0
v -13.0402 		-34.2521 		5
v -13.0408 		-34.132 		0
v -13.0408 		-34.132 		5
v -13.042 		-34.0166 		0
v -13.042 		-34.0166 		5
v -13.0435 		-33.9063 		0
v -13.0435 		-33.9063 		5
v -13.0454 		-33.8009 		0
v -13.0454 		-33.8009 		5
v -14.5755 		-72.6195 		5
v -13.0478 		-33.7005 		0
v -13.0478 		-33.7005 		5
v -13.0507 		-33.6051 		0
v -13.0507 		-33.6051 		5
v -14.545 		-72.6311 		5
v -13.0539 		-33.5147 		0
v -13.0539 		-33.5147 		5
v -14.5124 		-72.6404 		5
v -13.0575 		-33.4292 		0
v -13.0575 		-33.4292 		5
v -14.495 		-72.6444 		5
v -14.4752 		-72.6483 		5
v -14.4531 		-72.6519 		5
v -13.6819 		-33.7881 		5
v -14.4287 		-72.6555 		5
v -13.6512 		-33.7718 		5
v -14.4024 		-72.6589 		5
v -13.6268 		-33.7537 		5
v -14.374 		-72.6621 		5
v -13.6073 		-33.7341 		5
v -14.356 		-72.1592 		5
v -13.5913 		-33.7127 		5
v -14.3353 		-72.1464 		5
v -13.5773 		-33.6895 		5
v -14.3143 		-72.133 		5
v -13.5707 		-33.6742 		5
v -14.2933 		-72.1191 		5
v -13.2561 		-47.9443 		0
v -13.5639 		-33.6582 		5
v -13.2398 		-47.9488 		0
v -13.5572 		-33.6414 		5
v -13.2227 		-47.9521 		0
v -14.5855 		-72.2621 		5
v -14.5722 		-72.2594 		5
v -13.5507 		-33.6239 		5
v -13.202 		-47.9554 		0
v -13.5442 		-33.6057 		5
v -14.5579 		-72.2556 		5
v -13.183 		-47.9565 		0
v -14.5427 		-72.251 		5
v -13.5379 		-33.587 		5
v -14.5267 		-72.2454 		5
v -13.5317 		-33.5678 		5
v -14.51 		-72.239 		5
v -13.5256 		-33.5481 		5
v -14.4925 		-72.2316 		5
v -13.5197 		-33.5281 		5
v -14.4745 		-72.2234 		5
v -13.1655 		-47.9551 		0
v -13.514 		-33.5078 		5
v -13.1495 		-47.9507 		0
v -14.4558 		-72.2145 		5
v -13.5087 		-33.4872 		5
v -13.135 		-47.9426 		0
v -14.4367 		-72.2048 		5
v -13.5034 		-33.4664 		5
v -13.1218 		-47.9301 		0
v -14.417 		-72.1944 		5
v -13.4986 		-33.4456 		5
v -13.1101 		-47.9129 		0
v -14.397 		-72.1833 		5
v -13.4939 		-33.4246 		5
v -13.4897 		-33.4038 		5
v -14.3767 		-72.1716 		5
v -13.0997 		-47.8904 		0
v -13.4858 		-33.3829 		5
v -13.0905 		-47.8621 		0
v -13.0823 		-47.8271 		0
v -14.6757 		-72.5544 		5
v -13.0754 		-47.7852 		0
v -14.0829 		-33.8569 		5
v -14.654 		-72.573 		5
v -13.0695 		-47.7358 		0
v -13.9831 		-33.8485 		5
v -14.63 		-72.5901 		5
v -13.0647 		-47.6783 		0
v -13.8983 		-33.8391 		5
v -14.6039 		-72.6057 		5
v -13.8273 		-33.8284 		5
v -13.7686 		-33.8164 		5
v -14.7536 		-72.3474 		5
v -13.7206 		-33.803 		5
v -14.758 		-72.3662 		5
v -14.7595 		-72.3861 		5
v -14.7582 		-72.4069 		5
v -14.7543 		-72.4281 		5
v -13.0607 		-47.6121 		0
v -14.7476 		-72.4498 		5
v -13.0577 		-47.5366 		0
v -14.7382 		-72.4715 		5
v -14.7263 		-72.4931 		5
v -13.3265 		-47.9008 		5
v -13.3138 		-47.9124 		5
v -14.7119 		-72.5142 		5
v -13.3005 		-47.9225 		5
v -14.6949 		-72.5348 		5
v -13.2864 		-47.9311 		5
v -13.2716 		-47.9384 		5
v -14.6092 		-72.2642 		5
v -14.5979 		-72.2637 		5
v -14.6384 		-72.2659 		5
v -13.4177 		-47.6941 		5
v -14.6643 		-72.2704 		5
v -13.4114 		-47.7229 		5
v -13.4043 		-47.7496 		5
v -13.3968 		-47.7746 		5
v -14.687 		-72.2778 		5
v -13.3886 		-47.7978 		5
v -14.7065 		-72.2877 		5
v -13.3798 		-47.8191 		5
v -14.7229 		-72.2998 		5
v -13.3704 		-47.8387 		5
v -14.7361 		-72.314 		5
v -13.3604 		-47.8567 		5
v -14.7464 		-72.3299 		5
v -13.3498 		-47.8729 		5
v -13.3385 		-47.8876 		5
v -13.4455 		-47.4794 		5
v -13.442 		-47.5205 		5
v -13.4383 		-47.5593 		5
v -13.4339 		-47.596 		5
v -13.429 		-47.6308 		5
v -13.4236 		-47.6634 		5
v -13.0077 		-56.1959 		0
v -12.9921 		-56.1853 		0
v -12.9775 		-56.1746 		0
v -12.9638 		-56.1642 		0
v -13.3265 		-47.9008 		0
v -13.3138 		-47.9124 		0
v -13.3005 		-47.9225 		0
v -13.2864 		-47.9311 		0
v -13.2716 		-47.9384 		0
v -12.9513 		-56.1539 		0
v -12.9398 		-56.1437 		0
v -12.9292 		-56.1336 		0
v -12.9198 		-56.1237 		0
v -12.9114 		-56.1139 		0
v -12.904 		-56.1042 		0
v -12.8976 		-56.0948 		0
v -12.8924 		-56.0855 		0
v -12.8881 		-56.0764 		0
v -12.885 		-56.0673 		0
v -12.8829 		-56.0585 		0
v -12.8818 		-56.0499 		0
v -13.4177 		-47.6941 		0
v -13.4114 		-47.7229 		0
v -13.4043 		-47.7496 		0
v -13.0536 		-56.2264 		0
v -13.3968 		-47.7746 		0
v -13.3886 		-47.7978 		0
v -13.3798 		-47.8191 		0
v -13.3704 		-47.8387 		0
v -13.3604 		-47.8567 		0
v -13.3498 		-47.8729 		0
v -13.3385 		-47.8876 		0
v -13.4455 		-47.4794 		0
v -13.442 		-47.5205 		0
v -13.4383 		-47.5593 		0
v -13.4339 		-47.596 		0
v -13.429 		-47.6308 		0
v -13.4236 		-47.6634 		0
v -13.0554 		-47.4514 		0
v -13.0554 		-47.4514 		5
v -13.6819 		-33.7881 		0
v -13.054 		-47.3558 		0
v -13.054 		-47.3558 		5
v -13.0534 		-47.2493 		0
v -13.6512 		-33.7718 		0
v -13.0534 		-47.2493 		5
v -13.0534 		-47.1314 		0
v -13.0534 		-47.1314 		5
v -14.2722 		-72.1048 		5
v -13.054 		-47.0015 		0
v -13.054 		-47.0015 		5
v -13.6268 		-33.7537 		0
v -14.2511 		-72.0901 		5
v -13.0551 		-46.8589 		0
v -13.0551 		-46.8589 		5
v -13.6073 		-33.7341 		0
v -14.2302 		-72.075 		5
v -13.0568 		-46.7034 		0
v -13.0568 		-46.7034 		5
v -14.2093 		-72.0595 		5
v -13.5913 		-33.7127 		0
v -14.1888 		-72.0438 		5
v -13.4484 		-47.4362 		5
v -14.1685 		-72.0278 		5
v -13.5773 		-33.6895 		0
v -13.5707 		-33.6742 		0
v -13.5639 		-33.6582 		0
v -21.0262 		-74.8503 		5
v -13.5572 		-33.6414 		0
v -20.7778 		-74.8609 		5
v -13.5507 		-33.6239 		0
v -20.4785 		-74.8701 		5
v -13.4513 		-47.4039 		5
v -20.1346 		-74.8782 		5
v -13.5442 		-33.6057 		0
v -19.7528 		-74.885 		5
v -13.4546 		-47.3714 		5
v -12.8886 		-56.0173 		0
v -19.3391 		-74.8907 		5
v -13.4584 		-47.339 		5
v -13.5379 		-33.587 		0
v -12.893 		-56.0095 		0
v -13.4624 		-47.3065 		5
v -13.5317 		-33.5678 		0
v -12.8985 		-56.0021 		0
v -13.5256 		-33.5481 		0
v -12.9052 		-55.9948 		0
v -13.467 		-47.2742 		5
v -13.5197 		-33.5281 		0
v -12.9129 		-55.9878 		0
v -13.4719 		-47.2422 		5
v -13.514 		-33.5078 		0
v -12.9217 		-55.9809 		0
v -13.4771 		-47.2106 		5
v -13.5087 		-33.4872 		0
v -12.9297 		-55.9756 		0
v -13.4827 		-47.1794 		5
v -13.5034 		-33.4664 		0
v -13.4885 		-47.1488 		5
v -13.4986 		-33.4456 		0
v -12.9529 		-55.9435 		0
v -13.4945 		-47.1189 		5
v -13.4939 		-33.4246 		0
v -12.9454 		-55.9567 		0
v -13.5009 		-47.0897 		5
v -13.4897 		-33.4038 		0
v -13.5075 		-47.0614 		5
v -13.4858 		-33.3829 		0
v -12.9376 		-55.9674 		0
v -13.5143 		-47.034 		5
v -13.5213 		-47.0077 		5
v -14.0829 		-33.8569 		0
v -12.8819 		-56.0414 		0
v -13.9831 		-33.8485 		0
v -13.5285 		-46.9824 		5
v -12.883 		-56.0332 		0
v -13.8983 		-33.8391 		0
v -13.536 		-46.9586 		5
v -12.8853 		-56.0251 		0
v -13.8273 		-33.8284 		0
v -13.5435 		-46.9359 		5
v -13.7686 		-33.8164 		0
v -13.7206 		-33.803 		0
v -12.9875 		-55.8443 		0
v -13.5511 		-46.9147 		5
v -12.981 		-55.8683 		0
v -12.9744 		-55.8903 		0
v -13.559 		-46.8952 		5
v -18.9001 		-74.8953 		5
v -12.9674 		-55.9102 		0
v -13.0615 		-33.3488 		5
v -13.5668 		-46.8772 		5
v -12.9602 		-55.928 		0
v -13.066 		-33.2735 		5
v -13.5748 		-46.8609 		5
v -14.1712 		-72.6768 		0
v -14.2083 		-72.6749 		0
v -14.2443 		-72.6728 		0
v -14.2789 		-72.6704 		0
v -14.3122 		-72.6679 		0
v -14.3439 		-72.6651 		0
v -13.5827 		-46.8465 		5
v -13.0389 		-55.4053 		0
v -13.5908 		-46.834 		5
v -13.0375 		-55.4447 		0
v -13.5988 		-46.8236 		5
v -14.374 		-72.6621 		0
v -14.4024 		-72.6589 		0
v -14.4287 		-72.6555 		0
v -13.0708 		-33.2031 		5
v -14.4531 		-72.6519 		0
v -14.4752 		-72.6483 		0
v -14.495 		-72.6444 		0
v -14.5124 		-72.6404 		0
v -13.0356 		-55.4836 		0
v -14.545 		-72.6311 		0
v -14.5755 		-72.6195 		0
v -18.4421 		-74.8985 		5
v -13.0761 		-33.1378 		5
v -13.0333 		-55.5218 		0
v -13.6524 		-46.8015 		5
v -14.356 		-72.1592 		0
v -17.9717 		-74.9006 		5
v -13.0816 		-33.0775 		5
v -14.3353 		-72.1464 		0
v -13.0877 		-33.0223 		5
v -13.0305 		-55.5593 		0
v -13.7739 		-46.7812 		5
v -14.3143 		-72.133 		0
v -13.0941 		-32.9721 		5
v -13.0273 		-55.5958 		0
v -14.2933 		-72.1191 		0
v -13.9574 		-46.7626 		5
v -13.0236 		-55.6314 		0
v -13.177 		-32.7452 		5
v -13.1959 		-32.7394 		5
v -13.0195 		-55.6659 		0
v -13.2148 		-32.7367 		5
v -13.0151 		-55.6992 		0
v -14.5855 		-72.2621 		0
v -14.5722 		-72.2594 		0
v -13.2335 		-32.7372 		5
v -13.0102 		-55.7314 		0
v -14.5579 		-72.2556 		0
v -21.9269 		-81.8312 		5
v -21.9342 		-81.9375 		5
v -13.2521 		-32.7405 		5
v -21.9405 		-82.0542 		5
v -21.946 		-82.1815 		5
v -21.9506 		-82.3195 		5
v -13.005 		-55.7619 		0
v -21.9544 		-82.4682 		5
v -21.9572 		-82.6278 		5
v -21.9592 		-82.7985 		5
v -21.9604 		-82.9804 		5
v -21.9608 		-83.1735 		5
v -21.9606 		-83.317 		5
v -14.5427 		-72.251 		0
v -21.96 		-83.4548 		5
v -12.9994 		-55.791 		0
v -14.5267 		-72.2454 		0
v -12.9936 		-55.8185 		0
v -14.51 		-72.239 		0
v -14.4925 		-72.2316 		0
v -17.6079 		-66.471 		0
v -14.4745 		-72.2234 		0
v -17.6079 		-66.471 		5
v -14.4558 		-72.2145 		0
v -17.5434 		-68.5347 		5
v -17.5434 		-68.5347 		0
v -14.4367 		-72.2048 		0
v -21.3966 		-81.4347 		5
v -14.417 		-72.1944 		0
v -21.358 		-81.4037 		5
v -14.397 		-72.1833 		0
v -14.2197 		-62.8759 		5
v -21.3143 		-81.368 		5
v -14.3767 		-72.1716 		0
v -14.1724 		-62.891 		5
v -14.2433 		-62.4262 		5
v -21.5176 		-81.5073 		5
v -14.2911 		-62.4317 		5
v -14.6039 		-72.6057 		0
v -14.63 		-72.5901 		0
v -14.654 		-72.573 		0
v -14.6757 		-72.5544 		0
v -21.5094 		-81.5076 		5
v -14.337 		-62.4376 		5
v -21.4983 		-81.5046 		5
v -21.4813 		-81.4955 		5
v -14.3589 		-62.8259 		5
v -21.4585 		-81.4807 		5
v -14.6949 		-72.5348 		0
v -14.7119 		-72.5142 		0
v -21.4302 		-81.4604 		5
v -14.7263 		-72.4931 		0
v -14.7382 		-72.4715 		0
v -14.7476 		-72.4498 		0
v -14.7543 		-72.4281 		0
v -14.7582 		-72.4069 		0
v -14.3297 		-62.8382 		5
v -14.7595 		-72.3861 		0
v -14.758 		-72.3662 		0
v -14.7536 		-72.3474 		0
v -13.1009 		-32.927 		5
v -14.272 		-62.8588 		5
v -14.6643 		-72.2704 		0
v -14.6384 		-72.2659 		0
v -13.108 		-32.887 		5
v -14.6092 		-72.2642 		0
v -14.5979 		-72.2637 		0
v -21.6293 		-81.4634 		5
v -13.1154 		-32.8522 		5
v -14.5651 		-62.7208 		5
v -21.6212 		-81.4688 		5
v -13.1232 		-32.8223 		5
v -21.6128 		-81.474 		5
v -14.5426 		-62.7343 		5
v -14.7464 		-72.3299 		0
v -14.7361 		-72.314 		0
v -13.1315 		-32.7977 		5
v -14.7229 		-72.2998 		0
v -14.7065 		-72.2877 		0
v -14.687 		-72.2778 		0
v -21.6044 		-81.4789 		5
v -14.5192 		-62.7477 		5
v -13.14 		-32.7781 		5
v -21.5957 		-81.4835 		5
v -14.4946 		-62.7611 		5
v -13.1489 		-32.7636 		5
v -21.587 		-81.4877 		5
v -14.2722 		-72.1048 		0
v -14.4691 		-62.7745 		5
v -13.1582 		-32.7544 		5
v -21.5783 		-81.4917 		5
v -14.2511 		-72.0901 		0
v -14.4428 		-62.7876 		5
v -14.2302 		-72.075 		0
v -21.5695 		-81.4952 		5
v -14.4156 		-62.8006 		5
v -14.2093 		-72.0595 		0
v -21.5607 		-81.4983 		5
v -14.1888 		-72.0438 		0
v -21.5519 		-81.501 		5
v -14.1685 		-72.0278 		0
v -21.5431 		-81.5034 		5
v -21.5345 		-81.5052 		5
v -21.0262 		-74.8503 		0
v -21.526 		-81.5065 		5
v -20.7778 		-74.8609 		0
v -14.3876 		-62.8134 		5
v -20.4785 		-74.8701 		0
v -20.1346 		-74.8782 		0
v -21.2662 		-81.3272 		5
v -19.7528 		-74.885 		0
v -21.2135 		-81.282 		5
v -14.381 		-62.4436 		5
v -19.3391 		-74.8907 		0
v -18.9001 		-74.8953 		0
v -14.423 		-62.4501 		5
v -18.4421 		-74.8985 		0
v -14.4627 		-62.4566 		5
v -17.9717 		-74.9006 		0
v -14.5002 		-62.4635 		5
v -21.6878 		-81.4068 		5
v -21.6921 		-81.4001 		5
v -21.7157 		-81.3654 		5
v -21.683 		-81.4135 		5
v -21.96 		-83.4548 		0
v -21.9606 		-83.317 		0
v -21.6776 		-81.4202 		5
v -21.9608 		-83.1735 		0
v -21.9604 		-82.9804 		0
v -21.9592 		-82.7985 		0
v -21.9572 		-82.6278 		0
v -21.9544 		-82.4682 		0
v -21.9506 		-82.3195 		0
v -21.946 		-82.1815 		0
v -21.9405 		-82.0542 		0
v -21.9342 		-81.9375 		0
v -21.9269 		-81.8312 		0
v -21.6719 		-81.4267 		5
v -21.6657 		-81.4332 		5
v -14.5352 		-62.4705 		5
v -14.5678 		-62.4777 		5
v -14.6588 		-62.6552 		5
v -14.6427 		-62.6679 		5
v -21.659 		-81.4395 		5
v -14.6253 		-62.6811 		5
v -13.0615 		-33.3488 		0
v -14.6065 		-62.6942 		5
v -13.066 		-33.2735 		0
v -14.5864 		-62.7075 		5
v -13.0708 		-33.2031 		0
v -13.0761 		-33.1378 		0
v -13.0816 		-33.0775 		0
v -14.5977 		-62.4851 		5
v -13.0877 		-33.0223 		0
v -13.0941 		-32.9721 		0
v -14.6247 		-62.4926 		5
v -14.6489 		-62.5003 		5
v -13.177 		-32.7452 		0
v -13.1959 		-32.7394 		0
v -14.6702 		-62.5081 		5
v -13.2148 		-32.7367 		0
v -14.6884 		-62.516 		5
v -13.2335 		-32.7372 		0
v -13.4484 		-47.4362 		0
v -13.2521 		-32.7405 		0
v -13.4513 		-47.4039 		0
v -14.6863 		-62.6304 		5
v -13.4546 		-47.3714 		0
v -13.1009 		-32.927 		0
v -14.6733 		-62.6427 		5
v -13.4584 		-47.339 		0
v -13.108 		-32.887 		0
v -13.4624 		-47.3065 		0
v -13.1154 		-32.8522 		0
v -14.7032 		-62.5239 		5
v -13.467 		-47.2742 		0
v -13.1232 		-32.8223 		0
v -14.7148 		-62.5319 		5
v -13.1315 		-32.7977 		0
v -13.4719 		-47.2422 		0
v -13.14 		-32.7781 		0
v -13.4771 		-47.2106 		0
v -14.7229 		-62.5399 		5
v -13.4827 		-47.1794 		0
v -14.7274 		-62.548 		5
v -21.3966 		-81.4347 		0
v -13.4885 		-47.1488 		0
v -21.358 		-81.4037 		0
v -14.729 		-62.5564 		5
v -13.4945 		-47.1189 		0
v -21.3143 		-81.368 		0
v -14.7286 		-62.5654 		5
v -13.5009 		-47.0897 		0
v -13.5075 		-47.0614 		0
v -14.7262 		-62.575 		5
v -13.5143 		-47.034 		0
v -14.7218 		-62.5852 		5
v -21.5176 		-81.5073 		0
v -14.7156 		-62.5958 		5
v -21.5094 		-81.5076 		0
v -13.5213 		-47.0077 		0
v -14.7076 		-62.6069 		5
v -21.4983 		-81.5046 		0
v -13.5285 		-46.9824 		0
v -14.6978 		-62.6185 		5
v -21.4813 		-81.4955 		0
v -13.536 		-46.9586 		0
v -21.4585 		-81.4807 		0
v -13.5435 		-46.9359 		0
v -21.4302 		-81.4604 		0
v -13.5511 		-46.9147 		0
v -13.559 		-46.8952 		0
v -21.6293 		-81.4634 		0
v -13.5668 		-46.8772 		0
v -13.1489 		-32.7636 		0
v -21.6212 		-81.4688 		0
v -13.5748 		-46.8609 		0
v -13.1582 		-32.7544 		0
v -21.6128 		-81.474 		0
v -13.5827 		-46.8465 		0
v -21.6044 		-81.4789 		0
v -13.5908 		-46.834 		0
v -13.4822 		-33.3623 		5
v -21.5957 		-81.4835 		0
v -13.4791 		-33.3419 		5
v -13.5988 		-46.8236 		0
v -21.587 		-81.4877 		0
v -13.6524 		-46.8015 		0
v -21.5783 		-81.4917 		0
v -13.469 		-33.1874 		5
v -21.5695 		-81.4952 		0
v -13.4764 		-33.3217 		5
v -13.7739 		-46.7812 		0
v -21.5607 		-81.4983 		0
v -13.4741 		-33.3019 		5
v -13.9574 		-46.7626 		0
v -21.5519 		-81.501 		0
v -13.4722 		-33.2824 		5
v -21.5431 		-81.5034 		0
v -13.4709 		-33.2635 		5
v -13.059 		-46.5341 		0
v -13.059 		-46.5341 		5
v -21.5345 		-81.5052 		0
v -13.0614 		-46.3507 		0
v -13.0614 		-46.3507 		5
v -21.526 		-81.5065 		0
v -13.0937 		-44.7062 		0
v -13.0937 		-44.7062 		5
v -13.4699 		-33.2273 		5
v -13.6956 		-44.2118 		0
v -13.6956 		-44.2118 		5
v -13.9761 		-43.9848 		0
v -13.4702 		-33.245 		5
v -13.9761 		-43.9848 		5
v -21.2662 		-81.3272 		0
v -21.2135 		-81.282 		0
v -14.7792 		-55.1846 		5
v -13.4225 		-32.9422 		5
v -14.7549 		-55.1704 		5
v -13.433 		-32.973 		5
v -14.7341 		-55.1572 		5
v -13.4423 		-33.0052 		5
v -21.7157 		-81.3654 		0
v -21.6921 		-81.4001 		0
v -21.6878 		-81.4068 		0
v -13.4504 		-33.0391 		5
v -21.683 		-81.4135 		0
v -13.4572 		-33.0743 		5
v -14.7172 		-55.1442 		5
v -13.4627 		-33.1109 		5
v -21.6776 		-81.4202 		0
v -13.4666 		-33.1486 		5
v -14.705 		-55.131 		5
v -21.6719 		-81.4267 		0
v -14.6984 		-55.117 		5
v -21.6657 		-81.4332 		0
v -13.2704 		-32.7466 		5
v -21.659 		-81.4395 		0
v -14.6979 		-55.1016 		5
v -21.652 		-81.4458 		0
v -13.2883 		-32.7556 		5
v -14.7043 		-55.0842 		5
v -21.6447 		-81.4519 		0
v -13.3059 		-32.7672 		5
v -21.6371 		-81.4577 		0
v -14.7183 		-55.0644 		5
v -13.3229 		-32.7812 		5
v -14.7405 		-55.0414 		5
v -13.3394 		-32.7977 		5
v -21.8478 		-81.3678 		0
v -14.7717 		-55.015 		5
v -14.8349 		-55.2178 		5
v -21.9185 		-81.7351 		0
v -21.9092 		-81.6492 		0
v -21.899 		-81.5734 		0
v -21.8877 		-81.5075 		0
v -21.8755 		-81.4514 		0
v -21.8622 		-81.4048 		0
v -14.8512 		-55.2289 		5
v -21.652 		-81.4458 		5
v -14.8126 		-54.9842 		5
v -21.6447 		-81.4519 		5
v -21.8323 		-81.3403 		0
v -21.8157 		-81.322 		0
v -21.798 		-81.3128 		0
v -21.7792 		-81.3128 		0
v -21.7592 		-81.3215 		0
v -14.8639 		-54.9487 		5
v -21.738 		-81.3392 		0
v -21.6371 		-81.4577 		5
v -13.3553 		-32.8166 		5
v -24.5511 		-80.1103 		0
v -15.0139 		-55.3316 		5
v -14.9714 		-55.3053 		5
v -24.585 		-80.2341 		0
v -24.6194 		-80.3531 		0
v -24.6545 		-80.4677 		0
v -24.6905 		-80.5779 		0
v -21.8478 		-81.3678 		5
v -14.9336 		-55.2817 		5
v -21.5701 		-77.3968 		0
v -13.3704 		-32.8377 		5
v -14.9009 		-55.261 		5
v -21.5759 		-77.425 		0
v -13.3848 		-32.8609 		5
v -21.8622 		-81.4048 		5
v -21.8755 		-81.4514 		5
v -21.8877 		-81.5075 		5
v -21.899 		-81.5734 		5
v -21.9092 		-81.6492 		5
v -21.9185 		-81.7351 		5
v -21.5814 		-77.4537 		0
v -14.8733 		-55.2434 		5
v -13.3983 		-32.8861 		5
v -13.411 		-32.9132 		5
v -21.5865 		-77.4827 		0
v -14.8061 		-55.2002 		5
v -21.798 		-81.3128 		5
v -21.8157 		-81.322 		5
v -21.8323 		-81.3403 		5
v -21.5911 		-77.5121 		0
v -21.738 		-81.3392 		5
v -21.7592 		-81.3215 		5
v -14.9263 		-54.9078 		5
v -21.7792 		-81.3128 		5
v -21.5954 		-77.5415 		0
v -21.601 		-77.5721 		0
v -21.607 		-77.6017 		0
v -15.0005 		-54.8611 		5
v -21.6135 		-77.6305 		0
v -24.5511 		-80.1103 		5
v -21.6202 		-77.6585 		0
v -21.6274 		-77.6853 		0
v -24.6905 		-80.5779 		5
v -24.6545 		-80.4677 		5
v -24.6194 		-80.3531 		5
v -24.585 		-80.2341 		5
v -21.6868 		-77.8438 		0
v -21.6962 		-77.8616 		0
v -21.706 		-77.8782 		0
v -21.7159 		-77.8932 		0
v -21.726 		-77.907 		0
v -21.7362 		-77.9192 		0
v -21.5701 		-77.3968 		5
v -21.5759 		-77.425 		5
v -21.5814 		-77.4537 		5
v -21.5865 		-77.4827 		5
v -21.7465 		-77.93 		0
v -21.757 		-77.9392 		0
v -21.7676 		-77.9468 		0
v -21.7782 		-77.9529 		0
v -21.7889 		-77.9572 		0
v -21.5911 		-77.5121 		5
v -21.7996 		-77.9599 		0
v -21.8104 		-77.9607 		0
v -21.8247 		-77.9587 		0
v -21.8382 		-77.9521 		0
v -21.6274 		-77.6853 		5
v -21.6202 		-77.6585 		5
v -21.6135 		-77.6305 		5
v -21.607 		-77.6017 		5
v -21.8508 		-77.9408 		0
v -21.601 		-77.5721 		5
v -21.8626 		-77.9244 		0
v -21.5954 		-77.5415 		5
v -21.8736 		-77.9024 		0
v -21.8838 		-77.8744 		0
v -21.8932 		-77.8401 		0
v -21.7362 		-77.9192 		5
v -21.726 		-77.907 		5
v -21.7159 		-77.8932 		5
v -21.706 		-77.8782 		5
v -21.6962 		-77.8616 		5
v -21.6868 		-77.8438 		5
v -21.6351 		-77.7114 		0
v -21.6429 		-77.7363 		0
v -21.6512 		-77.76 		0
v -21.6597 		-77.7828 		0
v -21.6684 		-77.8043 		0
v -21.6775 		-77.8248 		0
v -21.8382 		-77.9521 		5
v -21.8247 		-77.9587 		5
v -21.9019 		-77.7991 		0
v -21.9099 		-77.751 		0
v -21.9172 		-77.6955 		0
v -21.9239 		-77.632 		0
v -21.8104 		-77.9607 		5
v -21.9299 		-77.5603 		0
v -21.7996 		-77.9599 		5
v -21.9354 		-77.4801 		0
v -21.7889 		-77.9572 		5
v -21.2639 		-77.0303 		0
v -21.3278 		-77.0346 		0
v -21.376 		-77.0389 		0
v -21.4082 		-77.043 		0
v -21.5058 		-77.175 		0
v -21.5137 		-77.1958 		0
v -21.5215 		-77.2178 		0
v -21.5292 		-77.2408 		0
v -21.5366 		-77.2648 		0
v -21.7782 		-77.9529 		5
v -21.5438 		-77.2897 		0
v -21.7676 		-77.9468 		5
v -21.757 		-77.9392 		5
v -21.7465 		-77.93 		5
v -21.5508 		-77.3154 		0
v -21.8932 		-77.8401 		5
v -21.8838 		-77.8744 		5
v -21.8736 		-77.9024 		5
v -21.5576 		-77.3419 		0
v -21.8626 		-77.9244 		5
v -21.8508 		-77.9408 		5
v -21.564 		-77.369 		0
v -21.9354 		-77.4801 		5
v -21.9299 		-77.5603 		5
v -21.9239 		-77.632 		5
v -21.9172 		-77.6955 		5
v -21.9099 		-77.751 		5
v -21.9019 		-77.7991 		5
v -21.6775 		-77.8248 		5
v -21.6684 		-77.8043 		5
v -21.6597 		-77.7828 		5
v -21.4234 		-77.0471 		0
v -21.6512 		-77.76 		5
v -21.6429 		-77.7363 		5
v -21.6351 		-77.7114 		5
v -21.2639 		-77.0303 		5
v -21.4315 		-77.0522 		0
v -21.3278 		-77.0346 		5
v -21.4398 		-77.0592 		0
v -21.376 		-77.0389 		5
v -21.4082 		-77.043 		5
v -21.448 		-77.068 		0
v -21.4563 		-77.0785 		0
v -21.4646 		-77.0908 		0
v -21.5058 		-77.175 		5
v -21.5137 		-77.1958 		5
v -21.473 		-77.1047 		0
v -21.4813 		-77.1202 		0
v -21.4895 		-77.1371 		0
v -21.4977 		-77.1554 		0
v -21.5215 		-77.2178 		5
v -21.5292 		-77.2408 		5
v -21.5366 		-77.2648 		5
v -21.5438 		-77.2897 		5
v -21.5508 		-77.3154 		5
v -21.5576 		-77.3419 		5
v -21.564 		-77.369 		5
v -21.4234 		-77.0471 		5
v -21.4315 		-77.0522 		5
v -21.4398 		-77.0592 		5
v -21.448 		-77.068 		5
v -21.4563 		-77.0785 		5
v -21.4646 		-77.0908 		5
v -21.473 		-77.1047 		5
v -21.4813 		-77.1202 		5
v -21.4895 		-77.1371 		5
v -21.4977 		-77.1554 		5
v -21.9579 		-76.6446 		5
v -21.9561 		-76.7959 		5
v -21.954 		-76.936 		5
v -21.9513 		-77.0651 		5
v -21.948 		-77.1836 		5
v -21.9444 		-77.2921 		5
v -21.9402 		-77.3907 		5
v -24.5265 		-80.0232 		5
v -24.5038 		-79.9381 		5
v -24.4828 		-79.8545 		5
v -24.4635 		-79.7711 		5
v -24.4458 		-79.6871 		5
v -13.4822 		-33.3623 		0
v -24.4297 		-79.6013 		5
v -24.415 		-79.5129 		5
v -24.4018 		-79.4208 		5
v -24.39 		-79.3242 		5
v -24.3794 		-79.2219 		5
v -13.4791 		-33.3419 		0
v -24.3699 		-79.113 		5
v -24.3616 		-78.9966 		5
v -24.3544 		-78.8715 		5
v -24.3483 		-78.7369 		5
v -24.3429 		-78.5918 		5
v -24.3385 		-78.4352 		5
v -13.469 		-33.1874 		0
v -13.4764 		-33.3217 		0
v -24.3349 		-78.2661 		5
v -24.332 		-78.0835 		5
v -24.3297 		-77.8863 		5
v -24.328 		-77.6738 		5
v -24.3267 		-77.4449 		5
v -24.3259 		-77.1985 		5
v -13.4741 		-33.3019 		0
v -24.3255 		-76.9336 		5
v -24.3254 		-76.6494 		5
v -13.4722 		-33.2824 		0
v -13.4709 		-33.2635 		0
v -25.564 		-82.0404 		5
v -25.4929 		-81.9644 		5
v -25.4247 		-81.8884 		5
v -25.3597 		-81.8122 		5
v -21.9402 		-77.3907 		0
v -21.9444 		-77.2921 		0
v -21.948 		-77.1836 		0
v -21.9513 		-77.0651 		0
v -21.954 		-76.936 		0
v -21.9561 		-76.7959 		0
v -21.9579 		-76.6446 		0
v -26.4342 		-82.7347 		5
v -26.389 		-82.7136 		5
v -26.3446 		-82.6913 		5
v -13.4699 		-33.2273 		0
v -13.4702 		-33.245 		0
v -24.3794 		-79.2219 		0
v -24.39 		-79.3242 		0
v -24.4018 		-79.4208 		0
v -13.4225 		-32.9422 		0
v -24.415 		-79.5129 		0
v -24.4297 		-79.6013 		0
v -24.4458 		-79.6871 		0
v -24.4635 		-79.7711 		0
v -24.4828 		-79.8545 		0
v -24.5038 		-79.9381 		0
v -24.5265 		-80.0232 		0
v -13.433 		-32.973 		0
v -26.301 		-82.6673 		5
v -26.2576 		-82.6417 		5
v -13.4423 		-33.0052 		0
v -26.2145 		-82.6143 		5
v -26.1713 		-82.5852 		5
v -26.1279 		-82.554 		5
v -26.0839 		-82.5208 		5
v -26.0393 		-82.4853 		5
v -25.9937 		-82.4475 		5
v -25.947 		-82.4072 		5
v -25.8989 		-82.3644 		5
v -25.8493 		-82.3189 		5
v -25.7979 		-82.2707 		5
v -13.4504 		-33.0391 		0
v -25.7164 		-82.1932 		5
v -24.3385 		-78.4352 		0
v -25.6385 		-82.1166 		5
v -24.3429 		-78.5918 		0
v -24.3483 		-78.7369 		0
v -24.3544 		-78.8715 		0
v -24.3616 		-78.9966 		0
v -24.3699 		-79.113 		0
v -13.4572 		-33.0743 		0
v -13.4627 		-33.1109 		0
v -13.4666 		-33.1486 		0
v -25.2976 		-81.7355 		5
v -25.2382 		-81.658 		5
v -25.1814 		-81.5796 		5
v -25.1271 		-81.4998 		5
v -25.0751 		-81.4186 		5
v -25.0253 		-81.3356 		5
v -24.9777 		-81.2506 		5
v -24.9319 		-81.1633 		5
v -24.888 		-81.0735 		5
v -13.2704 		-32.7466 		0
v -24.8457 		-80.9809 		5
v -24.805 		-80.8854 		5
v -24.7655 		-80.7865 		5
v -24.7275 		-80.6841 		5
v -13.2883 		-32.7556 		0
v -26.3876 		-80.4146 		5
v -26.2827 		-80.3269 		5
v -13.3059 		-32.7672 		0
v -26.1835 		-80.2317 		5
v -13.3229 		-32.7812 		0
v -26.0901 		-80.1291 		5
v -13.3394 		-32.7977 		0
v -13.3553 		-32.8166 		0
v -13.3704 		-32.8377 		0
v -13.3848 		-32.8609 		0
v -24.3254 		-76.6494 		0
v -24.3255 		-76.9336 		0
v -24.3259 		-77.1985 		0
v -24.3267 		-77.4449 		0
v -24.328 		-77.6738 		0
v -24.3297 		-77.8863 		0
v -24.332 		-78.0835 		0
v -24.3349 		-78.2661 		0
v -13.3983 		-32.8861 		0
v -13.411 		-32.9132 		0
v -28.1454 		-82.9558 		5
v -25.3597 		-81.8122 		0
v -27.9233 		-82.9749 		5
v -25.4247 		-81.8884 		0
v -27.6955 		-82.9786 		5
v -25.4929 		-81.9644 		0
v -27.4621 		-82.9664 		5
v -25.564 		-82.0404 		0
v -27.2236 		-82.9384 		5
v -26.9802 		-82.8941 		5
v -26.9146 		-82.8805 		5
v -26.8521 		-82.8668 		5
v -26.7923 		-82.8527 		5
v -26.7351 		-82.8382 		5
v -26.6803 		-82.823 		5
v -26.6276 		-82.8072 		5
v -26.5769 		-82.7906 		5
v -26.528 		-82.773 		5
v -26.4805 		-82.7545 		5
v -15.8117 		-38.0758 		0
v -15.8117 		-38.0758 		5
v -15.5893 		-37.8952 		0
v -28.1328 		-80.8083 		5
v -15.5893 		-37.8952 		5
v -15.7001 		-37.9851 		5
v -15.7001 		-37.9851 		0
v -26.3446 		-82.6913 		0
v -26.389 		-82.7136 		0
v -26.4342 		-82.7347 		0
v -14.7792 		-55.1846 		0
v -27.9807 		-80.8311 		5
v -15.4798 		-37.806 		5
v -15.4798 		-37.806 		0
v -14.7549 		-55.1704 		0
v -27.8305 		-80.8445 		5
v -14.7341 		-55.1572 		0
v -17.6323 		-39.5475 		5
v -17.6323 		-39.5475 		0
v -25.6385 		-82.1166 		0
v -25.7164 		-82.1932 		0
v -25.7979 		-82.2707 		0
v -25.8493 		-82.3189 		0
v -25.8989 		-82.3644 		0
v -25.947 		-82.4072 		0
v -14.7172 		-55.1442 		0
v -25.9937 		-82.4475 		0
v -26.0393 		-82.4853 		0
v -26.0839 		-82.5208 		0
v -26.1279 		-82.554 		0
v -26.1713 		-82.5852 		0
v -26.2145 		-82.6143 		0
v -26.2576 		-82.6417 		0
v -26.301 		-82.6673 		0
v -17.5105 		-41.0528 		0
v -27.6825 		-80.8488 		5
v -17.5105 		-41.0528 		5
v -14.705 		-55.131 		0
v -17.3183 		-41.2164 		0
v -17.3183 		-41.2164 		5
v -27.537 		-80.8439 		5
v -14.6984 		-55.117 		0
v -27.3944 		-80.83 		5
v -16.3707 		-38.5281 		0
v -16.3707 		-38.5281 		5
v -16.4802 		-38.6165 		5
v -14.6979 		-55.1016 		0
v -16.4802 		-38.6165 		0
v -27.2549 		-80.8073 		5
v -27.1186 		-80.7761 		5
v -14.7043 		-55.0842 		0
v -24.7275 		-80.6841 		0
v -24.7655 		-80.7865 		0
v -24.805 		-80.8854 		0
v -24.8457 		-80.9809 		0
v -24.888 		-81.0735 		0
v -26.9861 		-80.7362 		5
v -24.9319 		-81.1633 		0
v -24.9777 		-81.2506 		0
v -25.0253 		-81.3356 		0
v -25.0751 		-81.4186 		0
v -25.1271 		-81.4998 		0
v -25.1814 		-81.5796 		0
v -25.2382 		-81.658 		0
v -14.7183 		-55.0644 		0
v -26.8574 		-80.688 		5
v -25.2976 		-81.7355 		0
v -16.6941 		-38.7891 		0
v -26.733 		-80.6316 		5
v -16.6941 		-38.7891 		5
v -14.7405 		-55.0414 		0
v -26.3876 		-80.4146 		0
v -26.613 		-80.5671 		5
v -16.5881 		-38.7035 		5
v -16.5881 		-38.7035 		0
v -26.2827 		-80.3269 		0
v -14.7717 		-55.015 		0
v -26.1835 		-80.2317 		0
v -26.0901 		-80.1291 		0
v -16.1483 		-38.3484 		0
v -16.1483 		-38.3484 		5
v -16.26 		-38.4386 		5
v -16.26 		-38.4386 		0
v -16.0362 		-38.2577 		0
v -16.0362 		-38.2577 		5
v -26.4978 		-80.4948 		5
v -14.8349 		-55.2178 		0
v -14.8512 		-55.2289 		0
v -15.9239 		-38.1667 		5
v -15.9239 		-38.1667 		0
v -26.0029 		-80.0194 		5
v -14.8126 		-54.9842 		0
v -25.9221 		-79.9028 		5
v -17.3524 		-39.3205 		0
v -17.3524 		-39.3205 		5
v -25.848 		-79.7792 		5
v -16.9968 		-39.0334 		0
v -16.9968 		-39.0334 		5
v -26.4805 		-82.7545 		0
v -14.8639 		-54.9487 		0
v -26.528 		-82.773 		0
v -26.5769 		-82.7906 		0
v -25.7809 		-79.6488 		5
v -26.6276 		-82.8072 		0
v -26.6803 		-82.823 		0
v -26.7351 		-82.8382 		0
v -26.7923 		-82.8527 		0
v -26.8521 		-82.8668 		0
v -16.7977 		-38.8727 		0
v -26.9146 		-82.8805 		0
v -16.7977 		-38.8727 		5
v -26.9802 		-82.8941 		0
v -16.8988 		-38.9542 		5
v -27.2236 		-82.9384 		0
v -16.8988 		-38.9542 		0
v -25.7211 		-79.512 		5
v -27.4621 		-82.9664 		0
v -27.6955 		-82.9786 		0
v -27.9233 		-82.9749 		0
v -28.1454 		-82.9558 		0
v -25.6689 		-79.3687 		5
v -15.0139 		-55.3316 		0
v -25.644 		-79.2796 		5
v -28.1328 		-80.8083 		0
v -14.9714 		-55.3053 		0
v -25.6202 		-79.172 		5
v -17.1827 		-39.1833 		0
v -17.1827 		-39.1833 		5
v -27.9807 		-80.8311 		0
v -17.2697 		-39.2536 		5
v -17.2697 		-39.2536 		0
v -25.5977 		-79.048 		5
v -14.9336 		-55.2817 		0
v -17.0916 		-39.1098 		5
v -27.8305 		-80.8445 		0
v -25.5766 		-78.9093 		5
v -17.0916 		-39.1098 		0
v -14.9009 		-55.261 		0
v -25.5568 		-78.7581 		5
v -14.8733 		-55.2434 		0
v -27.6825 		-80.8488 		0
v -17.5032 		-39.4426 		0
v -17.5032 		-39.4426 		5
v -17.5707 		-39.4973 		5
v -17.5707 		-39.4973 		0
v -27.537 		-80.8439 		0
v -17.4304 		-39.3835 		5
v -17.4304 		-39.3835 		0
v -27.3944 		-80.83 		0
v -14.8061 		-55.2002 		0
v -27.2549 		-80.8073 		0
v -27.1186 		-80.7761 		0
v -14.2276 		-36.8145 		5
v -14.2276 		-36.8145 		0
v -26.9861 		-80.7362 		0
v -14.3206 		-36.8876 		5
v -14.3206 		-36.8876 		0
v -14.9263 		-54.9078 		0
v -15.0005 		-54.8611 		0
v -15.3695 		-37.7186 		0
v -15.3695 		-37.7186 		5
v -14.8756 		-53.7444 		0
v -26.8574 		-80.688 		0
v -14.8756 		-53.7444 		5
v -14.5154 		-37.0416 		0
v -14.5154 		-37.0416 		5
v -14.7258 		-53.8357 		0
v -26.733 		-80.6316 		0
v -14.7258 		-53.8357 		5
v -14.4167 		-36.9634 		5
v -14.4167 		-36.9634 		0
v -26.613 		-80.5671 		0
v -14.5773 		-53.9257 		0
v -14.5773 		-53.9257 		5
v -26.4978 		-80.4948 		0
v -14.4313 		-54.0137 		0
v -15.1496 		-37.5441 		0
v -15.1496 		-37.5441 		5
v -14.4313 		-54.0137 		5
v -15.2594 		-37.6312 		5
v -15.2594 		-37.6312 		0
v -14.2884 		-54.0994 		0
v -14.8254 		-37.287 		0
v -14.8254 		-37.287 		5
v -14.9324 		-37.3717 		5
v -14.9324 		-37.3717 		0
v -25.5385 		-78.5961 		5
v -14.6167 		-37.1216 		5
v -14.6167 		-37.1216 		0
v -14.2884 		-54.0994 		5
v -25.5219 		-78.4256 		5
v -14.7202 		-37.2035 		5
v -14.1497 		-54.182 		0
v -14.7202 		-37.2035 		0
v -14.1497 		-54.182 		5
v -15.026 		-53.6521 		0
v -15.026 		-53.6521 		5
v -15.0405 		-37.4575 		5
v -15.0405 		-37.4575 		0
v -25.5069 		-78.2481 		5
v -25.4936 		-78.0658 		5
v -14.8134 		-35.0222 		0
v -15.3615 		-35.4521 		0
v -15.3615 		-35.4521 		5
v -14.8134 		-35.0222 		5
v -25.4821 		-77.8806 		5
v -15.402 		-35.4839 		0
v -15.402 		-35.4839 		5
v -25.4724 		-77.6945 		5
v -15.6818 		-35.7039 		0
v -15.6818 		-35.7039 		5
v -25.4647 		-77.5093 		5
v -15.8244 		-35.816 		0
v -15.9013 		-35.8763 		0
v -15.9013 		-35.8763 		5
v -15.8244 		-35.816 		5
v -25.459 		-77.327 		5
v -15.0871 		-54.808 		5
v -15.0871 		-54.808 		0
v -25.4554 		-77.1496 		5
v -25.454 		-76.979 		5
v -15.7512 		-35.7585 		0
v -15.7512 		-35.7585 		5
v -25.4547 		-76.817 		5
v -25.4578 		-76.6658 		5
v -15.4993 		-35.5605 		0
v -15.5555 		-35.6047 		0
v -15.5555 		-35.6047 		5
v -25.4633 		-76.5271 		5
v -15.4993 		-35.5605 		5
v -15.448 		-35.5202 		0
v -15.448 		-35.5202 		5
v -15.6165 		-35.6526 		0
v -21.9606 		-75.7182 		5
v -21.9608 		-75.9186 		5
v -21.9606 		-76.1189 		5
v -21.9601 		-76.3065 		5
v -15.6165 		-35.6526 		5
v -21.9592 		-76.4816 		5
v -21.4498 		-74.7559 		5
v -21.4402 		-74.7704 		5
v -21.4305 		-74.7832 		5
v -17.2854 		-36.9569 		0
v -17.2854 		-36.9569 		5
v -21.421 		-74.7944 		5
v -21.4114 		-74.8039 		5
v -21.4019 		-74.8115 		5
v -17.093 		-36.8076 		0
v -17.093 		-36.8076 		5
v -21.3446 		-74.8257 		5
v -26.0029 		-80.0194 		0
v -21.2172 		-74.8386 		5
v -17.1896 		-36.8826 		0
v -21.9513 		-74.7721 		5
v -17.1896 		-36.8826 		5
v -15.1871 		-54.7478 		5
v -15.1871 		-54.7478 		0
v -25.9221 		-79.9028 		0
v -15.3008 		-54.68 		5
v -15.3008 		-54.68 		0
v -25.848 		-79.7792 		0
v -21.954 		-74.9012 		5
v -21.9561 		-75.0412 		5
v -21.9579 		-75.1926 		5
v -25.7809 		-79.6488 		0
v -21.9592 		-75.3556 		5
v -21.9601 		-75.5307 		5
v -25.7211 		-79.512 		0
v -15.7328 		-54.4255 		0
v -15.7328 		-54.4255 		5
v -16.8988 		-36.6566 		0
v -16.8988 		-36.6566 		5
v -25.6689 		-79.3687 		0
v -16.996 		-36.7322 		0
v -15.4292 		-54.604 		5
v -16.996 		-36.7322 		5
v -15.4292 		-54.604 		0
v -21.5398 		-74.5439 		5
v -25.644 		-79.2796 		0
v -15.5729 		-54.5194 		5
v -15.5729 		-54.5194 		0
v -25.6202 		-79.172 		0
v -21.5318 		-74.5694 		5
v -25.5977 		-79.048 		0
v -21.5234 		-74.5941 		5
v -17.612 		-37.2133 		0
v -17.612 		-37.2133 		5
v -21.5148 		-74.6181 		5
v -15.061 		-55.3607 		0
v -25.5766 		-78.9093 		0
v -21.506 		-74.6411 		5
v -25.5568 		-78.7581 		0
v -16.6093 		-36.4307 		0
v -25.5385 		-78.5961 		0
v -16.7052 		-36.5057 		0
v -21.4969 		-74.6632 		5
v -16.7052 		-36.5057 		5
v -16.6093 		-36.4307 		5
v -25.5219 		-78.4256 		0
v -21.4877 		-74.6842 		5
v -16.8018 		-36.581 		0
v -16.8018 		-36.581 		5
v -21.4784 		-74.7041 		5
v -21.4689 		-74.7226 		5
v -21.4593 		-74.7399 		5
v -25.5069 		-78.2481 		0
v -25.4936 		-78.0658 		0
v -25.4821 		-77.8806 		0
v -16.4206 		-36.2833 		0
v -16.4206 		-36.2833 		5
v -25.4724 		-77.6945 		0
v -21.5911 		-74.3239 		5
v -16.5144 		-36.3566 		0
v -16.5144 		-36.3566 		5
v -25.4647 		-77.5093 		0
v -21.5863 		-74.3522 		5
v -25.459 		-77.327 		0
v -16.1501 		-36.0714 		0
v -21.5809 		-74.3804 		5
v -16.2384 		-36.1405 		0
v -16.2384 		-36.1405 		5
v -25.4554 		-77.1496 		0
v -16.1501 		-36.0714 		5
v -21.5751 		-74.4085 		5
v -16.3285 		-36.2113 		0
v -16.3285 		-36.2113 		5
v -21.5689 		-74.4363 		5
v -21.5622 		-74.4639 		5
v -15.9814 		-35.9391 		0
v -16.0644 		-36.0043 		0
v -16.0644 		-36.0043 		5
v -15.9814 		-35.9391 		5
v -21.5551 		-74.491 		5
v -21.5477 		-74.5178 		5
v -18.2198 		-40.4365 		0
v -18.2198 		-40.4365 		5
v -18.1154 		-40.5296 		0
v -18.1154 		-40.5296 		5
v -21.5954 		-74.2956 		5
v -21.601 		-74.2651 		5
v -21.607 		-74.2354 		5
v -17.9911 		-40.6387 		0
v -21.6135 		-74.2066 		5
v -21.6202 		-74.1788 		5
v -17.9911 		-40.6387 		5
v -21.6274 		-74.1518 		5
v -17.8481 		-40.763 		0
v -17.8481 		-40.763 		5
v -17.6875 		-40.9014 		0
v -17.6875 		-40.9014 		5
v -15.061 		-55.3607 		5
v -21.9354 		-74.3571 		5
v -21.9402 		-74.4464 		5
v -21.9444 		-74.5451 		5
v -21.948 		-74.6535 		5
v -17.7368 		-39.6331 		5
v -17.7835 		-39.6694 		5
v -21.6351 		-74.1258 		5
v -21.6429 		-74.101 		5
v -25.454 		-76.979 		0
v -17.8292 		-39.7054 		5
v -25.4547 		-76.817 		0
v -15.7537 		-53.1972 		0
v -15.8882 		-53.1112 		0
v -15.8882 		-53.1112 		5
v -15.7537 		-53.1972 		5
v -25.4578 		-76.6658 		0
v -25.4633 		-76.5271 		0
v -21.6684 		-74.0328 		5
v -21.6775 		-74.0124 		5
v -15.6144 		-53.2856 		0
v -17.874 		-39.741 		5
v -15.6144 		-53.2856 		5
v -21.6868 		-73.9934 		5
v -21.6962 		-73.9755 		5
v -21.706 		-73.959 		5
v -21.7159 		-73.9439 		5
v -21.726 		-73.9302 		5
v -21.7362 		-73.9179 		5
v -15.471 		-53.3758 		0
v -17.6878 		-39.5928 		5
v -15.471 		-53.3758 		5
v -21.6512 		-74.0771 		5
v -21.6597 		-74.0543 		5
v -15.3246 		-53.4673 		0
v -15.3246 		-53.4673 		5
v -15.1759 		-53.5596 		0
v -21.9592 		-76.4816 		0
v -21.9601 		-76.3065 		0
v -21.9606 		-76.1189 		0
v -21.9608 		-75.9186 		0
v -15.1759 		-53.5596 		5
v -21.9606 		-75.7182 		0
v -21.7996 		-73.8773 		5
v -21.8104 		-73.8765 		5
v -21.8247 		-73.8785 		5
v -21.8382 		-73.885 		5
v -21.4498 		-74.7559 		0
v -16.7511 		-53.8197 		0
v -16.7511 		-53.8197 		5
v -21.7465 		-73.9072 		5
v -21.757 		-73.8979 		5
v -21.7676 		-73.8903 		5
v -21.4402 		-74.7704 		0
v -21.7782 		-73.8843 		5
v -21.7889 		-73.88 		5
v -16.69 		-53.8568 		0
v -16.69 		-53.8568 		5
v -21.4305 		-74.7832 		0
v -16.6274 		-53.8946 		0
v -21.421 		-74.7944 		0
v -16.6274 		-53.8946 		5
v -21.4114 		-74.8039 		0
v -16.4991 		-53.9717 		0
v -21.8626 		-73.9128 		5
v -16.4991 		-53.9717 		5
v -21.8736 		-73.9348 		5
v -16.5637 		-53.9329 		5
v -21.8838 		-73.9628 		5
v -16.5637 		-53.9329 		0
v -21.8932 		-73.997 		5
v -21.9019 		-74.0381 		5
v -21.9099 		-74.0861 		5
v -21.9172 		-74.1417 		5
v -21.9239 		-74.2051 		5
v -21.9299 		-74.2768 		5
v -17.9176 		-39.7763 		5
v -21.8508 		-73.8963 		5
v -24.3254 		-73.9839 		5
v -17.9601 		-39.811 		5
v -21.4019 		-74.8115 		0
v -16.4339 		-54.0108 		0
v -16.4339 		-54.0108 		5
v -18.0014 		-39.8452 		5
v -21.3446 		-74.8257 		0
v -16.368 		-54.0501 		0
v -16.368 		-54.0501 		5
v -18.0412 		-39.8787 		5
v -21.9513 		-74.7721 		0
v -21.2172 		-74.8386 		0
v -16.3018 		-54.0896 		0
v -16.3018 		-54.0896 		5
v -18.0796 		-39.9114 		5
v -16.2354 		-54.129 		0
v -16.2354 		-54.129 		5
v -16.1691 		-54.1684 		0
v -16.1691 		-54.1684 		5
v -21.9601 		-75.5307 		0
v -21.9592 		-75.3556 		0
v -21.9579 		-75.1926 		0
v -21.9561 		-75.0412 		0
v -21.954 		-74.9012 		0
v -18.1515 		-39.974 		5
v -16.1031 		-54.2075 		0
v -16.1031 		-54.2075 		5
v -18.1849 		-40.0036 		5
v -15.9092 		-54.3216 		0
v -15.9092 		-54.3216 		5
v -21.5398 		-74.5439 		0
v -18.2164 		-40.0321 		5
v -21.5318 		-74.5694 		0
v -17.0308 		-53.6483 		0
v -18.2461 		-40.0594 		5
v -17.0308 		-53.6483 		5
v -21.5234 		-74.5941 		0
v -18.2736 		-40.0852 		5
v -16.9791 		-53.6803 		0
v -21.5148 		-74.6181 		0
v -16.9791 		-53.6803 		5
v -21.506 		-74.6411 		0
v -16.925 		-53.7136 		0
v -16.925 		-53.7136 		5
v -18.2989 		-40.1096 		5
v -21.4969 		-74.6632 		0
v -16.8689 		-53.748 		0
v -16.8689 		-53.748 		5
v -18.322 		-40.1323 		5
v -21.4877 		-74.6842 		0
v -16.8109 		-53.7834 		0
v -16.8109 		-53.7834 		5
v -21.4784 		-74.7041 		0
v -21.4689 		-74.7226 		0
v -15.9215 		-53.0901 		0
v -15.9215 		-53.0901 		5
v -21.4593 		-74.7399 		0
v -18.3029 		-40.3607 		5
v -15.9621 		-53.0649 		0
v -15.9621 		-53.0649 		5
v -16.0096 		-53.0355 		0
v -16.0096 		-53.0355 		5
v -16.0639 		-53.0022 		0
v -18.3428 		-40.1534 		5
v -16.0639 		-53.0022 		5
v -21.5911 		-74.3239 		0
v -16.1244 		-52.9651 		0
v -21.5863 		-74.3522 		0
v -16.1244 		-52.9651 		5
v -18.3611 		-40.1727 		5
v -21.5809 		-74.3804 		0
v -16.191 		-52.9246 		0
v -16.191 		-52.9246 		5
v -18.3768 		-40.1902 		5
v -21.5751 		-74.4085 		0
v -16.2632 		-52.8808 		0
v -16.2632 		-52.8808 		5
v -21.5689 		-74.4363 		0
v -16.3408 		-52.8337 		0
v -16.3408 		-52.8337 		5
v -18.3899 		-40.2056 		5
v -21.5622 		-74.4639 		0
v -16.4234 		-52.7838 		0
v -16.5108 		-52.731 		0
v -16.5108 		-52.731 		5
v -16.4234 		-52.7838 		5
v -18.4003 		-40.219 		5
v -21.5551 		-74.491 		0
v -18.4078 		-40.2302 		5
v -21.5477 		-74.5178 		0
v -18.4125 		-40.2392 		5
v -16.6025 		-52.6758 		0
v -16.6983 		-52.6181 		0
v -16.6983 		-52.6181 		5
v -16.6025 		-52.6758 		5
v -18.414 		-40.2458 		5
v -18.4013 		-40.2643 		5
v -21.6274 		-74.1518 		0
v -21.6202 		-74.1788 		0
v -21.6135 		-74.2066 		0
v -21.607 		-74.2354 		0
v -21.601 		-74.2651 		0
v -21.5954 		-74.2956 		0
v -18.3638 		-40.3028 		5
v -17.2108 		-53.5346 		5
v -18.1164 		-39.9432 		5
v -17.1702 		-53.5606 		5
v -21.948 		-74.6535 		0
v -21.9444 		-74.5451 		0
v -21.9402 		-74.4464 		0
v -21.9354 		-74.3571 		0
v -17.1266 		-53.5883 		5
v -17.08 		-53.6175 		5
v -21.6429 		-74.101 		0
v -21.6351 		-74.1258 		0
v -17.3384 		-53.4495 		5
v -17.3607 		-53.4336 		5
v -17.3121 		-53.4677 		5
v -21.7362 		-73.9179 		0
v -21.726 		-73.9302 		0
v -17.282 		-53.488 		5
v -21.7159 		-73.9439 		0
v -21.706 		-73.959 		0
v -21.6962 		-73.9755 		0
v -21.6868 		-73.9934 		0
v -21.6775 		-74.0124 		0
v -21.6684 		-74.0328 		0
v -21.6597 		-74.0543 		0
v -21.6512 		-74.0771 		0
v -17.2481 		-53.5104 		5
v -17.3808 		-53.4203 		5
v -21.8382 		-73.885 		0
v -21.8247 		-73.8785 		0
v -21.8104 		-73.8765 		0
v -21.7996 		-73.8773 		0
v -21.7889 		-73.88 		0
v -21.7782 		-73.8843 		0
v -21.7676 		-73.8903 		0
v -21.757 		-73.8979 		0
v -21.7465 		-73.9072 		0
v -17.4209 		-53.3945 		5
v -17.4406 		-53.3819 		5
v -17.4009 		-53.4072 		5
v -21.9299 		-74.2768 		0
v -21.9239 		-74.2051 		0
v -21.9172 		-74.1417 		0
v -21.9099 		-74.0861 		0
v -21.9019 		-74.0381 		0
v -21.8932 		-73.997 		0
v -21.8838 		-73.9628 		0
v -21.8736 		-73.9348 		0
v -21.8626 		-73.9128 		0
v -21.8508 		-73.8963 		0
v -17.4603 		-53.3698 		5
v -17.4795 		-53.3581 		5
v -21.7356 		-69.6427 		5
v -21.7267 		-69.6354 		5
v -21.7178 		-69.6262 		5
v -21.7089 		-69.6155 		5
v -21.6999 		-69.6029 		5
v -21.691 		-69.5888 		5
v -21.6821 		-69.573 		5
v -17.4986 		-53.3467 		5
v -21.6733 		-69.5557 		5
v -21.6646 		-69.5368 		5
v -21.6561 		-69.5164 		5
v -21.6477 		-69.4944 		5
v -21.6396 		-69.4709 		5
v -17.5172 		-53.3357 		5
v -17.5352 		-53.3252 		5
v -21.8391 		-69.5125 		5
v -21.8305 		-69.5525 		5
v -21.8212 		-69.5856 		5
v -21.8114 		-69.612 		5
v -21.801 		-69.6319 		5
v -21.7898 		-69.6454 		5
v -21.7781 		-69.6525 		5
v -17.5528 		-53.3152 		5
v -21.7699 		-69.6542 		5
v -21.7616 		-69.6541 		5
v -21.7531 		-69.652 		5
v -21.7444 		-69.6483 		5
v -17.5699 		-53.3056 		5
v -17.5864 		-53.2966 		5
v -17.6022 		-53.2881 		5
v -17.6172 		-53.2803 		5
v -17.6315 		-53.2731 		5
v -17.6448 		-53.2664 		5
v -17.6574 		-53.2605 		5
v -17.7835 		-39.6694 		0
v -17.7368 		-39.6331 		0
v -17.8292 		-39.7054 		0
v -17.874 		-39.741 		0
v -17.6878 		-39.5928 		0
v -17.9176 		-39.7763 		0
v -17.9601 		-39.811 		0
v -18.0014 		-39.8452 		0
v -18.0412 		-39.8787 		0
v -18.0796 		-39.9114 		0
v -24.3254 		-73.9839 		0
v -18.1515 		-39.974 		0
v -18.1849 		-40.0036 		0
v -18.2164 		-40.0321 		0
v -18.2461 		-40.0594 		0
v -18.2736 		-40.0852 		0
v -18.2989 		-40.1096 		0
v -18.322 		-40.1323 		0
v -18.3029 		-40.3607 		0
v -18.3428 		-40.1534 		0
v -18.3611 		-40.1727 		0
v -18.3768 		-40.1902 		0
v -18.3899 		-40.2056 		0
v -18.4003 		-40.219 		0
v -18.4078 		-40.2302 		0
v -18.4125 		-40.2392 		0
v -18.414 		-40.2458 		0
v -18.4013 		-40.2643 		0
v -18.3638 		-40.3028 		0
v -14.2197 		-62.8759 		0
v -18.1164 		-39.9432 		0
v -14.1724 		-62.891 		0
v -19.4148 		-40.7598 		0
v -19.4148 		-40.7598 		5
v -19.3161 		-40.8416 		0
v -19.3161 		-40.8416 		5
v -19.2152 		-40.9247 		0
v -19.2152 		-40.9247 		5
v -19.1126 		-41.0089 		0
v -19.1126 		-41.0089 		5
v -18.9019 		-41.1787 		0
v -18.9019 		-41.1787 		5
v -19.0081 		-41.093 		5
v -19.0081 		-41.093 		0
v -18.7942 		-41.2655 		5
v -18.7942 		-41.2655 		0
v -17.2108 		-53.5346 		0
v -17.1702 		-53.5606 		0
v -18.469 		-37.8875 		0
v -18.469 		-37.8875 		5
v -17.1266 		-53.5883 		0
v -18.7158 		-38.0824 		0
v -18.7158 		-38.0824 		5
v -17.08 		-53.6175 		0
v -18.9442 		-38.2631 		0
v -18.9442 		-38.2631 		5
v -19.1548 		-38.4302 		0
v -19.1548 		-38.4302 		5
v -19.3483 		-38.5842 		0
v -19.3483 		-38.5842 		5
v -20.3027 		-40.0013 		0
v -20.3027 		-40.0013 		5
v -20.2413 		-40.056 		0
v -20.2413 		-40.056 		5
v -20.1753 		-40.1141 		0
v -20.1753 		-40.1141 		5
v -20.105 		-40.1755 		0
v -20.105 		-40.1755 		5
v -20.0306 		-40.2399 		0
v -20.0306 		-40.2399 		5
v -19.9523 		-40.3071 		0
v -19.9523 		-40.3071 		5
v -19.8706 		-40.3771 		0
v -19.8706 		-40.3771 		5
v -19.7853 		-40.4496 		0
v -19.7853 		-40.4496 		5
v -19.6969 		-40.5243 		0
v -19.6969 		-40.5243 		5
v -19.6055 		-40.601 		0
v -19.6055 		-40.601 		5
v -19.5115 		-40.6796 		0
v -19.5115 		-40.6796 		5
v -20.5218 		-39.5611 		0
v -20.5218 		-39.5611 		5
v -20.5579 		-39.5981 		0
v -20.5579 		-39.5981 		5
v -20.5848 		-39.6286 		0
v -20.5848 		-39.6286 		5
v -20.6032 		-39.6532 		0
v -20.6032 		-39.6532 		5
v -20.6139 		-39.6725 		0
v -20.6139 		-39.6725 		5
v -20.6173 		-39.6869 		0
v -20.6173 		-39.6869 		5
v -20.6139 		-39.6963 		0
v -20.6139 		-39.6963 		5
v -20.6036 		-39.7113 		0
v -20.6036 		-39.7113 		5
v -20.5866 		-39.7314 		0
v -20.5866 		-39.7314 		5
v -20.5634 		-39.7564 		0
v -20.5634 		-39.7564 		5
v -20.5339 		-39.7864 		0
v -20.5339 		-39.7864 		5
v -20.4986 		-39.8209 		0
v -20.4986 		-39.8209 		5
v -20.4576 		-39.8598 		0
v -20.4576 		-39.8598 		5
v -20.4111 		-39.903 		0
v -20.4111 		-39.903 		5
v -20.3595 		-39.9502 		0
v -20.3595 		-39.9502 		5
v -19.5252 		-38.7257 		0
v -19.5252 		-38.7257 		5
v -19.2857 		-66.4631 		5
v -19.6862 		-38.855 		0
v -19.6862 		-38.855 		5
v -19.064 		-66.4651 		5
v -19.832 		-38.9728 		0
v -18.8354 		-66.467 		5
v -19.832 		-38.9728 		5
v -18.6003 		-66.4683 		5
v -19.963 		-39.0796 		0
v -19.963 		-39.0796 		5
v -18.3595 		-66.4695 		5
v -20.08 		-39.1759 		0
v -20.08 		-39.1759 		5
v -18.1134 		-66.4704 		5
v -20.1836 		-39.2621 		0
v -17.8626 		-66.4708 		5
v -20.1836 		-39.2621 		5
v -17.8809 		-68.5336 		5
v -20.2745 		-39.3388 		0
v -20.2745 		-39.3388 		5
v -18.2004 		-68.5328 		5
v -20.353 		-39.4067 		0
v -20.353 		-39.4067 		5
v -18.5022 		-68.5326 		5
v -20.42 		-39.4659 		0
v -20.42 		-39.4659 		5
v -18.7868 		-68.5329 		5
v -20.4761 		-39.5173 		0
v -20.4761 		-39.5173 		5
v -19.0545 		-68.5336 		5
v -19.3055 		-68.5349 		5
v -17.9177 		-37.4535 		0
v -17.9177 		-37.4535 		5
v -18.2031 		-37.6782 		0
v -18.2031 		-37.6782 		5
v -18.0378 		-34.99 		5
v -18.0378 		-34.99 		0
v -19.5405 		-68.5365 		5
v -18.4193 		-34.9874 		5
v -19.7595 		-68.5386 		5
v -18.4193 		-34.9874 		0
v -18.7696 		-34.9851 		5
v -19.963 		-68.5413 		5
v -18.7696 		-34.9851 		0
v -20.1514 		-68.5444 		5
v -19.0901 		-34.9833 		5
v -19.0901 		-34.9833 		0
v -20.3251 		-68.548 		5
v -19.3822 		-34.9819 		5
v -19.3822 		-34.9819 		0
v -20.4843 		-68.5522 		5
v -20.6295 		-68.5567 		5
v -19.6472 		-34.9812 		5
v -19.6472 		-34.9812 		0
v -20.761 		-68.5619 		5
v -19.8867 		-34.981 		5
v -19.8867 		-34.981 		0
v -20.8791 		-68.5676 		5
v -20.9844 		-68.5737 		5
v -20.102 		-34.9817 		5
v -20.102 		-34.9817 		0
v -21.0769 		-68.5803 		5
v -20.2945 		-34.9832 		5
v -20.2945 		-34.9832 		0
v -21.1572 		-68.5875 		5
v -20.4658 		-34.9857 		5
v -20.4658 		-34.9857 		0
v -20.6171 		-34.9891 		5
v -20.6171 		-34.9891 		0
v -20.75 		-34.9936 		5
v -21.0978 		-66.4212 		5
v -20.75 		-34.9936 		0
v -20.8658 		-34.9993 		5
v -20.8658 		-34.9993 		0
v -20.9913 		-66.4263 		5
v -20.9661 		-35.0064 		5
v -20.9661 		-35.0064 		0
v -20.8713 		-66.4313 		5
v -21.0522 		-35.0148 		5
v -21.0522 		-35.0148 		0
v -20.7386 		-66.4359 		5
v -21.1255 		-35.0247 		5
v -21.1255 		-35.0247 		0
v -20.5936 		-66.4403 		5
v -21.1874 		-35.0362 		5
v -21.1874 		-35.0362 		0
v -20.437 		-66.4444 		5
v -20.2693 		-66.4483 		5
v -20.0912 		-66.4518 		5
v -17.4252 		-33.8937 		0
v -19.9032 		-66.455 		5
v -17.4252 		-33.8937 		5
v -17.3607 		-53.4336 		0
v -16.9953 		-33.8936 		0
v -19.7059 		-66.458 		5
v -16.9953 		-33.8936 		5
v -19.5 		-66.4607 		5
v -16.5996 		-33.8933 		0
v -16.5996 		-33.8933 		5
v -16.2366 		-33.8928 		0
v -16.2366 		-33.8928 		5
v -15.9048 		-33.8919 		0
v -15.9048 		-33.8919 		5
v -15.6028 		-33.8907 		0
v -14.1939 		-62.4211 		5
v -15.6028 		-33.8907 		5
v -15.3291 		-33.8889 		0
v -15.3291 		-33.8889 		5
v -15.0823 		-33.8867 		0
v -15.0823 		-33.8867 		5
v -15.9033 		-57.944 		5
v -15.595 		-57.7601 		5
v -15.293 		-57.5797 		5
v -14.9999 		-57.4044 		5
v -14.7178 		-57.2356 		5
v -14.8608 		-33.8837 		0
v -14.8608 		-33.8837 		5
v -15.8945 		-55.863 		5
v -14.6632 		-33.88 		0
v -14.6632 		-33.88 		5
v -14.488 		-33.8756 		0
v -14.488 		-33.8756 		5
v -14.3339 		-33.8703 		0
v -15.8112 		-55.8134 		5
v -14.3339 		-33.8703 		5
v -14.1993 		-33.8641 		0
v -15.6501 		-55.717 		5
v -15.7298 		-55.7646 		5
v -14.1993 		-33.8641 		5
v -15.5727 		-55.6706 		5
v -14.2433 		-62.4262 		0
v -15.4978 		-55.6256 		5
v -19.3243 		-33.8806 		0
v -19.3243 		-33.8806 		5
v -15.4255 		-55.5821 		5
v -14.2911 		-62.4317 		0
v -19.1085 		-33.8835 		0
v -19.1085 		-33.8835 		5
v -14.337 		-62.4376 		0
v -18.8854 		-33.8861 		0
v -18.8854 		-33.8861 		5
v -15.3561 		-55.5403 		5
v -18.6555 		-33.8884 		0
v -18.6555 		-33.8884 		5
v -17.3384 		-53.4495 		0
v -15.2271 		-55.4621 		5
v -18.4193 		-33.8902 		0
v -15.2899 		-55.5002 		5
v -18.4193 		-33.8902 		5
v -18.1777 		-33.8917 		0
v -15.1677 		-55.426 		5
v -17.3121 		-53.4677 		0
v -18.1777 		-33.8917 		5
v -17.9311 		-33.8928 		0
v -17.9311 		-33.8928 		5
v -17.282 		-53.488 		0
v -15.1123 		-55.3922 		5
v -17.68 		-33.8934 		0
v -17.68 		-33.8934 		5
v -21.1305 		-33.8227 		0
v -14.449 		-57.0744 		5
v -14.196 		-56.9224 		5
v -21.1305 		-33.8227 		5
v -21.0481 		-33.8289 		0
v -21.0481 		-33.8289 		5
v -20.9514 		-33.8348 		0
v -14.3589 		-62.8259 		0
v -20.9514 		-33.8348 		5
v -20.8409 		-33.8405 		0
v -20.8409 		-33.8405 		5
v -14.3297 		-62.8382 		0
v -17.4634 		-58.8719 		5
v -17.1567 		-58.6898 		5
v -16.845 		-58.5046 		5
v -20.7173 		-33.8459 		0
v -16.5307 		-58.3177 		5
v -17.2481 		-53.5104 		0
v -16.2161 		-58.1303 		5
v -20.7173 		-33.8459 		5
v -14.272 		-62.8588 		0
v -20.581 		-33.8511 		0
v -16.7619 		-56.3758 		5
v -20.581 		-33.8511 		5
v -16.6786 		-56.3272 		5
v -20.4328 		-33.8562 		0
v -20.4328 		-33.8562 		5
v -20.2732 		-33.861 		0
v -20.2732 		-33.861 		5
v -14.381 		-62.4436 		0
v -20.1027 		-33.8654 		0
v -20.1027 		-33.8654 		5
v -17.3808 		-53.4203 		0
v -16.5934 		-56.2774 		5
v -19.922 		-33.8697 		0
v -19.922 		-33.8697 		5
v -14.423 		-62.4501 		0
v -16.5066 		-56.2262 		5
v -19.7317 		-33.8736 		0
v -19.7317 		-33.8736 		5
v -17.4406 		-53.3819 		0
v -17.4209 		-53.3945 		0
v -19.5323 		-33.8772 		0
v -19.5323 		-33.8772 		5
v -16.4183 		-56.174 		5
v -17.4009 		-53.4072 		0
v -16.1525 		-56.0163 		5
v -16.2404 		-56.0683 		5
v -16.3289 		-56.1207 		5
v -16.0654 		-55.9646 		5
v -21.86 		-36.0201 		0
v -21.86 		-36.0201 		5
v -15.9793 		-55.9134 		5
v -17.4603 		-53.3698 		0
v -21.8466 		-36.0308 		0
v -21.8466 		-36.0308 		5
v -21.8321 		-36.038 		0
v -21.8321 		-36.038 		5
v -17.4795 		-53.3581 		0
v -21.8165 		-36.042 		0
v -17.2104 		-56.6328 		5
v -21.8165 		-36.042 		5
v -17.1428 		-56.5946 		5
v -21.7996 		-36.0433 		0
v -21.7996 		-36.0433 		5
v -17.0721 		-56.5544 		5
v -21.7865 		-36.0427 		0
v -21.7865 		-36.0427 		5
v -16.9985 		-56.5123 		5
v -21.7738 		-36.041 		0
v -21.7738 		-36.041 		5
v -16.922 		-56.4685 		5
v -21.7618 		-36.0382 		0
v -21.7618 		-36.0382 		5
v -16.843 		-56.4229 		5
v -21.7504 		-36.0344 		0
v -21.7504 		-36.0344 		5
v -17.4986 		-53.3467 		0
v -21.7394 		-36.0294 		0
v -21.7394 		-36.0294 		5
v -21.7291 		-36.0233 		0
v -21.7291 		-36.0233 		5
v -17.5172 		-53.3357 		0
v -17.6658 		-56.8789 		5
v -21.7193 		-36.0161 		0
v -21.7193 		-36.0161 		5
v -17.5352 		-53.3252 		0
v -17.6415 		-56.867 		5
v -17.5528 		-53.3152 		0
v -17.612 		-56.8521 		5
v -17.5773 		-56.834 		5
v -17.5699 		-53.3056 		0
v -17.5378 		-56.8132 		5
v -21.6232 		-35.5932 		5
v -17.5864 		-53.2966 		0
v -17.4936 		-56.7894 		5
v -21.6278 		-35.6172 		5
v -17.6022 		-53.2881 		0
v -17.445 		-56.7631 		5
v -17.3922 		-56.734 		5
v -21.4002 		-35.1424 		5
v -17.6172 		-53.2803 		0
v -17.3353 		-56.7026 		5
v -17.6315 		-53.2731 		0
v -17.2747 		-56.6688 		5
v -17.6448 		-53.2664 		0
v -21.5428 		-35.3526 		5
v -18.8439 		-59.689 		5
v -17.6574 		-53.2605 		0
v -19.1522 		-59.8697 		5
v -21.5534 		-35.3755 		5
v -14.4627 		-62.4566 		0
v -21.5634 		-35.3989 		5
v -14.5002 		-62.4635 		0
v -18.5958 		-59.5426 		5
v -18.3314 		-59.3862 		5
v -18.0531 		-59.2215 		5
v -17.763 		-59.0496 		5
v -21.5729 		-35.4227 		5
v -19.4356 		-60.0361 		5
v -14.5352 		-62.4705 		0
v -21.582 		-35.4468 		5
v -19.6951 		-60.189 		5
v -19.932 		-60.3294 		5
v -14.5678 		-62.4777 		0
v -21.5905 		-35.4711 		5
v -20.1472 		-60.458 		5
v -16.7979 		-52.5583 		0
v -16.9009 		-52.4964 		0
v -16.9009 		-52.4964 		5
v -16.7979 		-52.5583 		5
v -21.5983 		-35.4955 		5
v -20.3417 		-60.5757 		5
v -17.0069 		-52.4328 		0
v -17.0069 		-52.4328 		5
v -20.5168 		-60.6833 		5
v -17.1158 		-52.3675 		0
v -21.6055 		-35.52 		5
v -17.1158 		-52.3675 		5
v -21.6122 		-35.5445 		5
v -17.2272 		-52.3009 		0
v -21.6181 		-35.569 		5
v -17.2272 		-52.3009 		5
v -14.5651 		-62.7208 		0
v -17.3407 		-52.2331 		0
v -17.456 		-52.1641 		0
v -17.456 		-52.1641 		5
v -17.3407 		-52.2331 		5
v -17.5728 		-52.0943 		0
v -17.5728 		-52.0943 		5
v -14.5426 		-62.7343 		0
v -21.4226 		-35.1671 		5
v -20.6734 		-60.7818 		5
v -20.8127 		-60.8717 		5
v -21.4449 		-35.1942 		5
v -20.9358 		-60.9542 		5
v -21.0436 		-61.0298 		5
v -21.4583 		-35.2108 		5
v -21.1372 		-61.0997 		5
v -17.7674 		-54.585 		0
v -21.4713 		-35.2286 		5
v -17.7674 		-54.585 		5
v -21.484 		-35.2473 		5
v -17.7681 		-54.7018 		0
v -17.7681 		-54.7018 		5
v -21.4966 		-35.2668 		5
v -17.7687 		-54.8214 		0
v -19.2953 		-57.7866 		5
v -21.5088 		-35.2873 		5
v -18.414 		-57.217 		5
v -17.7687 		-54.8214 		5
v -21.5205 		-35.3083 		5
v -17.769 		-54.9433 		0
v -17.769 		-54.9433 		5
v -21.5319 		-35.3301 		5
v -17.7691 		-55.0673 		0
v -17.7691 		-55.0673 		5
v -17.7282 		-56.7511 		5
v -17.7689 		-55.1926 		0
v -17.7689 		-55.1926 		5
v -17.7245 		-56.7938 		5
v -17.7684 		-55.3155 		0
v -17.7684 		-55.3155 		5
v -21.7101 		-36.0078 		5
v -17.7206 		-56.8294 		5
v -17.7166 		-56.8574 		5
v -21.7014 		-35.9985 		5
v -17.7127 		-56.8779 		5
v -21.6932 		-35.988 		5
v -17.7086 		-56.8903 		5
v -21.6857 		-35.9765 		5
v -17.7046 		-56.8945 		5
v -17.6975 		-56.8928 		5
v -21.6787 		-35.964 		5
v -17.6845 		-56.8875 		5
v -21.6722 		-35.9504 		5
v -21.6663 		-35.9357 		5
v -21.6611 		-35.92 		5
v -17.7519 		-56.2746 		5
v -17.7489 		-56.3598 		5
v -21.6563 		-35.9031 		5
v -17.7459 		-56.4398 		5
v -21.6521 		-35.8853 		5
v -17.7425 		-56.5141 		5
v -17.7392 		-56.5828 		5
v -21.6485 		-35.8665 		5
v -17.7357 		-56.6453 		5
v -17.732 		-56.7015 		5
v -21.6454 		-35.8465 		5
v -21.6429 		-35.8256 		5
v -21.6409 		-35.8036 		5
v -17.7493 		-53.6238 		0
v -17.7676 		-55.4359 		5
v -17.7493 		-53.6238 		5
v -17.7665 		-55.5535 		5
v -17.7519 		-53.6986 		0
v -17.7519 		-53.6986 		5
v -17.7652 		-55.6679 		5
v -17.7543 		-53.779 		0
v -21.6395 		-35.7806 		5
v -17.7543 		-53.779 		5
v -17.7635 		-55.7791 		5
v -17.7566 		-53.8644 		0
v -17.7566 		-53.8644 		5
v -21.6315 		-35.641 		5
v -17.7617 		-55.8866 		5
v -17.7587 		-53.9549 		0
v -17.7587 		-53.9549 		5
v -21.6345 		-35.6644 		5
v -17.7595 		-55.9901 		5
v -17.7606 		-54.0499 		0
v -17.7606 		-54.0499 		5
v -17.7572 		-56.0895 		5
v -17.7623 		-54.1494 		0
v -17.7623 		-54.1494 		5
v -17.7546 		-56.1844 		5
v -21.6387 		-35.7566 		5
v -17.7638 		-54.2529 		0
v -17.7638 		-54.2529 		5
v -21.6367 		-35.6873 		5
v -17.7652 		-54.3601 		0
v -17.7652 		-54.3601 		5
v -21.638 		-35.7098 		5
v -17.7664 		-54.4709 		0
v -17.7664 		-54.4709 		5
v -20.283 		-58.4091 		5
v -21.6384 		-35.7316 		5
v -20.1461 		-58.3255 		5
v -19.9988 		-58.234 		5
v -17.7405 		-53.4351 		5
v -19.8405 		-58.1347 		5
v -21.9384 		-35.623 		5
v -19.6707 		-58.0271 		5
v -17.7436 		-53.4918 		5
v -19.4892 		-57.9112 		5
v -21.9346 		-35.6926 		5
v -17.7465 		-53.5548 		5
v -21.9299 		-35.7544 		5
v -21.1734 		-58.8678 		5
v -21.9245 		-35.809 		5
v -17.669 		-53.2553 		5
v -21.1167 		-58.8496 		5
v -21.9182 		-35.8565 		5
v -21.054 		-58.8257 		5
v -17.6796 		-53.2508 		5
v -20.9849 		-58.7962 		5
v -21.9109 		-35.8976 		5
v -17.6891 		-53.2471 		5
v -20.9088 		-58.7606 		5
v -21.9027 		-35.9326 		5
v -14.5192 		-62.7477 		0
v -17.6975 		-53.244 		5
v -21.8935 		-35.9619 		5
v -14.4946 		-62.7611 		0
v -17.7047 		-53.2419 		5
v -14.4691 		-62.7745 		0
v -21.8834 		-35.986 		5
v -20.8255 		-58.7189 		5
v -20.7344 		-58.6706 		5
v -21.8723 		-36.0052 		5
v -14.4428 		-62.7876 		0
v -14.4156 		-62.8006 		0
v -21.9465 		-35.1443 		5
v -14.3876 		-62.8134 		0
v -21.9462 		-35.2589 		5
v -21.9454 		-35.3636 		5
v -21.9437 		-35.4589 		5
v -21.9414 		-35.5452 		5
v -14.5864 		-62.7075 		0
v -14.6065 		-62.6942 		0
v -14.6253 		-62.6811 		0
v -14.6427 		-62.6679 		0
v -14.6588 		-62.6552 		0
v -17.7106 		-53.2406 		5
v -17.7153 		-53.2402 		5
v -14.6884 		-62.516 		0
v -14.6702 		-62.5081 		0
v -14.6489 		-62.5003 		0
v -14.6247 		-62.4926 		0
v -14.5977 		-62.4851 		0
v -14.6733 		-62.6427 		0
v -17.7193 		-53.2445 		5
v -14.6863 		-62.6304 		0
v -17.7232 		-53.257 		5
v -17.727 		-53.2777 		5
v -14.6978 		-62.6185 		0
v -14.7076 		-62.6069 		0
v -14.7156 		-62.5958 		0
v -14.7218 		-62.5852 		0
v -14.7262 		-62.575 		0
v -14.7286 		-62.5654 		0
v -14.729 		-62.5564 		0
v -14.7274 		-62.548 		0
v -14.7229 		-62.5399 		0
v -17.7305 		-53.3061 		5
v -14.7148 		-62.5319 		0
v -14.7032 		-62.5239 		0
v -19.2857 		-66.4631 		0
v -17.7341 		-53.342 		5
v -19.064 		-66.4651 		0
v -20.6351 		-58.6158 		5
v -17.7374 		-53.3851 		5
v -20.5269 		-58.5541 		5
v -20.4098 		-58.4852 		5
v -18.414 		-52.864 		5
v -21.5455 		-69.0427 		5
v -21.5528 		-69.0737 		5
v -21.5599 		-69.1052 		5
v -21.5667 		-69.1369 		5
v -21.573 		-69.1689 		5
v -21.5791 		-69.201 		5
v -21.5847 		-69.2333 		5
v -21.624 		-69.4197 		5
v -21.6166 		-69.3919 		5
v -21.6095 		-69.3629 		5
v -21.6027 		-69.3324 		5
v -21.5963 		-69.3007 		5
v -21.5902 		-69.2676 		5
v -18.8354 		-66.467 		0
v -18.6003 		-66.4683 		0
v -21.2257 		-68.5953 		5
v -18.3595 		-66.4695 		0
v -21.2825 		-68.6036 		5
v -18.1134 		-66.4704 		0
v -17.8626 		-66.4708 		0
v -21.3283 		-68.6124 		5
v -17.8809 		-68.5336 		0
v -21.3631 		-68.6217 		5
v -18.2004 		-68.5328 		0
v -18.5022 		-68.5326 		0
v -18.7868 		-68.5329 		0
v -19.0545 		-68.5336 		0
v -19.3055 		-68.5349 		0
v -19.5405 		-68.5365 		0
v -19.7595 		-68.5386 		0
v -19.963 		-68.5413 		0
v -20.1514 		-68.5444 		0
v -20.3251 		-68.548 		0
v -20.4843 		-68.5522 		0
v -20.6295 		-68.5567 		0
v -20.761 		-68.5619 		0
v -20.8791 		-68.5676 		0
v -20.9844 		-68.5737 		0
v -21.0769 		-68.5803 		0
v -21.1572 		-68.5875 		0
v -21.0978 		-66.4212 		0
v -20.9913 		-66.4263 		0
v -20.8713 		-66.4313 		0
v -20.7386 		-66.4359 		0
v -20.5936 		-66.4403 		0
v -20.437 		-66.4444 		0
v -20.2693 		-66.4483 		0
v -20.0912 		-66.4518 		0
v -19.9032 		-66.455 		0
v -19.7059 		-66.458 		0
v -19.5 		-66.4607 		0
v -14.1939 		-62.4211 		0
v -14.7178 		-57.2356 		0
v -14.9999 		-57.4044 		0
v -15.293 		-57.5797 		0
v -15.595 		-57.7601 		0
v -15.9033 		-57.944 		0
v -15.8945 		-55.863 		0
v -15.8112 		-55.8134 		0
v -15.7298 		-55.7646 		0
v -15.6501 		-55.717 		0
v -15.5727 		-55.6706 		0
v -15.4978 		-55.6256 		0
v -15.4255 		-55.5821 		0
v -15.3561 		-55.5403 		0
v -15.2899 		-55.5002 		0
v -15.2271 		-55.4621 		0
v -15.1677 		-55.426 		0
v -15.1123 		-55.3922 		0
v -14.196 		-56.9224 		0
v -14.449 		-57.0744 		0
v -16.2161 		-58.1303 		0
v -16.5307 		-58.3177 		0
v -16.845 		-58.5046 		0
v -17.1567 		-58.6898 		0
v -17.4634 		-58.8719 		0
v -16.7619 		-56.3758 		0
v -16.6786 		-56.3272 		0
v -21.3876 		-68.6317 		5
v -21.4019 		-68.6421 		5
v -16.5934 		-56.2774 		0
v -21.4088 		-68.6525 		5
v -16.5066 		-56.2262 		0
v -16.4183 		-56.174 		0
v -16.3289 		-56.1207 		0
v -16.2404 		-56.0683 		0
v -16.1525 		-56.0163 		0
v -21.4805 		-68.8181 		5
v -16.0654 		-55.9646 		0
v -21.4889 		-68.8431 		5
v -15.9793 		-55.9134 		0
v -21.4973 		-68.8691 		5
v -21.5057 		-68.8962 		5
v -21.5139 		-68.9241 		5
v -17.2104 		-56.6328 		0
v -21.5221 		-68.9528 		5
v -21.5302 		-68.9821 		5
v -17.1428 		-56.5946 		0
v -21.5379 		-69.0121 		5
v -21.416 		-68.6646 		5
v -21.4234 		-68.6786 		5
v -21.4312 		-68.6942 		5
v -21.439 		-68.7113 		5
v -21.4471 		-68.73 		5
v -21.4554 		-68.7501 		5
v -21.4636 		-68.7716 		5
v -21.472 		-68.7942 		5
v -21.6316 		-69.446 		5
v -21.8952 		-68.7074 		5
v -21.8918 		-68.8231 		5
v -21.888 		-68.9307 		5
v -21.8837 		-69.0301 		5
v -21.8788 		-69.1218 		5
v -21.8736 		-69.2056 		5
v -21.8678 		-69.2818 		5
v -21.8614 		-69.3503 		5
v -21.8545 		-69.4116 		5
v -21.8471 		-69.4657 		5
v -21.9064 		-67.8336 		5
v -21.9055 		-68.0012 		5
v -21.9043 		-68.1599 		5
v -17.7405 		-53.4351 		0
v -21.9026 		-68.3097 		5
v -21.9005 		-68.4508 		5
v -21.8981 		-68.5834 		5
v -17.7436 		-53.4918 		0
v -17.7465 		-53.5548 		0
v -21.9059 		-66.8541 		5
v -21.9066 		-67.0447 		5
v -21.907 		-67.2501 		5
v -21.9071 		-67.4706 		5
v -21.9069 		-67.6567 		5
v -21.4095 		-66.3916 		5
v -17.669 		-53.2553 		0
v -21.3785 		-66.3981 		5
v -21.3313 		-66.4042 		5
v -21.2684 		-66.4101 		5
v -21.1904 		-66.4158 		5
v -21.5 		-66.1848 		5
v -21.4943 		-66.2102 		5
v -21.4882 		-66.2341 		5
v -21.4822 		-66.2567 		5
v -21.476 		-66.278 		5
v -17.0721 		-56.5544 		0
v -21.4696 		-66.2977 		5
v -16.9985 		-56.5123 		0
v -21.4632 		-66.3157 		5
v -21.4567 		-66.3321 		5
v -21.4502 		-66.3466 		5
v -21.4435 		-66.3593 		5
v -21.4369 		-66.3699 		5
v -21.4301 		-66.3786 		5
v -21.4234 		-66.3851 		5
v -21.5391 		-65.9479 		5
v -21.5351 		-65.9801 		5
v -21.5307 		-66.0118 		5
v -21.5262 		-66.0427 		5
v -21.5213 		-66.0729 		5
v -21.5163 		-66.1024 		5
v -17.6796 		-53.2508 		0
v -21.511 		-66.1309 		5
v -16.922 		-56.4685 		0
v -17.6891 		-53.2471 		0
v -21.5057 		-66.1585 		5
v -16.843 		-56.4229 		0
v -17.6975 		-53.244 		0
v -17.7047 		-53.2419 		0
v -17.6658 		-56.8789 		0
v -17.7106 		-53.2406 		0
v -17.6415 		-56.867 		0
v -17.612 		-56.8521 		0
v -21.8929 		-65.9909 		5
v -21.8963 		-66.104 		5
v -21.8992 		-66.2288 		5
v -17.7153 		-53.2402 		0
v -21.9015 		-66.3656 		5
v -21.9034 		-66.5151 		5
v -21.9048 		-66.6777 		5
v -17.5773 		-56.834 		0
v -17.7193 		-53.2445 		0
v -17.5378 		-56.8132 		0
v -24.3039 		-68.4487 		5
v -24.3001 		-68.0932 		5
v -24.297 		-67.7627 		5
v -24.2945 		-67.4561 		5
v -17.7232 		-53.257 		0
v -17.4936 		-56.7894 		0
v -17.445 		-56.7631 		0
v -17.727 		-53.2777 		0
v -24.2925 		-67.1726 		5
v -24.2913 		-66.9112 		5
v -24.2908 		-66.6711 		5
v -24.291 		-66.4513 		5
v -24.292 		-66.2509 		5
v -24.2937 		-66.0691 		5
v -17.3922 		-56.734 		0
v -17.7305 		-53.3061 		0
v -17.3353 		-56.7026 		0
v -21.5524 		-65.8154 		5
v -21.5553 		-65.7735 		5
v -21.5584 		-65.7336 		5
v -21.5621 		-65.6959 		5
v -17.7341 		-53.342 		0
v -17.2747 		-56.6688 		0
v -21.5495 		-65.8489 		5
v -21.5659 		-65.6602 		5
v -17.7374 		-53.3851 		0
v -21.5464 		-65.8823 		5
v -21.5704 		-65.6265 		5
v -18.8439 		-59.689 		0
v -21.5751 		-65.5947 		5
v -19.1522 		-59.8697 		0
v -21.5802 		-65.565 		5
v -21.5428 		-65.9153 		5
v -18.414 		-52.864 		0
v -21.5858 		-65.5371 		5
v -17.763 		-59.0496 		0
v -18.0531 		-59.2215 		0
v -18.3314 		-59.3862 		0
v -18.5958 		-59.5426 		0
v -21.5919 		-65.5112 		5
v -19.4356 		-60.0361 		0
v -21.5984 		-65.4872 		5
v -21.6054 		-65.465 		5
v -21.6128 		-65.4446 		5
v -21.6209 		-65.426 		5
v -21.6294 		-65.4091 		5
v -19.6951 		-60.189 		0
v -19.932 		-60.3294 		0
v -20.1472 		-60.458 		0
v -21.8583 		-65.5267 		5
v -20.3417 		-60.5757 		0
v -21.8659 		-65.5812 		5
v -21.8728 		-65.6441 		5
v -21.8788 		-65.716 		5
v -21.8842 		-65.7975 		5
v -21.8889 		-65.8889 		5
v -20.5168 		-60.6833 		0
v -17.6907 		-52.0239 		0
v -17.6907 		-52.0239 		5
v -21.6384 		-65.3941 		5
v -21.648 		-65.3808 		5
v -21.6581 		-65.369 		5
v -21.6688 		-65.3589 		5
v -21.6801 		-65.3506 		5
v -17.8096 		-51.9531 		0
v -21.692 		-65.3437 		5
v -17.9289 		-51.8819 		0
v -21.7045 		-65.3384 		5
v -17.9289 		-51.8819 		5
v -21.7176 		-65.3346 		5
v -17.8096 		-51.9531 		5
v -21.7315 		-65.3325 		5
v -21.7459 		-65.3317 		5
v -21.7627 		-65.3335 		5
v -21.7784 		-65.3389 		5
v -19.8327 		-52.0256 		5
v -21.7929 		-65.3487 		5
v -21.8063 		-65.3633 		5
v -19.8327 		-52.0256 		0
v -21.8186 		-65.3832 		5
v -21.83 		-65.409 		5
v -21.8403 		-65.4412 		5
v -21.8498 		-65.4802 		5
v -19.353 		-51.0297 		0
v -20.6734 		-60.7818 		0
v -19.353 		-51.0297 		5
v -19.064 		-51.2041 		0
v -19.064 		-51.2041 		5
v -20.8127 		-60.8717 		0
v -18.7509 		-51.3919 		0
v -18.7509 		-51.3919 		5
v -20.9358 		-60.9542 		0
v -21.0436 		-61.0298 		0
v -18.0485 		-51.8107 		0
v -18.0485 		-51.8107 		5
v -24.2963 		-65.9049 		5
v -24.2996 		-65.7576 		5
v -24.3039 		-65.6259 		5
v -24.3091 		-65.5094 		5
v -21.1372 		-61.0997 		0
v -24.3151 		-65.4068 		5
v -18.4127 		-51.5939 		0
v -24.3222 		-65.3173 		5
v -24.3301 		-65.2402 		5
v -24.3392 		-65.1744 		5
v -24.3493 		-65.1189 		5
v -18.4127 		-51.5939 		5
v -24.3603 		-65.0731 		5
v -21.1291 		-49.8786 		0
v -21.1291 		-49.8786 		5
v -24.3726 		-65.036 		5
v -24.3859 		-65.0065 		5
v -24.4004 		-64.9838 		5
v -24.416 		-64.9672 		5
v -24.4329 		-64.9556 		5
v -24.4795 		-64.9426 		5
v -24.5664 		-64.9303 		5
v -21.0282 		-49.9552 		0
v -24.6901 		-64.9189 		5
v -21.0282 		-49.9552 		5
v -20.9129 		-50.0385 		0
v -20.9129 		-50.0385 		5
v -25.5077 		-66.9977 		5
v -25.4862 		-69.3945 		5
v -20.7821 		-50.1295 		0
v -20.7821 		-50.1295 		5
v -27.0124 		-66.9977 		5
v -28.1947 		-66.9977 		5
v -20.6348 		-50.2284 		0
v -20.6348 		-50.2284 		5
v -20.4703 		-50.336 		0
v -20.4703 		-50.336 		5
v -20.2874 		-50.4532 		0
v -20.2874 		-50.4532 		5
v -20.0851 		-50.5806 		0
v -20.0851 		-50.5806 		5
v -19.8626 		-50.7186 		0
v -19.8626 		-50.7186 		5
v -19.6189 		-50.8681 		0
v -24.8477 		-64.9084 		5
v -25.0359 		-64.8987 		5
v -19.6189 		-50.8681 		5
v -25.2515 		-64.8899 		5
v -25.4912 		-64.882 		5
v -25.7521 		-64.8752 		5
v -26.0309 		-64.8693 		5
v -26.3243 		-64.8643 		5
v -26.6293 		-64.8603 		5
v -26.9426 		-64.8575 		5
v -27.261 		-64.8557 		5
v -27.5814 		-64.855 		5
v -27.9006 		-64.8553 		5
v -28.2155 		-64.8568 		5
v -21.6209 		-62.0227 		5
v -21.6127 		-62.0083 		5
v -21.605 		-61.9931 		5
v -14.1966 		-46.7458 		5
v -14.1966 		-46.7458 		0
v -21.5078 		-61.5476 		5
v -14.4857 		-46.7307 		5
v -14.4857 		-46.7307 		0
v -14.8184 		-46.7173 		5
v -14.8184 		-46.7173 		0
v -21.5228 		-61.6023 		5
v -15.1887 		-46.7057 		5
v -15.1887 		-46.7057 		0
v -15.5905 		-46.6958 		5
v -15.5905 		-46.6958 		0
v -21.5347 		-61.6595 		5
v -21.5441 		-61.7201 		5
v -21.5524 		-61.7849 		5
v -19.2953 		-57.7866 		0
v -18.414 		-57.217 		0
v -16.0176 		-46.6877 		5
v -16.0176 		-46.6877 		0
v -16.464 		-46.6815 		5
v -16.464 		-46.6815 		0
v -17.7282 		-56.7511 		0
v -16.9235 		-46.6771 		5
v -16.9235 		-46.6771 		0
v -17.7245 		-56.7938 		0
v -17.3902 		-46.6744 		5
v -17.7206 		-56.8294 		0
v -17.3902 		-46.6744 		0
v -17.7166 		-56.8574 		0
v -17.7127 		-56.8779 		0
v -17.7086 		-56.8903 		0
v -17.7046 		-56.8945 		0
v -17.6975 		-56.8928 		0
v -17.6845 		-56.8875 		0
v -21.5975 		-61.9766 		5
v -21.5907 		-61.9592 		5
v -21.5841 		-61.9408 		5
v -21.5781 		-61.9214 		5
v -21.5725 		-61.9011 		5
v -21.5675 		-61.8797 		5
v -21.5629 		-61.8573 		5
v -21.5589 		-61.8341 		5
v -21.5554 		-61.8099 		5
v -17.7519 		-56.2746 		0
v -17.7489 		-56.3598 		0
v -17.7459 		-56.4398 		0
v -17.7425 		-56.5141 		0
v -21.7339 		-62.1067 		5
v -21.7221 		-62.1049 		5
v -21.7106 		-62.1018 		5
v -21.6994 		-62.0977 		5
v -21.6885 		-62.0922 		5
v -21.6778 		-62.0856 		5
v -21.6675 		-62.078 		5
v -21.6575 		-62.0691 		5
v -17.7392 		-56.5828 		0
v -21.6479 		-62.0592 		5
v -21.6385 		-62.0481 		5
v -21.6295 		-62.036 		5
v -17.7357 		-56.6453 		0
v -21.8412 		-62.0141 		5
v -21.8305 		-62.0411 		5
v -21.819 		-62.0629 		5
v -21.8065 		-62.0799 		5
v -21.7929 		-62.0925 		5
v -21.7784 		-62.101 		5
v -21.7627 		-62.1058 		5
v -21.7459 		-62.1073 		5
v -14.7514 		-44.7414 		5
v -14.7059 		-44.7277 		5
v -14.7048 		-44.7236 		5
v -21.9008 		-61.5647 		5
v -21.8953 		-61.6471 		5
v -21.8894 		-61.7213 		5
v -21.8829 		-61.7876 		5
v -21.8759 		-61.8464 		5
v -21.8683 		-61.8981 		5
v -14.7069 		-44.7169 		5
v -21.86 		-61.943 		5
v -21.851 		-61.9816 		5
v -14.712 		-44.7075 		5
v -21.2179 		-61.1645 		5
v -14.7201 		-44.6957 		5
v -21.2866 		-61.2251 		5
v -21.3444 		-61.2823 		5
v -14.7311 		-44.6814 		5
v -21.3924 		-61.337 		5
v -14.7448 		-44.6649 		5
v -21.4316 		-61.3901 		5
v -14.7612 		-44.6462 		5
v -21.4632 		-61.4422 		5
v -21.4882 		-61.4945 		5
v -14.7804 		-44.6254 		5
v -14.8019 		-44.6026 		5
v -21.9314 		-60.724 		5
v -21.9275 		-60.8751 		5
v -21.9235 		-61.0151 		5
v -21.9195 		-61.1446 		5
v -21.9152 		-61.2639 		5
v -21.9106 		-61.3734 		5
v -21.9059 		-61.4736 		5
v -15.0178 		-44.7623 		5
v -14.8571 		-44.7529 		5
v -21.9432 		-59.8111 		5
v -21.9429 		-59.9233 		5
v -14.8258 		-44.578 		5
v -14.8521 		-44.5515 		5
v -14.8805 		-44.5235 		5
v -14.9112 		-44.4938 		5
v -14.9437 		-44.4628 		5
v -14.9784 		-44.4302 		5
v -15.0148 		-44.3965 		5
v -21.6232 		-35.5932 		0
v -21.6278 		-35.6172 		0
v -17.732 		-56.7015 		0
v -17.7676 		-55.4359 		0
v -17.7665 		-55.5535 		0
v -17.7652 		-55.6679 		0
v -17.7635 		-55.7791 		0
v -17.7617 		-55.8866 		0
v -17.7595 		-55.9901 		0
v -17.7572 		-56.0895 		0
v -17.7546 		-56.1844 		0
v -20.283 		-58.4091 		0
v -20.1461 		-58.3255 		0
v -19.9988 		-58.234 		0
v -19.8405 		-58.1347 		0
v -19.6707 		-58.0271 		0
v -19.4892 		-57.9112 		0
v -21.1734 		-58.8678 		0
v -21.1167 		-58.8496 		0
v -21.054 		-58.8257 		0
v -20.9849 		-58.7962 		0
v -20.9088 		-58.7606 		0
v -21.4002 		-35.1424 		0
v -20.8255 		-58.7189 		0
v -20.7344 		-58.6706 		0
v -21.5428 		-35.3526 		0
v -20.6351 		-58.6158 		0
v -20.5269 		-58.5541 		0
v -21.5534 		-35.3755 		0
v -20.4098 		-58.4852 		0
v -21.5634 		-35.3989 		0
v -21.5455 		-69.0427 		0
v -21.5729 		-35.4227 		0
v -21.5528 		-69.0737 		0
v -21.582 		-35.4468 		0
v -21.5599 		-69.1052 		0
v -21.5905 		-35.4711 		0
v -21.5983 		-35.4955 		0
v -21.6055 		-35.52 		0
v -21.6122 		-35.5445 		0
v -21.6181 		-35.569 		0
v -21.4226 		-35.1671 		0
v -21.4449 		-35.1942 		0
v -21.5667 		-69.1369 		0
v -21.4583 		-35.2108 		0
v -21.573 		-69.1689 		0
v -21.4713 		-35.2286 		0
v -21.5791 		-69.201 		0
v -21.484 		-35.2473 		0
v -21.5847 		-69.2333 		0
v -21.4966 		-35.2668 		0
v -21.5088 		-35.2873 		0
v -21.5902 		-69.2676 		0
v -21.5963 		-69.3007 		0
v -21.6027 		-69.3324 		0
v -21.6095 		-69.3629 		0
v -21.6166 		-69.3919 		0
v -21.624 		-69.4197 		0
v -21.5205 		-35.3083 		0
v -21.2257 		-68.5953 		0
v -21.5319 		-35.3301 		0
v -21.2825 		-68.6036 		0
v -21.3283 		-68.6124 		0
v -21.3631 		-68.6217 		0
v -21.3876 		-68.6317 		0
v -21.4019 		-68.6421 		0
v -21.4088 		-68.6525 		0
v -21.4805 		-68.8181 		0
v -21.4889 		-68.8431 		0
v -21.4973 		-68.8691 		0
v -21.5057 		-68.8962 		0
v -21.5139 		-68.9241 		0
v -21.5221 		-68.9528 		0
v -21.5302 		-68.9821 		0
v -21.5379 		-69.0121 		0
v -21.416 		-68.6646 		0
v -21.4234 		-68.6786 		0
v -21.4312 		-68.6942 		0
v -21.439 		-68.7113 		0
v -21.4471 		-68.73 		0
v -21.4554 		-68.7501 		0
v -21.4636 		-68.7716 		0
v -21.472 		-68.7942 		0
v -21.8471 		-69.4657 		0
v -21.8545 		-69.4116 		0
v -21.8614 		-69.3503 		0
v -21.8678 		-69.2818 		0
v -21.8736 		-69.2056 		0
v -21.8788 		-69.1218 		0
v -21.8837 		-69.0301 		0
v -21.888 		-68.9307 		0
v -21.8918 		-68.8231 		0
v -21.8952 		-68.7074 		0
v -21.6316 		-69.446 		0
v -21.8981 		-68.5834 		0
v -21.9005 		-68.4508 		0
v -21.9026 		-68.3097 		0
v -21.9043 		-68.1599 		0
v -21.9055 		-68.0012 		0
v -21.9064 		-67.8336 		0
v -21.9069 		-67.6567 		0
v -21.9071 		-67.4706 		0
v -21.907 		-67.2501 		0
v -21.9066 		-67.0447 		0
v -21.9059 		-66.8541 		0
v -21.4095 		-66.3916 		0
v -21.3785 		-66.3981 		0
v -21.3313 		-66.4042 		0
v -21.2684 		-66.4101 		0
v -21.1904 		-66.4158 		0
v -21.5 		-66.1848 		0
v -21.4943 		-66.2102 		0
v -21.4882 		-66.2341 		0
v -21.4822 		-66.2567 		0
v -21.476 		-66.278 		0
v -21.4696 		-66.2977 		0
v -21.4632 		-66.3157 		0
v -21.4567 		-66.3321 		0
v -21.4502 		-66.3466 		0
v -21.4435 		-66.3593 		0
v -21.4369 		-66.3699 		0
v -21.4301 		-66.3786 		0
v -21.4234 		-66.3851 		0
v -21.5391 		-65.9479 		0
v -21.5351 		-65.9801 		0
v -21.5307 		-66.0118 		0
v -21.5262 		-66.0427 		0
v -21.5213 		-66.0729 		0
v -21.5163 		-66.1024 		0
v -21.511 		-66.1309 		0
v -21.5057 		-66.1585 		0
v -21.9048 		-66.6777 		0
v -21.9034 		-66.5151 		0
v -21.9015 		-66.3656 		0
v -21.8992 		-66.2288 		0
v -21.8963 		-66.104 		0
v -21.8929 		-65.9909 		0
v -24.2945 		-67.4561 		0
v -24.297 		-67.7627 		0
v -24.3001 		-68.0932 		0
v -24.3039 		-68.4487 		0
v -21.7101 		-36.0078 		0
v -24.2937 		-66.0691 		0
v -24.292 		-66.2509 		0
v -24.291 		-66.4513 		0
v -24.2908 		-66.6711 		0
v -24.2913 		-66.9112 		0
v -24.2925 		-67.1726 		0
v -21.7014 		-35.9985 		0
v -21.5621 		-65.6959 		0
v -21.5584 		-65.7336 		0
v -21.5553 		-65.7735 		0
v -21.5524 		-65.8154 		0
v -21.6932 		-35.988 		0
v -21.5659 		-65.6602 		0
v -21.5495 		-65.8489 		0
v -21.6857 		-35.9765 		0
v -21.5802 		-65.565 		0
v -21.5751 		-65.5947 		0
v -21.5704 		-65.6265 		0
v -21.5464 		-65.8823 		0
v -21.6787 		-35.964 		0
v -21.5858 		-65.5371 		0
v -21.5428 		-65.9153 		0
v -21.6722 		-35.9504 		0
v -21.5919 		-65.5112 		0
v -21.6663 		-35.9357 		0
v -21.6611 		-35.92 		0
v -21.6294 		-65.4091 		0
v -21.6209 		-65.426 		0
v -21.6128 		-65.4446 		0
v -21.6054 		-65.465 		0
v -21.6563 		-35.9031 		0
v -21.5984 		-65.4872 		0
v -21.6521 		-35.8853 		0
v -21.8889 		-65.8889 		0
v -21.8842 		-65.7975 		0
v -21.8788 		-65.716 		0
v -21.8728 		-65.6441 		0
v -21.8659 		-65.5812 		0
v -21.8583 		-65.5267 		0
v -21.6485 		-35.8665 		0
v -21.6454 		-35.8465 		0
v -21.6429 		-35.8256 		0
v -21.7315 		-65.3325 		0
v -21.7176 		-65.3346 		0
v -21.7045 		-65.3384 		0
v -21.692 		-65.3437 		0
v -21.6801 		-65.3506 		0
v -21.6409 		-35.8036 		0
v -21.6688 		-65.3589 		0
v -21.6581 		-65.369 		0
v -21.648 		-65.3808 		0
v -21.6384 		-65.3941 		0
v -14.7514 		-44.7414 		0
v -14.7059 		-44.7277 		0
v -21.8403 		-65.4412 		0
v -21.83 		-65.409 		0
v -21.8186 		-65.3832 		0
v -21.8063 		-65.3633 		0
v -21.6395 		-35.7806 		0
v -21.7929 		-65.3487 		0
v -21.7784 		-65.3389 		0
v -21.7627 		-65.3335 		0
v -14.7048 		-44.7236 		0
v -21.7459 		-65.3317 		0
v -21.8498 		-65.4802 		0
v -21.6315 		-35.641 		0
v -14.7069 		-44.7169 		0
v -21.6345 		-35.6644 		0
v -14.712 		-44.7075 		0
v -14.7201 		-44.6957 		0
v -24.3603 		-65.0731 		0
v -24.3493 		-65.1189 		0
v -24.3392 		-65.1744 		0
v -24.3301 		-65.2402 		0
v -24.3222 		-65.3173 		0
v -24.3151 		-65.4068 		0
v -21.6387 		-35.7566 		0
v -24.3091 		-65.5094 		0
v -24.3039 		-65.6259 		0
v -24.2996 		-65.7576 		0
v -24.2963 		-65.9049 		0
v -21.6367 		-35.6873 		0
v -14.7311 		-44.6814 		0
v -21.638 		-35.7098 		0
v -24.6901 		-64.9189 		0
v -24.5664 		-64.9303 		0
v -24.4795 		-64.9426 		0
v -24.4329 		-64.9556 		0
v -24.416 		-64.9672 		0
v -24.4004 		-64.9838 		0
v -14.7448 		-44.6649 		0
v -24.3859 		-65.0065 		0
v -24.3726 		-65.036 		0
v -21.6384 		-35.7316 		0
v -25.4862 		-69.3945 		0
v -25.5077 		-66.9977 		0
v -14.7612 		-44.6462 		0
v -28.1947 		-66.9977 		0
v -27.0124 		-66.9977 		0
v -14.7804 		-44.6254 		0
v -21.9384 		-35.623 		0
v -21.9346 		-35.6926 		0
v -14.8019 		-44.6026 		0
v -21.9299 		-35.7544 		0
v -21.9245 		-35.809 		0
v -15.0178 		-44.7623 		0
v -21.9182 		-35.8565 		0
v -14.8571 		-44.7529 		0
v -21.9109 		-35.8976 		0
v -21.9027 		-35.9326 		0
v -21.8935 		-35.9619 		0
v -14.8258 		-44.578 		0
v -28.2155 		-64.8568 		0
v -27.9006 		-64.8553 		0
v -27.5814 		-64.855 		0
v -27.261 		-64.8557 		0
v -26.9426 		-64.8575 		0
v -26.6293 		-64.8603 		0
v -26.3243 		-64.8643 		0
v -26.0309 		-64.8693 		0
v -25.7521 		-64.8752 		0
v -25.4912 		-64.882 		0
v -25.2515 		-64.8899 		0
v -14.8521 		-44.5515 		0
v -25.0359 		-64.8987 		0
v -24.8477 		-64.9084 		0
v -14.8805 		-44.5235 		0
v -21.605 		-61.9931 		0
v -21.6127 		-62.0083 		0
v -21.6209 		-62.0227 		0
v -14.9112 		-44.4938 		0
v -21.5078 		-61.5476 		0
v -14.9437 		-44.4628 		0
v -21.5228 		-61.6023 		0
v -14.9784 		-44.4302 		0
v -15.0148 		-44.3965 		0
v -21.5347 		-61.6595 		0
v -21.5441 		-61.7201 		0
v -14.8213 		-43.2955 		0
v -14.8213 		-43.2955 		5
v -21.5524 		-61.7849 		0
v -14.5402 		-43.5256 		0
v -14.5402 		-43.5256 		5
v -14.258 		-43.7557 		0
v -14.258 		-43.7557 		5
v -21.5554 		-61.8099 		0
v -21.5589 		-61.8341 		0
v -21.5629 		-61.8573 		0
v -21.5675 		-61.8797 		0
v -21.5725 		-61.9011 		0
v -21.5781 		-61.9214 		0
v -21.5841 		-61.9408 		0
v -15.7745 		-44.7791 		0
v -21.5907 		-61.9592 		0
v -21.5975 		-61.9766 		0
v -15.7745 		-44.7791 		5
v -21.8834 		-35.986 		0
v -15.482 		-44.7753 		0
v -15.482 		-44.7753 		5
v -21.8723 		-36.0052 		0
v -15.2279 		-44.7698 		0
v -15.2279 		-44.7698 		5
v -21.6295 		-62.036 		0
v -21.6385 		-62.0481 		0
v -21.6479 		-62.0592 		0
v -21.6575 		-62.0691 		0
v -21.9465 		-35.1443 		0
v -21.6675 		-62.078 		0
v -21.6778 		-62.0856 		0
v -21.6885 		-62.0922 		0
v -21.6994 		-62.0977 		0
v -21.9462 		-35.2589 		0
v -21.9454 		-35.3636 		0
v -15.0529 		-44.3616 		5
v -15.0529 		-44.3616 		0
v -21.9437 		-35.4589 		0
v -21.9414 		-35.5452 		0
v -15.0928 		-44.3256 		5
v -15.0928 		-44.3256 		0
v -21.7106 		-62.1018 		0
v -21.7221 		-62.1049 		0
v -15.1342 		-44.2888 		5
v -15.1342 		-44.2888 		0
v -15.1771 		-44.251 		5
v -15.1771 		-44.251 		0
v -21.9393 		-34.4096 		0
v -21.9393 		-34.4096 		5
v -15.2214 		-44.2126 		5
v -15.2214 		-44.2126 		0
v -21.9418 		-34.5795 		0
v -15.2669 		-44.1733 		5
v -21.9418 		-34.5795 		5
v -15.2669 		-44.1733 		0
v -21.9437 		-34.7375 		0
v -21.9437 		-34.7375 		5
v -21.9452 		-34.884 		0
v -21.9452 		-34.884 		5
v -15.5218 		-43.966 		0
v -15.5218 		-43.966 		5
v -21.9461 		-35.0195 		0
v -21.9461 		-35.0195 		5
v -15.3137 		-44.1337 		5
v -15.3137 		-44.1337 		0
v -15.466 		-44.0108 		0
v -15.466 		-44.0108 		5
v -21.2393 		-35.0492 		5
v -21.2393 		-35.0492 		0
v -21.2828 		-35.064 		5
v -21.2828 		-35.064 		0
v -15.4126 		-44.0534 		0
v -15.4126 		-44.0534 		5
v -21.3193 		-35.0807 		5
v -21.3193 		-35.0807 		0
v -15.3615 		-44.0936 		5
v -15.3615 		-44.0936 		0
v -21.35 		-35.0992 		5
v -21.35 		-35.0992 		0
v -21.3766 		-35.1197 		5
v -21.3766 		-35.1197 		0
v -15.8916 		-43.6625 		0
v -15.8916 		-43.6625 		5
v -15.8269 		-43.7162 		0
v -15.8269 		-43.7162 		5
v -15.7631 		-43.769 		0
v -15.7631 		-43.769 		5
v -21.198 		-33.8165 		5
v -15.7004 		-43.8205 		0
v -15.7004 		-43.8205 		5
v -15.0258 		-54.5016 		5
v -15.6391 		-43.8707 		0
v -15.6391 		-43.8707 		5
v -15.5796 		-43.9192 		0
v -15.5796 		-43.9192 		5
v -21.4025 		-33.6611 		5
v -15.1003 		-43.0665 		0
v -15.1003 		-43.0665 		5
v -21.7339 		-62.1067 		0
v -15.6471 		-42.6154 		0
v -15.6471 		-42.6154 		5
v -15.3759 		-42.8394 		0
v -15.3759 		-42.8394 		5
v -21.7459 		-62.1073 		0
v -21.7627 		-62.1058 		0
v -21.7784 		-62.101 		0
v -21.7929 		-62.0925 		0
v -16.4531 		-44.7815 		0
v -21.8065 		-62.0799 		0
v -16.4531 		-44.7815 		5
v -21.819 		-62.0629 		0
v -21.8305 		-62.0411 		0
v -21.3919 		-33.6827 		5
v -21.8412 		-62.0141 		0
v -16.1 		-44.7811 		0
v -16.1 		-44.7811 		5
v -21.3813 		-33.7029 		5
v -16.607 		-43.0606 		0
v -16.607 		-43.0606 		5
v -21.3705 		-33.7215 		5
v -16.5457 		-43.1125 		0
v -16.5457 		-43.1125 		5
v -16.483 		-43.1656 		0
v -21.3597 		-33.7386 		5
v -16.483 		-43.1656 		5
v -21.851 		-61.9816 		0
v -21.86 		-61.943 		0
v -21.8683 		-61.8981 		0
v -21.8759 		-61.8464 		0
v -21.8829 		-61.7876 		0
v -16.3543 		-43.2744 		0
v -21.8894 		-61.7213 		0
v -16.3543 		-43.2744 		5
v -21.8953 		-61.6471 		0
v -16.4191 		-43.2195 		5
v -21.9008 		-61.5647 		0
v -16.4191 		-43.2195 		0
v -21.3487 		-33.7539 		5
v -21.2179 		-61.1645 		0
v -21.3378 		-33.7676 		5
v -21.2866 		-61.2251 		0
v -16.2888 		-43.3297 		0
v -16.2888 		-43.3297 		5
v -21.3269 		-33.7794 		5
v -21.3444 		-61.2823 		0
v -16.2227 		-43.3854 		0
v -16.2227 		-43.3854 		5
v -21.3159 		-33.7892 		5
v -21.3924 		-61.337 		0
v -16.0897 		-43.4971 		0
v -16.0897 		-43.4971 		5
v -16.1562 		-43.4412 		5
v -16.1562 		-43.4412 		0
v -21.4316 		-61.3901 		0
v -21.3052 		-33.7969 		5
v -21.4632 		-61.4422 		0
v -21.286 		-33.8036 		5
v -21.4882 		-61.4945 		0
v -16.0233 		-43.5526 		0
v -16.0233 		-43.5526 		5
v -21.25 		-33.8102 		5
v -15.9572 		-43.6079 		0
v -15.9572 		-43.6079 		5
v -17.6226 		-44.7734 		0
v -17.6226 		-44.7734 		5
v -21.9059 		-61.4736 		0
v -21.9106 		-61.3734 		0
v -17.2199 		-44.7776 		0
v -21.9152 		-61.2639 		0
v -21.9195 		-61.1446 		0
v -17.2199 		-44.7776 		5
v -21.9235 		-61.0151 		0
v -21.4923 		-33.3867 		5
v -21.9275 		-60.8751 		0
v -21.9314 		-60.724 		0
v -16.8281 		-44.7803 		0
v -16.8281 		-44.7803 		5
v -21.485 		-33.4175 		5
v -21.4774 		-33.4479 		5
v -16.7246 		-42.9609 		0
v -16.7246 		-42.9609 		5
v -16.7804 		-42.9137 		5
v -16.7804 		-42.9137 		0
v -21.9429 		-59.9233 		0
v -21.9432 		-59.8111 		0
v -16.6667 		-43.01 		5
v -16.6667 		-43.01 		0
v -21.4692 		-33.4777 		5
v -21.4606 		-33.5067 		5
v -16.6625 		-41.7696 		0
v -21.4517 		-33.535 		5
v -16.6625 		-41.7696 		5
v -16.4214 		-41.9715 		0
v -16.4214 		-41.9715 		5
v -21.4425 		-33.5623 		5
v -16.171 		-42.1804 		0
v -21.4328 		-33.5886 		5
v -16.171 		-42.1804 		5
v -15.9125 		-42.3954 		0
v -15.9125 		-42.3954 		5
v -21.423 		-33.614 		5
v -21.4128 		-33.6382 		5
v -16.834 		-42.8683 		5
v -16.834 		-42.8683 		0
v -16.8896 		-42.8215 		5
v -16.8896 		-42.8215 		0
v -21.9059 		-33.3717 		5
v -16.9511 		-42.77 		5
v -16.9511 		-42.77 		0
v -17.0183 		-42.7138 		5
v -17.0183 		-42.7138 		0
v -21.9106 		-33.4675 		5
v -21.9152 		-33.5722 		5
v -17.0909 		-42.6537 		5
v -17.0909 		-42.6537 		0
v -17.1684 		-42.5896 		5
v -21.9195 		-33.6863 		5
v -17.1684 		-42.5896 		0
v -17.2505 		-42.5219 		5
v -17.2505 		-42.5219 		0
v -21.9235 		-33.81 		5
v -17.3369 		-42.4507 		5
v -17.3369 		-42.4507 		0
v -21.9275 		-33.944 		5
v -17.4271 		-42.3767 		5
v -17.4271 		-42.3767 		0
v -21.9314 		-34.0882 		5
v -17.5209 		-42.2998 		5
v -17.5209 		-42.2998 		0
v -21.9354 		-34.2433 		5
v -17.618 		-42.2204 		5
v -17.618 		-42.2204 		0
v -17.1122 		-41.3911 		0
v -17.1122 		-41.3911 		5
v -16.8931 		-41.5758 		0
v -16.8931 		-41.5758 		5
v -17.8579 		-46.6736 		5
v -17.8579 		-46.6736 		0
v -18.3206 		-46.6748 		5
v -18.3206 		-46.6748 		0
v -18.772 		-46.6778 		5
v -18.772 		-46.6778 		0
v -19.2061 		-46.6827 		5
v -19.2061 		-46.6827 		0
v -19.6169 		-46.6894 		5
v -19.6169 		-46.6894 		0
v -19.9983 		-46.6982 		5
v -19.9983 		-46.6982 		0
v -20.3441 		-46.7088 		5
v -20.3441 		-46.7088 		0
v -20.6483 		-46.7214 		5
v -20.6483 		-46.7214 		0
v -20.9047 		-46.7359 		5
v -20.9047 		-46.7359 		0
v -21.1073 		-46.7523 		5
v -21.1073 		-46.7523 		0
v -19.2356 		-44.7447 		0
v -19.2356 		-44.7447 		5
v -18.8429 		-44.7536 		0
v -18.8429 		-44.7536 		5
v -18.4397 		-44.7614 		0
v -18.4397 		-44.7614 		5
v -18.031 		-44.768 		0
v -18.031 		-44.768 		5
v -17.7178 		-42.1389 		0
v -17.7178 		-42.1389 		5
v -17.8201 		-42.0554 		5
v -17.8201 		-42.0554 		0
v -17.9246 		-41.9704 		5
v -17.9246 		-41.9704 		0
v -18.0308 		-41.884 		5
v -18.0308 		-41.884 		0
v -18.1385 		-41.7965 		5
v -18.1385 		-41.7965 		0
v -18.2472 		-41.7083 		5
v -18.2472 		-41.7083 		0
v -18.3566 		-41.6196 		5
v -18.3566 		-41.6196 		0
v -18.4663 		-41.5307 		5
v -18.4663 		-41.5307 		0
v -18.5762 		-41.4418 		5
v -18.5762 		-41.4418 		0
v -18.6856 		-41.3534 		5
v -18.6856 		-41.3534 		0
v -21.0579 		-44.674 		0
v -21.0579 		-44.674 		5
v -20.845 		-44.6874 		0
v -20.845 		-44.6874 		5
v -20.5884 		-44.7003 		0
v -20.5884 		-44.7003 		5
v -20.2937 		-44.7126 		0
v -20.2937 		-44.7126 		5
v -19.9663 		-44.7242 		0
v -19.9663 		-44.7242 		5
v -19.6117 		-44.7349 		0
v -19.6117 		-44.7349 		5
v -21.7336 		-52.1477 		5
v -21.7239 		-52.1415 		5
v -21.7148 		-52.1343 		5
v -21.7061 		-52.1262 		5
v -21.6978 		-52.1173 		5
v -21.69 		-52.1075 		5
v -21.6827 		-52.0968 		5
v -21.6759 		-52.0853 		5
v -21.8466 		-52.1535 		5
v -21.8321 		-52.1604 		5
v -21.8165 		-52.1642 		5
v -21.7996 		-52.1654 		5
v -21.7877 		-52.1648 		5
v -21.7761 		-52.1633 		5
v -21.7649 		-52.1609 		5
v -21.754 		-52.1574 		5
v -21.7436 		-52.1531 		5
v -21.6697 		-52.073 		5
v -21.6639 		-52.0599 		5
v -21.6587 		-52.046 		5
v -21.6541 		-52.0312 		5
v -21.65 		-52.0158 		5
v -21.6465 		-51.9995 		5
v -21.6437 		-51.9825 		5
v -21.6414 		-51.9648 		5
v -21.6397 		-51.9463 		5
v -21.6387 		-51.9272 		5
v -21.6367 		-51.8708 		5
v -21.638 		-51.8895 		5
v -21.6384 		-51.9074 		5
v -21.9299 		-51.894 		5
v -21.9245 		-51.945 		5
v -21.9182 		-51.9896 		5
v -21.9109 		-52.0282 		5
v -21.9027 		-52.0611 		5
v -21.8935 		-52.0886 		5
v -21.8834 		-52.1113 		5
v -21.8723 		-52.1294 		5
v -21.86 		-52.1433 		5
v -14.1453 		-54.5016 		0
v -21.198 		-33.8165 		0
v -21.4025 		-33.6611 		0
v -21.3919 		-33.6827 		0
v -21.3813 		-33.7029 		0
v -21.3705 		-33.7215 		0
v -21.3597 		-33.7386 		0
v -21.3487 		-33.7539 		0
v -21.3378 		-33.7676 		0
v -21.3269 		-33.7794 		0
v -21.3159 		-33.7892 		0
v -21.3052 		-33.7969 		0
v -21.286 		-33.8036 		0
v -21.25 		-33.8102 		0
v -21.4923 		-33.3867 		0
v -21.485 		-33.4175 		0
v -21.4774 		-33.4479 		0
v -21.4692 		-33.4777 		0
v -21.4606 		-33.5067 		0
v -21.4517 		-33.535 		0
v -21.4425 		-33.5623 		0
v -21.4328 		-33.5886 		0
v -21.423 		-33.614 		0
v -21.4128 		-33.6382 		0
v -21.9059 		-33.3717 		0
v -21.9106 		-33.4675 		0
v -21.9152 		-33.5722 		0
v -21.9195 		-33.6863 		0
v -21.9235 		-33.81 		0
v -21.9275 		-33.944 		0
v -21.9314 		-34.0882 		0
v -21.9354 		-34.2433 		0
v -21.5202 		-33.2273 		5
v -21.5158 		-33.2595 		5
v -21.5258 		-33.1891 		5
v -21.5316 		-33.1527 		5
v -21.5108 		-33.2917 		5
v -21.5378 		-33.118 		5
v -21.5443 		-33.0849 		5
v -21.5512 		-33.0534 		5
v -21.5052 		-33.3236 		5
v -21.5584 		-33.0236 		5
v -21.5661 		-32.9955 		5
v -21.5739 		-32.9689 		5
v -21.499 		-33.3553 		5
v -21.5822 		-32.9441 		5
v -21.5907 		-32.9209 		5
v -21.5996 		-32.8993 		5
v -21.6088 		-32.8793 		5
v -21.6184 		-32.861 		5
v -21.6283 		-32.8442 		5
v -21.8683 		-32.9657 		5
v -21.8759 		-33.0151 		5
v -21.8829 		-33.0714 		5
v -21.8894 		-33.1349 		5
v -21.8953 		-33.2058 		5
v -21.9008 		-33.2847 		5
v -21.6386 		-32.8292 		5
v -21.6491 		-32.8156 		5
v -21.6601 		-32.8038 		5
v -21.6713 		-32.7935 		5
v -21.6829 		-32.7848 		5
v -21.6948 		-32.7777 		5
v -21.7071 		-32.7722 		5
v -21.7196 		-32.7682 		5
v -21.7327 		-32.7659 		5
v -21.7459 		-32.7651 		5
v -21.7627 		-32.7666 		5
v -21.7784 		-32.7712 		5
v -21.7929 		-32.7793 		5
v -21.8065 		-32.7913 		5
v -21.819 		-32.8077 		5
v -21.8305 		-32.8286 		5
v -21.8412 		-32.8545 		5
v -21.851 		-32.8857 		5
v -21.86 		-32.9227 		5
v -18.5477 		-41.2943 		5
v -21.582 		-51.6562 		5
v -14.5855 		-44.376 		0
v -21.5905 		-51.6787 		5
v -21.5983 		-51.7012 		5
v -21.6055 		-51.7236 		5
v -21.6122 		-51.7458 		5
v -21.6181 		-51.7677 		5
v -21.6232 		-51.7894 		5
v -21.6278 		-51.8106 		5
v -21.4583 		-51.4297 		5
v -21.4713 		-51.4472 		5
v -21.484 		-51.4656 		5
v -21.4966 		-51.4847 		5
v -21.5088 		-51.5046 		5
v -21.5205 		-51.525 		5
v -21.5319 		-51.5461 		5
v -21.5428 		-51.5675 		5
v -21.5534 		-51.5893 		5
v -21.5634 		-51.6114 		5
v -21.5729 		-51.6337 		5
v -21.2622 		-51.1873 		5
v -21.4449 		-51.413 		5
v -21.6315 		-51.8312 		5
v -21.6345 		-51.8513 		5
v -21.9452 		-51.0812 		5
v -21.9461 		-51.2075 		5
v -21.9465 		-51.3239 		5
v -21.9462 		-51.4308 		5
v -21.9454 		-51.5285 		5
v -21.9437 		-51.6176 		5
v -21.9414 		-51.6983 		5
v -21.9384 		-51.771 		5
v -21.9346 		-51.836 		5
v -21.9275 		-50.2059 		5
v -21.9314 		-50.3402 		5
v -21.9354 		-50.4845 		5
v -21.9393 		-50.6391 		5
v -21.9418 		-50.7974 		5
v -21.9437 		-50.9446 		5
v -21.3544 		-49.6828 		5
v -21.2912 		-49.7431 		5
v -21.2165 		-49.8081 		5
v -21.407 		-49.6267 		5
v -21.5554 		-49.3226 		5
v -21.5524 		-49.3386 		5
v -21.586 		-49.2334 		5
v -21.5436 		-49.3841 		5
v -21.5158 		-33.2595 		0
v -21.5202 		-33.2273 		0
v -21.5258 		-33.1891 		0
v -21.5316 		-33.1527 		0
v -21.5108 		-33.2917 		0
v -21.5378 		-33.118 		0
v -21.5443 		-33.0849 		0
v -21.5512 		-33.0534 		0
v -21.5591 		-49.3069 		5
v -21.5634 		-49.2914 		5
v -21.5682 		-49.2763 		5
v -21.5737 		-49.2616 		5
v -21.5796 		-49.2473 		5
v -21.5298 		-49.4298 		5
v -21.5052 		-33.3236 		0
v -21.593 		-49.22 		5
v -21.5584 		-33.0236 		0
v -21.5103 		-49.4761 		5
v -21.5661 		-32.9955 		0
v -21.4839 		-49.524 		5
v -21.5739 		-32.9689 		0
v -21.4498 		-49.5739 		5
v -21.499 		-33.3553 		0
v -21.5822 		-32.9441 		0
v -21.5907 		-32.9209 		0
v -21.86 		-49.2512 		5
v -21.8683 		-49.2918 		5
v -21.5996 		-32.8993 		0
v -21.8759 		-49.3382 		5
v -21.8829 		-49.391 		5
v -21.8894 		-49.4505 		5
v -21.8953 		-49.5169 		5
v -21.9008 		-49.5908 		5
v -21.9059 		-49.6722 		5
v -21.9106 		-49.7617 		5
v -21.9152 		-49.8594 		5
v -21.9195 		-49.9658 		5
v -21.9235 		-50.0812 		5
v -21.6088 		-32.8793 		0
v -21.6184 		-32.861 		0
v -21.6003 		-49.2072 		5
v -21.6082 		-49.1948 		5
v -21.6283 		-32.8442 		0
v -21.6164 		-49.1831 		5
v -21.8683 		-32.9657 		0
v -21.8759 		-33.0151 		0
v -21.8829 		-33.0714 		0
v -21.8894 		-33.1349 		0
v -21.8953 		-33.2058 		0
v -21.9008 		-33.2847 		0
v -21.6759 		-52.0853 		0
v -21.6827 		-52.0968 		0
v -21.69 		-52.1075 		0
v -21.6978 		-52.1173 		0
v -21.7061 		-52.1262 		0
v -21.7148 		-52.1343 		0
v -21.7239 		-52.1415 		0
v -21.7336 		-52.1477 		0
v -21.7436 		-52.1531 		0
v -21.754 		-52.1574 		0
v -21.7649 		-52.1609 		0
v -21.7761 		-52.1633 		0
v -21.7877 		-52.1648 		0
v -21.7996 		-52.1654 		0
v -21.8165 		-52.1642 		0
v -21.8321 		-52.1604 		0
v -21.8466 		-52.1535 		0
v -21.6367 		-51.8708 		0
v -21.638 		-51.8895 		0
v -21.6384 		-51.9074 		0
v -21.6387 		-51.9272 		0
v -21.6397 		-51.9463 		0
v -21.6414 		-51.9648 		0
v -21.625 		-49.172 		5
v -21.6437 		-51.9825 		0
v -21.6465 		-51.9995 		0
v -21.65 		-52.0158 		0
v -21.6541 		-52.0312 		0
v -21.6587 		-52.046 		0
v -21.6639 		-52.0599 		0
v -21.6697 		-52.073 		0
v -21.6339 		-49.1616 		5
v -21.643 		-49.1519 		5
v -21.6526 		-49.143 		5
v -21.6622 		-49.1348 		5
v -21.6722 		-49.1274 		5
v -21.6824 		-49.121 		5
v -21.6927 		-49.1154 		5
v -21.7032 		-49.1108 		5
v -21.7137 		-49.107 		5
v -21.86 		-52.1433 		0
v -21.7244 		-49.1043 		5
v -21.8723 		-52.1294 		0
v -21.7351 		-49.1027 		5
v -21.8834 		-52.1113 		0
v -21.8935 		-52.0886 		0
v -21.9027 		-52.0611 		0
v -21.9109 		-52.0282 		0
v -21.9182 		-51.9896 		0
v -21.9245 		-51.945 		0
v -21.9299 		-51.894 		0
v -21.582 		-51.6562 		0
v -21.5905 		-51.6787 		0
v -21.5983 		-51.7012 		0
v -21.6055 		-51.7236 		0
v -21.6122 		-51.7458 		0
v -21.6181 		-51.7677 		0
v -21.6232 		-51.7894 		0
v -21.6278 		-51.8106 		0
v -21.4583 		-51.4297 		0
v -21.4713 		-51.4472 		0
v -21.484 		-51.4656 		0
v -21.4966 		-51.4847 		0
v -21.7459 		-49.1022 		5
v -21.7627 		-49.1036 		5
v -21.7784 		-49.108 		5
v -21.7929 		-49.1157 		5
v -21.8065 		-49.1272 		5
v -21.819 		-49.1427 		5
v -21.8305 		-49.1625 		5
v -21.8412 		-49.187 		5
v -21.5088 		-51.5046 		0
v -21.5205 		-51.525 		0
v -21.851 		-49.2164 		5
v -21.5319 		-51.5461 		0
v -21.5428 		-51.5675 		0
v -21.5534 		-51.5893 		0
v -21.5634 		-51.6114 		0
v -21.5729 		-51.6337 		0
v -21.2622 		-51.1873 		0
v -21.4449 		-51.413 		0
v -21.6315 		-51.8312 		0
v -21.6345 		-51.8513 		0
v -21.9346 		-51.836 		0
v -21.9384 		-51.771 		0
v -21.9414 		-51.6983 		0
v -21.9437 		-51.6176 		0
v -21.9454 		-51.5285 		0
v -21.9462 		-51.4308 		0
v -21.9465 		-51.3239 		0
v -21.9461 		-51.2075 		0
v -21.9452 		-51.0812 		0
v -21.9437 		-50.9446 		0
v -21.9418 		-50.7974 		0
v -21.9393 		-50.6391 		0
v -21.9354 		-50.4845 		0
v -21.9314 		-50.3402 		0
v -21.9275 		-50.2059 		0
v -21.3544 		-49.6828 		0
v -21.2912 		-49.7431 		0
v -21.2165 		-49.8081 		0
v -21.407 		-49.6267 		0
v -21.5554 		-49.3226 		0
v -21.5524 		-49.3386 		0
v -21.586 		-49.2334 		0
v -21.5796 		-49.2473 		0
v -21.5737 		-49.2616 		0
v -21.5682 		-49.2763 		0
v -21.5634 		-49.2914 		0
v -21.5591 		-49.3069 		0
v -21.5436 		-49.3841 		0
v -21.593 		-49.22 		0
v -21.5298 		-49.4298 		0
v -21.5103 		-49.4761 		0
v -21.4839 		-49.524 		0
v -21.6386 		-32.8292 		0
v -21.4498 		-49.5739 		0
v -21.6491 		-32.8156 		0
v -21.6601 		-32.8038 		0
v -21.6713 		-32.7935 		0
v -21.6829 		-32.7848 		0
v -21.9235 		-50.0812 		0
v -21.9195 		-49.9658 		0
v -21.6948 		-32.7777 		0
v -21.9152 		-49.8594 		0
v -21.9106 		-49.7617 		0
v -21.9059 		-49.6722 		0
v -21.9008 		-49.5908 		0
v -21.8953 		-49.5169 		0
v -21.8894 		-49.4505 		0
v -21.8829 		-49.391 		0
v -21.8759 		-49.3382 		0
v -21.8683 		-49.2918 		0
v -21.86 		-49.2512 		0
v -21.7071 		-32.7722 		0
v -21.7196 		-32.7682 		0
v -21.625 		-49.172 		0
v -21.6164 		-49.1831 		0
v -21.6082 		-49.1948 		0
v -21.6003 		-49.2072 		0
v -21.7327 		-32.7659 		0
v -21.7459 		-32.7651 		0
v -21.7627 		-32.7666 		0
v -21.7784 		-32.7712 		0
v -21.7929 		-32.7793 		0
v -21.8065 		-32.7913 		0
v -21.819 		-32.8077 		0
v -21.8305 		-32.8286 		0
v -21.8412 		-32.8545 		0
v -21.851 		-32.8857 		0
v -21.86 		-32.9227 		0
v -13.1455 		-105.7701 		5
v -13.1307 		-105.7537 		5
v -13.1172 		-105.7321 		5
v -13.1052 		-105.7047 		5
v -13.0945 		-105.6706 		5
v -13.0851 		-105.6294 		5
v -13.0767 		-105.5804 		5
v -13.2637 		-105.7977 		5
v -13.2442 		-105.7982 		5
v -13.2209 		-105.7975 		5
v -13.1994 		-105.7951 		5
v -13.1799 		-105.7901 		5
v -13.1618 		-105.7821 		5
v -13.4468 		-105.6092 		5
v -13.4379 		-105.6373 		5
v -13.4286 		-105.6626 		5
v -13.4188 		-105.6853 		5
v -13.4085 		-105.7056 		5
v -13.3974 		-105.7236 		5
v -13.3858 		-105.7393 		5
v -13.3736 		-105.7528 		5
v -13.3604 		-105.7643 		5
v -13.3466 		-105.774 		5
v -13.3319 		-105.7819 		5
v -13.3163 		-105.7881 		5
v -13.2998 		-105.7926 		5
v -13.2823 		-105.7958 		5
v -13.4551 		-105.5785 		5
v -13.0695 		-105.5228 		5
v -13.0633 		-105.4559 		5
v -13.058 		-105.3791 		5
v -13.0536 		-105.2917 		5
v -13.0499 		-105.1931 		5
v -13.0469 		-105.0826 		5
v -13.0447 		-104.9593 		5
v -13.0428 		-104.8228 		5
v -13.4854 		-105.425 		5
v -13.4782 		-105.4681 		5
v -13.5129 		-105.2178 		5
v -13.5061 		-105.275 		5
v -13.4993 		-105.3286 		5
v -13.4925 		-105.3785 		5
v -13.4632 		-105.5448 		5
v -13.5223 		-105.1516 		5
v -13.4708 		-105.508 		5
v -13.5319 		-105.0895 		5
v -13.5422 		-105.0309 		5
v -13.5534 		-104.9753 		5
v -13.5658 		-104.9222 		5
v -13.58 		-104.871 		5
v -13.5963 		-104.8211 		5
v -13.6147 		-104.772 		5
v -13.636 		-104.723 		5
v -13.0417 		-104.6723 		5
v -13.0408 		-104.5072 		5
v -13.0403 		-104.3269 		5
v -13.0401 		-104.1304 		5
v -13.0399 		-103.9173 		5
v -13.6604 		-104.6736 		5
# 7615 vertices

g group_0_8273816

usemtl color_8273816
s 0

f 99 	111 	273
f 282 	281 	836
f 4 	6 	12
f 5 	8 	9
f 5 	9 	10
f 4 	12 	13
f 10 	9 	18
f 10 	18 	19
f 17 	11 	15
f 7 	15 	11
f 15 	22 	24
f 15 	24 	17
f 20 	21 	40
f 19 	18 	23
f 19 	23 	25
f 14 	16 	3810
f 26 	27 	30
f 26 	30 	32
f 22 	28 	31
f 22 	31 	24
f 40 	21 	39
f 28 	35 	36
f 28 	36 	31
f 25 	23 	33
f 25 	33 	41
f 35 	43 	44
f 35 	44 	36
f 41 	33 	46
f 41 	46 	47
f 47 	46 	51
f 47 	51 	52
f 57 	1579 	64
f 52 	51 	66
f 52 	66 	69
f 60 	61 	59
f 58 	59 	61
f 61 	63 	58
f 56 	58 	63
f 63 	65 	56
f 54 	56 	65
f 65 	67 	54
f 53 	54 	67
f 67 	68 	53
f 68 	90 	53
f 90 	91 	53
f 50 	53 	91
f 49 	70 	72
f 49 	72 	73
f 69 	66 	75
f 69 	75 	76
f 74 	57 	64
f 74 	64 	77
f 78 	79 	70
f 78 	70 	49
f 81 	74 	77
f 81 	77 	84
f 82 	83 	79
f 82 	79 	78
f 85 	97 	99
f 85 	99 	87
f 86 	88 	83
f 86 	83 	82
f 105 	106 	50
f 48 	50 	106
f 106 	107 	48
f 107 	109 	48
f 132 	48 	109
f 109 	157 	132
f 104 	105 	50
f 131 	132 	157
f 157 	158 	131
f 158 	141 	131
f 130 	131 	141
f 141 	142 	130
f 142 	143 	130
f 97 	110 	111
f 97 	111 	99
f 110 	113 	114
f 110 	114 	111
f 187 	192 	117
f 117 	118 	187
f 118 	122 	187
f 180 	187 	122
f 92 	180 	122
f 80 	180 	92
f 113 	125 	126
f 113 	126 	114
f 476 	120 	123
f 125 	133 	134
f 125 	134 	126
f 96 	98 	50
f 98 	100 	50
f 100 	101 	50
f 101 	102 	50
f 95 	96 	50
f 93 	95 	50
f 91 	93 	50
f 102 	103 	50
f 135 	136 	123
f 135 	123 	120
f 138 	140 	136
f 138 	136 	135
f 127 	128 	146
f 145 	146 	128
f 146 	160 	127
f 160 	169 	127
f 148 	149 	140
f 148 	140 	138
f 154 	155 	149
f 154 	149 	148
f 144 	145 	129
f 128 	129 	145
f 161 	162 	155
f 161 	155 	154
f 89 	81 	84
f 89 	84 	94
f 143 	144 	129
f 124 	127 	169
f 129 	130 	143
f 103 	104 	50
f 167 	89 	94
f 167 	94 	174
f 178 	181 	124
f 205 	211 	172
f 172 	173 	205
f 173 	175 	205
f 198 	205 	175
f 175 	176 	198
f 176 	177 	198
f 177 	179 	198
f 192 	198 	179
f 179 	115 	192
f 115 	116 	192
f 119 	124 	181
f 182 	167 	174
f 182 	174 	183
f 186 	119 	181
f 169 	178 	124
f 188 	182 	183
f 188 	183 	189
f 190 	119 	186
f 193 	188 	189
f 193 	189 	194
f 196 	202 	226
f 197 	193 	194
f 197 	194 	200
f 185 	349 	297
f 202 	206 	224
f 203 	197 	200
f 203 	200 	207
f 297 	298 	185
f 203 	207 	209
f 203 	209 	210
f 231 	5 	224
f 206 	231 	224
f 25 	221 	19
f 47 	52 	219
f 210 	209 	214
f 210 	214 	215
f 298 	300 	191
f 191 	185 	298
f 215 	214 	220
f 215 	220 	222
f 195 	191 	300
f 224 	226 	202
f 119 	190 	226
f 190 	196 	226
f 223 	19 	221
f 219 	221 	41
f 222 	220 	229
f 222 	229 	230
f 230 	229 	234
f 230 	234 	235
f 836 	834 	282
f 218 	304 	228
f 10 	223 	5
f 213 	243 	162
f 213 	162 	161
f 234 	314 	235
f 245 	246 	243
f 245 	243 	213
f 284 	151 	227
f 151 	153 	227
f 217 	227 	153
f 153 	166 	217
f 250 	44 	248
f 43 	248 	44
f 432 	37 	42
f 248 	252 	253
f 248 	253 	250
f 874 	868 	826
f 252 	256 	257
f 252 	257 	253
f 42 	45 	432
f 435 	432 	45
f 258 	259 	246
f 258 	246 	245
f 256 	260 	261
f 256 	261 	257
f 438 	435 	45
f 438 	45 	55
f 862 	858 	826
f 260 	262 	263
f 260 	263 	261
f 262 	264 	265
f 262 	265 	263
f 264 	268 	269
f 264 	269 	265
f 268 	271 	272
f 268 	272 	269
f 271 	274 	276
f 271 	276 	272
f 19 	223 	10
f 274 	278 	279
f 274 	279 	276
f 565 	112 	121
f 41 	221 	25
f 223 	224 	5
f 565 	121 	37
f 52 	69 	219
f 278 	286 	287
f 278 	287 	279
f 76 	85 	69
f 2 	839 	273
f 267 	99 	273
f 134 	313 	147
f 313 	312 	152
f 313 	152 	147
f 41 	47 	219
f 85 	219 	69
f 159 	152 	310
f 312 	310 	152
f 310 	164 	159
f 301 	302 	201
f 204 	201 	302
f 208 	204 	302
f 302 	303 	208
f 216 	208 	303
f 303 	304 	216
f 218 	216 	304
f 110 	535 	113
f 97 	532 	110
f 85 	76 	97
f 535 	425 	113
f 133 	398 	313
f 309 	180 	164
f 313 	431 	312
f 125 	387 	133
f 312 	356 	310
f 322 	321 	187
f 593 	139 	199
f 365 	368 	310
f 309 	310 	368
f 360 	365 	310
f 358 	363 	307
f 315 	307 	363
f 600 	225 	212
f 600 	232 	225
f 316 	315 	367
f 329 	388 	332
f 475 	478 	342
f 342 	319 	475
f 474 	475 	319
f 473 	474 	319
f 472 	473 	319
f 346 	514 	336
f 334 	336 	514
f 514 	515 	334
f 335 	296 	345
f 355 	312 	352
f 349 	345 	296
f 201 	195 	301
f 300 	301 	195
f 296 	297 	349
f 356 	312 	355
f 362 	367 	315
f 436 	439 	309
f 367 	366 	316
f 323 	309 	439
f 386 	326 	385
f 439 	446 	323
f 352 	312 	350
f 446 	453 	323
f 360 	310 	356
f 368 	436 	309
f 810 	812 	373
f 377 	125 	374
f 137 	574 	150
f 383 	125 	377
f 574 	156 	150
f 387 	125 	383
f 125 	113 	374
f 332 	389 	335
f 366 	385 	320
f 363 	362 	315
f 379 	359 	308
f 307 	308 	358
f 380 	396 	379
f 382 	406 	380
f 358 	308 	359
f 320 	316 	366
f 326 	320 	385
f 326 	386 	329
f 388 	329 	386
f 389 	332 	388
f 296 	335 	389
f 392 	133 	387
f 821 	823 	391
f 395 	133 	392
f 444 	445 	411
f 443 	444 	407
f 396 	380 	406
f 359 	379 	396
f 398 	133 	395
f 192 	187 	321
f 400 	313 	398
f 165 	587 	184
f 321 	198 	192
f 404 	405 	441
f 382 	441 	405
f 428 	313 	400
f 430 	313 	428
f 406 	382 	405
f 403 	404 	441
f 441 	442 	403
f 205 	342 	211
f 401 	403 	442
f 442 	443 	401
f 341 	338 	211
f 407 	401 	443
f 217 	338 	227
f 420 	425 	416
f 337 	336 	227
f 409 	407 	444
f 421 	424 	113
f 411 	409 	444
f 233 	334 	236
f 414 	416 	425
f 334 	244 	236
f 199 	242 	593
f 418 	449 	419
f 422 	419 	450
f 450 	499 	422
f 424 	374 	113
f 420 	421 	113
f 425 	420 	113
f 350 	312 	431
f 283 	280 	344
f 928 	929 	426
f 432 	429 	37
f 431 	313 	430
f 283 	344 	284
f 322 	323 	459
f 413 	411 	445
f 445 	447 	413
f 415 	413 	447
f 447 	448 	415
f 417 	415 	448
f 418 	417 	449
f 448 	449 	417
f 450 	419 	449
f 423 	422 	499
f 134 	133 	313
f 453 	459 	323
f 459 	461 	322
f 164 	310 	309
f 2547 	2548 	455
f 464 	465 	321
f 463 	464 	321
f 321 	322 	463
f 461 	463 	322
f 478 	479 	342
f 341 	342 	479
f 465 	472 	321
f 319 	321 	472
f 980 	977 	452
f 452 	1215 	980
f 454 	452 	977
f 2612 	2613 	468
f 456 	454 	972
f 977 	972 	454
f 972 	969 	458
f 480 	481 	341
f 481 	482 	341
f 338 	341 	482
f 482 	484 	338
f 484 	485 	338
f 337 	338 	485
f 485 	486 	337
f 486 	343 	337
f 336 	337 	343
f 343 	344 	336
f 344 	346 	336
f 479 	480 	341
f 322 	187 	180
f 462 	458 	969
f 108 	112 	558
f 561 	558 	112
f 969 	966 	462
f 112 	565 	561
f 471 	469 	961
f 466 	462 	966
f 494 	554 	491
f 37 	429 	565
f 496 	553 	494
f 487 	483 	772
f 956 	774 	477
f 137 	139 	570
f 502 	503 	550
f 497 	552 	496
f 1471 	5559 	1466
f 542 	544 	684
f 544 	534 	684
f 663 	659 	536
f 425 	550 	508
f 410 	425 	508
f 503 	505 	550
f 781 	779 	340
f 1471 	5560 	5559
f 433 	493 	769
f 505 	508 	550
f 410 	412 	425
f 414 	425 	412
f 498 	551 	497
f 518 	519 	517
f 519 	333 	517
f 516 	517 	333
f 333 	334 	516
f 515 	516 	334
f 522 	1267 	520
f 570 	574 	137
f 525 	1213 	1255
f 523 	525 	1265
f 342 	205 	198
f 156 	574 	578
f 1354 	5538 	1347
f 578 	581 	156
f 289 	291 	754
f 163 	581 	165
f 532 	97 	529
f 291 	293 	754
f 535 	110 	532
f 583 	587 	165
f 341 	211 	342
f 305 	762 	295
f 217 	211 	338
f 402 	841 	305
f 337 	227 	338
f 714 	710 	534
f 710 	707 	534
f 707 	702 	534
f 702 	697 	534
f 718 	714 	528
f 509 	506 	761
f 534 	528 	714
f 697 	684 	534
f 233 	227 	336
f 548 	425 	543
f 529 	97 	76
f 490 	487 	772
f 336 	334 	233
f 535 	543 	425
f 545 	433 	769
f 493 	490 	769
f 772 	769 	490
f 506 	547 	763
f 769 	768 	545
f 546 	545 	768
f 761 	928 	721
f 779 	328 	331
f 551 	502 	550
f 552 	497 	551
f 553 	496 	552
f 554 	494 	553
f 549 	550 	425
f 548 	549 	425
f 556 	580 	555
f 558 	609 	108
f 331 	340 	779
f 346 	344 	280
f 781 	340 	347
f 568 	571 	605
f 486 	151 	343
f 604 	605 	571
f 571 	573 	604
f 309 	323 	180
f 796 	351 	354
f 602 	604 	573
f 569 	570 	139
f 323 	322 	180
f 354 	357 	796
f 799 	796 	357
f 573 	575 	602
f 556 	602 	575
f 198 	321 	319
f 364 	799 	357
f 577 	556 	575
f 605 	606 	568
f 580 	556 	577
f 163 	156 	581
f 319 	342 	198
f 583 	165 	581
f 580 	491 	555
f 502 	551 	498
f 555 	491 	554
f 598 	599 	607
f 810 	373 	371
f 599 	559 	585
f 376 	373 	812
f 559 	560 	584
f 212 	184 	587
f 376 	812 	378
f 815 	378 	812
f 593 	569 	139
f 384 	378 	815
f 587 	595 	212
f 821 	391 	384
f 595 	600 	212
f 334 	333 	244
f 393 	391 	823
f 600 	603 	232
f 393 	823 	397
f 828 	397 	823
f 591 	588 	562
f 562 	564 	591
f 588 	589 	562
f 566 	568 	606
f 564 	566 	590
f 606 	590 	566
f 590 	591 	564
f 560 	562 	589
f 589 	584 	560
f 584 	585 	559
f 585 	607 	599
f 609 	593 	242
f 611 	612 	597
f 617 	678 	616
f 843 	402 	408
f 242 	108 	609
f 284 	344 	343
f 843 	408 	397
f 843 	397 	828
f 616 	679 	614
f 613 	614 	680
f 612 	613 	680
f 803 	364 	750
f 621 	674 	617
f 289 	754 	750
f 622 	674 	621
f 293 	757 	754
f 626 	673 	622
f 680 	597 	612
f 669 	670 	632
f 295 	759 	293
f 632 	634 	669
f 634 	637 	669
f 668 	669 	637
f 641 	668 	637
f 680 	614 	679
f 642 	743 	641
f 767 	235 	314
f 771 	767 	318
f 773 	771 	325
f 318 	325 	771
f 646 	648 	1098
f 328 	777 	325
f 773 	325 	777
f 499 	500 	423
f 557 	423 	500
f 500 	501 	557
f 659 	557 	501
f 671 	629 	670
f 629 	632 	670
f 673 	626 	671
f 674 	622 	673
f 678 	617 	674
f 597 	598 	611
f 607 	611 	598
f 679 	616 	678
f 501 	536 	659
f 706 	709 	967
f 962 	967 	709
f 667 	663 	536
f 541 	542 	684
f 536 	537 	667
f 931 	934 	719
f 1112 	700 	695
f 719 	722 	931
f 704 	700 	1112
f 925 	931 	722
f 722 	724 	925
f 675 	667 	537
f 724 	727 	925
f 328 	779 	777
f 537 	538 	675
f 682 	675 	539
f 922 	925 	727
f 539 	540 	682
f 727 	656 	922
f 5554 	1437 	1446
f 684 	682 	540
f 540 	541 	684
f 5554 	1446 	1452
f 351 	786 	347
f 723 	721 	928
f 656 	798 	913
f 907 	913 	798
f 913 	920 	656
f 351 	796 	786
f 728 	723 	928
f 731 	728 	928
f 538 	539 	675
f 734 	731 	928
f 364 	803 	799
f 642 	814 	742
f 642 	742 	743
f 668 	641 	743
f 629 	671 	626
f 289 	750 	364
f 734 	928 	739
f 744 	739 	928
f 755 	1099 	752
f 747 	744 	928
f 751 	747 	928
f 426 	751 	928
f 427 	426 	929
f 757 	293 	759
f 1102 	623 	618
f 295 	762 	759
f 721 	718 	761
f 718 	528 	761
f 314 	318 	767
f 775 	1099 	755
f 528 	512 	761
f 512 	510 	761
f 644 	638 	1127
f 1127 	645 	644
f 510 	509 	761
f 763 	761 	506
f 784 	781 	347
f 427 	929 	783
f 786 	784 	347
f 652 	1071 	654
f 788 	831 	787
f 792 	827 	791
f 793 	824 	792
f 740 	742 	814
f 794 	824 	793
f 658 	654 	1080
f 1071 	1080 	654
f 801 	804 	907
f 662 	658 	1086
f 1080 	1086 	658
f 746 	749 	907
f 790 	785 	929
f 785 	783 	929
f 662 	1086 	665
f 1091 	665 	1086
f 797 	790 	929
f 804 	746 	907
f 749 	752 	907
f 798 	801 	907
f 929 	930 	797
f 1091 	677 	665
f 800 	797 	932
f 930 	932 	797
f 810 	371 	808
f 677 	1094 	2031
f 932 	944 	800
f 1099 	907 	752
f 782 	855 	775
f 787 	831 	782
f 802 	800 	944
f 946 	947 	802
f 944 	946 	802
f 689 	780 	1101
f 817 	820 	795
f 5547 	1402 	1407
f 819 	384 	815
f 689 	1101 	693
f 820 	822 	795
f 821 	384 	819
f 794 	795 	822
f 1109 	695 	693
f 811 	809 	848
f 816 	914 	818
f 805 	802 	947
f 824 	794 	822
f 814 	817 	740
f 827 	792 	824
f 795 	740 	817
f 1160 	1162 	708
f 695 	1109 	1112
f 898 	894 	825
f 704 	1112 	1122
f 1162 	720 	712
f 890 	887 	825
f 894 	890 	825
f 887 	885 	825
f 826 	825 	882
f 885 	882 	825
f 840 	782 	831
f 831 	791 	827
f 842 	782 	840
f 1099 	775 	861
f 791 	831 	789
f 618 	232 	1102
f 762 	305 	841
f 868 	862 	826
f 879 	874 	826
f 882 	879 	826
f 829 	826 	858
f 841 	402 	843
f 850 	782 	844
f 849 	910 	811
f 813 	811 	910
f 848 	849 	811
f 910 	904 	813
f 825 	818 	898
f 851 	852 	853
f 851 	853 	854
f 855 	782 	850
f 857 	775 	855
f 844 	782 	842
f 860 	287 	859
f 286 	859 	287
f 431 	34 	38
f 633 	1124 	638
f 865 	1099 	861
f 859 	863 	864
f 859 	864 	860
f 1124 	1127 	638
f 866 	1099 	865
f 863 	867 	869
f 863 	869 	864
f 1090 	1083 	833
f 871 	1099 	866
f 867 	872 	873
f 867 	873 	869
f 833 	832 	1093
f 1093 	1090 	833
f 5560 	1471 	1477
f 872 	877 	878
f 872 	878 	873
f 1096 	1093 	832
f 711 	704 	1122
f 877 	881 	883
f 877 	883 	878
f 650 	1137 	653
f 876 	888 	1099
f 857 	861 	775
f 881 	884 	886
f 881 	886 	883
f 789 	831 	788
f 1128 	715 	711
f 1137 	657 	653
f 884 	852 	851
f 884 	851 	886
f 439 	62 	71
f 891 	893 	1099
f 892 	854 	889
f 853 	889 	854
f 1106 	1103 	832
f 1132 	717 	715
f 1132 	715 	1128
f 657 	1142 	661
f 80 	446 	71
f 893 	897 	1099
f 1108 	1106 	829
f 832 	829 	1106
f 889 	895 	896
f 889 	896 	892
f 897 	646 	1099
f 888 	891 	1099
f 856 	1115 	829
f 1132 	725 	717
f 1142 	666 	661
f 895 	899 	900
f 895 	900 	896
f 898 	818 	917
f 858 	856 	829
f 899 	901 	902
f 899 	902 	900
f 1098 	1099 	646
f 1145 	1150 	666
f 901 	905 	906
f 901 	906 	902
f 905 	908 	909
f 905 	909 	906
f 916 	818 	915
f 911 	816 	903
f 912 	816 	911
f 914 	816 	912
f 915 	818 	914
f 816 	813 	903
f 904 	903 	813
f 917 	818 	916
f 908 	918 	919
f 908 	919 	909
f 687 	1150 	692
f 713 	716 	957
f 918 	923 	924
f 918 	924 	919
f 1152 	698 	692
f 957 	962 	713
f 926 	927 	924
f 926 	924 	923
f 691 	696 	974
f 806 	805 	949
f 949 	950 	806
f 948 	949 	805
f 947 	948 	805
f 688 	691 	974
f 933 	935 	927
f 933 	927 	926
f 1160 	708 	703
f 936 	938 	935
f 936 	935 	933
f 712 	708 	1162
f 959 	955 	937
f 761 	939 	928
f 921 	953 	939
f 928 	939 	953
f 921 	1241 	953
f 940 	941 	938
f 940 	938 	936
f 934 	957 	716
f 974 	978 	688
f 942 	943 	941
f 942 	941 	940
f 951 	845 	807
f 807 	806 	951
f 845 	846 	807
f 809 	807 	846
f 846 	847 	809
f 847 	848 	809
f 950 	951 	806
f 1263 	758 	753
f 952 	1098 	945
f 371 	943 	942
f 942 	808 	371
f 954 	1098 	952
f 648 	945 	1098
f 758 	1263 	760
f 774 	956 	957
f 958 	1098 	954
f 726 	720 	1174
f 953 	937 	955
f 960 	1095 	958
f 957 	956 	961
f 957 	961 	962
f 959 	937 	964
f 1120 	1121 	965
f 1174 	1185 	729
f 1174 	729 	726
f 962 	961 	966
f 962 	966 	967
f 1116 	1117 	971
f 1292 	766 	764
f 967 	966 	969
f 967 	969 	970
f 963 	964 	937
f 729 	1185 	732
f 1187 	732 	1185
f 1031 	1033 	973
f 1027 	1028 	979
f 970 	969 	972
f 970 	972 	974
f 735 	732 	1189
f 1187 	1189 	732
f 1292 	1295 	766
f 1088 	1069 	983
f 974 	972 	977
f 974 	977 	978
f 1067 	1081 	987
f 978 	977 	980
f 978 	980 	981
f 737 	735 	1194
f 1189 	1194 	735
f 987 	995 	1067
f 1066 	1067 	995
f 981 	980 	984
f 981 	984 	985
f 1194 	741 	737
f 1061 	1066 	995
f 985 	984 	988
f 985 	988 	989
f 185 	191 	491
f 494 	491 	191
f 989 	988 	990
f 989 	990 	991
f 973 	976 	1031
f 1097 	958 	1095
f 195 	494 	191
f 991 	990 	993
f 991 	993 	994
f 1060 	1061 	995
f 1053 	1055 	996
f 994 	993 	998
f 994 	998 	999
f 1059 	1057 	1064
f 1272 	1473 	1002
f 1102 	232 	603
f 1271 	1272 	1002
f 502 	498 	208
f 1004 	1271 	1002
f 623 	1102 	1105
f 1009 	1010 	1043
f 1010 	1001 	1043
f 1043 	1044 	1009
f 1001 	997 	1043
f 997 	992 	1043
f 730 	1220 	733
f 1012 	1270 	1004
f 505 	216 	218
f 628 	623 	1110
f 1105 	1110 	623
f 1013 	1269 	1012
f 1220 	736 	733
f 1014 	1269 	1013
f 633 	628 	1113
f 1110 	1113 	628
f 999 	998 	1011
f 999 	1011 	1018
f 1113 	1124 	633
f 1041 	1042 	1000
f 520 	1268 	1014
f 522 	523 	1267
f 1017 	1038 	1016
f 1019 	1038 	1017
f 1020 	1038 	1019
f 1021 	1038 	1020
f 1022 	1037 	1021
f 1023 	1037 	1022
f 1024 	1037 	1023
f 1025 	1037 	1024
f 1026 	1037 	1025
f 1127 	1130 	645
f 1033 	1114 	973
f 971 	973 	1114
f 1114 	1116 	971
f 1117 	1118 	968
f 968 	971 	1117
f 1035 	1039 	1034
f 1036 	1038 	1035
f 1015 	1038 	1036
f 1016 	1038 	1015
f 1034 	1039 	1032
f 1044 	1037 	1026
f 1038 	1021 	1037
f 1039 	1035 	1038
f 1040 	1030 	1039
f 1032 	1039 	1030
f 650 	645 	1135
f 1130 	1135 	645
f 753 	1258 	1263
f 650 	1135 	1137
f 1047 	996 	1042
f 1026 	1045 	1044
f 1045 	1046 	1044
f 1046 	1005 	1044
f 1005 	1006 	1044
f 1006 	1007 	1044
f 1007 	1009 	1044
f 657 	1137 	1139
f 1049 	996 	1047
f 255 	1062 	1048
f 1139 	1142 	657
f 1051 	996 	1049
f 770 	766 	1295
f 1055 	1058 	995
f 1052 	1050 	1062
f 1050 	1048 	1062
f 1142 	1145 	666
f 1062 	1063 	1052
f 1295 	776 	770
f 1056 	1054 	1063
f 1054 	1052 	1063
f 687 	666 	1150
f 1081 	1082 	987
f 1082 	1084 	987
f 1084 	1085 	987
f 1152 	692 	1150
f 983 	987 	1085
f 1058 	1060 	995
f 1065 	1043 	992
f 992 	986 	1065
f 986 	975 	1065
f 1064 	1065 	975
f 975 	1059 	1064
f 1057 	1056 	1064
f 1063 	1064 	1056
f 2443 	2436 	317
f 698 	1152 	1155
f 995 	996 	1055
f 976 	979 	1028
f 1155 	703 	698
f 1068 	1071 	652
f 1115 	1111 	829
f 254 	251 	1078
f 1078 	1079 	254
f 255 	254 	1079
f 1062 	255 	1079
f 1111 	1108 	829
f 982 	983 	1069
f 1087 	1088 	983
f 1069 	1070 	982
f 1070 	1089 	982
f 979 	982 	1089
f 1089 	1027 	979
f 1028 	1029 	976
f 1029 	1031 	976
f 1085 	1087 	983
f 1169 	720 	1162
f 1091 	1094 	677
f 2458 	2457 	339
f 1075 	1076 	838
f 871 	876 	1099
f 251 	249 	1078
f 1074 	1075 	838
f 1158 	1156 	838
f 1107 	693 	1101
f 907 	1099 	1104
f 716 	719 	934
f 1099 	1123 	1104
f 1237 	1240 	1123
f 1134 	1234 	1133
f 838 	837 	1158
f 1109 	693 	1107
f 1161 	1158 	837
f 837 	835 	1161
f 965 	968 	1119
f 1118 	1119 	968
f 1119 	1120 	965
f 965 	1121 	960
f 1098 	958 	1097
f 1095 	960 	1121
f 1125 	1237 	1123
f 1166 	1161 	835
f 835 	833 	1166
f 1103 	1100 	832
f 1100 	1096 	832
f 2493 	369 	370
f 1126 	711 	1122
f 1074 	838 	1073
f 1073 	1156 	1153
f 1151 	1072 	1153
f 2499 	370 	372
f 1129 	1237 	1125
f 1128 	711 	1126
f 1133 	1234 	1129
f 372 	375 	2499
f 392 	660 	664
f 725 	1132 	1206
f 5560 	1477 	1484
f 398 	395 	681
f 1217 	730 	1206
f 1131 	1248 	1136
f 1136 	1248 	1138
f 1337 	5536 	5562
f 736 	1220 	1229
f 1141 	1248 	1143
f 1229 	738 	736
f 1144 	1072 	1147
f 1146 	1251 	1140
f 1148 	1072 	1151
f 1149 	1251 	1146
f 703 	1155 	1157
f 1252 	1258 	748
f 753 	748 	1258
f 1154 	1209 	1149
f 1157 	1160 	703
f 1073 	838 	1156
f 1167 	1208 	1165
f 1165 	1208 	1164
f 1164 	1209 	1163
f 1163 	1209 	1159
f 1168 	1208 	1167
f 5539 	1358 	1369
f 760 	1263 	1274
f 1280 	764 	1274
f 760 	1274 	764
f 1076 	1077 	838
f 249 	838 	1077
f 1077 	1078 	249
f 764 	1280 	1292
f 720 	1169 	1174
f 1179 	1199 	1178
f 1180 	1199 	1179
f 1181 	1199 	1180
f 1182 	1199 	1181
f 1199 	1200 	1178
f 1176 	1178 	1200
f 1175 	1176 	1200
f 1173 	1175 	1200
f 1172 	1173 	1200
f 1183 	1199 	1182
f 1301 	776 	1295
f 1177 	1247 	1184
f 1170 	1247 	1177
f 776 	1301 	778
f 1186 	1248 	1188
f 1184 	1247 	1186
f 1318 	780 	778
f 1195 	1198 	1193
f 1192 	1193 	1198
f 1198 	1199 	1192
f 1196 	1198 	1195
f 1197 	1198 	1196
f 1190 	1192 	1199
f 1183 	1190 	1199
f 1203 	1204 	1208
f 352 	350 	624
f 1194 	1201 	741
f 1397 	1402 	5547
f 1101 	780 	1318
f 1147 	1072 	1148
f 1143 	1072 	1144
f 1138 	1248 	1141
f 1191 	1248 	1131
f 1188 	1248 	1191
f 627 	355 	624
f 745 	741 	1202
f 1201 	1202 	741
f 355 	627 	631
f 1171 	1172 	1200
f 1200 	1208 	1171
f 1168 	1203 	1208
f 1204 	1171 	1208
f 1209 	1164 	1208
f 360 	631 	636
f 1207 	1332 	1205
f 725 	1206 	730
f 3422 	1212 	1211
f 639 	365 	636
f 360 	636 	365
f 1218 	1221 	1255
f 1205 	1332 	1210
f 1210 	1332 	1214
f 1216 	1215 	683
f 730 	1217 	1220
f 1254 	1255 	1221
f 1214 	1332 	1219
f 643 	368 	639
f 1226 	1254 	1221
f 1219 	1247 	1222
f 1222 	1247 	1228
f 1230 	1223 	1224
f 1230 	1224 	1231
f 1232 	1254 	1226
f 1213 	1218 	1255
f 1234 	1230 	1231
f 1234 	1231 	1235
f 1237 	1234 	1235
f 1237 	1235 	1238
f 1248 	1072 	1143
f 1228 	1247 	1170
f 1239 	1253 	1232
f 1240 	1237 	1238
f 1240 	1238 	1241
f 1242 	1253 	1239
f 1092 	1240 	1241
f 1092 	1241 	921
f 374 	649 	377
f 738 	1229 	1236
f 1083 	1166 	833
f 383 	377 	655
f 652 	738 	1068
f 1236 	1068 	738
f 1248 	1186 	1247
f 1073 	1153 	1072
f 1249 	1245 	1246
f 1249 	1246 	1250
f 1250 	1224 	1249
f 1223 	1249 	1224
f 1140 	1253 	1242
f 1159 	1209 	1154
f 1251 	1149 	1209
f 1253 	1140 	1251
f 1254 	1232 	1253
f 1265 	525 	1255
f 1265 	1267 	523
f 963 	1264 	1266
f 1259 	1260 	1261
f 1259 	1261 	1262
f 1257 	1332 	1256
f 1256 	1332 	1207
f 1268 	520 	1267
f 1269 	1014 	1268
f 1270 	1012 	1269
f 1271 	1004 	1270
f 1273 	1461 	1272
f 1266 	1264 	1260
f 1266 	1260 	1259
f 1262 	1261 	1278
f 1262 	1278 	1281
f 1281 	1278 	1289
f 1281 	1289 	1291
f 5556 	1452 	1458
f 1286 	1287 	1330
f 1284 	1286 	1330
f 1283 	1284 	1330
f 1330 	1331 	1283
f 1288 	1290 	1330
f 1290 	1317 	1330
f 1329 	1330 	1317
f 1317 	1319 	1329
f 1466 	5556 	1458
f 1297 	1291 	1294
f 1289 	1294 	1291
f 1297 	1294 	1298
f 1297 	1298 	1299
f 1299 	1298 	1305
f 1299 	1305 	1307
f 1301 	1313 	778
f 1307 	1305 	1314
f 1307 	1314 	1315
f 1316 	1323 	1002
f 1308 	1309 	1306
f 1304 	1306 	1309
f 1309 	1310 	1304
f 1303 	1304 	1310
f 1310 	1311 	1303
f 1312 	1327 	1320
f 1327 	1329 	1320
f 1319 	1320 	1329
f 1287 	1288 	1330
f 1320 	1302 	1312
f 1311 	1312 	1302
f 1302 	1303 	1311
f 1313 	1318 	778
f 1315 	1314 	1321
f 1315 	1321 	1322
f 1323 	1326 	1002
f 1322 	1321 	1324
f 1322 	1324 	1325
f 2031 	1328 	677
f 1326 	1333 	1002
f 1487 	5562 	1484
f 1276 	1277 	1331
f 1257 	1276 	1331
f 1332 	1257 	1331
f 1247 	1219 	1332
f 1277 	1279 	1331
f 1279 	1283 	1331
f 1333 	1335 	1002
f 2516 	381 	390
f 1337 	5562 	1487
f 1335 	1338 	1002
f 2519 	390 	394
f 1000 	1002 	1338
f 1343 	1000 	1338
f 1348 	1000 	1343
f 1341 	1361 	1340
f 1342 	1376 	1341
f 1344 	1404 	1342
f 1346 	1404 	1344
f 1350 	1340 	1349
f 1339 	1340 	1350
f 1339 	1350 	1351
f 1339 	1351 	1352
f 1339 	1352 	1353
f 1355 	1000 	1348
f 2391 	266 	270
f 651 	377 	649
f 1354 	1358 	5539
f 2031 	1363 	1328
f 2397 	275 	277
f 1361 	1341 	1360
f 1362 	1340 	1361
f 1365 	1340 	1362
f 1366 	1340 	1365
f 1367 	1340 	1366
f 1368 	1340 	1367
f 1370 	1340 	1368
f 1349 	1340 	1370
f 1360 	1341 	1359
f 1385 	1341 	1384
f 285 	2397 	277
f 2407 	399 	290
f 1384 	1341 	1382
f 1382 	1341 	1380
f 1380 	1341 	1378
f 1378 	1341 	1376
f 1359 	1341 	1385
f 292 	2412 	290
f 1563 	1408 	1273
f 1375 	1342 	1391
f 1376 	1342 	1375
f 2423 	294 	299
f 306 	2423 	299
f 1396 	1563 	1393
f 1391 	1342 	1390
f 1390 	1342 	1389
f 1389 	1342 	1387
f 2436 	306 	311
f 1400 	1563 	1396
f 311 	317 	2436
f 1387 	1342 	1404
f 1346 	1416 	1404
f 1405 	1563 	1400
f 2443 	317 	324
f 672 	395 	664
f 1414 	1325 	1413
f 1324 	1413 	1325
f 1499 	1011 	1427
f 1417 	993 	1416
f 1414 	1413 	1421
f 1414 	1421 	1424
f 1503 	1499 	1428
f 1428 	1433 	1503
f 1427 	1428 	1499
f 1424 	1421 	1431
f 1424 	1431 	1432
f 1488 	1486 	1436
f 1432 	1431 	1439
f 1432 	1439 	1440
f 1440 	1439 	1443
f 1440 	1443 	1445
f 1445 	1443 	1449
f 1445 	1449 	1450
f 410 	830 	834
f 1408 	1563 	1405
f 1450 	1449 	1456
f 1450 	1456 	1457
f 1441 	1273 	1410
f 414 	834 	836
f 1457 	1456 	1462
f 1457 	1462 	1463
f 1433 	1434 	1511
f 1454 	1273 	1448
f 1447 	1511 	1434
f 1463 	1462 	1469
f 1463 	1469 	1470
f 414 	836 	839
f 1473 	1272 	1467
f 1467 	1272 	1461
f 1470 	1469 	1474
f 1470 	1474 	1475
f 1455 	1451 	1434
f 1475 	1474 	1478
f 1475 	1478 	1480
f 1479 	1483 	1002
f 1434 	1435 	1460
f 1460 	1455 	1434
f 1464 	1460 	1435
f 1483 	1282 	1002
f 1227 	1955 	1225
f 1956 	1225 	1955
f 1956 	1966 	1225
f 1233 	1225 	1966
f 1478 	1789 	1480
f 1476 	1472 	1435
f 374 	424 	649
f 1282 	1316 	1002
f 1473 	1479 	1002
f 1482 	1481 	1435
f 1481 	1476 	1435
f 428 	686 	29
f 1493 	1490 	1491
f 1493 	1491 	1494
f 1523 	1524 	1554
f 1486 	1485 	1436
f 1435 	1436 	1485
f 1485 	1482 	1435
f 1472 	1468 	1435
f 1497 	1565 	1492
f 1498 	1493 	1494
f 1498 	1494 	1500
f 1502 	1565 	1497
f 1243 	1233 	1966
f 1504 	1498 	1500
f 1504 	1500 	1506
f 1509 	1504 	1506
f 1509 	1506 	1510
f 1011 	998 	1425
f 1419 	1425 	998
f 2000 	1244 	1243
f 1512 	1563 	1505
f 1514 	1509 	1510
f 1514 	1510 	1515
f 1244 	2000 	1275
f 2009 	1275 	2000
f 1516 	1563 	1512
f 2010 	1285 	1275
f 2010 	1275 	2009
f 1468 	1464 	1435
f 1451 	1447 	1434
f 1511 	1507 	1433
f 1507 	1503 	1433
f 1425 	1427 	1011
f 2457 	327 	330
f 463 	117 	116
f 1285 	2010 	1293
f 2011 	1293 	2010
f 1393 	1563 	1516
f 1502 	1505 	1565
f 1565 	1505 	1563
f 1410 	1273 	1408
f 1448 	1273 	1441
f 1461 	1273 	1454
f 463 	461 	117
f 2018 	1296 	1293
f 2018 	1293 	2011
f 330 	339 	2457
f 1296 	2018 	1300
f 2019 	1300 	2018
f 2458 	339 	348
f 1517 	1514 	1515
f 1517 	1515 	1525
f 1528 	1517 	1525
f 1528 	1525 	1531
f 1538 	1528 	1531
f 1538 	1531 	1540
f 439 	71 	446
f 1955 	1227 	1334
f 1535 	1536 	1530
f 1530 	1532 	1535
f 1536 	1537 	1530
f 1533 	1534 	1532
f 1534 	1535 	1532
f 1537 	1539 	1530
f 1539 	1633 	1530
f 1633 	1635 	1530
f 1530 	1615 	1527
f 1621 	1622 	1527
f 1622 	1623 	1527
f 1526 	1527 	1623
f 1540 	1246 	1538
f 1245 	1538 	1246
f 1490 	2656 	1491
f 2091 	1336 	1345
f 1546 	1565 	1544
f 1543 	1590 	1523
f 1550 	1548 	1549
f 1550 	1549 	1551
f 1545 	1543 	1523
f 1492 	1565 	1546
f 1542 	1544 	1565
f 1552 	1550 	1551
f 1552 	1551 	1553
f 1555 	1552 	1553
f 1555 	1553 	1556
f 284 	343 	151
f 1554 	1547 	1523
f 1547 	1545 	1523
f 1523 	1582 	1436
f 1041 	1000 	1355
f 996 	1000 	1042
f 1053 	996 	1051
f 370 	2499 	2493
f 1558 	1555 	1556
f 1558 	1556 	1559
f 1357 	1364 	2094
f 1561 	1558 	1559
f 1561 	1559 	1562
f 375 	2512 	2499
f 1557 	1554 	1524
f 2094 	1364 	1372
f 1565 	1641 	1542
f 1566 	1561 	1562
f 1566 	1562 	1567
f 1568 	1566 	1567
f 1568 	1567 	1569
f 1572 	1568 	1569
f 1572 	1569 	1575
f 1571 	1573 	1526
f 1524 	1526 	1573
f 1573 	1574 	1524
f 1574 	1564 	1524
f 1564 	1560 	1524
f 1560 	1557 	1524
f 1578 	1572 	1575
f 1578 	1575 	1579
f 482 	481 	168
f 2516 	390 	2519
f 1577 	1521 	1641
f 1522 	1641 	1521
f 1529 	1641 	1522
f 1541 	1641 	1529
f 57 	1578 	1579
f 1489 	1488 	1436
f 1580 	1489 	1436
f 2519 	394 	399
f 1581 	1436 	1582
f 1580 	1436 	1581
f 1588 	1584 	1585
f 1588 	1585 	1593
f 1589 	1643 	1587
f 1591 	1643 	1589
f 1592 	1643 	1591
f 1594 	1643 	1592
f 1595 	1642 	1594
f 1596 	1642 	1595
f 1597 	1642 	1596
f 1598 	1588 	1593
f 1598 	1593 	1599
f 1590 	1583 	1523
f 1583 	1582 	1523
f 1600 	1598 	1599
f 1600 	1599 	1601
f 1603 	1600 	1601
f 1603 	1601 	1604
f 2534 	434 	437
f 1605 	1603 	1604
f 1605 	1604 	1607
f 1607 	1549 	1605
f 1548 	1605 	1549
f 2539 	2534 	437
f 2539 	437 	440
f 2108 	1398 	1409
f 1613 	1530 	1611
f 1615 	1530 	1613
f 1617 	1527 	1615
f 1620 	1527 	1617
f 1621 	1527 	1620
f 1623 	1625 	1526
f 1625 	1627 	1526
f 1627 	1629 	1526
f 1629 	1570 	1526
f 1570 	1571 	1526
f 1611 	1530 	1609
f 1609 	1530 	1635
f 1616 	1619 	1614
f 1619 	1624 	1614
f 1612 	1614 	1624
f 1624 	1626 	1612
f 1610 	1612 	1626
f 1626 	1628 	1610
f 1608 	1610 	1628
f 1608 	1628 	1630
f 1631 	1644 	1630
f 1586 	1643 	1632
f 1587 	1643 	1586
f 1632 	1644 	1631
f 1576 	1642 	1597
f 361 	2485 	440
f 2112 	1422 	1423
f 1638 	1639 	1636
f 1638 	1636 	1634
f 6349 	1496 	1495
f 1646 	1647 	1639
f 1646 	1639 	1638
f 1644 	1632 	1643
f 1643 	1594 	1642
f 1645 	1630 	1644
f 1577 	1641 	1576
f 1608 	1630 	1645
f 1642 	1576 	1641
f 1541 	1542 	1641
f 2547 	455 	451
f 1656 	1657 	1647
f 1656 	1647 	1646
f 1659 	1660 	1650
f 1651 	1659 	1650
f 1652 	1658 	1651
f 1653 	1694 	1652
f 1655 	1716 	1653
f 1659 	1651 	1658
f 1649 	1650 	1660
f 1660 	1661 	1649
f 1661 	1662 	1649
f 1648 	1649 	1662
f 457 	455 	2548
f 1664 	1665 	1657
f 1664 	1657 	1656
f 457 	2548 	460
f 2549 	460 	2548
f 1745 	1746 	1675
f 1675 	1677 	1745
f 1743 	1745 	1677
f 1679 	1743 	1677
f 1680 	1682 	1665
f 1680 	1665 	1664
f 1672 	1674 	1683
f 1683 	1684 	1672
f 1681 	1683 	1674
f 1684 	1698 	1672
f 1676 	1678 	1674
f 1678 	1681 	1674
f 1672 	1705 	1670
f 1670 	1733 	1668
f 1739 	1740 	1668
f 1740 	1741 	1668
f 1685 	1686 	1682
f 1685 	1682 	1680
f 467 	460 	2549
f 1691 	1693 	1686
f 1691 	1686 	1685
f 1690 	1653 	1689
f 1692 	1653 	1690
f 1694 	1653 	1692
f 1695 	1652 	1694
f 1658 	1652 	1695
f 1689 	1653 	1687
f 2612 	468 	467
f 2129 	1459 	1465
f 1697 	1699 	1693
f 1697 	1693 	1691
f 470 	468 	2613
f 1700 	1672 	1698
f 1701 	1672 	1700
f 1702 	1672 	1701
f 1703 	1672 	1702
f 1704 	1672 	1703
f 1705 	1672 	1704
f 1706 	1670 	1705
f 1707 	1670 	1706
f 1725 	1670 	1707
f 1708 	1710 	1699
f 1708 	1699 	1697
f 470 	2613 	476
f 2626 	476 	2613
f 1712 	1714 	1710
f 1712 	1710 	1708
f 120 	476 	2626
f 1727 	1729 	1714
f 1727 	1714 	1712
f 1721 	1653 	1720
f 1720 	1653 	1719
f 1719 	1653 	1718
f 1718 	1653 	1717
f 1717 	1653 	1716
f 1713 	1716 	1655
f 1722 	1653 	1721
f 1723 	1653 	1722
f 1724 	1653 	1723
f 1687 	1653 	1724
f 1711 	1713 	1655
f 1731 	1670 	1728
f 1728 	1670 	1726
f 1732 	1670 	1731
f 1733 	1670 	1732
f 1734 	1668 	1733
f 1735 	1736 	1729
f 1735 	1729 	1727
f 1667 	1668 	1779
f 1666 	1667 	1779
f 1742 	1744 	1736
f 1742 	1736 	1735
f 1748 	1749 	1673
f 1747 	1748 	1673
f 1671 	1673 	1749
f 1749 	1751 	1671
f 1751 	1711 	1671
f 1655 	1671 	1711
f 1673 	1675 	1747
f 1746 	1747 	1675
f 2091 	1345 	1356
f 2211 	1752 	1750
f 1756 	1759 	1760
f 1756 	1760 	1762
f 1757 	1761 	1754
f 1768 	1761 	1757
f 1753 	1754 	1761
f 1679 	1753 	1743
f 1761 	1743 	1753
f 2211 	2217 	1752
f 1764 	1765 	1758
f 1764 	1758 	1755
f 1760 	1759 	1766
f 1760 	1766 	1767
f 2093 	1356 	1357
f 1764 	1634 	1765
f 1636 	1765 	1634
f 1767 	1766 	1771
f 1767 	1771 	1773
f 2217 	748 	1763
f 2846 	1585 	1584
f 2094 	2093 	1357
f 1770 	1761 	1769
f 200 	194 	31
f 1768 	1769 	1761
f 1738 	1668 	1734
f 1726 	1670 	1725
f 1739 	1668 	1738
f 1822 	1666 	1779
f 2095 	2094 	1372
f 1363 	2031 	2039
f 1775 	2231 	1776
f 357 	354 	253
f 354 	351 	253
f 250 	253 	351
f 1777 	1775 	1776
f 1777 	1776 	1778
f 1377 	2097 	1372
f 1780 	1777 	1778
f 1780 	1778 	1782
f 5181 	1781 	1783
f 2099 	2097 	1383
f 1783 	1781 	1784
f 1783 	1784 	1785
f 1780 	1782 	2883
f 2050 	1371 	1374
f 1785 	1784 	1786
f 1785 	1786 	1787
f 1388 	2099 	1383
f 1787 	1786 	1788
f 1787 	1788 	1790
f 2051 	2050 	1374
f 2051 	1374 	1381
f 1790 	1788 	1756
f 1790 	1756 	1762
f 64 	1579 	1774
f 1381 	1395 	2051
f 1793 	1773 	1792
f 1771 	1792 	1773
f 77 	64 	1774
f 1793 	1792 	1795
f 1793 	1795 	1796
f 84 	77 	11
f 1774 	11 	77
f 1392 	1363 	2052
f 2039 	2052 	1363
f 94 	84 	11
f 1796 	1795 	1797
f 1796 	1797 	1798
f 2053 	2051 	1395
f 11 	17 	94
f 1798 	1797 	1800
f 1798 	1800 	1801
f 183 	174 	17
f 174 	94 	17
f 1801 	1800 	1803
f 1801 	1803 	1804
f 1399 	2056 	1395
f 2053 	1395 	2056
f 189 	183 	17
f 1741 	1779 	1668
f 115 	179 	465
f 2059 	2056 	1399
f 2059 	1399 	1401
f 1804 	1803 	1806
f 1804 	1806 	1807
f 465 	116 	115
f 194 	189 	24
f 17 	24 	189
f 1772 	1569 	1770
f 1807 	1806 	1809
f 1807 	1809 	1810
f 1401 	1406 	2059
f 2079 	2059 	1406
f 1810 	1809 	1811
f 1810 	1811 	1812
f 24 	31 	194
f 207 	200 	31
f 2079 	1406 	1415
f 696 	701 	970
f 970 	974 	696
f 1812 	1811 	1815
f 1812 	1815 	1816
f 2052 	2085 	1412
f 2052 	1412 	1392
f 1816 	1815 	1817
f 1816 	1817 	1818
f 31 	36 	209
f 209 	207 	31
f 368 	643 	62
f 2086 	2079 	1415
f 1818 	1817 	1824
f 1818 	1824 	1825
f 1779 	1813 	985
f 1415 	1426 	2086
f 2087 	2086 	1426
f 1828 	1885 	1827
f 1829 	1018 	1828
f 1412 	2085 	1426
f 2087 	1426 	2085
f 1833 	1846 	1832
f 1834 	1892 	1833
f 919 	924 	860
f 269 	393 	265
f 265 	408 	263
f 263 	305 	261
f 295 	293 	261
f 257 	261 	293
f 909 	919 	860
f 906 	909 	860
f 902 	906 	860
f 900 	902 	860
f 293 	291 	257
f 295 	261 	305
f 1438 	1442 	2114
f 1840 	1833 	1838
f 1824 	1836 	1837
f 1824 	1837 	1825
f 2114 	1442 	1501
f 1842 	1833 	1840
f 1837 	1836 	1844
f 1837 	1844 	1845
f 2865 	526 	513
f 1846 	1833 	1842
f 1838 	1833 	1892
f 1845 	1844 	1847
f 1845 	1847 	1848
f 1849 	1832 	1846
f 1848 	1847 	1851
f 1848 	1851 	1852
f 1853 	1832 	1849
f 1852 	1851 	1854
f 1852 	1854 	1855
f 1856 	1832 	1853
f 1855 	1854 	1857
f 1855 	1857 	1859
f 1860 	1832 	1856
f 1859 	1857 	1861
f 1859 	1861 	1862
f 1863 	1832 	1860
f 1865 	1832 	1863
f 1862 	1861 	1866
f 1862 	1866 	1867
f 1869 	1832 	1865
f 486 	485 	151
f 1867 	1866 	1870
f 1867 	1870 	1871
f 1872 	1831 	1869
f 1871 	1870 	1873
f 1871 	1873 	1874
f 1875 	1831 	1872
f 526 	2865 	527
f 2871 	527 	2865
f 1874 	1873 	1876
f 1874 	1876 	1877
f 1878 	1831 	1875
f 1827 	1887 	1834
f 482 	168 	166
f 2871 	530 	527
f 170 	168 	481
f 1929 	1906 	1927
f 171 	170 	481
f 1883 	1495 	1884
f 1496 	1884 	1495
f 1887 	1827 	1885
f 1888 	1889 	1881
f 1888 	1881 	1880
f 1890 	1834 	1887
f 479 	172 	171
f 6475 	1889 	1888
f 318 	314 	44
f 340 	331 	250
f 1892 	1834 	1890
f 1885 	1828 	1018
f 1819 	999 	1829
f 1897 	1898 	1895
f 1897 	1895 	1894
f 253 	257 	364
f 364 	357 	253
f 1371 	2043 	1669
f 291 	289 	257
f 289 	364 	257
f 1909 	1910 	1898
f 1909 	1898 	1897
f 1422 	2112 	1430
f 173 	172 	479
f 1913 	1915 	1910
f 1913 	1910 	1909
f 1423 	1444 	2121
f 1917 	1918 	1915
f 1917 	1915 	1913
f 1905 	1906 	1945
f 1944 	1945 	1906
f 1938 	1944 	1906
f 1934 	1938 	1906
f 1907 	1927 	1906
f 1831 	1952 	1907
f 1832 	1869 	1831
f 1929 	1934 	1906
f 1945 	1946 	1905
f 1957 	1958 	1905
f 1947 	1957 	1905
f 214 	209 	36
f 1923 	1907 	1922
f 220 	214 	36
f 705 	699 	2902
f 2899 	2902 	699
f 234 	229 	36
f 229 	220 	36
f 1508 	1513 	2122
f 1925 	1907 	1923
f 36 	44 	234
f 2122 	1513 	1518
f 325 	318 	44
f 314 	234 	44
f 1927 	1907 	1925
f 1919 	1930 	1918
f 1919 	1918 	1917
f 524 	2858 	756
f 1932 	1933 	1930
f 1932 	1930 	1919
f 1946 	1947 	1905
f 1935 	1936 	1933
f 1935 	1933 	1932
f 756 	2907 	870
f 1939 	1940 	1936
f 1939 	1936 	1935
f 1941 	1942 	1940
f 1941 	1940 	1939
f 496 	494 	195
f 195 	201 	496
f 497 	496 	201
f 44 	250 	328
f 328 	325 	44
f 1900 	1901 	1958
f 1901 	1902 	1958
f 1902 	1903 	1958
f 1921 	1900 	1958
f 1914 	1921 	1958
f 1903 	1904 	1958
f 1904 	1905 	1958
f 1602 	2137 	1520
f 2912 	1003 	880
f 498 	497 	201
f 498 	201 	204
f 347 	340 	250
f 351 	347 	250
f 331 	328 	250
f 2141 	2137 	1606
f 1951 	1831 	1949
f 204 	208 	498
f 2121 	1444 	1453
f 1952 	1831 	1951
f 305 	263 	402
f 1618 	2145 	1606
f 502 	208 	216
f 1953 	1907 	1952
f 2123 	1453 	1459
f 1954 	1907 	1953
f 2150 	2145 	1637
f 505 	218 	228
f 1922 	1907 	1954
f 1949 	1831 	1878
f 1640 	2153 	1637
f 378 	384 	276
f 272 	276 	384
f 384 	391 	272
f 269 	272 	391
f 393 	269 	391
f 397 	265 	393
f 408 	265 	397
f 402 	263 	408
f 376 	378 	276
f 2157 	2153 	1654
f 2157 	1654 	2163
f 1960 	2151 	1964
f 2166 	2163 	1669
f 1970 	1960 	1964
f 1970 	1964 	1973
f 1959 	1961 	1958
f 1961 	1962 	1958
f 1962 	1963 	1958
f 1963 	1965 	1958
f 1965 	1967 	1958
f 1967 	1968 	1958
f 1968 	1969 	1958
f 1969 	1971 	1958
f 1971 	1972 	1958
f 1972 	1974 	1958
f 1974 	1975 	1958
f 1911 	1912 	1958
f 1912 	1914 	1958
f 1975 	1911 	1958
f 1976 	1970 	1973
f 1976 	1973 	1977
f 352 	624 	355
f 1978 	1976 	1977
f 1978 	1977 	1979
f 1980 	1978 	1979
f 1980 	1979 	1981
f 1334 	2088 	1955
f 2287 	2286 	1688
f 1982 	1980 	1981
f 1982 	1981 	1985
f 2187 	1696 	1688
f 1997 	1243 	1966
f 1990 	1991 	1989
f 1991 	1992 	1989
f 1992 	1993 	1989
f 1988 	1989 	1993
f 1993 	1995 	1988
f 1987 	1988 	1995
f 1995 	1996 	1987
f 1986 	1987 	1996
f 1996 	2012 	1986
f 2012 	2013 	1986
f 1984 	1986 	2013
f 1994 	1982 	1985
f 1994 	1985 	1998
f 365 	639 	368
f 1999 	1994 	1998
f 1999 	1998 	2001
f 1997 	2000 	1243
f 1696 	2187 	1709
f 2190 	1709 	2187
f 883 	886 	878
f 873 	878 	886
f 886 	851 	873
f 869 	873 	851
f 864 	869 	851
f 851 	854 	864
f 860 	864 	854
f 854 	892 	860
f 892 	896 	860
f 2191 	1715 	1709
f 2191 	1709 	2190
f 2032 	2033 	2008
f 2006 	2008 	2033
f 2033 	2034 	2006
f 1983 	2030 	2008
f 1715 	2191 	1730
f 2195 	1730 	2191
f 2198 	1737 	1730
f 2198 	1730 	2195
f 2017 	2020 	1984
f 2020 	2021 	1984
f 2021 	2022 	1984
f 2022 	2023 	1984
f 2023 	2024 	1984
f 651 	655 	377
f 896 	900 	860
f 924 	927 	860
f 927 	935 	860
f 935 	938 	860
f 941 	943 	860
f 938 	941 	860
f 287 	860 	371
f 943 	371 	860
f 371 	373 	287
f 279 	287 	373
f 373 	376 	279
f 276 	279 	376
f 1737 	2198 	1750
f 2203 	1750 	2198
f 765 	763 	547
f 2211 	1750 	2203
f 1763 	1752 	2217
f 2016 	2017 	1984
f 2015 	2016 	1984
f 2014 	2015 	1984
f 2013 	2014 	1984
f 2024 	2025 	1984
f 2025 	2026 	1984
f 2026 	2027 	1984
f 2027 	2028 	1984
f 1983 	1984 	2028
f 2029 	1983 	2028
f 2030 	1983 	2029
f 2030 	2032 	2008
f 547 	546 	765
f 768 	765 	546
f 2090 	2088 	1336
f 1334 	1336 	2088
f 2034 	2035 	2006
f 2005 	2006 	2035
f 2035 	2036 	2005
f 2002 	2004 	2038
f 2038 	2044 	2042
f 2042 	2002 	2038
f 774 	772 	483
f 2090 	1336 	2091
f 483 	477 	774
f 961 	956 	471
f 477 	471 	956
f 2004 	2005 	2037
f 2036 	2037 	2005
f 2037 	2038 	2004
f 2040 	2041 	2044
f 2041 	2042 	2044
f 2912 	1008 	1003
f 469 	466 	966
f 966 	961 	469
f 984 	980 	1411
f 988 	984 	1404
f 2050 	2043 	1371
f 2044 	81 	2046
f 2048 	2044 	2047
f 2046 	2047 	2044
f 2049 	2044 	2048
f 2040 	2044 	2049
f 2046 	81 	2045
f 7 	89 	15
f 2785 	2787 	489
f 22 	193 	28
f 2045 	81 	7
f 492 	2806 	495
f 74 	2044 	57
f 2003 	1999 	2001
f 2003 	2001 	2007
f 2095 	1372 	2097
f 81 	2044 	74
f 504 	495 	2806
f 2054 	2003 	2007
f 2054 	2007 	2055
f 89 	7 	81
f 1377 	1383 	2097
f 2057 	2054 	2055
f 2057 	2055 	2058
f 489 	434 	2527
f 167 	15 	89
f 2062 	2063 	2061
f 2062 	2061 	2060
f 193 	22 	188
f 507 	504 	2829
f 2064 	2065 	2063
f 2064 	2063 	2062
f 197 	28 	193
f 2066 	2067 	2065
f 2066 	2065 	2064
f 203 	28 	197
f 182 	15 	167
f 2829 	511 	507
f 416 	414 	839
f 2068 	2069 	2067
f 2068 	2067 	2066
f 210 	28 	203
f 2105 	2101 	1403
f 2070 	2071 	2069
f 2070 	2069 	2068
f 2 	420 	839
f 215 	35 	210
f 188 	15 	182
f 2072 	2073 	2071
f 2072 	2071 	2070
f 2104 	2105 	1398
f 222 	35 	215
f 2074 	2075 	2073
f 2074 	2073 	2072
f 2074 	1894 	2075
f 1895 	2075 	1894
f 230 	35 	222
f 424 	1 	3
f 2104 	1398 	2108
f 3 	649 	424
f 2078 	2076 	2077
f 2078 	2077 	2080
f 1409 	1430 	2108
f 2081 	2078 	2080
f 2081 	2080 	2082
f 15 	188 	22
f 235 	35 	230
f 767 	43 	235
f 1404 	984 	1411
f 1418 	1419 	993
f 998 	993 	1419
f 1417 	1418 	993
f 1404 	1416 	993
f 993 	990 	1404
f 458 	456 	972
f 990 	988 	1404
f 1215 	1411 	980
f 2112 	1423 	2113
f 1231 	937 	1235
f 762 	841 	262
f 262 	260 	762
f 759 	762 	260
f 757 	759 	260
f 260 	256 	757
f 754 	757 	256
f 784 	786 	248
f 781 	784 	248
f 43 	777 	248
f 35 	235 	43
f 750 	754 	256
f 274 	271 	819
f 655 	660 	383
f 1423 	2121 	2113
f 1238 	937 	1241
f 937 	953 	1241
f 264 	262 	843
f 1453 	2123 	2121
f 7152 	7151 	2110
f 937 	1231 	963
f 828 	823 	264
f 843 	828 	264
f 2110 	1438 	2114
f 392 	664 	395
f 268 	264 	823
f 1501 	2117 	2114
f 1264 	963 	1231
f 672 	681 	395
f 841 	843 	262
f 823 	821 	268
f 1465 	2182 	2129
f 1261 	1260 	1231
f 1260 	1264 	1231
f 1508 	2119 	1501
f 2117 	1501 	2119
f 398 	681 	686
f 1508 	2122 	2119
f 771 	43 	767
f 1238 	1235 	937
f 1289 	1278 	1224
f 1250 	1294 	1224
f 2089 	1324 	1246
f 1278 	1261 	1224
f 1305 	1250 	1314
f 1246 	1314 	1250
f 1231 	1224 	1261
f 1518 	2125 	2122
f 773 	43 	771
f 1289 	1224 	1294
f 777 	43 	773
f 1294 	1250 	1298
f 1298 	1250 	1305
f 779 	248 	777
f 2092 	2091 	1356
f 781 	248 	779
f 28 	210 	35
f 2131 	1519 	1520
f 2093 	2092 	1356
f 252 	248 	786
f 1314 	1246 	1321
f 786 	796 	252
f 416 	839 	420
f 1321 	1246 	1324
f 2137 	2131 	1520
f 796 	799 	252
f 1413 	1324 	2089
f 799 	803 	252
f 1602 	1606 	2137
f 256 	252 	803
f 750 	256 	803
f 1421 	1413 	2089
f 271 	268 	821
f 2101 	2099 	1388
f 2150 	1637 	2153
f 1388 	1403 	2101
f 29 	34 	428
f 2858 	524 	521
f 1640 	1654 	2153
f 821 	819 	271
f 819 	815 	274
f 815 	812 	274
f 278 	274 	812
f 942 	940 	853
f 853 	852 	942
f 889 	853 	940
f 431 	38 	620
f 1663 	2163 	1654
f 1403 	1398 	2105
f 1663 	1669 	2163
f 867 	863 	808
f 863 	859 	808
f 872 	867 	808
f 859 	286 	808
f 810 	808 	286
f 286 	278 	810
f 812 	810 	278
f 877 	872 	808
f 881 	877 	808
f 620 	624 	350
f 2166 	1669 	2043
f 1430 	2116 	2108
f 355 	631 	356
f 356 	631 	360
f 918 	908 	923
f 908 	905 	923
f 905 	901 	923
f 926 	923 	901
f 901 	899 	926
f 933 	926 	899
f 899 	895 	933
f 936 	933 	895
f 895 	889 	936
f 940 	936 	889
f 852 	884 	808
f 884 	881 	808
f 808 	942 	852
f 531 	2885 	533
f 2116 	1430 	2112
f 683 	688 	978
f 978 	981 	683
f 2885 	676 	533
f 1216 	683 	981
f 1813 	1216 	981
f 2123 	1459 	2126
f 981 	985 	1813
f 1518 	1519 	2125
f 2127 	2125 	1519
f 985 	989 	1779
f 2126 	1459 	2129
f 1822 	1779 	989
f 1519 	2131 	2127
f 2083 	2081 	2082
f 2083 	2082 	2084
f 1821 	1822 	989
f 2132 	2083 	2084
f 2132 	2084 	2133
f 991 	1821 	989
f 2899 	699 	694
f 2135 	2132 	2133
f 2135 	2133 	2136
f 999 	1819 	994
f 1018 	1829 	999
f 2138 	2135 	2136
f 2138 	2136 	2139
f 2140 	2138 	2139
f 2140 	2139 	2142
f 2143 	2140 	2142
f 2143 	2142 	2144
f 521 	705 	2902
f 2141 	1606 	2145
f 2147 	2143 	2144
f 2147 	2144 	2148
f 2149 	2147 	2148
f 2149 	2148 	2151
f 1618 	1637 	2145
f 1960 	2149 	2151
f 994 	1820 	991
f 1821 	991 	1820
f 1820 	994 	1819
f 967 	970 	701
f 920 	922 	656
f 709 	713 	962
f 701 	706 	967
f 2158 	2159 	2155
f 2158 	2155 	2154
f 1266 	1259 	1230
f 834 	412 	410
f 2160 	2162 	2159
f 2160 	2159 	2158
f 2164 	2165 	2162
f 2164 	2162 	2160
f 1237 	1129 	1234
f 1431 	1421 	2089
f 1439 	1431 	2089
f 1443 	1439 	2089
f 2602 	2601 	2156
f 2167 	2168 	2165
f 2167 	2165 	2164
f 1449 	1443 	2089
f 1240 	1092 	1123
f 1092 	1104 	1123
f 2169 	2171 	2168
f 2169 	2168 	2167
f 1456 	1449 	2089
f 2170 	2173 	2174
f 2170 	2174 	2176
f 1462 	1456 	2089
f 2175 	2177 	2171
f 2175 	2171 	2169
f 1469 	1462 	2089
f 2179 	2180 	2177
f 2179 	2177 	2175
f 2184 	2185 	2180
f 2184 	2180 	2179
f 1465 	2181 	2182
f 1259 	1262 	1230
f 2182 	2181 	2173
f 2182 	2173 	2170
f 1474 	1469 	2089
f 1478 	1474 	2089
f 2089 	1525 	1789
f 2089 	1789 	1478
f 1223 	1230 	1262
f 1262 	1281 	1223
f 2176 	2174 	2188
f 2176 	2188 	2189
f 2186 	2187 	1688
f 1281 	1291 	1223
f 2 	1 	420
f 421 	420 	1
f 1 	424 	421
f 1491 	2520 	2497
f 2188 	2193 	2189
f 2192 	2189 	2193
f 1291 	1297 	1223
f 1245 	1249 	2194
f 2194 	1249 	1223
f 1234 	1134 	1230
f 1266 	1230 	1134
f 2196 	2192 	2193
f 2196 	2193 	2197
f 2184 	2060 	2185
f 2061 	2185 	2060
f 1494 	1491 	2498
f 2497 	2498 	1491
f 2199 	2196 	2197
f 2199 	2197 	2202
f 1299 	2194 	1297
f 2204 	2206 	2201
f 2204 	2201 	2200
f 2205 	2199 	2202
f 2205 	2202 	2207
f 2500 	2501 	1494
f 2208 	2209 	2206
f 2208 	2206 	2204
f 2210 	2205 	2207
f 2210 	2207 	2212
f 2213 	2214 	2209
f 2213 	2209 	2208
f 2215 	2210 	2212
f 2215 	2212 	2216
f 2218 	2219 	2214
f 2218 	2214 	2213
f 2396 	2392 	1805
f 1246 	1540 	2089
f 1540 	1531 	2089
f 1525 	2089 	1531
f 2220 	2215 	2216
f 2220 	2216 	2222
f 2221 	2223 	2219
f 2221 	2219 	2218
f 1307 	2194 	1299
f 2194 	1223 	1297
f 1252 	748 	2217
f 2224 	2220 	2222
f 2224 	2222 	2226
f 2225 	2227 	2223
f 2225 	2223 	2221
f 2225 	2154 	2227
f 2155 	2227 	2154
f 2229 	2224 	2226
f 2229 	2226 	2231
f 387 	383 	660
f 2437 	2228 	2230
f 2232 	2233 	6
f 2232 	6 	4
f 1775 	2229 	2231
f 387 	660 	392
f 2236 	2237 	2233
f 2236 	2233 	2232
f 2234 	2235 	2230
f 2234 	2230 	2228
f 2240 	2241 	2237
f 2240 	2237 	2236
f 1551 	1549 	1761
f 1553 	1551 	1761
f 2242 	2238 	2239
f 2242 	2239 	2245
f 2243 	2244 	2235
f 2243 	2235 	2234
f 2246 	2247 	2241
f 2246 	2241 	2240
f 2413 	1814 	1823
f 2242 	2245 	2260
f 2248 	2250 	2244
f 2248 	2244 	2243
f 2249 	2251 	2247
f 2249 	2247 	2246
f 1559 	1556 	1761
f 2252 	2253 	3868
f 2254 	2255 	2251
f 2254 	2251 	2249
f 2256 	2257 	2250
f 2256 	2250 	2248
f 1559 	1761 	1562
f 398 	686 	400
f 2258 	2242 	2260
f 2259 	2261 	2255
f 2259 	2255 	2254
f 2262 	2263 	2257
f 2262 	2257 	2256
f 2252 	2258 	2260
f 2252 	2260 	2253
f 2264 	2265 	2261
f 2264 	2261 	2259
f 428 	400 	686
f 2266 	2267 	2263
f 2266 	2263 	2262
f 2264 	2200 	2265
f 2201 	2265 	2200
f 2269 	2271 	2267
f 2269 	2267 	2266
f 2911 	2912 	880
f 2273 	2268 	2270
f 2273 	2270 	2276
f 2274 	2275 	2271
f 2274 	2271 	2269
f 414 	412 	834
f 1835 	1839 	2431
f 2277 	2273 	2276
f 2277 	2276 	2280
f 1315 	2194 	1307
f 2278 	2279 	2275
f 2278 	2275 	2274
f 2431 	1839 	1841
f 2281 	2277 	2280
f 2281 	2280 	2284
f 2282 	2283 	2279
f 2282 	2279 	2278
f 1325 	2194 	1322
f 1315 	1322 	2194
f 2285 	2281 	2284
f 2285 	2284 	2288
f 2286 	2287 	2283
f 2286 	2283 	2282
f 1567 	1761 	1569
f 1575 	1569 	1772
f 1579 	1575 	1772
f 1772 	1774 	1579
f 1424 	1538 	1414
f 2289 	2285 	2288
f 2289 	2288 	2290
f 1432 	1538 	1424
f 2186 	1688 	2286
f 2291 	2289 	2290
f 2291 	2290 	2292
f 1440 	1538 	1432
f 2293 	2291 	2292
f 2293 	2292 	2294
f 1445 	1538 	1440
f 2296 	2293 	2294
f 2296 	2294 	2297
f 1593 	1585 	2716
f 428 	34 	430
f 2300 	2296 	2297
f 2300 	2297 	2302
f 2301 	2272 	2299
f 2301 	2299 	2303
f 430 	34 	431
f 1601 	1599 	1761
f 1599 	1593 	1761
f 2305 	2300 	2302
f 2305 	2302 	2307
f 2306 	2301 	2303
f 2306 	2303 	2308
f 431 	620 	350
f 2310 	2306 	2308
f 2310 	2308 	2312
f 1562 	1761 	1567
f 1770 	1569 	1761
f 1556 	1553 	1761
f 1549 	1607 	1761
f 1607 	1604 	1761
f 1604 	1601 	1761
f 2311 	2305 	2307
f 2311 	2307 	2313
f 1450 	1538 	1445
f 2313 	2239 	2311
f 2238 	2311 	2239
f 1457 	1528 	1450
f 1414 	1538 	1325
f 464 	116 	465
f 1463 	1528 	1457
f 463 	116 	464
f 1470 	1528 	1463
f 2388 	1791 	1794
f 1475 	1528 	1470
f 118 	117 	461
f 1665 	1682 	3571
f 1693 	3571 	1686
f 1686 	3571 	1682
f 1665 	3571 	1657
f 1657 	3571 	1647
f 1647 	3571 	1639
f 1699 	3571 	1693
f 1710 	3573 	1699
f 3454 	3455 	3612
f 1799 	2390 	1794
f 1480 	1517 	1475
f 368 	62 	436
f 2392 	1799 	1802
f 436 	62 	439
f 1802 	1805 	2392
f 2385 	1517 	1480
f 2194 	1325 	1538
f 2194 	1538 	1245
f 2394 	2391 	275
f 270 	275 	2391
f 275 	2397 	2394
f 2312 	2077 	2310
f 2076 	2310 	2077
f 1636 	3570 	1765
f 285 	2400 	2397
f 2618 	2619 	1514
f 2616 	2618 	1514
f 2329 	1877 	2328
f 1876 	2328 	1877
f 2328 	2299 	2329
f 2272 	2329 	2299
f 21 	20 	2332
f 21 	2332 	2333
f 2615 	2616 	1514
f 1528 	1475 	1517
f 2372 	2336 	2371
f 2337 	2371 	2336
f 1538 	1450 	1528
f 122 	118 	461
f 2418 	2412 	294
f 446 	80 	92
f 294 	2423 	2418
f 1550 	2044 	1548
f 459 	92 	122
f 1552 	2044 	1550
f 2716 	1761 	1593
f 306 	2430 	2423
f 1555 	2044 	1552
f 1558 	2044 	1555
f 306 	2436 	2430
f 1776 	4342 	1778
f 153 	151 	485
f 1561 	2044 	1558
f 1566 	2044 	1561
f 166 	153 	485
f 1778 	4342 	1782
f 1568 	2044 	1566
f 1572 	2044 	1568
f 2448 	2443 	324
f 1578 	2044 	1572
f 327 	2454 	324
f 2448 	324 	2454
f 480 	171 	481
f 327 	2457 	2454
f 1584 	1588 	2831
f 57 	2044 	1578
f 1515 	1791 	1525
f 171 	480 	479
f 1794 	1791 	1515
f 1789 	1525 	1791
f 2044 	2831 	1588
f 478 	173 	479
f 1802 	1799 	1515
f 1799 	1794 	1515
f 1598 	2044 	1588
f 1600 	2044 	1598
f 1603 	2044 	1600
f 1805 	1515 	1808
f 2508 	2509 	1515
f 1805 	1802 	1515
f 4355 	2355 	2354
f 4355 	2354 	4354
f 1548 	2044 	1605
f 1605 	2044 	1603
f 2845 	1584 	2844
f 2356 	2481 	2357
f 1808 	1515 	1814
f 2539 	440 	2485
f 2360 	2361 	2362
f 2360 	2362 	2363
f 1823 	1814 	1515
f 2485 	361 	369
f 2365 	2366 	2361
f 2365 	2361 	2360
f 1823 	1515 	1826
f 475 	175 	173
f 475 	173 	478
f 1826 	1515 	2509
f 1664 	3669 	1680
f 1685 	1680 	3669
f 1691 	1685 	3669
f 1656 	3669 	1664
f 1697 	1691 	3669
f 1708 	1697 	3669
f 1712 	1708 	3669
f 1646 	3668 	1656
f 1727 	1712 	3669
f 1735 	1727 	3669
f 1638 	3668 	1646
f 175 	475 	176
f 474 	176 	475
f 2509 	2511 	1830
f 1830 	1826 	2509
f 2845 	2862 	1584
f 2372 	2371 	2366
f 2372 	2366 	2365
f 2511 	2152 	1835
f 1835 	1830 	2511
f 2512 	375 	381
f 2363 	2362 	2374
f 2363 	2374 	2375
f 1777 	4455 	1775
f 1841 	1839 	2152
f 1839 	1835 	2152
f 2152 	2156 	1841
f 2378 	2375 	2377
f 2374 	2377 	2375
f 2378 	2377 	2380
f 2378 	2380 	2381
f 1780 	4455 	1777
f 1775 	4457 	2229
f 1850 	1843 	2161
f 2156 	2161 	1843
f 2381 	2380 	2382
f 2381 	2382 	2383
f 176 	474 	177
f 2386 	1517 	2385
f 2387 	2470 	266
f 2390 	2392 	1514
f 2391 	2387 	266
f 2146 	2106 	1908
f 1908 	1916 	2146
f 2183 	2146 	1916
f 1920 	2183 	1916
f 1899 	1908 	2106
f 1893 	1896 	2109
f 2107 	2109 	1896
f 1896 	1899 	2107
f 2106 	2107 	1899
f 2392 	2396 	1514
f 2390 	1514 	2388
f 179 	472 	465
f 2396 	2399 	1514
f 2388 	1514 	2386
f 2383 	2382 	2402
f 2383 	2402 	2403
f 1950 	1879 	2111
f 1948 	1950 	2111
f 1879 	1882 	2111
f 1882 	1886 	2111
f 1931 	1937 	2115
f 1886 	1891 	2111
f 1891 	1893 	2111
f 2109 	2111 	1893
f 2111 	2115 	1948
f 2399 	2410 	1514
f 2421 	2615 	2416
f 2427 	2614 	2421
f 2403 	2402 	2404
f 2403 	2404 	2405
f 2405 	2404 	2408
f 2405 	2408 	2409
f 3378 	3381 	2406
f 2413 	2416 	1514
f 2357 	2481 	2482
f 2407 	290 	2412
f 2410 	2413 	1514
f 2417 	2409 	2415
f 2408 	2415 	2409
f 292 	294 	2412
f 2417 	2415 	2420
f 2417 	2420 	2422
f 2422 	2420 	2424
f 2422 	2424 	2426
f 2615 	1514 	2416
f 2426 	2424 	2428
f 2426 	2428 	2429
f 2096 	2183 	1920
f 2098 	2183 	2096
f 2103 	2183 	2098
f 2102 	2183 	2103
f 2100 	2183 	2102
f 3390 	3393 	2425
f 2429 	2428 	2433
f 2429 	2433 	2434
f 2435 	2603 	2431
f 2434 	2433 	2438
f 2434 	2438 	2439
f 2439 	2438 	2441
f 2439 	2441 	2442
f 2442 	2441 	2444
f 2442 	2444 	2445
f 2431 	2603 	2427
f 2445 	2444 	2447
f 2445 	2447 	2449
f 2440 	2602 	2435
f 2615 	2421 	2614
f 2449 	2447 	2452
f 2449 	2452 	2453
f 2446 	2601 	2440
f 2130 	2134 	2115
f 2124 	2128 	2120
f 2118 	2120 	2128
f 2128 	2130 	2118
f 1937 	1943 	2115
f 1943 	1948 	2115
f 2115 	2118 	2130
f 1928 	1931 	2115
f 2451 	2600 	2446
f 2134 	1924 	2115
f 2456 	2599 	2455
f 2459 	2460 	2461
f 2459 	2461 	2462
f 2461 	2463 	2464
f 2461 	2464 	2462
f 2465 	2458 	348
f 2463 	2466 	2467
f 2463 	2467 	2464
f 2466 	2468 	2469
f 2466 	2469 	2467
f 348 	353 	2465
f 2470 	2465 	353
f 2100 	1868 	2183
f 2178 	2183 	1868
f 1868 	1864 	2178
f 1926 	1928 	2115
f 1924 	1926 	2115
f 1864 	1858 	2178
f 2172 	2178 	1858
f 1858 	1850 	2172
f 2161 	2172 	1850
f 2477 	2478 	2566
f 2478 	2479 	2566
f 2479 	2480 	2566
f 2565 	2566 	2480
f 2564 	2565 	2480
f 2562 	2564 	2480
f 2560 	2562 	2480
f 2559 	2560 	2480
f 353 	266 	2470
f 2481 	2483 	2484
f 2481 	2484 	2482
f 2486 	2485 	369
f 2488 	2489 	2487
f 2480 	2487 	2489
f 2480 	2489 	2490
f 2480 	2490 	2491
f 2480 	2491 	2492
f 2480 	2492 	2494
f 2480 	2494 	2495
f 2493 	2486 	369
f 122 	461 	459
f 3071 	3063 	2325
f 446 	92 	453
f 2514 	2512 	381
f 2504 	1510 	2503
f 1510 	1506 	2503
f 2502 	2503 	1506
f 1506 	1500 	2502
f 2501 	2502 	1500
f 1500 	1494 	2501
f 2505 	1510 	2504
f 2506 	1515 	2505
f 2507 	1515 	2506
f 1843 	1841 	2156
f 2508 	1515 	2507
f 1510 	2505 	1515
f 2498 	2500 	1494
f 2496 	2497 	2520
f 459 	453 	92
f 2516 	2514 	381
f 2576 	2579 	2525
f 2523 	2519 	399
f 2517 	2584 	2518
f 2520 	2518 	2496
f 484 	166 	485
f 2407 	2523 	399
f 3105 	2331 	2335
f 482 	166 	484
f 2531 	2533 	2574
f 2533 	2537 	2574
f 2537 	2538 	2574
f 2569 	2574 	2538
f 2574 	2575 	2531
f 3109 	2335 	2339
f 2534 	2527 	434
f 2339 	2341 	3109
f 2530 	2531 	2575
f 2538 	2558 	2569
f 2529 	2530 	2575
f 2528 	2529 	2575
f 2566 	2568 	2474
f 2472 	2473 	2568
f 2575 	2576 	2528
f 2526 	2528 	2576
f 2525 	2526 	2576
f 2474 	2475 	2566
f 2473 	2474 	2568
f 2476 	2477 	2566
f 2475 	2476 	2566
f 2495 	2556 	2480
f 3002 	2343 	2295
f 2544 	2547 	451
f 2295 	2298 	3002
f 473 	177 	474
f 2483 	2460 	2459
f 2483 	2459 	2484
f 3024 	2304 	2309
f 2554 	2555 	2552
f 2554 	2552 	2551
f 2314 	3024 	2309
f 2561 	2563 	2555
f 2561 	2555 	2554
f 2572 	2573 	2563
f 2572 	2563 	2561
f 2556 	2557 	2480
f 2559 	2480 	2557
f 2568 	2570 	2546
f 2545 	2546 	2570
f 2542 	2545 	2570
f 2540 	2542 	2570
f 2570 	2571 	2540
f 2571 	2586 	2540
f 2535 	2540 	2586
f 2586 	2598 	2535
f 2577 	2578 	2573
f 2577 	2573 	2572
f 2588 	2589 	2569
f 2567 	2569 	2589
f 2558 	2588 	2569
f 2536 	2525 	2579
f 2579 	2580 	2536
f 2541 	2536 	2580
f 2580 	2581 	2541
f 2543 	2541 	2581
f 2581 	2582 	2543
f 2517 	2543 	2582
f 2583 	2517 	2582
f 2584 	2517 	2583
f 2496 	2518 	2584
f 473 	472 	177
f 179 	177 	472
f 2585 	2587 	2578
f 2585 	2578 	2577
f 3053 	3047 	2320
f 2318 	2735 	2317
f 2591 	2567 	2590
f 2592 	2567 	2591
f 2593 	2661 	2592
f 2594 	2661 	2593
f 2589 	2590 	2567
f 2595 	2661 	2594
f 2596 	2660 	2595
f 2322 	3057 	2320
f 2471 	2472 	2568
f 2546 	2471 	2568
f 2456 	2535 	2598
f 2456 	2598 	2599
f 2600 	2451 	2599
f 2601 	2446 	2600
f 2602 	2440 	2601
f 2603 	2435 	2602
f 2549 	2610 	467
f 2610 	2612 	467
f 2936 	2330 	2334
f 3063 	2322 	2323
f 503 	502 	216
f 2936 	2334 	2338
f 2455 	2599 	2451
f 2614 	2427 	2603
f 2620 	2621 	1509
f 2621 	2622 	1509
f 1504 	1509 	2622
f 2622 	2623 	1504
f 1498 	1504 	2623
f 2623 	2624 	1498
f 1493 	1498 	2624
f 2656 	1490 	2628
f 2629 	2656 	2628
f 2625 	1493 	2624
f 2625 	2627 	1493
f 1509 	1514 	2620
f 2619 	2620 	1514
f 1517 	2386 	1514
f 505 	503 	216
f 2323 	2325 	3063
f 508 	505 	228
f 488 	489 	2787
f 3071 	2325 	2326
f 2787 	492 	488
f 830 	410 	228
f 508 	228 	410
f 519 	237 	244
f 333 	519 	244
f 519 	518 	238
f 519 	238 	237
f 518 	517 	239
f 518 	239 	238
f 2785 	489 	2527
f 517 	516 	240
f 517 	240 	239
f 516 	515 	241
f 516 	241 	240
f 2806 	2819 	504
f 2335 	3109 	3105
f 515 	514 	247
f 515 	247 	241
f 2980 	2513 	2515
f 2819 	2829 	504
f 2341 	3114 	3109
f 247 	514 	280
f 346 	280 	514
f 520 	1014 	249
f 3114 	2341 	2343
f 522 	520 	249
f 522 	249 	251
f 2996 	2521 	2522
f 523 	522 	251
f 523 	251 	254
f 2837 	2838 	511
f 525 	523 	254
f 525 	254 	255
f 556 	296 	602
f 529 	76 	75
f 2585 	2641 	2587
f 555 	297 	296
f 555 	296 	556
f 75 	267 	529
f 3251 	3247 	2347
f 529 	267 	273
f 3256 	2347 	2348
f 554 	298 	297
f 554 	297 	555
f 273 	532 	529
f 2348 	2349 	3256
f 532 	273 	535
f 513 	2838 	2865
f 553 	300 	298
f 553 	298 	554
f 273 	281 	535
f 3266 	2350 	2351
f 552 	301 	300
f 552 	300 	553
f 2928 	2923 	2330
f 535 	281 	282
f 535 	282 	543
f 2936 	2928 	2330
f 2882 	531 	530
f 551 	302 	301
f 551 	301 	552
f 2319 	3047 	2353
f 548 	543 	288
f 282 	288 	543
f 531 	2882 	2885
f 2649 	2650 	2607
f 2608 	2649 	2607
f 2650 	2651 	2607
f 2651 	2652 	2607
f 2652 	2653 	2607
f 2653 	2654 	2607
f 2654 	2657 	2607
f 2657 	2658 	2607
f 2659 	2660 	2607
f 2629 	2699 	2655
f 550 	303 	302
f 550 	302 	551
f 676 	2885 	2888
f 2627 	2628 	1490
f 2957 	2950 	2342
f 3292 	3296 	2358
f 2888 	2891 	676
f 2655 	2656 	2629
f 1490 	1493 	2627
f 2658 	2659 	2607
f 2605 	2607 	2660
f 2596 	2605 	2660
f 2661 	2595 	2660
f 2567 	2592 	2661
f 549 	304 	303
f 549 	303 	550
f 2344 	2960 	2342
f 3296 	3313 	2359
f 685 	2891 	690
f 548 	288 	304
f 548 	304 	549
f 2893 	2896 	690
f 2704 	2706 	2677
f 2668 	2677 	2706
f 2706 	2708 	2668
f 2677 	2682 	2704
f 2702 	2704 	2682
f 560 	559 	308
f 560 	308 	307
f 2974 	2969 	2510
f 559 	599 	308
f 2667 	2668 	2708
f 2666 	2667 	2708
f 2682 	2683 	2702
f 2513 	2980 	2510
f 2974 	2510 	2980
f 2674 	2675 	2714
f 2713 	2714 	2678
f 2678 	2679 	2713
f 2679 	2680 	2713
f 2680 	2681 	2713
f 2734 	2713 	2681
f 562 	560 	307
f 562 	307 	315
f 2701 	2702 	2683
f 3330 	3341 	2369
f 564 	562 	315
f 564 	315 	316
f 2699 	2700 	2630
f 2665 	2666 	2709
f 566 	564 	316
f 566 	316 	320
f 2630 	2655 	2699
f 568 	566 	320
f 568 	320 	326
f 571 	568 	326
f 571 	326 	329
f 2524 	2521 	2999
f 573 	571 	329
f 573 	329 	332
f 575 	573 	332
f 575 	332 	335
f 2715 	2703 	2670
f 2684 	2696 	2707
f 2685 	2695 	2684
f 2686 	2694 	2685
f 2687 	2693 	2686
f 2688 	2692 	2687
f 2689 	2691 	2688
f 2690 	2691 	2689
f 2692 	2688 	2691
f 2693 	2687 	2692
f 2694 	2686 	2693
f 2695 	2685 	2694
f 2696 	2684 	2695
f 2697 	2703 	2696
f 2669 	2703 	2697
f 2670 	2703 	2669
f 577 	575 	335
f 577 	335 	345
f 2996 	2522 	2532
f 580 	577 	345
f 580 	345 	349
f 2707 	2696 	2705
f 2705 	2696 	2703
f 2999 	2550 	2524
f 2708 	2709 	2666
f 2683 	2630 	2701
f 2700 	2701 	2630
f 2664 	2665 	2709
f 2663 	2664 	2709
f 2709 	2710 	2663
f 2662 	2663 	2710
f 2673 	2662 	2710
f 2672 	2673 	2710
f 2710 	2711 	2672
f 2698 	2672 	2711
f 2712 	2724 	2711
f 2719 	2720 	2751
f 491 	580 	185
f 185 	580 	349
f 2670 	2671 	2715
f 2671 	2674 	2715
f 2714 	2715 	2674
f 584 	358 	359
f 584 	359 	585
f 358 	584 	589
f 2727 	2728 	1585
f 2923 	2532 	2324
f 2347 	3256 	3251
f 2718 	2719 	2751
f 2720 	2721 	2751
f 2712 	2751 	2721
f 2722 	2712 	2721
f 2723 	2712 	2722
f 2724 	2712 	2723
f 2725 	2711 	2724
f 2698 	2711 	2725
f 2990 	2515 	2726
f 588 	362 	363
f 588 	363 	589
f 2349 	3259 	3256
f 362 	588 	591
f 2317 	2730 	2316
f 2726 	2316 	2730
f 2476 	1896 	1893
f 2728 	2729 	1585
f 2729 	2731 	1585
f 2716 	1585 	2731
f 2731 	2732 	2716
f 2732 	2733 	2716
f 2733 	2734 	2716
f 2681 	2716 	2734
f 2675 	2676 	2714
f 2676 	2678 	2714
f 358 	589 	363
f 2730 	2317 	2735
f 590 	366 	367
f 590 	367 	591
f 2736 	2737 	2748
f 590 	606 	366
f 385 	366 	606
f 362 	591 	367
f 2741 	2742 	2753
f 2742 	2743 	2753
f 2743 	2745 	2753
f 2745 	2746 	2753
f 2752 	2753 	2746
f 2746 	2747 	2752
f 2747 	2717 	2752
f 2717 	2718 	2752
f 2751 	2752 	2718
f 2321 	2553 	2744
f 2748 	2749 	2736
f 1585 	2736 	2749
f 1585 	2749 	2750
f 1585 	2750 	2727
f 3266 	2351 	2352
f 2744 	3029 	2321
f 605 	386 	385
f 605 	385 	606
f 604 	388 	386
f 604 	386 	605
f 2738 	2739 	2755
f 2739 	2740 	2755
f 2754 	2755 	2740
f 2740 	2741 	2754
f 2753 	2754 	2741
f 602 	389 	388
f 602 	388 	604
f 2759 	2778 	2758
f 2760 	2778 	2759
f 2761 	2778 	2760
f 2757 	2758 	2778
f 2756 	2757 	2778
f 2762 	2777 	2761
f 296 	389 	602
f 870 	2907 	2909
f 2345 	3244 	2358
f 599 	379 	308
f 2909 	875 	870
f 2736 	2756 	2763
f 2778 	2763 	2756
f 2736 	2763 	2764
f 2736 	2764 	2737
f 599 	598 	380
f 599 	380 	379
f 2359 	2358 	3296
f 2911 	880 	875
f 598 	597 	382
f 598 	382 	380
f 2821 	2822 	2768
f 2769 	2821 	2768
f 2770 	2821 	2769
f 2771 	2821 	2770
f 2767 	2768 	2822
f 2772 	2820 	2771
f 2773 	2820 	2772
f 2774 	2818 	2773
f 2766 	2767 	2822
f 2364 	2359 	3313
f 3313 	2367 	2364
f 2914 	1008 	2912
f 607 	585 	396
f 359 	396 	585
f 2914 	2544 	1008
f 614 	403 	401
f 614 	401 	616
f 2779 	2780 	2777
f 2762 	2779 	2777
f 2778 	2761 	2777
f 2780 	2781 	2777
f 2781 	2782 	2777
f 2776 	2777 	2782
f 2782 	2783 	2776
f 2783 	2784 	2776
f 2784 	2786 	2776
f 2786 	2788 	2776
f 2775 	2776 	2788
f 2788 	2790 	2775
f 2790 	2805 	2775
f 2805 	2807 	2775
f 613 	404 	403
f 613 	403 	614
f 3330 	2369 	2368
f 612 	405 	404
f 612 	404 	613
f 492 	2787 	2800
f 2370 	2369 	3341
f 2797 	2798 	2796
f 2798 	2799 	2796
f 2795 	2796 	2799
f 2799 	2801 	2795
f 2794 	2795 	2801
f 2801 	2802 	2794
f 2793 	2794 	2802
f 2802 	2803 	2793
f 2792 	2793 	2803
f 2803 	2804 	2792
f 2791 	2792 	2804
f 2804 	2816 	2791
f 2816 	2817 	2791
f 2817 	2818 	2791
f 2789 	2791 	2818
f 611 	406 	405
f 611 	405 	612
f 2800 	2806 	492
f 2814 	2815 	2813
f 2812 	2813 	2815
f 2811 	2812 	2815
f 2810 	2811 	2815
f 2809 	2810 	2815
f 2815 	2775 	2809
f 2808 	2809 	2775
f 2807 	2808 	2775
f 611 	607 	406
f 396 	406 	607
f 3341 	2373 	2370
f 2774 	2789 	2818
f 616 	401 	407
f 616 	407 	617
f 2373 	3345 	2376
f 617 	407 	409
f 617 	409 	621
f 621 	409 	411
f 621 	411 	622
f 3345 	3349 	2379
f 3345 	2379 	2376
f 2820 	2773 	2818
f 2821 	2771 	2820
f 2839 	2765 	2822
f 622 	411 	413
f 622 	413 	626
f 2841 	2842 	2831
f 2831 	2842 	1584
f 626 	413 	415
f 626 	415 	629
f 3349 	3358 	2379
f 2827 	2828 	2877
f 2828 	2830 	2877
f 2876 	2877 	2830
f 2830 	2832 	2876
f 2875 	2876 	2832
f 2832 	2833 	2875
f 2833 	2834 	2875
f 2874 	2875 	2834
f 2835 	2874 	2834
f 2836 	2874 	2835
f 629 	415 	417
f 629 	417 	632
f 511 	2829 	2837
f 632 	417 	418
f 632 	418 	634
f 513 	511 	2838
f 634 	418 	419
f 634 	419 	637
f 2765 	2766 	2822
f 2765 	2839 	2831
f 2839 	2840 	2831
f 2841 	2831 	2840
f 2843 	1584 	2842
f 2844 	1584 	2843
f 637 	419 	422
f 637 	422 	641
f 521 	2902 	2847
f 3364 	2393 	2389
f 521 	2847 	2858
f 2852 	2853 	2851
f 2853 	2854 	2851
f 2854 	2855 	2851
f 2850 	2851 	2855
f 2855 	2856 	2850
f 2848 	2850 	2856
f 2857 	2867 	2856
f 2859 	2867 	2857
f 2860 	2866 	2859
f 2861 	2866 	2860
f 2877 	2878 	2827
f 2324 	2330 	2923
f 3368 	2395 	2393
f 3368 	2393 	3364
f 2863 	1584 	2862
f 2849 	2846 	2864
f 2863 	2864 	2846
f 2846 	1584 	2863
f 2395 	3368 	2398
f 3372 	2398 	3368
f 2868 	2869 	2856
f 2870 	2856 	2869
f 2867 	2868 	2856
f 2848 	2856 	2870
f 2867 	2859 	2866
f 2401 	2398 	3372
f 2936 	2338 	2947
f 2545 	2103 	2098
f 3378 	2406 	2401
f 2950 	2947 	2340
f 2338 	2340 	2947
f 2871 	2873 	530
f 2411 	2406 	3381
f 2340 	2342 	2950
f 2824 	2825 	2879
f 2879 	2881 	2824
f 2825 	2826 	2879
f 2823 	2824 	2881
f 2861 	2823 	2881
f 2866 	2861 	2881
f 2878 	2879 	2826
f 2826 	2827 	2878
f 2957 	2342 	2960
f 2873 	2882 	530
f 4344 	2883 	1782
f 2411 	3381 	2414
f 3383 	2414 	3381
f 2960 	2344 	2450
f 2419 	2414 	3383
f 4344 	2913 	2883
f 3390 	2425 	2419
f 2566 	2115 	2111
f 685 	676 	2891
f 2432 	2425 	3393
f 2893 	690 	2891
f 2432 	3393 	2437
f 3395 	2437 	3393
f 2515 	2990 	2980
f 2913 	2915 	2884
f 694 	690 	2896
f 2228 	2437 	3395
f 641 	422 	423
f 641 	423 	642
f 2316 	2726 	2515
f 2896 	2899 	694
f 2915 	2916 	2887
f 2890 	2889 	2916
f 2889 	2887 	2916
f 646 	751 	426
f 897 	751 	646
f 2298 	3009 	3002
f 2521 	2998 	2999
f 646 	426 	427
f 646 	427 	648
f 2916 	2917 	2890
f 648 	427 	945
f 2892 	2890 	2917
f 2907 	756 	2858
f 656 	727 	433
f 2894 	2892 	2918
f 2917 	2918 	2892
f 2124 	2120 	2560
f 3015 	2550 	2999
f 2314 	3025 	3024
f 2909 	2910 	875
f 2897 	2894 	2918
f 597 	680 	441
f 597 	441 	382
f 2124 	2560 	2128
f 2910 	2911 	875
f 3015 	3023 	2553
f 3015 	2553 	2550
f 2314 	2315 	3025
f 3027 	3025 	2315
f 680 	679 	442
f 680 	442 	441
f 679 	678 	443
f 679 	443 	442
f 3023 	2744 	2553
f 678 	674 	444
f 678 	444 	443
f 2556 	2134 	2130
f 674 	673 	445
f 674 	445 	444
f 2920 	2921 	2904
f 2906 	2904 	2921
f 2904 	2903 	2920
f 2919 	2920 	2903
f 2903 	2900 	2919
f 2908 	2906 	2921
f 2921 	2922 	2908
f 2836 	2908 	2922
f 2874 	2836 	2922
f 2900 	2897 	2919
f 2918 	2919 	2897
f 451 	1008 	2544
f 673 	671 	447
f 673 	447 	445
f 671 	670 	448
f 671 	448 	447
f 2319 	2320 	3047
f 2924 	2926 	2927
f 2924 	2927 	2925
f 2556 	1924 	2134
f 670 	669 	449
f 670 	449 	448
f 2932 	2924 	2930
f 2925 	2930 	2924
f 669 	668 	450
f 669 	450 	449
f 3053 	2320 	3057
f 499 	450 	668
f 2322 	3063 	3057
f 3476 	3475 	2935
f 2935 	2937 	3476
f 3477 	3476 	2937
f 2937 	2938 	3477
f 3478 	3477 	2938
f 2939 	3478 	2938
f 2940 	3479 	2939
f 2941 	3488 	2940
f 2942 	3491 	2941
f 2943 	3497 	2942
f 2934 	2935 	3475
f 1215 	452 	683
f 27 	26 	2945
f 27 	2945 	2946
f 2949 	2932 	2948
f 2930 	2948 	2932
f 688 	683 	452
f 688 	452 	454
f 2945 	2949 	2948
f 2945 	2948 	2946
f 691 	688 	454
f 691 	454 	456
f 30 	2927 	32
f 2926 	32 	2927
f 3076 	3071 	2326
f 3026 	2977 	2962
f 3028 	3026 	2962
f 2962 	2963 	3028
f 3032 	3028 	2963
f 3058 	3032 	2963
f 2977 	2973 	2962
f 2956 	2962 	2973
f 2970 	3521 	2956
f 3521 	3516 	2955
f 696 	691 	456
f 696 	456 	458
f 1879 	2480 	1882
f 701 	696 	458
f 701 	458 	462
f 2327 	3081 	2326
f 3076 	2326 	3081
f 2958 	2961 	2965
f 2958 	2965 	2959
f 2966 	3122 	3103
f 3107 	3103 	3122
f 3108 	3107 	3122
f 2479 	1886 	1882
f 706 	701 	462
f 706 	462 	466
f 2961 	2967 	2968
f 2961 	2968 	2965
f 2450 	2969 	2960
f 2327 	2331 	3081
f 2967 	2971 	2972
f 2967 	2972 	2968
f 709 	706 	466
f 709 	466 	469
f 2450 	2510 	2969
f 2971 	2975 	2976
f 2971 	2976 	2972
f 713 	709 	469
f 713 	469 	471
f 2975 	2978 	2979
f 2975 	2979 	2976
f 716 	713 	471
f 716 	471 	477
f 719 	716 	477
f 719 	477 	483
f 2985 	2986 	3017
f 2986 	2987 	3017
f 2994 	3017 	2987
f 2987 	2846 	2994
f 2993 	2994 	2846
f 2849 	2993 	2846
f 2984 	2985 	3017
f 2988 	2989 	2978
f 2979 	2978 	2989
f 2988 	2991 	2992
f 2988 	2992 	2989
f 722 	719 	483
f 722 	483 	487
f 2991 	40 	39
f 2991 	39 	2992
f 2982 	2983 	3017
f 3006 	3007 	3020
f 2983 	2984 	3017
f 724 	722 	487
f 724 	487 	490
f 6476 	2995 	2997
f 2521 	2996 	2998
f 727 	724 	490
f 727 	490 	493
f 2995 	2333 	2997
f 2332 	2997 	2333
f 1908 	1899 	2473
f 727 	493 	433
f 3003 	2996 	2532
f 642 	423 	557
f 668 	743 	499
f 3018 	3009 	2298
f 3018 	2298 	2304
f 3007 	3010 	3020
f 3010 	3011 	3020
f 3019 	3020 	3011
f 3011 	3012 	3019
f 3012 	3013 	3019
f 3013 	3014 	3019
f 3014 	2981 	3019
f 2981 	2982 	3019
f 3017 	3019 	2982
f 3005 	3006 	3020
f 3020 	3021 	3005
f 3004 	3005 	3021
f 3045 	3004 	3021
f 743 	742 	500
f 743 	500 	499
f 742 	740 	501
f 742 	501 	500
f 2304 	3024 	3018
f 536 	501 	740
f 2532 	2923 	3003
f 3515 	3514 	2954
f 3029 	3031 	2321
f 3516 	3515 	2955
f 2954 	2955 	3515
f 3029 	3035 	3037
f 3029 	3037 	3031
f 3036 	3038 	3034
f 3038 	3039 	3034
f 3039 	3040 	3034
f 3040 	3041 	3034
f 3041 	3042 	3034
f 3021 	3034 	3042
f 3021 	3042 	3043
f 3021 	3043 	3044
f 3021 	3044 	3045
f 3035 	3048 	3049
f 3035 	3049 	3037
f 755 	510 	512
f 3048 	3051 	3052
f 3048 	3052 	3049
f 2492 	1931 	1928
f 3051 	3055 	3056
f 3051 	3056 	3052
f 2490 	1937 	1931
f 3055 	3060 	3061
f 3055 	3061 	3056
f 2955 	2956 	3521
f 3060 	3065 	3066
f 3060 	3066 	3061
f 2490 	1943 	1937
f 3065 	3068 	3069
f 3065 	3069 	3066
f 2973 	2970 	2956
f 3062 	3058 	2963
f 3068 	3073 	3074
f 3068 	3074 	3069
f 3073 	3077 	3078
f 3073 	3078 	3074
f 3122 	3123 	3108
f 3103 	3099 	2966
f 3099 	3094 	2966
f 2963 	2964 	3062
f 3077 	3082 	3087
f 3077 	3087 	3078
f 3082 	3097 	3098
f 3082 	3098 	3087
f 3086 	3088 	3170
f 3169 	3170 	3088
f 3088 	3089 	3169
f 3089 	3090 	3169
f 3168 	3169 	3090
f 3090 	3092 	3168
f 3166 	3168 	3092
f 3093 	3166 	3092
f 3095 	3166 	3093
f 3096 	3165 	3095
f 3170 	3171 	3086
f 3100 	3081 	2331
f 3097 	3102 	3104
f 3097 	3104 	3098
f 3067 	3062 	2964
f 3070 	3067 	2964
f 3105 	3100 	2331
f 3072 	3070 	2964
f 3094 	3072 	2966
f 2964 	2966 	3072
f 3113 	3111 	3123
f 3118 	3114 	2343
f 3002 	3118 	2343
f 3134 	3119 	3124
f 3123 	3124 	3116
f 3116 	3113 	3123
f 3111 	3108 	3123
f 3133 	3135 	3132
f 3135 	3136 	3132
f 3136 	3137 	3132
f 3137 	3140 	3132
f 3131 	3132 	3140
f 3130 	3131 	3140
f 3140 	3141 	3130
f 3141 	3148 	3130
f 3148 	3149 	3130
f 3149 	3150 	3130
f 3150 	3151 	3130
f 3129 	3130 	3151
f 3151 	3152 	3129
f 3119 	3116 	3124
f 3124 	3153 	3134
f 3247 	3244 	2345
f 3247 	2345 	2346
f 3142 	3134 	3153
f 3128 	3129 	3152
f 3127 	3128 	3152
f 2346 	2347 	3247
f 3154 	3160 	3146
f 3146 	3145 	3154
f 3153 	3154 	3145
f 3145 	3142 	3153
f 3167 	3146 	3162
f 3163 	3167 	3162
f 3164 	3167 	3163
f 3160 	3162 	3146
f 3152 	3165 	3127
f 3096 	3127 	3165
f 3166 	3095 	3165
f 3171 	3173 	3084
f 3083 	3084 	3173
f 3080 	3083 	3173
f 3173 	3268 	3080
f 3175 	3167 	3174
f 3179 	3167 	3175
f 3164 	3174 	3167
f 2349 	2350 	3259
f 3263 	3259 	2350
f 1908 	2473 	1916
f 3186 	3277 	3180
f 3278 	4454 	3176
f 3192 	3193 	3204
f 3204 	3202 	3192
f 3206 	3204 	3194
f 3193 	3194 	3204
f 3190 	3192 	3202
f 3200 	3197 	3190
f 3182 	3183 	3197
f 2350 	3266 	3263
f 3187 	3276 	3186
f 3180 	3278 	3176
f 3272 	3266 	2352
f 3191 	3276 	3187
f 3214 	3212 	3195
f 3236 	3234 	3195
f 3222 	3239 	3195
f 2352 	2353 	3272
f 3280 	3272 	2353
f 3574 	3000 	3001
f 3575 	3577 	3000
f 2353 	3047 	3280
f 3576 	3574 	3001
f 3576 	3001 	3008
f 3181 	3182 	3167
f 3292 	2358 	3244
f 3016 	3000 	3577
f 3205 	3271 	3203
f 3197 	3167 	3182
f 3577 	3022 	3016
f 3196 	3275 	3191
f 3183 	3190 	3197
f 3232 	3576 	3008
f 3202 	3200 	3190
f 2367 	3313 	3314
f 3209 	3206 	3194
f 3582 	3030 	3022
f 3217 	3270 	3208
f 3203 	3273 	3199
f 3314 	3326 	2368
f 3314 	2368 	2367
f 3582 	3592 	3033
f 3582 	3033 	3030
f 1943 	2489 	1948
f 3046 	3033 	3595
f 3592 	3595 	3033
f 3326 	3330 	2368
f 3248 	3246 	3222
f 3194 	3195 	3212
f 3212 	3210 	3194
f 3210 	3209 	3194
f 2488 	2487 	1948
f 3595 	3597 	3050
f 3595 	3050 	3046
f 3597 	3054 	3050
f 2373 	3341 	3344
f 3230 	3297 	3229
f 3229 	3299 	3228
f 3228 	3301 	3227
f 3227 	3304 	3226
f 3226 	3307 	3225
f 3225 	3274 	3224
f 3224 	3262 	3223
f 3317 	3321 	3231
f 3344 	3345 	2373
f 3231 	3338 	3230
f 3223 	3250 	3222
f 3215 	3214 	3195
f 2384 	2379 	3358
f 4312 	4305 	3240
f 3234 	3215 	3195
f 3236 	3195 	3238
f 3238 	3195 	3239
f 3243 	3241 	3222
f 3241 	3239 	3222
f 3222 	3246 	3243
f 4324 	4322 	3253
f 3084 	3085 	3171
f 3248 	3222 	3250
f 3085 	3086 	3171
f 3268 	3269 	3254
f 3252 	3254 	3269
f 3250 	3223 	3257
f 3257 	3223 	3260
f 3260 	3223 	3262
f 3262 	3224 	3264
f 3264 	3224 	3267
f 3254 	3080 	3268
f 3217 	3252 	3269
f 3271 	3208 	3270
f 3273 	3203 	3271
f 3275 	3196 	3273
f 3276 	3191 	3275
f 3277 	3186 	3276
f 3278 	3180 	3277
f 3267 	3224 	3274
f 3274 	3225 	3279
f 2562 	2560 	2120
f 3619 	3621 	3283
f 3284 	3619 	3283
f 3285 	3618 	3284
f 3286 	3617 	3285
f 3287 	3616 	3286
f 3288 	3615 	3287
f 3289 	3614 	3288
f 3290 	3613 	3289
f 3291 	3613 	3290
f 3293 	3611 	3291
f 3294 	3611 	3293
f 3295 	3610 	3294
f 3299 	3229 	3298
f 3300 	3228 	3299
f 3301 	3228 	3300
f 3302 	3227 	3301
f 3303 	3227 	3302
f 3304 	3227 	3303
f 3305 	3226 	3304
f 3307 	3226 	3305
f 3281 	3225 	3307
f 3279 	3225 	3281
f 3298 	3229 	3297
f 3621 	3623 	3282
f 3311 	3627 	3310
f 3310 	3631 	3309
f 3309 	3633 	3308
f 3282 	3283 	3621
f 3308 	3635 	3306
f 3306 	3329 	3320
f 3320 	3366 	3318
f 3318 	3373 	3316
f 3319 	3321 	3317
f 3322 	3231 	3321
f 3323 	3231 	3322
f 3324 	3231 	3323
f 3325 	3231 	3324
f 3327 	3231 	3325
f 3329 	3306 	3328
f 3336 	3320 	3331
f 3332 	3231 	3327
f 3333 	3231 	3332
f 3334 	3231 	3333
f 3335 	3231 	3334
f 3337 	3231 	3335
f 3338 	3231 	3337
f 3339 	3230 	3338
f 3340 	3230 	3339
f 3297 	3230 	3340
f 3359 	4209 	3353
f 3352 	3353 	4209
f 3360 	3359 	3354
f 3354 	3355 	3360
f 3355 	3356 	3360
f 3356 	3357 	3362
f 3357 	3343 	3362
f 3342 	3363 	3343
f 3363 	3362 	3343
f 2357 	3448 	3342
f 3342 	3412 	3410
f 2389 	3963 	3361
f 3351 	3352 	4207
f 3361 	3364 	2389
f 3331 	3320 	3329
f 3353 	3354 	3359
f 4209 	4207 	3352
f 3362 	3360 	3356
f 3373 	3318 	3371
f 3369 	3318 	3366
f 3367 	3365 	3342
f 3365 	3363 	3342
f 3811 	3815 	3144
f 3372 	3375 	2401
f 3370 	3367 	3342
f 3377 	3316 	3373
f 4149 	2609 	2606
f 3375 	3378 	2401
f 3376 	3374 	3342
f 3374 	3370 	3342
f 3380 	3382 	3316
f 3371 	3318 	3369
f 4149 	4155 	2609
f 3315 	3316 	3382
f 3410 	3387 	3342
f 3379 	3376 	3342
f 1928 	1926 	2492
f 3377 	3380 	3316
f 3396 	3402 	3394
f 3383 	3386 	2419
f 3389 	3315 	3388
f 3386 	3390 	2419
f 3391 	3315 	3389
f 3392 	3404 	3391
f 3382 	3388 	3315
f 3402 	3404 	3394
f 3397 	3402 	3396
f 3079 	3075 	3784
f 3399 	3405 	3401
f 3121 	3624 	3126
f 3392 	3394 	3404
f 3315 	3391 	3404
f 3401 	3402 	3398
f 3398 	3402 	3397
f 3398 	3399 	3401
f 3791 	3106 	3101
f 3626 	3138 	3126
f 3406 	3415 	3405
f 3408 	3415 	3406
f 3379 	3342 	3384
f 3385 	3384 	3342
f 2638 	2637 	4164
f 3387 	3385 	3342
f 3409 	3414 	3408
f 4164 	2639 	2638
f 3415 	3408 	3414
f 3415 	3401 	3405
f 3421 	3414 	3409
f 3412 	3342 	3416
f 3421 	3409 	3420
f 3419 	3420 	3422
f 3418 	3419 	3422
f 3422 	3420 	3409
f 3426 	3418 	3422
f 540 	539 	791
f 3426 	3422 	3425
f 3425 	3422 	3434
f 791 	541 	540
f 3427 	3424 	3342
f 3434 	3422 	3433
f 3433 	3422 	3432
f 3432 	3998 	3431
f 3465 	3441 	3464
f 3471 	3440 	3469
f 3430 	3342 	3435
f 3430 	3427 	3342
f 3435 	3342 	3437
f 3442 	3452 	3441
f 3443 	3452 	3442
f 3444 	3451 	3443
f 3431 	3447 	3444
f 2354 	3448 	2357
f 3445 	3342 	3448
f 3439 	3342 	3445
f 3437 	3342 	3439
f 3424 	3416 	3342
f 542 	787 	544
f 3451 	3444 	3449
f 3452 	3443 	3451
f 3457 	3441 	3452
f 3449 	3444 	3447
f 787 	534 	544
f 3464 	3441 	3457
f 746 	547 	506
f 3468 	3632 	3462
f 3462 	2944 	3468
f 2944 	2929 	3468
f 3472 	3468 	2929
f 2929 	2931 	3472
f 2931 	2933 	3472
f 3475 	3472 	2933
f 2933 	2934 	3475
f 3461 	3462 	3632
f 2943 	2951 	3507
f 3507 	3497 	2943
f 3469 	3441 	3465
f 3473 	3440 	3471
f 3456 	3458 	3629
f 2494 	2492 	1926
f 3441 	3469 	3440
f 3630 	3629 	3458
f 3400 	2384 	3358
f 3727 	3403 	3400
f 3459 	3460 	3630
f 3458 	3459 	3630
f 3460 	3461 	3632
f 3632 	3630 	3460
f 3519 	3520 	3484
f 3484 	3485 	3519
f 3518 	3519 	3485
f 3517 	3518 	3485
f 3485 	3486 	3517
f 3513 	3517 	3486
f 3487 	3508 	3486
f 3489 	3504 	3487
f 3440 	3495 	3490
f 3490 	3501 	3489
f 3478 	2939 	3479
f 2488 	1948 	2489
f 3493 	3440 	3492
f 538 	792 	539
f 3494 	3440 	3493
f 3495 	3440 	3494
f 792 	791 	539
f 3496 	3490 	3495
f 3492 	3440 	3473
f 3498 	3490 	3496
f 3664 	3663 	3172
f 2545 	2098 	2096
f 3791 	3795 	3106
f 3499 	3490 	3498
f 3500 	3490 	3499
f 3664 	3172 	3177
f 3670 	3177 	3185
f 3501 	3490 	3500
f 3672 	3670 	3188
f 3503 	3489 	3502
f 3504 	3489 	3503
f 3505 	3487 	3504
f 3506 	3487 	3505
f 3488 	2941 	3491
f 3479 	2940 	3488
f 3508 	3487 	3506
f 3491 	2942 	3497
f 3510 	3486 	3508
f 3502 	3489 	3501
f 798 	656 	545
f 3513 	3486 	3510
f 3509 	3507 	2951
f 546 	801 	545
f 2951 	2952 	3509
f 3511 	3509 	2952
f 2646 	4238 	2647
f 2952 	2953 	3511
f 2565 	2118 	2115
f 3512 	3511 	2953
f 4238 	4241 	2647
f 749 	746 	506
f 749 	506 	509
f 3520 	3522 	3484
f 3522 	3523 	3484
f 3483 	3484 	3523
f 3523 	3524 	3483
f 3524 	3525 	3483
f 3482 	3483 	3525
f 3525 	3526 	3482
f 3526 	3527 	3482
f 3481 	3482 	3527
f 3527 	3536 	3481
f 3536 	3537 	3481
f 3537 	3538 	3481
f 3064 	3601 	3075
f 509 	510 	749
f 752 	749 	510
f 3782 	3784 	3075
f 510 	755 	752
f 3530 	3531 	3480
f 3531 	3532 	3480
f 3532 	3533 	3480
f 3535 	3480 	3533
f 3534 	3535 	3533
f 3529 	3530 	3480
f 3079 	3784 	3091
f 740 	795 	536
f 3541 	3542 	3480
f 3540 	3541 	3480
f 3539 	3540 	3480
f 3538 	3539 	3480
f 3542 	3543 	3480
f 3543 	3528 	3480
f 3528 	3529 	3480
f 3480 	3481 	3538
f 537 	536 	794
f 795 	794 	536
f 538 	537 	793
f 794 	793 	537
f 775 	755 	512
f 3546 	3560 	3545
f 3547 	3560 	3546
f 3548 	3559 	3547
f 3549 	3559 	3548
f 3550 	3558 	3549
f 3551 	4430 	3550
f 3552 	4428 	3551
f 3553 	4426 	3552
f 3554 	4423 	3553
f 3555 	4421 	3554
f 3556 	4317 	3555
f 3115 	3798 	3120
f 793 	792 	538
f 3514 	3512 	2953
f 2953 	2954 	3514
f 3802 	3806 	3120
f 2614 	2603 	2511
f 3125 	3806 	3139
f 3676 	3198 	3155
f 2602 	2156 	2152
f 3560 	3547 	3559
f 3811 	3144 	3139
f 791 	789 	541
f 2161 	2156 	2601
f 3147 	3144 	3815
f 3562 	3544 	3561
f 3561 	3545 	3560
f 775 	512 	528
f 2161 	2601 	2172
f 2600 	2172 	2601
f 3676 	3677 	3198
f 3564 	3544 	3563
f 3563 	3544 	3562
f 3815 	3156 	3147
f 534 	782 	528
f 2599 	2178 	2172
f 2599 	2172 	2600
f 542 	541 	788
f 789 	788 	541
f 2599 	2598 	2178
f 2183 	2178 	2598
f 775 	528 	782
f 3156 	3818 	3159
f 3557 	3645 	3565
f 788 	787 	542
f 2598 	2146 	2183
f 3565 	3647 	3567
f 787 	782 	534
f 3568 	1758 	3569
f 3567 	3648 	3568
f 2456 	1868 	2100
f 433 	545 	656
f 798 	545 	801
f 3574 	3575 	3000
f 2385 	1480 	1789
f 3622 	3117 	3110
f 546 	547 	801
f 804 	801 	547
f 547 	746 	804
f 3121 	3117 	3624
f 3622 	3624 	3117
f 3566 	3544 	3564
f 3626 	3126 	3624
f 3022 	3577 	3578
f 3579 	3544 	3566
f 3545 	3561 	3544
f 2388 	1794 	2390
f 3578 	3582 	3022
f 1799 	2392 	2390
f 3660 	2735 	2318
f 3660 	2318 	3143
f 3544 	3579 	3580
f 3544 	3580 	3581
f 3544 	3581 	3583
f 3428 	3925 	3429
f 3158 	3663 	3143
f 2396 	1805 	1808
f 3585 	3544 	3584
f 3586 	3544 	3585
f 831 	684 	840
f 3660 	3143 	3663
f 3587 	3544 	3586
f 3158 	3172 	3663
f 3583 	3584 	3544
f 3587 	3588 	3544
f 3591 	3593 	3544
f 840 	697 	702
f 2413 	1823 	1826
f 3589 	3544 	3588
f 2421 	1826 	1830
f 3591 	3544 	3590
f 3590 	3544 	3589
f 3185 	3188 	3670
f 1830 	1835 	2421
f 3594 	3544 	3593
f 3155 	3661 	3676
f 3948 	3953 	3463
f 3596 	3598 	3544
f 3596 	3544 	3594
f 2355 	2356 	3598
f 3544 	3598 	2356
f 3597 	3599 	3054
f 1841 	2435 	2431
f 3188 	3201 	3677
f 3599 	3600 	3059
f 3599 	3059 	3054
f 3201 	3198 	3677
f 2435 	1841 	1843
f 2435 	1843 	2440
f 3207 	745 	3678
f 3678 	745 	1202
f 1850 	2446 	1843
f 2440 	1843 	2446
f 3604 	3675 	3603
f 3623 	3625 	3312
f 3602 	3610 	3295
f 3603 	3675 	3602
f 1634 	3667 	1638
f 3605 	3606 	3674
f 3606 	3607 	3673
f 3607 	3608 	3673
f 3671 	3673 	3608
f 3609 	1742 	3671
f 1742 	1735 	3671
f 3669 	3671 	1735
f 3678 	3685 	3211
f 3678 	3211 	3207
f 876 	731 	734
f 2451 	2446 	1858
f 1850 	1858 	2446
f 2631 	2617 	4156
f 3570 	1636 	3572
f 3569 	1765 	3570
f 3211 	3685 	3213
f 3691 	3213 	3685
f 1858 	1864 	2451
f 2455 	2451 	1864
f 3613 	3291 	3611
f 739 	888 	734
f 3216 	3213 	3716
f 3691 	3716 	3213
f 3614 	3289 	3613
f 1868 	2456 	1864
f 2455 	1864 	2456
f 3615 	3288 	3614
f 3611 	3294 	3610
f 3716 	3218 	3216
f 744 	747 	893
f 3616 	3287 	3615
f 893 	747 	751
f 3617 	3286 	3616
f 3618 	3285 	3617
f 3619 	3284 	3618
f 1789 	1791 	2385
f 2386 	2385 	1791
f 3723 	3620 	3219
f 3312 	3282 	3623
f 3917 	3423 	3417
f 2388 	2386 	1791
f 3622 	3110 	3620
f 3925 	3428 	3423
f 3311 	3312 	3625
f 3628 	3310 	3627
f 1714 	3573 	1710
f 3064 	3059 	3601
f 3600 	3601 	3059
f 3572 	1639 	3571
f 3627 	3311 	3625
f 3631 	3310 	3628
f 4165 	4166 	2639
f 1714 	1729 	3573
f 3571 	1699 	3573
f 3612 	3573 	1736
f 1729 	1736 	3573
f 3633 	3309 	3631
f 3782 	3075 	3601
f 3635 	3308 	3634
f 3629 	3612 	3455
f 3455 	3456 	3629
f 1744 	3454 	3612
f 1736 	1744 	3612
f 3634 	3308 	3633
f 3328 	3306 	3635
f 3366 	3320 	3336
f 2604 	4147 	2606
f 4149 	2606 	4148
f 3679 	3680 	3650
f 844 	702 	707
f 3642 	3643 	3730
f 1639 	3572 	1636
f 3557 	3730 	3643
f 3643 	3644 	3557
f 3644 	3645 	3557
f 3646 	3565 	3645
f 3647 	3565 	3646
f 3648 	3567 	3647
f 3649 	3568 	3648
f 3649 	1758 	3568
f 1765 	3569 	1758
f 844 	707 	710
f 2399 	2396 	1808
f 3948 	3463 	3453
f 3112 	3106 	3795
f 2611 	4155 	2617
f 2399 	1808 	1814
f 3626 	3659 	3138
f 3112 	3795 	3115
f 3798 	3115 	3795
f 1814 	2410 	2399
f 3802 	3120 	3798
f 2410 	1814 	2413
f 3125 	3120 	3806
f 2633 	4160 	2634
f 2413 	1826 	2416
f 3155 	3138 	3661
f 3659 	3661 	3138
f 1755 	3679 	3650
f 3963 	3474 	3470
f 4160 	4161 	2634
f 2635 	2634 	4161
f 2416 	1826 	2421
f 2389 	3474 	3963
f 2421 	1835 	2427
f 3665 	1764 	3662
f 2427 	1835 	2431
f 3407 	3403 	3914
f 3156 	3815 	3818
f 3666 	3664 	3177
f 3668 	1638 	3667
f 3667 	1634 	3665
f 3669 	1656 	3668
f 3670 	3666 	3177
f 3914 	3411 	3407
f 3608 	3609 	3671
f 3673 	3674 	3606
f 2639 	4164 	4165
f 3818 	3821 	3159
f 1764 	3665 	1634
f 3662 	1755 	3650
f 3188 	3677 	3672
f 2640 	2639 	4166
f 3675 	3604 	3674
f 3610 	3602 	3675
f 3604 	3605 	3674
f 1755 	3662 	1764
f 3653 	3712 	3652
f 3654 	3713 	3653
f 3655 	3713 	3654
f 3656 	3714 	3655
f 3658 	3715 	3657
f 3638 	3715 	3658
f 3640 	3729 	3638
f 3657 	3714 	3656
f 723 	865 	721
f 3091 	3787 	3101
f 3790 	3101 	3787
f 3790 	3791 	3101
f 3446 	3438 	3937
f 3770 	3769 	3697
f 3697 	3698 	3770
f 3698 	3699 	3705
f 3706 	3705 	3699
f 3699 	3700 	3706
f 3700 	3701 	3707
f 3708 	3707 	3701
f 3709 	3708 	3702
f 3702 	3703 	3709
f 3704 	3710 	3703
f 3651 	3711 	3704
f 3652 	3712 	3651
f 3769 	3767 	3696
f 3937 	3450 	3446
f 2648 	2647 	4241
f 3696 	3697 	3769
f 3705 	3770 	3698
f 663 	820 	659
f 822 	820 	667
f 663 	667 	820
f 3707 	3706 	3700
f 3953 	3467 	3466
f 3701 	3702 	3708
f 2886 	4254 	2880
f 667 	675 	822
f 3710 	3704 	3711
f 682 	827 	675
f 684 	831 	682
f 3731 	3732 	3754
f 3690 	3718 	3764
f 3762 	3764 	3719
f 3720 	3721 	3762
f 3764 	3766 	3690
f 3689 	3690 	3766
f 3722 	3724 	3760
f 3724 	3725 	3758
f 3756 	3758 	3726
f 3726 	3731 	3756
f 3688 	3689 	3766
f 3766 	3768 	3688
f 697 	840 	684
f 3716 	3717 	3218
f 3219 	3218 	3723
f 3717 	3723 	3218
f 3719 	3764 	3718
f 3720 	3762 	3719
f 3760 	3762 	3721
f 3722 	3760 	3721
f 3758 	3760 	3724
f 3725 	3726 	3758
f 3754 	3756 	3731
f 3727 	3400 	3358
f 3712 	3653 	3713
f 3727 	3728 	3403
f 3714 	3657 	3715
f 3924 	3189 	3923
f 3826 	3923 	3189
f 3826 	3189 	3178
f 3752 	3754 	3732
f 3733 	3752 	3732
f 3734 	3750 	3733
f 3735 	3748 	3734
f 3736 	3746 	3735
f 3737 	3744 	3736
f 3738 	3816 	3737
f 3739 	3814 	3738
f 3740 	3812 	3739
f 3741 	3809 	3740
f 3742 	3805 	3741
f 710 	714 	855
f 3715 	3638 	3729
f 3729 	3641 	3730
f 3641 	3642 	3730
f 3746 	3736 	3744
f 3748 	3735 	3746
f 3916 	3413 	3915
f 3750 	3734 	3748
f 3417 	3413 	3917
f 3752 	3733 	3750
f 1300 	3747 	3745
f 866 	865 	728
f 723 	728 	865
f 728 	731 	866
f 3747 	1300 	3749
f 3751 	1300 	3753
f 3687 	3688 	3768
f 3768 	3636 	3686
f 1300 	3773 	3755
f 876 	734 	888
f 3773 	3692 	3757
f 3683 	3684 	3636
f 888 	739 	744
f 888 	744 	891
f 3637 	3639 	3681
f 3682 	3683 	3637
f 891 	744 	893
f 3692 	3693 	3759
f 893 	751 	897
f 3693 	3694 	3761
f 3681 	3682 	3637
f 3680 	3681 	3639
f 3639 	3650 	3680
f 3940 	3450 	3937
f 3641 	3729 	3640
f 3713 	3655 	3714
f 3711 	3651 	3712
f 3709 	3703 	3710
f 3767 	3765 	3695
f 3695 	3696 	3767
f 3763 	3761 	3694
f 3765 	3763 	3694
f 3940 	3453 	3450
f 659 	817 	557
f 3774 	3743 	3772
f 3466 	3463 	3953
f 3775 	3743 	3774
f 3694 	3695 	3765
f 3761 	3759 	3693
f 3759 	3757 	3692
f 3757 	3755 	3773
f 3755 	3753 	1300
f 3751 	3749 	1300
f 3789 	3776 	3745
f 1300 	3745 	3776
f 1916 	2472 	1920
f 3184 	3823 	3178
f 4166 	2895 	2640
f 3777 	2173 	3778
f 3778 	2173 	3779
f 3779 	2173 	3780
f 3403 	3728 	3914
f 4261 	2901 	2898
f 3781 	3780 	3776
f 3411 	3914 	3915
f 3091 	3784 	3787
f 3785 	3776 	3786
f 3411 	3915 	3413
f 3788 	3776 	3789
f 3916 	3917 	3413
f 844 	710 	850
f 710 	855 	850
f 4275 	3161 	3220
f 3797 	3743 	3794
f 3792 	2174 	3793
f 855 	714 	718
f 3800 	3743 	3797
f 3771 	3772 	3743
f 3796 	2173 	3799
f 3793 	2174 	3796
f 3805 	3742 	3803
f 1879 	1950 	2480
f 3807 	3741 	3805
f 3139 	3806 	3808
f 3788 	3786 	3776
f 3785 	3783 	3776
f 3783 	3781 	3776
f 3804 	2173 	3777
f 3801 	2173 	3804
f 3799 	2173 	3801
f 3809 	3741 	3807
f 4223 	4227 	2642
f 3812 	3740 	3809
f 3794 	3743 	3775
f 3808 	3811 	3139
f 866 	731 	871
f 3814 	3739 	3812
f 871 	731 	876
f 3816 	3738 	3814
f 3800 	3803 	3743
f 3813 	2188 	3817
f 3810 	2188 	3813
f 2646 	2645 	4235
f 2174 	3820 	2188
f 3823 	3184 	3821
f 3744 	3737 	3816
f 3686 	3687 	3768
f 3684 	3686 	3636
f 3636 	3637 	3683
f 3743 	3803 	3742
f 814 	642 	557
f 3817 	2188 	3819
f 3820 	2174 	3792
f 817 	814 	557
f 3819 	2188 	3820
f 2173 	3796 	2174
f 659 	820 	817
f 3822 	3178 	3823
f 3184 	3159 	3821
f 3771 	3743 	3855
f 1997 	1966 	3869
f 824 	822 	675
f 3178 	3822 	3826
f 827 	824 	675
f 3110 	3219 	3620
f 682 	831 	827
f 3840 	3843 	2018
f 3429 	3925 	3927
f 1212 	3835 	3836
f 1212 	3836 	1211
f 2111 	2109 	2566
f 3836 	3835 	3838
f 3836 	3838 	3839
f 3429 	3927 	3436
f 3839 	3838 	3841
f 3839 	3841 	3842
f 2565 	2115 	2566
f 2018 	2011 	3840
f 702 	842 	840
f 3845 	3842 	3844
f 3841 	3844 	3842
f 3849 	3852 	2019
f 3843 	3846 	2018
f 3845 	3844 	3847
f 3845 	3847 	3848
f 3846 	3849 	2019
f 842 	702 	844
f 3848 	3847 	3850
f 3848 	3850 	3851
f 3852 	3855 	3825
f 3851 	3850 	3853
f 3851 	3853 	3854
f 2886 	2648 	4254
f 3743 	3825 	3855
f 3857 	3104 	3856
f 3102 	3856 	3104
f 855 	718 	857
f 3856 	3859 	3860
f 3856 	3860 	3857
f 3828 	3833 	2009
f 3859 	3862 	3863
f 3859 	3863 	3860
f 721 	861 	718
f 857 	718 	861
f 4261 	2898 	2895
f 2010 	2009 	3833
f 3862 	3864 	3866
f 3862 	3866 	3863
f 861 	721 	865
f 3864 	3867 	3868
f 3864 	3868 	3866
f 3833 	3834 	2010
f 3867 	2252 	3868
f 3834 	3837 	2010
f 2642 	2901 	4264
f 2011 	2010 	3837
f 3953 	3959 	3467
f 3873 	3854 	3872
f 3853 	3872 	3854
f 3873 	3872 	3874
f 3873 	3874 	3875
f 3961 	3470 	3959
f 3875 	3874 	3876
f 3875 	3876 	3877
f 3837 	3840 	2011
f 2019 	2018 	3846
f 3825 	2019 	3852
f 3470 	3961 	3963
f 3877 	3876 	3878
f 3877 	3878 	3879
f 2479 	1882 	2480
f 3879 	3878 	3881
f 3879 	3881 	3883
f 2000 	1997 	3870
f 3221 	4278 	3220
f 3883 	3881 	3885
f 3883 	3885 	3886
f 3870 	3871 	2000
f 2330 	2324 	45
f 42 	37 	2342
f 3886 	3885 	3889
f 3886 	3889 	3890
f 3871 	3828 	2000
f 3890 	3889 	3893
f 3890 	3893 	3894
f 3894 	3893 	3896
f 3894 	3896 	3897
f 3891 	2188 	3895
f 2009 	2000 	3828
f 907 	1104 	761
f 3897 	3896 	3898
f 3897 	3898 	3899
f 913 	907 	761
f 913 	761 	763
f 3810 	16 	2188
f 16 	3895 	2188
f 3891 	3888 	2188
f 3899 	3898 	3900
f 3899 	3900 	3901
f 920 	913 	763
f 920 	763 	765
f 2176 	2189 	3884
f 3882 	3884 	2189
f 4300 	3233 	3235
f 922 	920 	765
f 922 	765 	768
f 3901 	3900 	3902
f 3901 	3902 	3903
f 4444 	4446 	3845
f 4305 	4300 	3235
f 4305 	3235 	3237
f 922 	768 	769
f 922 	769 	925
f 925 	769 	772
f 925 	772 	931
f 3237 	3240 	4305
f 2510 	2450 	121
f 931 	772 	774
f 931 	774 	934
f 3902 	4741 	3903
f 934 	774 	957
f 3906 	3048 	3905
f 4312 	3240 	3242
f 427 	783 	945
f 3909 	3051 	3906
f 3436 	3927 	3930
f 4319 	3242 	3245
f 3829 	3827 	3049
f 3824 	55 	2550
f 2344 	2342 	37
f 2450 	2344 	37
f 37 	121 	2450
f 952 	945 	783
f 952 	783 	785
f 3935 	3438 	3930
f 4322 	4319 	3245
f 4322 	3245 	3249
f 954 	952 	785
f 954 	785 	790
f 3911 	3055 	3909
f 958 	954 	790
f 958 	790 	797
f 3438 	3935 	3937
f 3249 	3253 	4322
f 3913 	2189 	3912
f 3126 	3138 	165
f 960 	958 	797
f 960 	797 	800
f 4324 	3253 	3255
f 965 	960 	800
f 965 	800 	802
f 108 	2317 	112
f 2513 	2510 	121
f 4336 	3255 	3258
f 968 	965 	802
f 968 	802 	805
f 971 	968 	805
f 971 	805 	806
f 4345 	4336 	3258
f 4345 	3258 	3261
f 3453 	3940 	3943
f 973 	971 	806
f 973 	806 	807
f 3216 	3218 	232
f 3110 	3117 	225
f 225 	232 	3110
f 435 	2936 	432
f 1899 	2474 	2473
f 4345 	3261 	3265
f 976 	973 	807
f 976 	807 	809
f 3943 	3948 	3453
f 438 	2923 	435
f 979 	976 	809
f 979 	809 	811
f 212 	225 	3117
f 3218 	3219 	232
f 232 	698 	3216
f 982 	979 	811
f 982 	811 	813
f 432 	2957 	429
f 3904 	3015 	438
f 3905 	2744 	3904
f 3912 	3055 	3911
f 3117 	3121 	212
f 983 	982 	813
f 983 	813 	816
f 987 	983 	816
f 987 	816 	818
f 3467 	3959 	3470
f 561 	2730 	558
f 4147 	2604 	2597
f 165 	184 	3126
f 184 	212 	3121
f 987 	818 	825
f 565 	2980 	561
f 4148 	2606 	4147
f 121 	112 	2513
f 3121 	3126 	184
f 995 	987 	825
f 429 	2969 	565
f 996 	995 	825
f 996 	825 	826
f 1000 	996 	826
f 1000 	826 	829
f 1002 	1000 	829
f 1002 	829 	832
f 1004 	1002 	832
f 1004 	832 	833
f 570 	3663 	574
f 569 	3663 	570
f 574 	3663 	578
f 578 	3663 	581
f 581 	3663 	583
f 583 	3663 	587
f 1012 	1004 	833
f 1012 	833 	835
f 1013 	1012 	835
f 1013 	835 	837
f 1014 	1013 	837
f 1014 	837 	838
f 3660 	3663 	609
f 595 	3663 	600
f 623 	628 	618
f 628 	633 	618
f 232 	618 	633
f 232 	633 	638
f 232 	638 	644
f 232 	644 	645
f 650 	232 	645
f 653 	232 	650
f 657 	232 	653
f 661 	232 	657
f 666 	232 	661
f 3213 	3216 	698
f 3830 	3936 	3832
f 1014 	838 	249
f 3918 	3830 	3832
f 3918 	3832 	3919
f 609 	558 	3660
f 2489 	1943 	2490
f 3917 	3920 	3423
f 1033 	845 	1114
f 3921 	3918 	3919
f 3921 	3919 	3922
f 3923 	3921 	3922
f 3923 	3922 	3924
f 1031 	846 	845
f 1031 	845 	1033
f 712 	3213 	708
f 666 	687 	232
f 687 	692 	232
f 692 	698 	232
f 703 	3213 	698
f 2735 	3660 	558
f 3920 	3925 	3423
f 587 	3663 	595
f 4157 	4158 	2631
f 1950 	1948 	2487
f 3219 	3110 	232
f 708 	3213 	703
f 735 	737 	732
f 3929 	3926 	3928
f 3929 	3928 	3931
f 3932 	3929 	3931
f 3932 	3931 	3933
f 2480 	1950 	2487
f 3934 	3932 	3933
f 3934 	3933 	3936
f 3436 	3930 	3438
f 3830 	3934 	3936
f 737 	741 	732
f 741 	745 	732
f 729 	732 	745
f 745 	3207 	729
f 726 	729 	3207
f 3207 	3211 	726
f 1029 	847 	846
f 1029 	846 	1031
f 1028 	848 	847
f 1028 	847 	1029
f 1027 	849 	848
f 1027 	848 	1028
f 3910 	3907 	3908
f 3910 	3908 	3942
f 4052 	4054 	3939
f 3944 	3910 	3942
f 3944 	3942 	3945
f 1233 	3776 	1225
f 1041 	1355 	856
f 3947 	3944 	3945
f 3947 	3945 	3949
f 1042 	1041 	856
f 1042 	856 	858
f 3951 	3947 	3949
f 3951 	3949 	3952
f 1042 	858 	862
f 1042 	862 	1047
f 3954 	3951 	3952
f 3954 	3952 	3956
f 2476 	1893 	1891
f 1047 	862 	868
f 1047 	868 	1049
f 4071 	4073 	3955
f 1150 	1145 	3691
f 1139 	3663 	1142
f 1137 	3663 	1139
f 1135 	3663 	1137
f 1130 	3663 	1135
f 1152 	1150 	3691
f 1127 	3663 	1130
f 1124 	3663 	1127
f 1113 	3663 	1124
f 1110 	3663 	1113
f 1105 	3663 	1110
f 1102 	3663 	1105
f 600 	3663 	603
f 603 	3663 	1102
f 1049 	868 	874
f 1049 	874 	1051
f 1364 	1357 	3776
f 3776 	1227 	1225
f 3776 	1233 	1243
f 3776 	1243 	1244
f 3776 	1244 	1275
f 3776 	1275 	1285
f 3776 	1285 	1293
f 3776 	1293 	1296
f 1300 	3776 	1296
f 1051 	874 	879
f 1051 	879 	1053
f 1053 	879 	882
f 1053 	882 	1055
f 1157 	3691 	1160
f 1155 	3691 	1157
f 1142 	3663 	1145
f 1160 	3691 	1162
f 1055 	882 	885
f 1055 	885 	1058
f 1058 	885 	887
f 1058 	887 	1060
f 3966 	3967 	3968
f 3966 	3968 	3969
f 1060 	887 	890
f 1060 	890 	1061
f 1916 	2473 	2472
f 3967 	3970 	3971
f 3967 	3971 	3968
f 1155 	1152 	3691
f 1061 	890 	894
f 1061 	894 	1066
f 1066 	894 	898
f 1066 	898 	1067
f 3973 	3966 	3969
f 3973 	3969 	3974
f 1227 	3776 	1334
f 1345 	1336 	3776
f 1336 	1334 	3776
f 3977 	3973 	3974
f 3977 	3974 	3978
f 1194 	1187 	1201
f 1189 	1187 	1194
f 1185 	1202 	1187
f 1174 	3678 	1185
f 1169 	3685 	1174
f 1201 	1187 	1202
f 1089 	910 	849
f 1089 	849 	1027
f 1357 	1356 	3776
f 1356 	1345 	3776
f 1069 	903 	904
f 1069 	904 	1070
f 3980 	3977 	3978
f 3980 	3978 	3982
f 1364 	3776 	1372
f 3971 	3970 	4011
f 4010 	4011 	3970
f 3984 	3980 	3982
f 3984 	3982 	3985
f 2494 	1926 	1924
f 1377 	1372 	3776
f 3987 	3984 	3985
f 3987 	3985 	3988
f 1403 	1388 	3776
f 1388 	1383 	3776
f 4163 	2637 	2636
f 3990 	3987 	3988
f 3990 	3988 	3991
f 4163 	4164 	2637
f 3992 	3990 	3991
f 3992 	3991 	3993
f 1422 	1430 	3776
f 1403 	3776 	1398
f 1383 	1377 	3776
f 3957 	3954 	3956
f 3957 	3956 	3958
f 3994 	3957 	3958
f 3994 	3958 	3995
f 4052 	3939 	3938
f 3996 	3992 	3993
f 3996 	3993 	3997
f 3998 	3994 	3995
f 3998 	3995 	3999
f 3941 	3939 	4054
f 3999 	3197 	3998
f 3447 	3998 	3197
f 3941 	4054 	3946
f 4058 	3946 	4054
f 1398 	3776 	1409
f 903 	1069 	1088
f 1430 	1409 	3776
f 3861 	3865 	1956
f 2088 	2090 	3892
f 1955 	2088 	3858
f 1956 	1955 	3861
f 3892 	3858 	2088
f 3858 	3861 	1955
f 1070 	904 	910
f 1070 	910 	1089
f 1422 	3776 	1423
f 903 	1088 	911
f 1453 	1444 	3776
f 1444 	1423 	3776
f 2091 	2092 	3892
f 1087 	912 	911
f 1087 	911 	1088
f 1085 	914 	912
f 1085 	912 	1087
f 1465 	1459 	3776
f 1459 	1453 	3776
f 1084 	915 	914
f 1084 	914 	1085
f 3887 	3892 	2093
f 2611 	2609 	4155
f 1082 	916 	915
f 1082 	915 	1084
f 3865 	3869 	1966
f 2181 	3776 	2173
f 2094 	2095 	3887
f 1081 	917 	916
f 1081 	916 	1082
f 4000 	3996 	3997
f 4000 	3997 	4007
f 3776 	3780 	2173
f 1465 	3776 	2181
f 2095 	2097 	3887
f 1966 	1956 	3865
f 1081 	1067 	917
f 898 	917 	1067
f 2102 	2540 	2100
f 3052 	3056 	2188
f 4008 	4000 	4007
f 4008 	4007 	4009
f 3950 	3946 	4058
f 1104 	939 	761
f 2631 	4156 	4157
f 3863 	3866 	2188
f 4008 	4009 	5105
f 4071 	3955 	3950
f 1104 	1092 	921
f 1104 	921 	939
f 4010 	4012 	4013
f 4010 	4013 	4011
f 1098 	929 	928
f 1098 	928 	1099
f 3960 	3955 	4073
f 2632 	4158 	2633
f 1097 	930 	929
f 1097 	929 	1098
f 3866 	3868 	2188
f 3868 	2253 	2188
f 4015 	4013 	4014
f 4012 	4014 	4013
f 3960 	4073 	3962
f 4076 	3962 	4073
f 1095 	932 	930
f 1095 	930 	1097
f 2253 	2260 	2188
f 2193 	2188 	2260
f 4014 	4016 	4017
f 4014 	4017 	4015
f 944 	932 	1095
f 2260 	2245 	2193
f 2633 	4159 	4160
f 4079 	3964 	3962
f 4079 	3962 	4076
f 4016 	4018 	4019
f 4016 	4019 	4017
f 2245 	2239 	2193
f 2294 	2292 	2193
f 953 	1099 	928
f 4018 	4020 	4021
f 4018 	4021 	4019
f 2280 	2276 	2197
f 3965 	3964 	4082
f 4079 	4082 	3964
f 4020 	4023 	4024
f 4020 	4024 	4021
f 1121 	944 	1095
f 4023 	4025 	4026
f 4023 	4026 	4024
f 1120 	946 	944
f 1120 	944 	1121
f 2226 	4340 	2231
f 2231 	4341 	1776
f 2107 	2570 	2109
f 4025 	4028 	4029
f 4025 	4029 	4026
f 1119 	947 	946
f 1119 	946 	1120
f 3972 	4082 	4087
f 3965 	4082 	3972
f 4028 	4031 	4032
f 4028 	4032 	4029
f 2568 	2566 	2109
f 1118 	948 	947
f 1118 	947 	1119
f 3975 	3972 	4089
f 4087 	4089 	3972
f 4031 	4276 	4032
f 1117 	949 	948
f 1117 	948 	1118
f 3975 	4089 	3976
f 4090 	3976 	4089
f 1116 	950 	949
f 1116 	949 	1117
f 2302 	2297 	2193
f 2297 	2294 	2193
f 2307 	2302 	2193
f 3979 	3976 	4092
f 4090 	4092 	3976
f 1114 	951 	950
f 1114 	950 	1116
f 3981 	3979 	4095
f 4092 	4095 	3979
f 845 	951 	1114
f 2562 	2120 	2118
f 2099 	2101 	3887
f 2092 	2093 	3892
f 953 	1123 	1099
f 1123 	953 	955
f 1123 	955 	1125
f 2090 	2091 	3892
f 2101 	2105 	3887
f 2093 	2094 	3887
f 1133 	964 	963
f 1133 	963 	1134
f 1129 	1125 	959
f 955 	959 	1125
f 4095 	4098 	3983
f 4095 	3983 	3981
f 4359 	4357 	2207
f 1129 	959 	964
f 1129 	964 	1133
f 4098 	3986 	3983
f 4362 	4359 	2207
f 1134 	963 	1266
f 4161 	2636 	2635
f 4111 	3989 	3986
f 2207 	2202 	4362
f 4441 	4439 	2202
f 4439 	4362 	2202
f 2270 	4441 	2202
f 2276 	2270 	2197
f 2202 	2197 	2270
f 1140 	975 	986
f 4050 	4052 	3938
f 2197 	2193 	2280
f 2292 	2290 	2193
f 2290 	2288 	2193
f 2288 	2284 	2193
f 2284 	2280 	2193
f 2097 	2099 	3887
f 2513 	112 	2515
f 2515 	112 	2316
f 2316 	112 	2317
f 2105 	2104 	3887
f 3869 	3870 	1997
f 3143 	108 	3158
f 2317 	108 	2318
f 2188 	3888 	3049
f 2130 	2557 	2556
f 4058 	4061 	3950
f 3831 	3829 	3049
f 3888 	3831 	3049
f 4061 	4071 	3950
f 1154 	1149 	997
f 997 	1001 	1154
f 2524 	2550 	55
f 2521 	2524 	55
f 2522 	2521 	55
f 2532 	2522 	55
f 2324 	2532 	55
f 55 	45 	2324
f 2334 	2330 	45
f 45 	42 	2334
f 2338 	2334 	42
f 1886 	2477 	1891
f 2477 	2476 	1891
f 4262 	4096 	4099
f 3884 	3887 	2116
f 2113 	3884 	2112
f 2112 	3884 	2116
f 4227 	2644 	2643
f 2121 	3884 	2113
f 2108 	2116 	3887
f 2123 	3884 	2121
f 2340 	2338 	42
f 2342 	2340 	42
f 4232 	2645 	2644
f 2126 	3884 	2123
f 2129 	3884 	2126
f 2104 	2108 	3887
f 4232 	4235 	2645
f 2321 	3031 	3827
f 3031 	3037 	3827
f 3827 	3824 	2321
f 3037 	3049 	3827
f 2182 	3884 	2129
f 2553 	2321 	3824
f 2550 	2553 	3824
f 4098 	4109 	3986
f 4109 	4111 	3986
f 4197 	4038 	4040
f 4201 	4197 	4042
f 4040 	4042 	4197
f 3052 	2188 	3049
f 3061 	2188 	3056
f 3066 	2188 	3061
f 3069 	2188 	3066
f 3074 	2188 	3069
f 3078 	2188 	3074
f 3087 	2188 	3078
f 3098 	2188 	3087
f 3104 	2188 	3098
f 3857 	2188 	3104
f 4210 	4044 	4046
f 4151 	4117 	4115
f 2318 	108 	3143
f 4153 	4119 	4117
f 4048 	4211 	4046
f 4210 	4046 	4211
f 4120 	4119 	4153
f 4212 	4211 	4051
f 4048 	4051 	4211
f 4212 	4051 	4053
f 3158 	108 	3172
f 4057 	4216 	4053
f 3177 	3172 	242
f 108 	242 	3172
f 3185 	3177 	199
f 242 	199 	3177
f 4216 	4057 	4059
f 4261 	4264 	2901
f 4264 	4223 	2642
f 150 	156 	3155
f 137 	150 	3155
f 139 	137 	3155
f 3155 	3198 	139
f 3198 	3201 	139
f 3201 	3188 	139
f 3188 	3185 	139
f 199 	139 	3185
f 4272 	4271 	3161
f 3211 	3213 	720
f 712 	720 	3213
f 163 	165 	3138
f 3138 	3155 	163
f 156 	163 	3155
f 720 	726 	3211
f 4231 	4065 	4067
f 3958 	3956 	3167
f 3161 	4275 	4272
f 3956 	3952 	3167
f 1212 	3167 	3952
f 4072 	4075 	4240
f 3952 	3949 	1212
f 1006 	1005 	1167
f 3949 	3945 	1212
f 3945 	3942 	1212
f 986 	1146 	1140
f 2643 	2642 	4227
f 1167 	1165 	1007
f 1167 	1007 	1006
f 3942 	3908 	1212
f 3860 	2188 	3857
f 3863 	2188 	3860
f 2239 	2313 	2193
f 2313 	2307 	2193
f 1007 	1165 	1009
f 1164 	1009 	1165
f 2646 	4235 	4238
f 4308 	4303 	3838
f 1149 	986 	992
f 992 	997 	1149
f 1164 	1010 	1009
f 3841 	3838 	4303
f 4303 	4274 	3844
f 4151 	4115 	4114
f 3850 	3847 	4274
f 3853 	3850 	4224
f 4224 	4221 	3872
f 1001 	1159 	1154
f 3876 	3874 	4221
f 4221 	4219 	3876
f 2176 	3884 	2170
f 2170 	3884 	2182
f 3881 	3878 	4219
f 3880 	3882 	2189
f 14 	3880 	2189
f 3885 	3881 	4217
f 3893 	3889 	4217
f 4294 	4037 	4035
f 3898 	3896 	4217
f 5188 	5189 	4217
f 4037 	4294 	4039
f 4117 	4152 	4153
f 4154 	4120 	4153
f 3872 	3853 	4224
f 4154 	4050 	4120
f 4274 	4224 	3850
f 3847 	3844 	4274
f 4283 	4004 	4003
f 3995 	3958 	3167
f 3179 	3181 	3167
f 3995 	3167 	3999
f 3999 	3167 	3197
f 4005 	4004 	4283
f 4086 	4083 	4003
f 4043 	4005 	4045
f 4043 	4086 	4004
f 4004 	4005 	4043
f 4006 	4045 	4005
f 3346 	4047 	4006
f 3347 	4049 	3346
f 4275 	3220 	4278
f 4171 	4172 	4128
f 3221 	2872 	4278
f 2641 	4170 	2597
f 4174 	4134 	4132
f 4030 	4062 	4027
f 4033 	4064 	4030
f 4083 	4080 	4002
f 4002 	4003 	4083
f 4100 	4056 	4097
f 4147 	2597 	4146
f 4134 	4174 	4136
f 4080 	4077 	4002
f 4045 	4006 	4047
f 4003 	4004 	4086
f 4299 	4298 	4030
f 3348 	3350 	4202
f 3347 	3348 	4198
f 4047 	3346 	4049
f 4074 	4070 	4041
f 4231 	4067 	4069
f 4296 	4035 	4034
f 4294 	4035 	4296
f 4142 	4180 	4143
f 4159 	2633 	4158
f 4240 	4075 	4078
f 4041 	4039 	4293
f 4056 	4100 	4060
f 4060 	4027 	4062
f 4062 	4030 	4064
f 4034 	4035 	4066
f 4066 	4064 	4034
f 2252 	3867 	2189
f 3859 	3856 	2189
f 2189 	2258 	2252
f 4043 	4045 	4307
f 4310 	4307 	4045
f 4035 	4037 	4068
f 4068 	4066 	4035
f 4045 	4047 	4310
f 4465 	4529 	2199
f 4037 	4039 	4070
f 4070 	4068 	4037
f 4464 	4465 	2199
f 4039 	4041 	4070
f 2205 	4464 	2199
f 2189 	2192 	2258
f 1931 	2492 	2491
f 4167 	4126 	4124
f 2210 	4463 	2205
f 2196 	2277 	2192
f 2215 	4461 	2210
f 4056 	4326 	4055
f 4325 	4055 	4326
f 2224 	4459 	2220
f 4056 	4060 	4326
f 4262 	4099 	4101
f 4171 	4128 	4127
f 2229 	4458 	2224
f 4267 	4101 	4102
f 4130 	4128 	4172
f 4102 	4104 	4267
f 4268 	4267 	4104
f 2220 	4460 	2215
f 4346 	4343 	4064
f 4172 	4132 	4130
f 4036 	4268 	4104
f 2242 	2192 	2238
f 4132 	4173 	4174
f 2258 	2192 	2242
f 4349 	4066 	4068
f 2238 	2192 	2311
f 4070 	4351 	4068
f 4038 	4190 	4036
f 4186 	4036 	4190
f 4138 	4177 	4139
f 4038 	4197 	4190
f 2277 	2196 	2273
f 4177 	4114 	4139
f 4356 	4074 	4077
f 4077 	4080 	4356
f 1886 	2478 	2477
f 4201 	4042 	4044
f 2291 	2192 	2289
f 4180 	4142 	4141
f 2281 	2192 	2277
f 2296 	2192 	2293
f 2289 	2192 	2285
f 2305 	2192 	2300
f 4043 	4307 	4086
f 4183 	4145 	4144
f 1899 	1896 	2474
f 4053 	4214 	4212
f 4167 	4124 	4183
f 4145 	4183 	4124
f 2311 	2192 	2305
f 4053 	4216 	4214
f 3029 	3905 	3035
f 3102 	3097 	2189
f 4047 	4314 	4310
f 4150 	4151 	4114
f 2730 	561 	2726
f 1175 	1023 	1022
f 4151 	4152 	4117
f 1920 	2472 	2471
f 2735 	558 	2730
f 1175 	1024 	1023
f 3938 	4120 	4050
f 4229 	4226 	4065
f 4063 	4065 	4226
f 2726 	561 	2990
f 593 	609 	3663
f 14 	2189 	3913
f 4229 	4065 	4231
f 2744 	3905 	3029
f 4168 	4126 	4167
f 4126 	4168 	4127
f 2928 	435 	2923
f 4237 	4234 	4072
f 4156 	2617 	4155
f 2936 	435 	2928
f 4237 	4072 	4240
f 2947 	432 	2936
f 2950 	432 	2947
f 2491 	2490 	1931
f 2632 	2631 	4158
f 2957 	432 	2950
f 4173 	4132 	4172
f 4245 	4243 	4081
f 2960 	429 	2957
f 2969 	429 	2960
f 2974 	565 	2969
f 4001 	4002 	4077
f 4077 	4074 	4001
f 4041 	4001 	4074
f 4136 	4174 	4175
f 2980 	565 	2974
f 2990 	561 	2980
f 4161 	4162 	2636
f 4176 	4138 	4175
f 4136 	4175 	4138
f 4027 	4060 	4022
f 4022 	4060 	4100
f 4162 	4163 	2636
f 4138 	4176 	4177
f 1920 	2471 	2096
f 2546 	2096 	2471
f 2996 	438 	2998
f 2546 	2545 	2096
f 2999 	438 	3015
f 2998 	438 	2999
f 3003 	438 	2996
f 4094 	4103 	4105
f 4094 	4105 	4106
f 4094 	4106 	4107
f 4094 	4107 	4108
f 4094 	4108 	4110
f 4094 	4110 	4112
f 4094 	4112 	4113
f 4094 	4113 	4116
f 4094 	4116 	4118
f 4094 	4118 	4091
f 4140 	4178 	4141
f 2535 	2100 	2540
f 4133 	4094 	4131
f 4129 	4131 	4094
f 4180 	4141 	4179
f 2923 	438 	3003
f 3015 	3904 	3023
f 3023 	3904 	2744
f 4143 	4180 	4181
f 2103 	2542 	2102
f 2540 	2102 	2542
f 4143 	4181 	4144
f 2103 	2545 	2542
f 4144 	4182 	4183
f 3077 	2189 	3082
f 3097 	3082 	2189
f 3073 	2189 	3077
f 3068 	2189 	3073
f 3065 	2189 	3068
f 3060 	2189 	3065
f 3055 	2189 	3060
f 3051 	3909 	3055
f 3048 	3906 	3051
f 3035 	3905 	3048
f 3055 	3912 	2189
f 3856 	3102 	2189
f 1190 	1183 	1036
f 2107 	2106 	2570
f 569 	593 	3663
f 2568 	2109 	2570
f 2585 	4170 	2641
f 4168 	4169 	4127
f 1016 	1182 	1017
f 4146 	2597 	4170
f 4169 	4171 	4127
f 3664 	3691 	3663
f 1181 	1019 	1017
f 3666 	3691 	3664
f 3670 	3691 	3666
f 4371 	4370 	4091
f 4094 	4091 	4370
f 3672 	3691 	3670
f 3691 	1145 	3663
f 4094 	4370 	4097
f 4369 	4097 	4370
f 2644 	4227 	4230
f 3677 	3691 	3672
f 4100 	4097 	4369
f 4230 	4232 	2644
f 3691 	3677 	3676
f 3691 	3676 	3661
f 3691 	3661 	3659
f 3691 	3659 	3626
f 3691 	3626 	3624
f 3691 	3624 	3622
f 3691 	3622 	3620
f 3620 	3723 	3691
f 4114 	4177 	4150
f 4140 	4493 	4178
f 3723 	3717 	3691
f 3717 	3716 	3691
f 3685 	1169 	3691
f 1162 	3691 	1169
f 3678 	1174 	3685
f 1202 	1185 	3678
f 4179 	4141 	4178
f 4084 	4248 	4081
f 3848 	3851 	4444
f 3845 	3848 	4444
f 4251 	4248 	4085
f 3854 	3873 	4443
f 4182 	4144 	4181
f 4384 	4108 	4385
f 4253 	4251 	4088
f 4085 	4088 	4251
f 4437 	4438 	3879
f 4433 	4435 	3883
f 4440 	4443 	3873
f 5387 	5392 	3886
f 2880 	4254 	4249
f 3989 	4111 	4185
f 4184 	4185 	4111
f 4254 	2648 	4241
f 3886 	3890 	5387
f 5401 	5387 	5400
f 5343 	5345 	3894
f 3897 	3899 	5343
f 3899 	3901 	5342
f 4184 	4187 	4188
f 4184 	4188 	4185
f 4187 	4189 	4191
f 4187 	4191 	4188
f 3864 	3862 	2189
f 3859 	2189 	3862
f 3867 	3864 	2189
f 4125 	4129 	4094
f 4123 	4125 	4094
f 4121 	4123 	4094
f 4097 	4055 	4094
f 4135 	4094 	4133
f 4137 	4094 	4135
f 4103 	4094 	4137
f 4121 	4094 	4122
f 4034 	4064 	4033
f 4122 	4094 	4055
f 4055 	4097 	4056
f 4189 	4192 	4193
f 4189 	4193 	4191
f 4192 	4195 	4196
f 4192 	4196 	4193
f 4258 	2895 	4166
f 4049 	3347 	4194
f 4195 	4199 	4200
f 4195 	4200 	4196
f 5400 	5387 	3890
f 4258 	4261 	2895
f 4199 	4203 	4204
f 4199 	4204 	4200
f 5345 	5400 	3890
f 4198 	4194 	3347
f 4203 	4571 	4204
f 4206 	4201 	4044
f 4202 	4198 	3348
f 4210 	4206 	4044
f 4271 	4269 	2905
f 4271 	2905 	3157
f 4205 	4202 	3350
f 3350 	3351 	4205
f 4207 	4205 	3351
f 3890 	3894 	5345
f 3894 	3897 	5343
f 3157 	3161 	4271
f 5342 	5343 	3899
f 4208 	4493 	4140
f 5341 	5342 	3903
f 3901 	3903 	5342
f 4220 	4216 	4059
f 2872 	4246 	4278
f 4213 	5204 	5186
f 4059 	4063 	4220
f 4226 	4220 	4063
f 3910 	1211 	3907
f 4113 	4381 	4116
f 3944 	1211 	3910
f 1179 	1021 	1020
f 3947 	1211 	3944
f 4379 	4118 	4116
f 3951 	1211 	3947
f 3954 	3422 	3951
f 3957 	3994 	3422
f 4231 	4069 	4234
f 4069 	4072 	4234
f 1886 	2479 	2478
f 4240 	4078 	4243
f 4078 	4081 	4243
f 4325 	4396 	4055
f 4245 	4081 	4248
f 2880 	4249 	2872
f 4246 	2872 	4249
f 4084 	4085 	4248
f 1208 	1200 	1044
f 1199 	1038 	1200
f 4405 	4137 	4135
f 1196 	1030 	1040
f 4093 	4096 	4257
f 4259 	4257 	4096
f 4262 	4259 	4096
f 1032 	1030 	1196
f 4265 	4262 	4101
f 1032 	1195 	1034
f 4538 	4536 	4266
f 4267 	4265 	4101
f 3994 	3998 	3422
f 4389 	4388 	4103
f 4215 	4213 	5187
f 5186 	5187 	4213
f 4036 	4186 	4268
f 3422 	1211 	3951
f 3957 	3422 	3954
f 3998 	3432 	3422
f 3447 	3431 	3998
f 5187 	5188 	4215
f 4546 	4543 	4280
f 4385 	4107 	4106
f 1193 	1035 	1034
f 4363 	4307 	4283
f 4282 	4283 	4307
f 4284 	4363 	4283
f 4285 	4360 	4284
f 4107 	4385 	4108
f 4288 	3576 	3232
f 4384 	4383 	4108
f 3232 	3233 	4288
f 4290 	4288 	3233
f 4300 	4290 	3233
f 4370 	4371 	4325
f 4396 	4325 	4371
f 4371 	4378 	4396
f 4395 	4396 	4378
f 4393 	4395 	4378
f 4301 	4302 	4329
f 4409 	4392 	4378
f 4408 	4409 	4378
f 3896 	3893 	4217
f 4217 	4215 	5188
f 4219 	4217 	3881
f 3889 	3885 	4217
f 4310 	4314 	4281
f 3556 	4281 	4314
f 3908 	4308 	1212
f 3835 	1212 	4308
f 3838 	3835 	4308
f 3844 	3841 	4303
f 3874 	3872 	4221
f 3878 	3876 	4219
f 4316 	4312 	3242
f 4317 	3556 	4314
f 4281 	4282 	4310
f 4319 	4316 	3242
f 4286 	4356 	4285
f 4307 	4310 	4282
f 4417 	3555 	4317
f 4423 	3554 	4421
f 4493 	4208 	4218
f 4495 	4493 	4218
f 4328 	4324 	3255
f 4348 	4349 	4296
f 4336 	4328 	3255
f 4495 	4218 	4222
f 4110 	4383 	4112
f 2476 	2475 	1896
f 4222 	4225 	4500
f 4349 	4351 	4294
f 4294 	4296 	4349
f 4347 	4345 	3265
f 2475 	2474 	1896
f 4382 	4381 	4112
f 1044 	1043 	1209
f 4502 	4500 	4228
f 3265 	2905 	4347
f 4269 	4347 	2905
f 4351 	4353 	4292
f 4352 	2337 	4350
f 2336 	4350 	2337
f 4286 	4292 	4353
f 4356 	4286 	4353
f 4292 	4293 	4351
f 4333 	4334 	4374
f 4334 	4335 	4374
f 4337 	2222 	4335
f 4338 	4339 	2222
f 2226 	2222 	4339
f 4340 	2226 	4339
f 4341 	2231 	4340
f 4342 	1776 	4341
f 4344 	1782 	4342
f 2887 	2884 	2915
f 2884 	2883 	2913
f 4511 	4509 	4239
f 1204 	1045 	1026
f 4358 	4285 	4356
f 4513 	4511 	4242
f 1204 	1203 	1046
f 1204 	1046 	1045
f 4360 	4285 	4358
f 1203 	1168 	1046
f 4377 	4375 	2216
f 1059 	1140 	1242
f 2494 	1924 	2495
f 2216 	2212 	4377
f 4363 	4284 	4360
f 4407 	4408 	4378
f 4519 	4516 	4247
f 4250 	4522 	4247
f 4519 	4247 	4522
f 1168 	1167 	1005
f 4389 	4404 	4378
f 4404 	4405 	4378
f 4388 	4389 	4378
f 4522 	4250 	4252
f 4522 	4252 	4523
f 4366 	4331 	4372
f 4374 	4372 	4333
f 986 	1149 	1146
f 4374 	4335 	4375
f 4379 	4381 	4378
f 4378 	4381 	4382
f 4378 	4382 	4383
f 4378 	4383 	4384
f 4378 	4384 	4385
f 4378 	4385 	4387
f 4378 	4387 	4388
f 4329 	4343 	4301
f 4405 	4407 	4378
f 4375 	4335 	2222
f 2222 	2216 	4375
f 4337 	4338 	2222
f 4343 	4346 	4299
f 4298 	4299 	4346
f 1164 	1163 	1010
f 4225 	4228 	4500
f 4233 	4505 	4228
f 1001 	1010 	1159
f 1163 	1159 	1010
f 4397 	4659 	4400
f 4233 	4236 	4509
f 4369 	4370 	4325
f 4325 	4326 	4369
f 4368 	4369 	4326
f 4326 	4329 	4368
f 4302 	4368 	4329
f 4299 	4301 	4343
f 4297 	4298 	4346
f 4296 	4297 	4348
f 4346 	4348 	4297
f 4293 	4294 	4351
f 4392 	4393 	4378
f 1015 	1036 	1183
f 4400 	4659 	4402
f 4236 	4239 	4509
f 4421 	3555 	4417
f 1182 	1016 	1183
f 4239 	4242 	4511
f 4402 	4659 	4410
f 1181 	1017 	1182
f 4244 	4516 	4242
f 4426 	3553 	4423
f 4413 	4660 	4416
f 4513 	4242 	4516
f 4276 	4477 	4279
f 4430 	3551 	4428
f 4295 	4279 	4479
f 4477 	4479 	4279
f 4244 	4247 	4516
f 4420 	4660 	4424
f 1179 	1020 	1019
f 4479 	4480 	4304
f 4479 	4304 	4295
f 4427 	4330 	4429
f 4428 	3552 	4426
f 3558 	3550 	4430
f 3559 	3549 	3558
f 1179 	1178 	1021
f 4309 	4304 	4481
f 4480 	4481 	4304
f 4431 	4330 	4432
f 4429 	4330 	4431
f 4309 	4481 	4311
f 4483 	4311 	4481
f 1178 	1176 	1021
f 4315 	4311 	4484
f 4483 	4484 	4311
f 3851 	3854 	4443
f 4331 	4333 	4372
f 4366 	4434 	4331
f 4432 	4330 	4434
f 1022 	1176 	1175
f 4443 	4444 	3851
f 4498 	4390 	4484
f 4380 	4377 	2212
f 3842 	3845 	4446
f 2212 	2207 	4380
f 4320 	4487 	4488
f 4320 	4488 	4321
f 3839 	3842 	4446
f 4446 	4448 	3839
f 4488 	4323 	4321
f 3836 	3839 	4448
f 1211 	3836 	4448
f 3873 	3875 	4440
f 4357 	4380 	2207
f 4327 	4494 	4332
f 3907 	1211 	4448
f 2571 	2570 	2106
f 4523 	4252 	4255
f 4315 	4484 	4390
f 4669 	4648 	4671
f 1037 	1200 	1038
f 4394 	4390 	4501
f 4498 	4501 	4390
f 1039 	1038 	1199
f 4398 	4394 	4503
f 4501 	4503 	4394
f 4256 	4260 	4533
f 2565 	2564 	2118
f 4371 	4091 	4118
f 4503 	4506 	4401
f 4503 	4401 	4398
f 4263 	4536 	4260
f 4533 	4260 	4536
f 2564 	2562 	2118
f 4401 	4506 	4406
f 4508 	4406 	4506
f 4263 	4266 	4536
f 1195 	1032 	1196
f 4412 	4406 	4510
f 4508 	4510 	4406
f 4538 	4266 	4270
f 1193 	1034 	1195
f 4415 	4412 	4544
f 4510 	4544 	4412
f 2128 	2560 	2559
f 4270 	4273 	4541
f 4419 	4415 	4547
f 4544 	4547 	4415
f 2128 	2559 	2130
f 2557 	2130 	2559
f 4277 	4543 	4273
f 4541 	4273 	4543
f 4547 	4487 	4320
f 4547 	4320 	4419
f 4277 	4280 	4543
f 1190 	1036 	1035
f 4031 	4475 	4276
f 4546 	4280 	4287
f 4475 	4477 	4276
f 2495 	1924 	2556
f 4287 	4289 	4551
f 4291 	4555 	4289
f 4551 	4289 	4555
f 2146 	2586 	2106
f 2571 	2106 	2586
f 4306 	4557 	4291
f 4555 	4291 	4557
f 4408 	4133 	4131
f 2602 	2152 	2603
f 4405 	4135 	4133
f 4562 	4306 	4313
f 4318 	4565 	4313
f 4562 	4313 	4565
f 4323 	4488 	4490
f 4492 	4327 	4490
f 4323 	4490 	4327
f 4492 	4494 	4327
f 2586 	2146 	2598
f 4284 	4003 	4002
f 4003 	4284 	4283
f 4497 	4495 	4222
f 4282 	4005 	4283
f 2100 	2535 	2456
f 4282 	4281 	4005
f 4500 	4497 	4222
f 2628 	2497 	2496
f 2628 	2496 	2629
f 4502 	4228 	4505
f 1025 	1172 	1026
f 4022 	4302 	4027
f 4233 	4509 	4505
f 4299 	4030 	4027
f 4299 	4027 	4301
f 2627 	2498 	2497
f 2627 	2497 	2628
f 4033 	4030 	4298
f 4455 	1780 	4454
f 4457 	1775 	4455
f 4458 	2229 	4457
f 4459 	2224 	4458
f 4460 	2220 	4459
f 4461 	2215 	4460
f 4462 	2210 	4461
f 4464 	2205 	4463
f 4622 	4563 	4466
f 4465 	4466 	4575
f 4568 	4466 	4566
f 4463 	2210 	4462
f 3176 	4454 	1780
f 3199 	3273 	3196
f 3208 	3271 	3205
f 3269 	3270 	3217
f 2625 	2500 	2498
f 2625 	2498 	2627
f 2624 	2501 	2500
f 2624 	2500 	2625
f 4033 	4298 	4034
f 4517 	4520 	2199
f 4520 	4584 	2199
f 4039 	4294 	4293
f 4584 	4585 	2199
f 4292 	4041 	4293
f 4525 	4523 	4255
f 4292 	4286 	4041
f 4255 	4256 	4525
f 4529 	4532 	2199
f 4530 	4525 	4256
f 4001 	4041 	4286
f 2623 	2502 	2501
f 2623 	2501 	2624
f 4002 	4001 	4285
f 4286 	4285 	4001
f 4530 	4256 	4533
f 4532 	4535 	2199
f 2622 	2503 	2502
f 2622 	2502 	2623
f 4285 	4284 	4002
f 4535 	4537 	2199
f 2621 	2504 	2503
f 2621 	2503 	2622
f 4537 	4539 	2199
f 2620 	2505 	2504
f 2620 	2504 	2621
f 4539 	4515 	2199
f 4538 	4270 	4540
f 2619 	2506 	2505
f 2619 	2505 	2620
f 4364 	2453 	2452
f 4006 	4005 	4281
f 4515 	4517 	2199
f 2618 	2507 	2506
f 2618 	2506 	2619
f 4540 	4270 	4541
f 2616 	2508 	2507
f 2616 	2507 	2618
f 3556 	4006 	4281
f 2615 	2509 	2508
f 2615 	2508 	2616
f 1015 	1183 	1016
f 4022 	4100 	4302
f 2614 	2511 	2509
f 2614 	2509 	2615
f 4546 	4287 	4549
f 4301 	4027 	4302
f 4549 	4287 	4551
f 2152 	2511 	2603
f 2655 	2517 	2518
f 4297 	4034 	4298
f 2520 	2656 	2518
f 2655 	2518 	2656
f 4296 	4034 	4297
f 2520 	1491 	2656
f 4306 	4562 	4557
f 4318 	6506 	4565
f 4572 	4466 	4568
f 4622 	4623 	4553
f 4203 	4570 	4571
f 4575 	4466 	4572
f 4558 	4622 	4556
f 4570 	4573 	4574
f 4570 	4574 	4571
f 4573 	4577 	4574
f 4527 	4529 	4465
f 4563 	4622 	4560
f 4573 	4576 	4577
f 4576 	4579 	4580
f 4576 	4580 	4577
f 1171 	1026 	1172
f 4581 	6903 	4583
f 4575 	4527 	4465
f 4566 	4466 	4563
f 4579 	4581 	4583
f 4579 	4583 	4580
f 4361 	5599 	4364
f 5601 	4364 	5599
f 4585 	2268 	2199
f 2196 	2199 	2268
f 2273 	2196 	2268
f 2285 	2192 	2281
f 2293 	2192 	2291
f 2300 	2192 	2296
f 4047 	4049 	4314
f 4317 	4314 	4049
f 1197 	1040 	1039
f 5819 	5822 	4367
f 1196 	1040 	1197
f 4600 	4625 	4596
f 4603 	4625 	4600
f 4376 	4436 	5850
f 4060 	4329 	4326
f 4376 	5850 	4386
f 4607 	4625 	4605
f 4596 	4626 	4594
f 4062 	4343 	4060
f 4329 	4060 	4343
f 4605 	4625 	4603
f 2682 	2536 	2541
f 4614 	4542 	4624
f 4062 	4064 	4343
f 2543 	2683 	2541
f 4346 	4064 	4066
f 1035 	1192 	1190
f 4399 	5986 	4403
f 4349 	4068 	4351
f 4623 	4624 	4542
f 4542 	4545 	4623
f 4545 	4548 	4623
f 4548 	4550 	4623
f 4550 	4553 	4623
f 4553 	4556 	4622
f 4558 	4560 	4622
f 4353 	4351 	4074
f 4070 	4074 	4351
f 4626 	4596 	4625
f 4625 	4607 	4624
f 4609 	4612 	4624
f 4612 	4614 	4624
f 4627 	4593 	4626
f 4619 	4592 	4627
f 4074 	4356 	4353
f 4656 	4657 	4453
f 4080 	4358 	4356
f 4467 	4456 	4657
f 4456 	4453 	4657
f 1181 	1180 	1019
f 4629 	4658 	4631
f 4473 	4658 	4629
f 4080 	4083 	4358
f 4360 	4358 	4083
f 1180 	1179 	1019
f 4634 	4635 	4633
f 4635 	4636 	4633
f 4632 	4633 	4636
f 4636 	4638 	4632
f 4593 	4627 	4592
f 4594 	4626 	4593
f 4592 	4619 	4638
f 4632 	4638 	4619
f 4609 	4624 	4607
f 4086 	4363 	4083
f 1022 	1021 	1176
f 4646 	5210 	4645
f 4645 	5213 	4644
f 4647 	5210 	4646
f 4424 	4660 	4427
f 4416 	4660 	4420
f 4410 	4659 	4413
f 4639 	4658 	4397
f 4631 	4658 	4639
f 4468 	4467 	4657
f 1024 	1175 	1173
f 4651 	4922 	4654
f 4658 	4473 	4657
f 4468 	4657 	4473
f 4659 	4397 	4658
f 4331 	4434 	4330
f 4660 	4413 	4659
f 4330 	4427 	4660
f 1025 	1024 	1172
f 1173 	1172 	1024
f 4923 	4932 	4654
f 4661 	4850 	4653
f 4670 	4739 	4665
f 4450 	4451 	4656
f 4655 	4656 	4451
f 4453 	4450 	4656
f 4451 	4452 	4655
f 4648 	4655 	4452
f 4452 	4671 	4648
f 4671 	4672 	4669
f 4668 	4669 	4672
f 4672 	4674 	4668
f 4667 	4668 	4674
f 4676 	4739 	4675
f 4677 	4737 	4676
f 4679 	4737 	4677
f 4681 	4735 	4679
f 4682 	4735 	4681
f 1039 	1199 	1198
f 4817 	4818 	5068
f 5078 	4824 	5084
f 4825 	4827 	5084
f 5088 	5084 	4827
f 2699 	2584 	2583
f 1198 	1197 	1039
f 4715 	4716 	4692
f 4691 	4692 	4716
f 4690 	4691 	4716
f 4716 	4717 	4690
f 2699 	2496 	2584
f 2630 	2683 	2517
f 4564 	4841 	4561
f 4694 	4693 	4814
f 4813 	4814 	4693
f 4841 	4564 	4567
f 1192 	1035 	1193
f 4695 	4814 	4696
f 4705 	4706 	4704
f 4706 	4711 	4704
f 4703 	4704 	4711
f 4701 	4703 	4711
f 4711 	4713 	4701
f 4700 	4701 	4713
f 4699 	4700 	4713
f 4713 	4715 	4699
f 4698 	4699 	4715
f 4697 	4698 	4715
f 2667 	2526 	2525
f 4833 	4578 	4559
f 4709 	4710 	4764
f 4710 	4712 	4764
f 4763 	4764 	4712
f 4714 	4763 	4712
f 4702 	4763 	4714
f 4696 	4763 	4702
f 4764 	4765 	4709
f 4692 	4697 	4715
f 4726 	4727 	4733
f 4733 	4734 	4726
f 2667 	2528 	2526
f 1208 	1044 	1209
f 4611 	5003 	4608
f 1037 	1044 	1200
f 4720 	4721 	4756
f 4721 	4722 	4756
f 4768 	4756 	4722
f 4723 	4768 	4722
f 4611 	4615 	5003
f 2530 	2664 	2531
f 1026 	1171 	1204
f 2663 	2533 	2531
f 5029 	5023 	4620
f 4729 	4687 	4732
f 4687 	4688 	4732
f 4732 	4733 	4729
f 4717 	4732 	4688
f 4688 	4689 	4717
f 4689 	4690 	4717
f 4728 	4729 	4733
f 4727 	4728 	4733
f 4725 	4726 	4734
f 4724 	4725 	4734
f 4734 	4735 	4724
f 4682 	4724 	4735
f 4737 	4679 	4735
f 4739 	4676 	4737
f 1005 	1046 	1168
f 4741 	5341 	3903
f 1255 	1062 	1265
f 4742 	5341 	4741
f 1254 	1063 	1062
f 1254 	1062 	1255
f 1253 	1064 	1063
f 1253 	1063 	1254
f 4743 	5340 	4742
f 4348 	4346 	4066
f 2537 	2533 	2673
f 1251 	1065 	1064
f 1251 	1064 	1253
f 4744 	5340 	4743
f 4349 	4348 	4066
f 2673 	2538 	2537
f 1209 	1065 	1251
f 1065 	1209 	1043
f 255 	1048 	525
f 1213 	525 	1048
f 4779 	4855 	4777
f 4854 	4855 	4783
f 1218 	1213 	1048
f 1218 	1048 	1050
f 4373 	5822 	4442
f 1221 	1218 	1050
f 1221 	1050 	1052
f 5872 	4445 	4442
f 2682 	2541 	2683
f 1226 	1221 	1052
f 1226 	1052 	1054
f 4748 	4749 	4852
f 2543 	2517 	2683
f 1232 	1226 	1054
f 1232 	1054 	1056
f 4896 	4597 	4595
f 4749 	4751 	4852
f 1239 	1232 	1056
f 1239 	1056 	1057
f 4597 	4896 	4599
f 4751 	4755 	4852
f 4852 	4853 	4748
f 1242 	1239 	1057
f 1242 	1057 	1059
f 4851 	4852 	4755
f 4750 	4752 	4760
f 4758 	4760 	4752
f 4752 	4753 	4758
f 4753 	4754 	4758
f 4754 	4718 	4758
f 4757 	4758 	4718
f 4718 	4719 	4757
f 4719 	4720 	4757
f 975 	1140 	1059
f 4755 	4759 	4851
f 4360 	4083 	4363
f 4601 	4898 	4559
f 4759 	4762 	4851
f 1072 	1248 	1273
f 4761 	4730 	4736
f 4736 	4738 	4761
f 4731 	4736 	4730
f 4738 	4740 	4761
f 4253 	4088 	4552
f 4086 	4307 	4363
f 1272 	1073 	1072
f 1272 	1072 	1273
f 4762 	4650 	4851
f 1271 	1074 	1073
f 1271 	1073 	1272
f 1270 	1075 	1074
f 1270 	1074 	1271
f 2569 	2567 	2712
f 1269 	1076 	1075
f 1269 	1075 	1270
f 4850 	4851 	4650
f 4650 	4653 	4850
f 4661 	4665 	4850
f 4675 	4739 	4670
f 2710 	2574 	2569
f 1268 	1077 	1076
f 1268 	1076 	1269
f 4769 	4770 	4767
f 4770 	4771 	4767
f 4771 	4773 	4767
f 4740 	4750 	4760
f 4760 	4761 	4740
f 4767 	4768 	4769
f 4756 	4757 	4720
f 4769 	4768 	4723
f 4766 	4767 	4773
f 4773 	4774 	4766
f 4774 	4775 	4766
f 4765 	4766 	4775
f 4775 	4707 	4765
f 4707 	4708 	4765
f 4708 	4709 	4765
f 1267 	1078 	1077
f 1267 	1077 	1268
f 2709 	2575 	2574
f 2709 	2574 	2710
f 4368 	4100 	4369
f 3900 	3898 	4217
f 4777 	4856 	4772
f 1265 	1079 	1078
f 1265 	1078 	1267
f 1062 	1079 	1265
f 2575 	2709 	2576
f 2708 	2576 	2709
f 4368 	4302 	4100
f 4841 	4567 	4844
f 4776 	3902 	4217
f 4772 	5340 	4744
f 2706 	2579 	2576
f 2706 	2576 	2708
f 4844 	4567 	4569
f 3902 	3900 	4217
f 5189 	4778 	4217
f 2579 	2706 	2580
f 2704 	2580 	2706
f 4784 	4854 	4783
f 4782 	4855 	4779
f 4105 	4103 	4388
f 2702 	2581 	2580
f 2702 	2580 	2704
f 4105 	4388 	4106
f 4788 	4854 	4787
f 2581 	2702 	2582
f 2701 	2582 	2702
f 4789 	4854 	4788
f 2700 	2583 	2582
f 2700 	2582 	2701
f 4367 	4365 	5819
f 2583 	2700 	2699
f 5074 	5303 	4642
f 4110 	4108 	4383
f 4382 	4112 	4383
f 5074 	4642 	4643
f 4876 	4887 	4591
f 4113 	4112 	4381
f 5085 	4643 	4649
f 2517 	2655 	2630
f 5085 	4649 	4652
f 4379 	4116 	4381
f 4897 	4599 	4896
f 4897 	4898 	4599
f 2668 	2667 	2525
f 4628 	5040 	4662
f 6113 	6116 	4411
f 2528 	2667 	2666
f 4494 	4908 	4332
f 4122 	4396 	4121
f 4395 	4121 	4396
f 2666 	2665 	2529
f 2666 	2529 	2528
f 6123 	4422 	4418
f 4606 	4913 	4610
f 4395 	4123 	4121
f 2530 	2529 	2664
f 2665 	2664 	2529
f 4425 	4422 	6123
f 4613 	4610 	4916
f 4913 	4916 	4610
f 2663 	2531 	2664
f 4963 	4666 	4586
f 4616 	4613 	4918
f 4916 	4918 	4613
f 2663 	2662 	2533
f 4918 	4618 	4616
f 4588 	4967 	4586
f 2662 	2673 	2533
f 4122 	4055 	4396
f 4921 	4640 	4618
f 2525 	2536 	2668
f 2677 	2668 	2536
f 4392 	4409 	4125
f 4922 	4651 	4640
f 4922 	4640 	4921
f 4447 	5956 	4449
f 4978 	4969 	4598
f 5956 	4469 	4449
f 4131 	4129 	4408
f 4923 	4654 	4922
f 2538 	2673 	2672
f 4602 	4990 	4598
f 4663 	4654 	4932
f 4932 	4933 	4663
f 4664 	4663 	4933
f 2682 	2677 	2536
f 4587 	4664 	4933
f 4820 	4253 	4552
f 4389 	4103 	4137
f 2538 	2672 	2558
f 2698 	2558 	2672
f 4807 	4806 	4810
f 4785 	4807 	4811
f 4615 	5017 	5003
f 4561 	4834 	4554
f 5023 	4615 	4617
f 4786 	4785 	4811
f 4388 	4387 	4106
f 4792 	4791 	4811
f 4617 	4620 	5023
f 4387 	4385 	4106
f 4794 	4812 	4795
f 4834 	4561 	4841
f 2712 	2711 	2569
f 2711 	2710 	2569
f 4844 	4569 	4845
f 4795 	4813 	4796
f 4796 	4813 	4797
f 4797 	4813 	4693
f 4628 	4621 	5040
f 4776 	4217 	4778
f 5029 	4620 	4630
f 5189 	5191 	4778
f 4780 	4778 	5191
f 4379 	4378 	4118
f 4781 	4780 	5191
f 5191 	4808 	4798
f 4798 	4781 	5191
f 4378 	4371 	4118
f 4587 	4865 	4589
f 4799 	4798 	4808
f 4876 	4591 	4589
f 4876 	4589 	4873
f 4123 	4395 	4393
f 4801 	4800 	4809
f 4595 	4591 	4887
f 4393 	4392 	4125
f 4393 	4125 	4123
f 4129 	4125 	4409
f 4595 	4887 	4896
f 4793 	4792 	4812
f 4805 	4804 	4810
f 4809 	4810 	4802
f 2496 	2699 	2629
f 4808 	4809 	4799
f 4802 	4801 	4809
f 4800 	4799 	4809
f 4601 	4599 	4898
f 4833 	4559 	4898
f 4409 	4408 	4129
f 4787 	4854 	4784
f 4746 	4747 	4853
f 4783 	4855 	4782
f 1115 	856 	1355
f 4408 	4407 	4133
f 4794 	4793 	4812
f 4813 	4795 	4812
f 4811 	4812 	4792
f 4695 	4694 	4814
f 4763 	4696 	4814
f 4791 	4786 	4811
f 4133 	4407 	4405
f 4747 	4748 	4853
f 4789 	4790 	4854
f 4404 	4137 	4405
f 5111 	5110 	4678
f 4673 	4678 	5110
f 4404 	4389 	4137
f 5341 	4742 	5340
f 5073 	5068 	4818
f 4818 	4819 	5073
f 4819 	4821 	5073
f 5075 	5073 	4821
f 4821 	4822 	5075
f 4822 	4823 	5075
f 5078 	5075 	4823
f 4824 	5078 	4823
f 4825 	5084 	4824
f 4194 	4417 	4049
f 4317 	4049 	4417
f 4826 	4820 	4552
f 4826 	4552 	4554
f 4421 	4417 	4194
f 4421 	4194 	4198
f 4963 	4586 	4967
f 4834 	4826 	4554
f 4423 	4421 	4198
f 4423 	4198 	4202
f 4829 	4830 	5091
f 5139 	5091 	4830
f 4831 	5139 	4830
f 4426 	4423 	4202
f 4426 	4202 	4205
f 4969 	4967 	4590
f 4588 	4590 	4967
f 4428 	4426 	4205
f 4428 	4205 	4207
f 4590 	4598 	4969
f 4430 	4428 	4207
f 4430 	4207 	4209
f 4978 	4598 	4990
f 5169 	5164 	4839
f 4839 	4840 	5169
f 5172 	5169 	4840
f 5173 	5172 	4840
f 4840 	4842 	5173
f 5176 	5173 	4842
f 4843 	5176 	4842
f 4430 	4209 	3558
f 4990 	4602 	4604
f 4990 	4604 	4994
f 4435 	4433 	4213
f 4435 	4213 	4215
f 4849 	5038 	4848
f 4848 	5025 	4847
f 4569 	4582 	4845
f 4437 	4435 	4215
f 4437 	4215 	4217
f 4608 	4999 	4604
f 4850 	4665 	4739
f 4745 	4746 	4853
f 4854 	4790 	4853
f 4790 	4745 	4853
f 5340 	4772 	4856
f 4438 	4437 	4217
f 4438 	4217 	4219
f 4833 	4860 	4578
f 4859 	5018 	4858
f 4440 	4438 	4219
f 4440 	4219 	4221
f 4861 	4845 	4582
f 4443 	4440 	4221
f 4443 	4221 	4224
f 4582 	4578 	4861
f 4860 	4861 	4578
f 4444 	4443 	4224
f 4444 	4224 	4274
f 4446 	4444 	4274
f 4446 	4274 	4303
f 4448 	4446 	4303
f 4448 	4303 	4308
f 4615 	5023 	5017
f 4873 	4589 	4865
f 4869 	5225 	4868
f 4868 	5225 	4867
f 4867 	5231 	4866
f 4866 	5231 	4864
f 4870 	5220 	4869
f 4871 	5220 	4870
f 4864 	5234 	4863
f 4872 	5217 	4871
f 4641 	5217 	4872
f 4644 	5217 	4641
f 4308 	3908 	4448
f 3907 	4448 	3908
f 4466 	4330 	4622
f 4660 	4622 	4330
f 4877 	5018 	4875
f 4875 	5018 	4874
f 4878 	4879 	5018
f 4879 	4880 	5018
f 4880 	4881 	5018
f 4881 	4882 	5018
f 4882 	4883 	5018
f 4883 	4884 	5018
f 4884 	4885 	5018
f 4885 	4886 	5018
f 4886 	4888 	5018
f 5021 	5018 	4888
f 4890 	5021 	4888
f 4847 	5025 	4846
f 4846 	5021 	4890
f 4465 	4331 	4330
f 4465 	4330 	4466
f 4464 	4333 	4331
f 4464 	4331 	4465
f 4463 	4334 	4333
f 4463 	4333 	4464
f 5039 	5040 	4621
f 4462 	4335 	4334
f 4462 	4334 	4463
f 4461 	4337 	4335
f 4461 	4335 	4462
f 4630 	5044 	5029
f 4606 	4332 	4908
f 4460 	4338 	4337
f 4460 	4337 	4461
f 4911 	4912 	5043
f 4912 	4683 	5043
f 5045 	5043 	4683
f 4683 	4684 	5045
f 4684 	4685 	5045
f 5048 	5045 	4685
f 4685 	4686 	5048
f 5055 	5048 	4686
f 4686 	4680 	5055
f 4680 	4815 	5055
f 4815 	4816 	5055
f 5068 	5055 	4816
f 4816 	4817 	5068
f 4459 	4339 	4338
f 4459 	4338 	4460
f 4908 	4913 	4606
f 5044 	4630 	4637
f 4458 	4340 	4339
f 4458 	4339 	4459
f 4457 	4341 	4340
f 4457 	4340 	4458
f 4914 	5038 	4900
f 4899 	4900 	5038
f 4455 	4342 	4341
f 4455 	4341 	4457
f 4618 	4918 	4920
f 4454 	4344 	4342
f 4454 	4342 	4455
f 4618 	4920 	4921
f 4892 	5246 	4891
f 4893 	5244 	4892
f 4894 	5242 	4893
f 4895 	5242 	4894
f 4862 	5236 	4895
f 5077 	5074 	4643
f 4903 	4904 	4915
f 4901 	4902 	4914
f 4900 	4901 	4914
f 4344 	4454 	3278
f 4643 	5085 	5077
f 4929 	5263 	4928
f 4930 	5260 	4929
f 4928 	5267 	4927
f 4931 	5259 	4930
f 4927 	5269 	4926
f 5092 	4652 	4662
f 4865 	4587 	4933
f 5040 	5092 	4662
f 4942 	4943 	4995
f 5001 	4995 	4943
f 4943 	4944 	5001
f 5002 	5001 	4944
f 4944 	4945 	5002
f 5009 	5002 	4945
f 4945 	4946 	5009
f 5018 	5009 	4946
f 4947 	5018 	4946
f 4948 	5018 	4947
f 4949 	5018 	4948
f 4950 	5018 	4949
f 4951 	5018 	4950
f 4952 	5018 	4951
f 4858 	5018 	4857
f 4857 	5018 	4952
f 4874 	5018 	4859
f 4937 	5127 	4935
f 5051 	5104 	4962
f 4955 	4957 	4958
f 4955 	4958 	4959
f 6133 	4474 	4472
f 4621 	4666 	5039
f 4961 	5104 	4960
f 4962 	5104 	4961
f 4965 	4966 	5112
f 4959 	4958 	4954
f 4959 	4954 	4953
f 2751 	2661 	2660
f 4957 	4955 	4965
f 4966 	4965 	4955
f 2751 	2567 	2661
f 4474 	6133 	4476
f 4970 	4971 	5097
f 5333 	4971 	4970
f 4975 	4976 	5115
f 5107 	5115 	4976
f 4976 	4977 	5107
f 4977 	4979 	5107
f 4979 	4980 	5107
f 4980 	4981 	5107
f 5104 	5107 	4981
f 4982 	5104 	4981
f 4983 	5104 	4982
f 4984 	5104 	4983
f 4985 	5104 	4984
f 4960 	5104 	4986
f 4986 	5104 	4985
f 4974 	4975 	5115
f 4939 	5124 	4937
f 4987 	5301 	4989
f 4991 	4987 	4989
f 4991 	4989 	4992
f 4956 	1942 	4964
f 1942 	4934 	4964
f 4996 	4997 	4998
f 4996 	4998 	5000
f 4994 	4604 	4999
f 4968 	4964 	4934
f 4934 	4936 	4968
f 4608 	5003 	4999
f 5026 	5000 	4998
f 4988 	4968 	4936
f 4936 	4938 	4988
f 5006 	5031 	5005
f 5007 	5031 	5006
f 5008 	5030 	5007
f 5010 	5030 	5008
f 5011 	5030 	5010
f 5012 	5028 	5011
f 5013 	5028 	5012
f 5005 	5203 	5004
f 5014 	5024 	5013
f 5015 	5024 	5014
f 5016 	5024 	5015
f 5019 	5127 	5016
f 4993 	4988 	4940
f 4938 	4940 	4988
f 5026 	5027 	5000
f 5028 	5013 	5024
f 5034 	4997 	4996
f 5030 	5011 	5028
f 5027 	5026 	5022
f 5027 	5022 	5020
f 5031 	5007 	5030
f 5032 	5033 	5034
f 5032 	5034 	5035
f 4940 	4942 	4993
f 5036 	5037 	5033
f 5036 	5033 	5032
f 4877 	4878 	5018
f 4995 	4993 	4942
f 5019 	4935 	5127
f 5024 	5016 	5127
f 5220 	4871 	5217
f 5225 	4869 	5220
f 5234 	4864 	5231
f 5242 	4895 	5236
f 5035 	5034 	4996
f 4849 	4899 	5038
f 5025 	4848 	5038
f 5021 	4846 	5025
f 4954 	5041 	5042
f 4954 	5042 	4953
f 5037 	5036 	5041
f 5042 	5041 	5036
f 4902 	4903 	4914
f 4915 	4914 	4903
f 5044 	4637 	5052
f 5086 	5089 	5050
f 5049 	5050 	5089
f 5061 	5063 	5065
f 5061 	5065 	5067
f 5110 	5052 	4637
f 5054 	5104 	5053
f 5056 	5103 	5054
f 5057 	5103 	5056
f 5058 	5103 	5057
f 5059 	5103 	5058
f 5060 	5103 	5059
f 5062 	5103 	5060
f 5064 	5101 	5062
f 5066 	5101 	5064
f 5069 	5098 	5066
f 5070 	5093 	5069
f 5071 	5093 	5070
f 5072 	5087 	5071
f 1941 	5081 	5072
f 5053 	5104 	5051
f 5061 	5020 	5063
f 5022 	5063 	5020
f 4917 	4915 	4905
f 4904 	4905 	4915
f 5067 	5065 	5050
f 5067 	5050 	5049
f 5079 	5080 	5082
f 5079 	5082 	5083
f 4906 	4907 	4917
f 4905 	4906 	4917
f 4907 	4909 	4917
f 4585 	4439 	4441
f 5090 	5085 	4652
f 5089 	5086 	5080
f 5089 	5080 	5079
f 5083 	5082 	5047
f 5083 	5047 	5046
f 5092 	5090 	4652
f 5094 	5095 	5096
f 5094 	5096 	5097
f 5098 	5069 	5093
f 5100 	5046 	5099
f 5047 	5099 	5046
f 5100 	5099 	5095
f 5100 	5095 	5094
f 4963 	5102 	4666
f 5101 	5066 	5098
f 4970 	5097 	5096
f 4666 	5102 	5039
f 5105 	5106 	4008
f 5106 	5105 	5108
f 5106 	5108 	5109
f 4637 	4673 	5110
f 4965 	5112 	5113
f 4973 	4974 	5115
f 5122 	5109 	5108
f 5115 	5120 	4973
f 5120 	5124 	4941
f 5119 	5114 	5116
f 5119 	5116 	5121
f 5122 	5123 	5109
f 4939 	4941 	5124
f 5125 	5119 	5121
f 5125 	5121 	5126
f 5123 	5122 	5118
f 5123 	5118 	5117
f 5128 	5125 	5126
f 5128 	5126 	5131
f 5129 	5130 	5132
f 5129 	5132 	5133
f 4909 	4910 	4919
f 4919 	4917 	4909
f 5135 	5136 	5137
f 5135 	5137 	5138
f 5141 	5117 	5140
f 5118 	5140 	5117
f 4910 	4911 	4919
f 5134 	5128 	5131
f 5134 	5131 	5142
f 4828 	4829 	5088
f 5043 	4919 	4911
f 5141 	5140 	5144
f 5141 	5144 	5146
f 5145 	5134 	5142
f 5145 	5142 	5147
f 5147 	3928 	5145
f 3926 	5145 	3928
f 5146 	5144 	5136
f 5146 	5136 	5135
f 5138 	5137 	5150
f 5138 	5150 	5151
f 4838 	4839 	5164
f 4837 	4838 	5161
f 4836 	4837 	5158
f 5143 	4831 	4832
f 5139 	4831 	5143
f 5091 	5088 	4829
f 4827 	4828 	5088
f 5151 	5150 	5130
f 5151 	5130 	5129
f 1323 	1090 	1093
f 5133 	5132 	5113
f 5133 	5113 	5112
f 5154 	5155 	5156
f 5154 	5156 	5157
f 5143 	4832 	5152
f 1093 	1096 	1323
f 5155 	5159 	5160
f 5155 	5160 	5156
f 4832 	4835 	5152
f 5149 	5116 	5148
f 5114 	5148 	5116
f 5153 	5152 	4835
f 5165 	5166 	5167
f 5165 	5167 	5168
f 4835 	4836 	5153
f 5158 	5153 	4836
f 5166 	5284 	5167
f 5174 	5165 	5168
f 5174 	5168 	5175
f 5161 	5158 	4837
f 5162 	5174 	5175
f 5162 	5175 	5163
f 5164 	5161 	4838
f 5178 	5179 	5180
f 5178 	5180 	5182
f 2747 	2605 	2596
f 5185 	5162 	5163
f 5177 	5176 	4843
f 5181 	5177 	4843
f 2747 	2607 	2605
f 5183 	5178 	5182
f 5183 	5182 	5184
f 5163 	5190 	5185
f 4803 	4802 	4810
f 4804 	4803 	4810
f 4806 	4805 	4810
f 4810 	4811 	4807
f 5190 	5180 	5185
f 5179 	5185 	5180
f 2743 	2649 	2608
f 5159 	5183 	5184
f 5159 	5184 	5160
f 5195 	5196 	5207
f 5192 	5257 	5214
f 5214 	5215 	5192
f 5193 	5192 	5215
f 5194 	5193 	5215
f 5200 	5201 	5228
f 4972 	4973 	5120
f 4941 	4972 	5120
f 5127 	4937 	5124
f 5197 	5194 	5215
f 5198 	5197 	5215
f 4678 	5170 	5171
f 5111 	4678 	5171
f 5215 	5216 	5198
f 5199 	5198 	5216
f 5205 	5195 	5207
f 5171 	5170 	5208
f 5171 	5208 	5209
f 5210 	4647 	5203
f 5238 	5196 	5195
f 5209 	5208 	5211
f 5209 	5211 	5212
f 5200 	5205 	5207
f 5200 	5207 	5201
f 5203 	5005 	5031
f 5212 	5211 	5229
f 5221 	5222 	5409
f 5216 	5218 	5199
f 5202 	5199 	5218
f 5218 	5219 	5202
f 5204 	5202 	5219
f 5219 	5186 	5204
f 5226 	5200 	5228
f 5211 	5227 	5229
f 5231 	4867 	5225
f 5238 	5239 	5196
f 5229 	5227 	5232
f 5229 	5232 	5233
f 5213 	4645 	5210
f 5223 	5226 	5228
f 5223 	5228 	5224
f 5233 	5232 	5222
f 5233 	5222 	5221
f 5236 	4863 	5234
f 5217 	4644 	5213
f 2752 	2660 	2659
f 5235 	5230 	5307
f 5237 	5235 	5307
f 5244 	4893 	5242
f 4672 	4635 	4674
f 5245 	5247 	5249
f 5245 	5249 	5250
f 1467 	1153 	1156
f 5251 	4891 	5246
f 5253 	5223 	5224
f 5253 	5224 	5254
f 4667 	4674 	4634
f 4635 	4634 	4674
f 5243 	5240 	5206
f 5238 	5716 	5239
f 4634 	4668 	4667
f 5246 	4892 	5244
f 5004 	5203 	4647
f 5267 	4928 	5263
f 5274 	4926 	5269
f 5314 	4925 	5312
f 4891 	5251 	4889
f 4863 	5236 	4862
f 5247 	5253 	5254
f 5247 	5254 	5249
f 5238 	5715 	5716
f 5259 	4931 	5258
f 5245 	5250 	5266
f 5260 	4930 	5259
f 5255 	5252 	5214
f 5256 	5255 	5214
f 5257 	5256 	5214
f 5261 	5262 	5278
f 5263 	4929 	5260
f 5258 	4889 	5251
f 5265 	5245 	5266
f 4359 	4515 	4357
f 5261 	5265 	5266
f 5261 	5266 	5262
f 5269 	4927 	5267
f 6138 	6159 	4491
f 5270 	5272 	5273
f 5270 	5273 	5275
f 4520 	4359 	4362
f 5277 	5261 	5278
f 5272 	5277 	5278
f 5272 	5278 	5273
f 5270 	5275 	5283
f 5271 	5268 	5305
f 5264 	5304 	5268
f 5281 	5282 	5283
f 5281 	5283 	5284
f 5276 	5305 	5279
f 5271 	5305 	5276
f 5282 	5270 	5283
f 2589 	2724 	2590
f 5280 	5306 	5285
f 5305 	5306 	5279
f 5166 	5281 	5284
f 5720 	5154 	5157
f 2723 	2591 	2590
f 5206 	5214 	5252
f 5248 	5243 	5206
f 5240 	5237 	5206
f 5307 	5206 	5237
f 5230 	5286 	5307
f 5285 	5306 	5286
f 5289 	5287 	5288
f 5289 	5288 	5290
f 5294 	5289 	5290
f 5294 	5290 	5297
f 5299 	5294 	5297
f 5299 	5297 	5300
f 5292 	5304 	5291
f 5293 	5378 	5292
f 5295 	5378 	5293
f 5296 	5377 	5295
f 5298 	5377 	5296
f 5291 	5304 	5264
f 5301 	5299 	5300
f 5301 	5300 	5302
f 5301 	5302 	4989
f 5241 	5840 	5303
f 5305 	5268 	5304
f 5280 	5279 	5306
f 5307 	5286 	5306
f 5252 	5248 	5206
f 1400 	1136 	1138
f 5312 	4926 	5274
f 5074 	5241 	5303
f 5328 	5329 	5373
f 5327 	5328 	5373
f 5326 	5327 	5374
f 5373 	5374 	5327
f 5315 	5316 	5317
f 5315 	5317 	5318
f 5319 	4924 	5314
f 5316 	5436 	5317
f 5573 	5313 	5324
f 5323 	5315 	5318
f 5323 	5318 	5325
f 5320 	4924 	5319
f 1783 	4924 	5320
f 4889 	5258 	4931
f 5332 	5323 	5325
f 5332 	5325 	5334
f 5355 	5357 	5367
f 5367 	5369 	5355
f 5354 	5355 	5369
f 5353 	5354 	5369
f 5331 	5353 	5369
f 5369 	5371 	5331
f 5371 	5373 	5329
f 5329 	5330 	5371
f 5330 	5331 	5371
f 5337 	5332 	5334
f 5337 	5334 	5338
f 5339 	5337 	5338
f 5339 	5338 	5344
f 2743 	2650 	2649
f 4855 	4856 	4777
f 3879 	3883 	4435
f 4435 	4437 	3879
f 3883 	3886 	4433
f 5344 	5149 	5339
f 5148 	5339 	5149
f 5322 	5326 	5374
f 5357 	5358 	5367
f 5380 	5367 	5358
f 5358 	5346 	5380
f 5346 	5347 	5380
f 5349 	5380 	5347
f 5348 	5349 	5347
f 5359 	5360 	5352
f 5359 	5352 	5351
f 5361 	5403 	5356
f 5362 	5364 	5360
f 5362 	5360 	5359
f 5365 	5403 	5363
f 5366 	5368 	5370
f 5366 	5370 	5372
f 1467 	1156 	1158
f 5335 	5336 	5375
f 5375 	5376 	5335
f 5311 	5335 	5376
f 5310 	5311 	5376
f 5376 	5377 	5310
f 5298 	5310 	5377
f 5378 	5295 	5377
f 5304 	5292 	5378
f 5336 	5321 	5375
f 5374 	5375 	5322
f 5321 	5322 	5375
f 5372 	5370 	5364
f 5372 	5364 	5362
f 5363 	5403 	5361
f 5384 	5385 	5368
f 5384 	5368 	5366
f 5387 	5401 	5383
f 5383 	5402 	5365
f 2558 	2698 	2588
f 5388 	5389 	5385
f 5388 	5385 	5384
f 5578 	5577 	5390
f 4438 	4440 	3877
f 2725 	2724 	2588
f 5393 	5394 	5389
f 5393 	5389 	5388
f 5396 	5397 	5394
f 5396 	5394 	5393
f 2723 	2590 	2724
f 5398 	5399 	5397
f 5398 	5397 	5396
f 5406 	5407 	5399
f 5406 	5399 	5398
f 5392 	4433 	3886
f 5402 	5383 	5401
f 5403 	5365 	5402
f 5404 	5350 	5403
f 5391 	5430 	5404
f 3877 	3879 	4438
f 3875 	3877 	4440
f 5409 	5410 	5407
f 5409 	5407 	5406
f 2592 	2591 	2721
f 5222 	5410 	5409
f 5413 	5417 	5488
f 2721 	2720 	2593
f 2721 	2593 	2592
f 5391 	5488 	5417
f 5493 	5414 	5416
f 2720 	2719 	2593
f 5420 	5391 	5417
f 5419 	5421 	5416
f 5419 	5416 	5414
f 5422 	5391 	5420
f 5423 	5424 	5421
f 5423 	5421 	5419
f 5426 	5391 	5422
f 5427 	5428 	5424
f 5427 	5424 	5423
f 5430 	5391 	5426
f 5431 	5432 	5428
f 5431 	5428 	5427
f 5433 	5404 	5430
f 5431 	5351 	5432
f 5352 	5432 	5351
f 5434 	5404 	5433
f 5316 	5435 	5436
f 5437 	5404 	5434
f 5435 	5439 	5440
f 5435 	5440 	5436
f 5439 	5441 	5442
f 5439 	5442 	5440
f 5350 	5404 	5437
f 5356 	5403 	5350
f 5462 	5468 	5489
f 5441 	5443 	5445
f 5441 	5445 	5442
f 5443 	5447 	5449
f 5443 	5449 	5445
f 5447 	5452 	5453
f 5447 	5453 	5449
f 5455 	5458 	5490
f 5451 	5490 	5448
f 5452 	5456 	5457
f 5452 	5457 	5453
f 5458 	5462 	5489
f 5456 	5459 	5460
f 5456 	5460 	5457
f 5468 	5470 	5489
f 2650 	2741 	2651
f 5463 	5464 	5465
f 5463 	5465 	5466
f 5488 	5489 	5470
f 4515 	4539 	4357
f 2741 	2652 	2651
f 5470 	5411 	5488
f 5446 	5448 	5491
f 1338 	1103 	1106
f 5459 	5463 	5466
f 5459 	5466 	5460
f 5472 	5473 	5474
f 5472 	5474 	5475
f 1106 	1108 	1338
f 5411 	5413 	5488
f 2654 	2653 	2738
f 1111 	1348 	1108
f 5475 	5465 	5472
f 5464 	5472 	5465
f 2657 	2654 	2755
f 2738 	2755 	2654
f 5481 	5482 	5524
f 5491 	5524 	5482
f 5482 	5483 	5491
f 5446 	5491 	5483
f 5480 	5481 	5524
f 5479 	5480 	5525
f 5525 	5480 	5524
f 4550 	4402 	4410
f 2755 	2658 	2657
f 4550 	4410 	4413
f 5617 	5620 	5487
f 5491 	5448 	5490
f 5451 	5455 	5490
f 5489 	5490 	5458
f 2752 	2659 	2753
f 5571 	5308 	5309
f 5571 	5309 	5570
f 2660 	2752 	2751
f 5478 	5479 	5525
f 1400 	1138 	1141
f 5570 	5309 	5313
f 2725 	2588 	2698
f 1410 	1143 	1144
f 2589 	2588 	2724
f 5502 	5530 	5500
f 5503 	5529 	5502
f 5504 	5529 	5503
f 5505 	5528 	5504
f 5506 	5528 	5505
f 5507 	5527 	5506
f 5508 	5527 	5507
f 5509 	5494 	5526
f 5495 	5526 	5494
f 5509 	5527 	5508
f 1441 	1410 	1147
f 5573 	5324 	5379
f 5513 	5514 	5512
f 5515 	5533 	5514
f 5516 	5533 	5515
f 5517 	5532 	5516
f 5518 	5532 	5517
f 5519 	5531 	5518
f 5499 	5531 	5520
f 5500 	5530 	5499
f 5520 	5531 	5519
f 5379 	5382 	5576
f 5386 	5577 	5382
f 5576 	5382 	5577
f 5386 	5390 	5577
f 2594 	2593 	2719
f 5578 	5390 	5395
f 2594 	2719 	2595
f 2718 	2595 	2719
f 2718 	2717 	2595
f 4517 	4515 	4359
f 4520 	4517 	4359
f 2596 	2717 	2747
f 5583 	5582 	5412
f 5538 	5539 	5553
f 5539 	5540 	5553
f 5552 	5553 	5540
f 5540 	5541 	5552
f 5541 	5542 	5552
f 5542 	5544 	5552
f 5551 	5552 	5544
f 5551 	5544 	5545
f 5551 	5545 	5546
f 5547 	6285 	5546
f 5548 	6285 	5547
f 5583 	5412 	5415
f 4532 	4372 	4374
f 5557 	5559 	5556
f 5555 	5556 	5559
f 5559 	5560 	5555
f 5560 	5561 	5555
f 5561 	5562 	5555
f 5562 	5536 	5555
f 5554 	5555 	5536
f 5536 	5537 	5554
f 5537 	5538 	5554
f 5553 	5554 	5538
f 4532 	4374 	4375
f 6349 	6472 	1496
f 1756 	5381 	1759
f 1759 	5381 	1766
f 1516 	1188 	1191
f 2739 	2653 	2740
f 1771 	1766 	5381
f 4843 	1781 	5181
f 5590 	5444 	5450
f 1784 	1781 	4843
f 5590 	5450 	5454
f 1786 	1784 	4843
f 5381 	1756 	1788
f 1786 	4843 	1788
f 5381 	1788 	4843
f 1792 	1771 	5381
f 5593 	5461 	5467
f 5467 	5469 	5593
f 1795 	1792 	5381
f 5595 	5469 	5471
f 1797 	1795 	5381
f 2591 	2723 	2722
f 1800 	1797 	5381
f 2591 	2722 	2721
f 1803 	1800 	5381
f 1144 	1147 	1410
f 1806 	1803 	5381
f 1809 	1806 	5381
f 1809 	5381 	1811
f 1811 	5381 	1815
f 4563 	4560 	4427
f 1815 	5381 	1817
f 1817 	5381 	1824
f 1861 	5381 	1866
f 12 	1873 	5381
f 5582 	5405 	5408
f 1824 	5381 	1836
f 4568 	4429 	4431
f 4472 	6134 	6133
f 5408 	5412 	5582
f 4431 	4432 	4568
f 4572 	4568 	4432
f 1836 	5381 	1844
f 1844 	5381 	1847
f 1847 	5381 	1851
f 5986 	4399 	4478
f 1851 	5381 	1854
f 1854 	5381 	1857
f 5429 	5587 	5425
f 1857 	5381 	1861
f 5617 	5487 	5485
f 1866 	5381 	1870
f 5587 	5429 	5444
f 5492 	5487 	5620
f 1870 	5381 	1873
f 1876 	1873 	12
f 6141 	4486 	4485
f 6472 	1884 	1496
f 1131 	1393 	1516
f 5492 	5620 	5493
f 5623 	5493 	5620
f 5414 	5493 	5623
f 6140 	4489 	4486
f 1881 	1889 	6475
f 1136 	1396 	1131
f 1940 	4956 	1936
f 1936 	2058 	1933
f 1933 	2058 	1930
f 1930 	2055 	1918
f 1942 	4956 	1940
f 1915 	1918 	2007
f 1910 	1915 	2001
f 2007 	2001 	1915
f 5498 	5835 	5501
f 5839 	5510 	5501
f 2063 	2065 	2151
f 4496 	6145 	4499
f 1964 	2151 	2065
f 2065 	2067 	1964
f 5875 	5497 	5511
f 1973 	1964 	2067
f 1516 	1191 	1131
f 2069 	2071 	1977
f 5521 	5522 	5883
f 5471 	5476 	5595
f 1577 	1256 	1207
f 5477 	5597 	5476
f 1529 	1205 	1210
f 6156 	4514 	4512
f 2001 	1998 	1898
f 2007 	1918 	2055
f 2055 	1930 	2058
f 2058 	1936 	4956
f 5477 	5484 	5597
f 1210 	1214 	1529
f 1541 	1529 	1214
f 5883 	5522 	5534
f 1219 	1541 	1214
f 5438 	5588 	5484
f 4556 	4413 	4416
f 5600 	5579 	5486
f 2075 	1895 	1985
f 1985 	1981 	2075
f 2073 	2075 	1981
f 1981 	1979 	2073
f 1898 	1910 	2001
f 1998 	1985 	1895
f 1895 	1898 	1998
f 2071 	2073 	1979
f 1979 	1977 	2071
f 1977 	1973 	2069
f 2067 	2069 	1973
f 4416 	4420 	4556
f 5920 	5535 	5543
f 5920 	5543 	5549
f 5333 	5308 	5571
f 2206 	2209 	2077
f 2201 	2206 	2077
f 5572 	5570 	5313
f 2080 	2077 	2209
f 2209 	2214 	2080
f 1546 	1222 	1228
f 2082 	2080 	2214
f 5573 	5572 	5313
f 5558 	5563 	5934
f 5574 	4971 	5333
f 2219 	2223 	2082
f 1546 	1228 	1170
f 2165 	2168 	2136
f 5571 	5574 	5333
f 5563 	5564 	5934
f 5575 	5573 	5379
f 2061 	2063 	2144
f 2148 	2144 	2063
f 2151 	2148 	2063
f 5576 	5575 	5379
f 6141 	4485 	4482
f 2142 	2139 	2180
f 2177 	2180 	2139
f 2171 	2177 	2139
f 2168 	2171 	2139
f 2180 	2185 	2142
f 2185 	2061 	2142
f 2144 	2142 	2061
f 2139 	2136 	2168
f 5566 	5567 	5946
f 4584 	4520 	4439
f 5579 	5578 	5395
f 4486 	6141 	6140
f 4439 	4585 	4584
f 5567 	5568 	5946
f 5395 	5486 	5579
f 2270 	2268 	4585
f 4441 	2270 	4585
f 2133 	2084 	2155
f 2155 	2159 	2133
f 2227 	2155 	2084
f 2159 	2162 	2133
f 2136 	2133 	2162
f 2162 	2165 	2136
f 2223 	2227 	2084
f 2084 	2082 	2223
f 2214 	2219 	2082
f 5581 	5405 	5582
f 4504 	4491 	6159
f 2233 	2237 	2299
f 5496 	5835 	5498
f 4496 	4534 	6145
f 5415 	5584 	5583
f 4596 	4594 	4453
f 5839 	5501 	5835
f 5418 	5585 	5415
f 5584 	5415 	5585
f 2308 	2303 	2255
f 2251 	2255 	2303
f 2255 	2261 	2308
f 2303 	2299 	2251
f 2247 	2251 	2299
f 2312 	2308 	2265
f 2265 	2201 	2312
f 2077 	2312 	2201
f 2261 	2265 	2308
f 2241 	2247 	2299
f 2237 	2241 	2299
f 2299 	2328 	2233
f 1876 	12 	2328
f 5418 	5425 	5585
f 6 	2233 	2328
f 12 	6 	2328
f 5523 	5875 	5511
f 2357 	2337 	2354
f 5438 	5288 	5287
f 5588 	5438 	5287
f 2357 	2371 	2337
f 5589 	5587 	5444
f 2366 	2371 	2357
f 2361 	2366 	2482
f 2357 	2482 	2366
f 5590 	5589 	5444
f 4518 	6153 	4521
f 2377 	2374 	2482
f 2362 	2361 	2482
f 5591 	5590 	5454
f 2374 	2362 	2482
f 6153 	4524 	4521
f 5592 	5591 	5454
f 5592 	5454 	5461
f 5461 	5593 	5592
f 4627 	4655 	4648
f 2382 	2380 	2482
f 2380 	2377 	2482
f 5529 	5504 	5528
f 5528 	5506 	5527
f 5527 	5509 	5526
f 5525 	5526 	5495
f 5530 	5502 	5529
f 5531 	5499 	5530
f 5532 	5518 	5531
f 5533 	5516 	5532
f 5512 	5514 	5533
f 5495 	5478 	5525
f 4655 	4627 	4656
f 5594 	5593 	5469
f 2404 	2402 	2482
f 2402 	2382 	2482
f 4924 	4925 	5314
f 5469 	5595 	5594
f 2408 	2404 	2482
f 2415 	2408 	2482
f 4623 	4659 	4658
f 2420 	2415 	2482
f 4623 	4660 	4659
f 2428 	2424 	2482
f 2424 	2420 	2482
f 2433 	2428 	2482
f 2438 	2433 	2482
f 2482 	2484 	2441
f 2441 	2438 	2482
f 1437 	1429 	1369
f 1369 	1358 	1437
f 1358 	1354 	1437
f 1446 	1437 	1354
f 1354 	1347 	1446
f 1347 	1337 	1446
f 1373 	1369 	1429
f 1379 	1373 	1429
f 1386 	1379 	1429
f 2484 	2459 	2444
f 2444 	2441 	2484
f 4593 	4452 	4451
f 2452 	2464 	2467
f 2447 	2464 	2452
f 2650 	2742 	2741
f 2459 	2462 	2444
f 2447 	2444 	2462
f 2464 	2447 	2462
f 1458 	1452 	1471
f 1466 	1458 	1471
f 1477 	1471 	1452
f 1484 	1477 	1452
f 1487 	1484 	1452
f 1337 	1487 	1452
f 1452 	1446 	1337
f 1420 	6700 	1397
f 1402 	1397 	6700
f 1407 	1402 	6700
f 6700 	6701 	1407
f 6710 	1407 	6701
f 2652 	2741 	2740
f 2604 	2606 	2597
f 2606 	2609 	2597
f 2609 	2611 	2597
f 5586 	5585 	5425
f 5587 	5586 	5425
f 2632 	2633 	2597
f 2633 	2634 	2597
f 2634 	2635 	2597
f 2631 	2632 	2597
f 1597 	1596 	1276
f 4607 	4468 	4473
f 1773 	5580 	1767
f 1760 	1767 	5580
f 4607 	4473 	4629
f 1785 	4924 	1783
f 2653 	2739 	2738
f 2635 	2636 	2597
f 2644 	2645 	2597
f 2636 	2637 	2597
f 2637 	2638 	2597
f 2638 	2639 	2597
f 2639 	2640 	2597
f 2640 	2895 	2597
f 2895 	2898 	2597
f 2898 	2901 	2597
f 2901 	2642 	2597
f 2642 	2643 	2597
f 2643 	2644 	2597
f 1787 	4924 	1785
f 4614 	4631 	4639
f 1790 	4924 	1787
f 2617 	2631 	2597
f 2611 	2617 	2597
f 5580 	4924 	1790
f 1760 	5580 	1762
f 1762 	5580 	1790
f 4926 	5312 	4925
f 4639 	4397 	4614
f 2886 	2880 	2597
f 2648 	2886 	2597
f 2880 	2872 	2597
f 2641 	2597 	2872
f 2872 	3221 	2641
f 2587 	2641 	3221
f 2753 	2659 	2658
f 2905 	3265 	2578
f 6149 	4531 	4528
f 4534 	4531 	6149
f 4656 	4627 	4626
f 2646 	2647 	2597
f 2647 	2648 	2597
f 2645 	2646 	2597
f 3161 	3157 	2587
f 3220 	3161 	2587
f 3221 	3220 	2587
f 5596 	5595 	5476
f 4657 	4656 	4626
f 5597 	5596 	5476
f 5598 	5597 	5484
f 5484 	5588 	5598
f 2573 	2578 	3258
f 3261 	3258 	2578
f 2453 	4364 	5601
f 3265 	3261 	2578
f 3157 	2905 	2578
f 2578 	2587 	3157
f 5581 	5600 	5405
f 5486 	5405 	5600
f 1796 	5580 	1793
f 1798 	5580 	1796
f 5604 	5605 	5603
f 5604 	5603 	5602
f 1801 	5580 	1798
f 5606 	5607 	5605
f 5606 	5605 	5604
f 1804 	5580 	1801
f 5608 	5609 	5607
f 5608 	5607 	5606
f 1807 	5580 	1804
f 1810 	5580 	1807
f 1773 	1793 	5580
f 2552 	2555 	3008
f 5610 	5611 	5612
f 5610 	5612 	5613
f 1812 	5580 	1810
f 4634 	4633 	4668
f 3232 	3008 	2555
f 7179 	5614 	5615
f 4669 	4668 	4633
f 3233 	3232 	2555
f 5615 	5614 	5611
f 5615 	5611 	5610
f 1818 	5580 	1816
f 5613 	5612 	5609
f 5613 	5609 	5608
f 5616 	5617 	5485
f 3235 	3233 	2555
f 5618 	5621 	5622
f 5618 	5622 	5619
f 1825 	5580 	1818
f 1812 	1816 	5580
f 3237 	3235 	2555
f 3240 	3237 	2555
f 5621 	5624 	5625
f 5621 	5625 	5622
f 1874 	13 	5580
f 2555 	2563 	3240
f 3242 	3240 	2563
f 5624 	5626 	5627
f 5624 	5627 	5625
f 5626 	5628 	5629
f 5626 	5629 	5627
f 3245 	3242 	2563
f 3249 	3245 	2563
f 1845 	5580 	1837
f 5828 	5496 	5497
f 5828 	5497 	5776
f 2563 	2573 	3249
f 5628 	5682 	5629
f 1848 	5580 	1845
f 4362 	4439 	4520
f 5496 	5828 	5835
f 1852 	5580 	1848
f 1855 	5580 	1852
f 3253 	3249 	2573
f 3255 	3253 	2573
f 3258 	3255 	2573
f 5632 	5633 	5631
f 5632 	5631 	5630
f 1859 	5580 	1855
f 1825 	1837 	5580
f 3936 	4604 	2552
f 5634 	5635 	5633
f 5634 	5633 	5632
f 4527 	4366 	4529
f 1642 	1331 	1330
f 5636 	5637 	5635
f 5636 	5635 	5634
f 4532 	4529 	4372
f 1331 	1642 	1332
f 5638 	5639 	5637
f 5638 	5637 	5636
f 4352 	4354 	2337
f 2354 	2337 	4354
f 5699 	5701 	4352
f 5776 	5497 	5875
f 2467 	4364 	2452
f 5640 	5641 	5639
f 5640 	5639 	5638
f 1862 	5580 	1859
f 5642 	5643 	5641
f 5642 	5641 	5640
f 1867 	5580 	1862
f 5521 	5883 	5884
f 5644 	5645 	5643
f 5644 	5643 	5642
f 1871 	5580 	1867
f 4361 	4364 	2469
f 2467 	2469 	4364
f 4537 	4377 	4539
f 5646 	5647 	5645
f 5646 	5645 	5644
f 5648 	5649 	5647
f 5648 	5647 	5646
f 4380 	4357 	4539
f 5523 	5521 	5884
f 5580 	1871 	1874
f 13 	1874 	1877
f 5650 	5651 	5649
f 5650 	5649 	5648
f 1257 	1576 	1276
f 5650 	5602 	5651
f 5603 	5651 	5602
f 4411 	4414 	4447
f 4373 	4436 	4367
f 4386 	4367 	4376
f 4391 	4365 	4386
f 4367 	4386 	4365
f 4361 	5788 	4391
f 5788 	4361 	2469
f 6762 	6763 	6854
f 6761 	6762 	6854
f 5711 	5652 	5653
f 4545 	4542 	4400
f 5654 	5655 	5653
f 5654 	5653 	5652
f 5656 	5657 	5655
f 5656 	5655 	5654
f 5658 	5659 	5657
f 5658 	5657 	5656
f 2596 	2595 	2717
f 4445 	4447 	4414
f 4474 	4476 	4470
f 4414 	4418 	4445
f 4442 	4445 	4418
f 4418 	4422 	4442
f 4422 	4425 	4442
f 4373 	4442 	4425
f 4436 	4373 	4425
f 4376 	4367 	4436
f 1919 	2057 	1932
f 1917 	2054 	1919
f 1932 	2057 	1935
f 1913 	2003 	1917
f 1897 	1894 	1994
f 1982 	1994 	1894
f 1935 	5076 	1939
f 5660 	5661 	5659
f 5660 	5659 	5658
f 5662 	5663 	5661
f 5662 	5661 	5660
f 2068 	2066 	1970
f 5664 	5665 	5663
f 5664 	5663 	5662
f 4469 	4399 	4449
f 4399 	4403 	4449
f 4447 	4449 	4403
f 4470 	4482 	4474
f 4472 	4474 	4482
f 4403 	4411 	4447
f 5666 	5667 	5665
f 5666 	5665 	5664
f 2607 	2747 	2746
f 1976 	2068 	1970
f 5668 	5669 	5667
f 5668 	5667 	5666
f 4482 	4485 	4472
f 4469 	4470 	4476
f 4478 	4469 	4476
f 4399 	4469 	4478
f 2608 	2607 	2745
f 2746 	2745 	2607
f 1980 	1982 	2074
f 1587 	1290 	1288
f 5670 	5671 	5669
f 5670 	5669 	5668
f 4558 	4420 	4560
f 2745 	2743 	2608
f 5672 	5673 	5671
f 5672 	5671 	5670
f 1913 	1909 	1999
f 4424 	4427 	4560
f 2650 	2743 	2742
f 5674 	5675 	5673
f 5674 	5673 	5672
f 2003 	1913 	1999
f 2054 	1917 	2003
f 4534 	4496 	4489
f 4486 	4489 	4496
f 4496 	4499 	4486
f 4491 	4531 	4489
f 4485 	4486 	4499
f 4499 	4471 	4485
f 4471 	4472 	4485
f 5676 	5677 	5675
f 5676 	5675 	5674
f 2057 	1919 	2054
f 5678 	5679 	5677
f 5678 	5677 	5676
f 5680 	5681 	5679
f 5680 	5679 	5678
f 1909 	1897 	1999
f 5076 	1935 	2057
f 5087 	5072 	5081
f 5081 	1941 	5076
f 5093 	5071 	5087
f 5103 	5062 	5101
f 5104 	5054 	5103
f 1939 	5076 	1941
f 5680 	5630 	5681
f 5631 	5681 	5630
f 1630 	1302 	1320
f 4514 	4518 	4512
f 4507 	4512 	4518
f 4518 	4521 	4507
f 4521 	4524 	4507
f 4504 	4507 	4524
f 4524 	4526 	4504
f 4526 	4528 	4504
f 4491 	4504 	4528
f 4491 	4528 	4531
f 4534 	4489 	4531
f 5682 	5683 	5629
f 4572 	4432 	4434
f 5682 	5685 	5686
f 5682 	5686 	5683
f 5685 	5688 	5690
f 5685 	5690 	5686
f 5734 	5731 	5770
f 5688 	5692 	5693
f 5688 	5693 	5690
f 4527 	4434 	4366
f 5692 	5695 	5696
f 5692 	5696 	5693
f 5731 	5728 	5771
f 2072 	1980 	2074
f 2070 	1978 	2072
f 2143 	2147 	2062
f 2062 	2060 	2143
f 2140 	2143 	2060
f 2068 	1976 	2070
f 1978 	1980 	2072
f 1994 	1999 	1897
f 5695 	5698 	5700
f 5695 	5700 	5696
f 4354 	4352 	5701
f 5698 	5702 	5703
f 5698 	5703 	5700
f 4372 	4529 	4366
f 5702 	5705 	5706
f 5702 	5706 	5703
f 5699 	5697 	5701
f 5705 	5708 	5709
f 5705 	5709 	5706
f 5708 	5711 	5712
f 5708 	5712 	5709
f 5704 	5701 	5697
f 5697 	5694 	5704
f 5653 	5712 	5711
f 5707 	5704 	5694
f 2213 	2208 	2078
f 1612 	1310 	1309
f 4377 	4537 	4375
f 5715 	5717 	5718
f 5715 	5718 	5716
f 5901 	5896 	5535
f 1612 	1610 	1310
f 4380 	4539 	4377
f 4373 	4367 	5822
f 5717 	5618 	5619
f 5717 	5619 	5718
f 5694 	5691 	5707
f 5710 	5707 	5691
f 5723 	5721 	5778
f 5157 	5719 	5720
f 5901 	5535 	5920
f 5691 	5689 	5710
f 5872 	4442 	5822
f 5720 	5719 	5722
f 5720 	5722 	5724
f 5549 	5925 	5920
f 2140 	2179 	2138
f 5724 	5722 	5725
f 5724 	5725 	5727
f 5727 	5725 	5729
f 5727 	5729 	5730
f 2132 	2154 	2083
f 5713 	5710 	5689
f 5925 	5549 	5550
f 5925 	5550 	5929
f 5730 	5729 	5732
f 5730 	5732 	5733
f 5689 	5687 	5713
f 5714 	5713 	5687
f 5558 	5931 	5550
f 5929 	5550 	5931
f 5687 	5684 	5714
f 4386 	5850 	5854
f 5737 	5733 	5736
f 5732 	5736 	5733
f 4545 	4400 	4402
f 5684 	5780 	5714
f 5721 	5714 	5780
f 5931 	5558 	5934
f 5737 	5736 	5739
f 5737 	5739 	5740
f 5854 	4391 	4386
f 5780 	5778 	5721
f 5740 	5739 	5743
f 5740 	5743 	5744
f 5564 	5937 	5934
f 5599 	4361 	4391
f 5778 	5774 	5723
f 5744 	5743 	5746
f 5744 	5746 	5747
f 1279 	1594 	1283
f 5726 	5723 	5774
f 4413 	4553 	4550
f 5747 	5746 	5749
f 5747 	5749 	5750
f 5937 	5564 	5565
f 5937 	5565 	5940
f 5750 	5749 	5751
f 5750 	5751 	5752
f 1594 	1284 	1283
f 5774 	5772 	5726
f 5993 	4403 	5986
f 4413 	4556 	4553
f 5566 	5944 	5565
f 5940 	5565 	5944
f 5752 	5751 	5753
f 5752 	5753 	5755
f 5755 	5753 	5756
f 5755 	5756 	5757
f 6113 	4411 	4403
f 6113 	4403 	5993
f 4420 	4558 	4556
f 5566 	5946 	5944
f 5757 	5756 	5759
f 5757 	5759 	5760
f 4414 	4411 	6116
f 5760 	5759 	5762
f 5760 	5762 	5763
f 5568 	5948 	5946
f 4424 	4560 	4420
f 5763 	5762 	5765
f 5763 	5765 	5766
f 5754 	6305 	5745
f 4414 	6116 	4418
f 5766 	5765 	5768
f 5766 	5768 	5769
f 5951 	5948 	5569
f 5745 	5742 	5754
f 5742 	5741 	5758
f 5758 	5754 	5742
f 6124 	4425 	6123
f 5773 	5842 	5775
f 5761 	5758 	5741
f 6124 	6126 	4425
f 4436 	4425 	6126
f 5764 	5761 	5738
f 5741 	5738 	5761
f 5777 	5773 	5775
f 5777 	5775 	5779
f 5767 	5764 	5735
f 5738 	5735 	5764
f 5781 	5777 	5779
f 5781 	5779 	5782
f 5850 	4436 	6126
f 5783 	5781 	5782
f 5783 	5782 	5784
f 5728 	5726 	5772
f 5772 	5771 	5728
f 5771 	5770 	5731
f 5770 	5767 	5734
f 5735 	5734 	5767
f 5785 	5783 	5784
f 5785 	5784 	5786
f 5787 	5785 	5786
f 5787 	5786 	5789
f 1630 	1320 	1319
f 4365 	4391 	5788
f 5790 	5787 	5789
f 5790 	5789 	5791
f 4447 	4445 	5954
f 5792 	5790 	5791
f 5792 	5791 	5793
f 5797 	5892 	5796
f 5796 	5891 	5795
f 5798 	5807 	5797
f 5954 	5956 	4447
f 5799 	5792 	5793
f 5799 	5793 	5800
f 5802 	5799 	5800
f 5802 	5800 	5803
f 4469 	5956 	5963
f 5804 	5802 	5803
f 5804 	5803 	5805
f 1303 	1626 	1304
f 5963 	4470 	4469
f 5806 	5804 	5805
f 5806 	5805 	5808
f 5809 	5806 	5808
f 5809 	5808 	5812
f 1624 	1619 	1304
f 5807 	5798 	5811
f 5801 	5797 	5807
f 4257 	5809 	5812
f 5812 	4093 	4257
f 5810 	5811 	5798
f 5813 	5810 	5798
f 5814 	5819 	4365
f 5820 	5816 	5817
f 5820 	5817 	5821
f 5823 	5820 	5821
f 5823 	5821 	5824
f 5815 	5813 	5798
f 5826 	5823 	5824
f 5826 	5824 	5827
f 5830 	5826 	5827
f 5830 	5827 	5832
f 5798 	5844 	5815
f 5818 	5815 	5844
f 5833 	5830 	5832
f 5833 	5832 	5836
f 2149 	1960 	2064
f 2138 	2167 	2135
f 5825 	5818 	5844
f 5837 	5833 	5836
f 5837 	5836 	5838
f 5831 	5825 	5844
f 5829 	5831 	5844
f 5841 	5837 	5838
f 5841 	5838 	5842
f 1311 	1610 	1312
f 5773 	5841 	5842
f 2066 	2064 	1960
f 1960 	1970 	2066
f 1978 	2070 	1976
f 1894 	2074 	1982
f 2652 	2740 	2653
f 5847 	5843 	5846
f 5847 	5846 	5848
f 5844 	5845 	5829
f 5834 	5829 	5845
f 1312 	1608 	1327
f 5849 	5847 	5848
f 5849 	5848 	5851
f 1645 	1644 	1327
f 5852 	5849 	5851
f 5852 	5851 	5853
f 5858 	5852 	5853
f 5858 	5853 	5862
f 5917 	5914 	5794
f 5794 	5795 	5867
f 5880 	5876 	5795
f 5887 	5880 	5795
f 5854 	5863 	4391
f 5864 	5858 	5862
f 5864 	5862 	5866
f 5839 	5860 	5510
f 1330 	1643 	1642
f 5863 	5599 	4391
f 5868 	5864 	5866
f 5868 	5866 	5869
f 5870 	5868 	5869
f 5870 	5869 	5871
f 5485 	5510 	5616
f 5860 	5616 	5510
f 5873 	5870 	5871
f 5873 	5871 	5874
f 5877 	5873 	5874
f 5877 	5874 	5878
f 5875 	5523 	5888
f 5881 	5877 	5878
f 5881 	5878 	5882
f 2179 	2140 	2184
f 2175 	2138 	2179
f 2169 	2138 	2175
f 2167 	2138 	2169
f 2164 	2135 	2167
f 2160 	2135 	2164
f 2158 	2132 	2160
f 2154 	2132 	2158
f 2060 	2184 	2140
f 2064 	2062 	2149
f 2147 	2149 	2062
f 5885 	5881 	5882
f 5885 	5882 	5886
f 5867 	5865 	5794
f 5865 	5917 	5794
f 5861 	5794 	5914
f 5886 	5817 	5885
f 5816 	5885 	5817
f 5887 	5795 	5891
f 5891 	5796 	5890
f 5876 	5867 	5795
f 5884 	5888 	5523
f 5890 	5796 	5889
f 5889 	5796 	5892
f 2221 	2218 	2081
f 2218 	2213 	2081
f 2204 	2076 	2208
f 2200 	2076 	2204
f 2078 	2081 	2213
f 2081 	2083 	2221
f 2225 	2221 	2083
f 2154 	2225 	2083
f 2135 	2160 	2132
f 5894 	6122 	5893
f 5883 	5534 	5896
f 5897 	5898 	5894
f 5897 	5894 	5893
f 2254 	2249 	2301
f 5892 	5797 	5895
f 5895 	5797 	5801
f 5899 	5900 	5898
f 5899 	5898 	5897
f 5534 	5535 	5896
f 5902 	5904 	5900
f 5902 	5900 	5899
f 2310 	2264 	2306
f 5906 	5907 	5904
f 5906 	5904 	5902
f 4563 	4427 	4429
f 5909 	5910 	5907
f 5909 	5907 	5906
f 2658 	2755 	2754
f 5947 	5945 	5859
f 5912 	5913 	5910
f 5912 	5910 	5909
f 2754 	2753 	2658
f 5903 	5947 	5861
f 5915 	5916 	5913
f 5915 	5913 	5912
f 5918 	5919 	5916
f 5918 	5916 	5915
f 2306 	2254 	2301
f 2076 	2078 	2208
f 2076 	2200 	2310
f 2264 	2310 	2200
f 2259 	2306 	2264
f 2254 	2306 	2259
f 2272 	2301 	2249
f 2249 	2246 	2272
f 2246 	2240 	2272
f 2236 	2272 	2240
f 2232 	2272 	2236
f 4 	2329 	2232
f 5921 	5922 	5919
f 5921 	5919 	5918
f 1877 	2329 	13
f 5908 	5905 	5861
f 5911 	5908 	5861
f 5914 	5911 	5861
f 5923 	5924 	5922
f 5923 	5922 	5921
f 1111 	1115 	1348
f 2272 	2232 	2329
f 13 	2329 	4
f 5927 	5928 	5924
f 5927 	5924 	5923
f 40 	2997 	20
f 2355 	2336 	2356
f 4355 	2336 	2355
f 2372 	2356 	2336
f 5926 	6037 	5857
f 5932 	5930 	5857
f 5930 	5926 	5857
f 2372 	2365 	2356
f 5933 	5932 	5857
f 4535 	4532 	4375
f 5935 	5933 	5857
f 1408 	1405 	1143
f 2360 	2481 	2365
f 2363 	2481 	2360
f 2481 	2356 	2365
f 4537 	4535 	4375
f 2375 	2481 	2363
f 5941 	5938 	5859
f 5938 	5935 	5859
f 1143 	1410 	1408
f 2375 	2378 	2481
f 5905 	5903 	5861
f 5859 	5861 	5947
f 5945 	5942 	5859
f 5942 	5941 	5859
f 5857 	5859 	5935
f 2381 	2481 	2378
f 5568 	5569 	5948
f 5872 	5879 	4445
f 5879 	5954 	4445
f 4397 	4400 	4542
f 1454 	1448 	1151
f 4548 	4545 	4402
f 2567 	2751 	2712
f 5965 	5962 	6165
f 5950 	5957 	6095
f 6097 	6095 	5957
f 5957 	5958 	6097
f 6010 	6097 	5958
f 5959 	6010 	5958
f 5960 	6010 	5959
f 5856 	6012 	5855
f 5855 	6012 	5960
f 1153 	1461 	1151
f 4550 	4548 	4402
f 2383 	2481 	2381
f 2403 	2481 	2383
f 5970 	5971 	5972
f 5970 	5972 	5973
f 6095 	6093 	5950
f 6093 	6091 	5950
f 5971 	5976 	5977
f 5971 	5977 	5972
f 2409 	2481 	2405
f 5963 	5967 	4470
f 5976 	5979 	5981
f 5976 	5981 	5977
f 2405 	2481 	2403
f 2434 	2481 	2429
f 2429 	2481 	2426
f 5973 	5474 	5970
f 5473 	5970 	5474
f 1483 	1161 	1166
f 2409 	2417 	2481
f 5985 	5981 	5983
f 5979 	5983 	5981
f 5987 	5988 	5989
f 5987 	5989 	5990
f 1282 	1483 	1083
f 2426 	2481 	2422
f 2417 	2422 	2481
f 5952 	5950 	6091
f 4566 	4563 	4429
f 5988 	5991 	5992
f 5988 	5992 	5989
f 6091 	6090 	5952
f 5983 	5987 	5990
f 5983 	5990 	5985
f 6090 	6088 	5952
f 5962 	5952 	6088
f 4429 	4568 	4566
f 2442 	2481 	2439
f 5991 	6406 	5992
f 6088 	6166 	5962
f 2445 	2483 	2442
f 6166 	6165 	5962
f 2449 	2453 	2463
f 2439 	2481 	2434
f 2466 	2463 	2453
f 4575 	4572 	4434
f 1184 	1502 	1177
f 2463 	2461 	2449
f 4434 	4527 	4575
f 6006 	6002 	6004
f 6006 	6004 	6007
f 6165 	6163 	5965
f 6104 	6101 	5975
f 5978 	5975 	6101
f 2449 	2461 	2445
f 2481 	2442 	2483
f 2483 	2445 	2460
f 2460 	2445 	2461
f 6009 	6006 	6007
f 6009 	6007 	6013
f 2561 	4990 	2572
f 6015 	6009 	6013
f 6015 	6013 	6016
f 6010 	5960 	6012
f 6018 	6015 	6016
f 6018 	6016 	6019
f 4450 	4594 	4451
f 4593 	4451 	4594
f 6021 	6018 	6019
f 6021 	6019 	6022
f 4149 	4148 	4254
f 4148 	4147 	4249
f 4146 	4249 	4147
f 4170 	4246 	4146
f 4149 	4254 	4155
f 6024 	6021 	6022
f 6024 	6022 	6025
f 2674 	2671 	2771
f 2772 	2771 	2671
f 6023 	6020 	6012
f 2771 	2675 	2674
f 4450 	4453 	4594
f 6027 	6023 	6012
f 6028 	6027 	6012
f 6030 	6028 	6012
f 4596 	4453 	4456
f 6032 	6030 	6012
f 4163 	4162 	4164
f 4165 	4164 	4162
f 4166 	4165 	4162
f 4238 	4235 	4161
f 4160 	4238 	4161
f 4159 	4241 	4160
f 4158 	4241 	4159
f 4157 	4241 	4158
f 4156 	4241 	4157
f 4603 	4600 	4467
f 6034 	6032 	6012
f 4468 	4605 	4467
f 2585 	4278 	4170
f 2577 	4271 	2585
f 2572 	4336 	2577
f 4629 	4609 	4607
f 4223 	4162 	4227
f 4230 	4227 	4162
f 4232 	4230 	4162
f 4235 	4232 	4162
f 4162 	4161 	4235
f 6035 	6034 	5856
f 6035 	5856 	6037
f 5856 	5857 	6037
f 4246 	4170 	4278
f 4249 	4146 	4246
f 4241 	4156 	4254
f 6041 	6012 	6042
f 4397 	4542 	4614
f 4258 	4162 	4261
f 4261 	4162 	4264
f 4166 	4162 	4258
f 4264 	4162 	4223
f 4254 	4148 	4249
f 4155 	4254 	4156
f 4238 	4160 	4241
f 4271 	2577 	4269
f 6047 	6012 	6049
f 6049 	6012 	6050
f 6020 	6050 	6012
f 4648 	4619 	4627
f 4272 	2585 	4271
f 4275 	2585 	4272
f 6012 	5856 	6034
f 4625 	4657 	4626
f 4657 	4625 	4658
f 4624 	4658 	4625
f 6058 	6054 	6056
f 6058 	6056 	6059
f 4278 	2585 	4275
f 4658 	4624 	4623
f 6061 	6058 	6059
f 6061 	6059 	6063
f 6065 	6061 	6063
f 6065 	6063 	6066
f 4622 	4660 	4623
f 6069 	6065 	6066
f 6069 	6066 	6070
f 6060 	6057 	6012
f 6057 	6055 	6012
f 6073 	6069 	6070
f 6073 	6070 	6074
f 6068 	6064 	6012
f 6064 	6060 	6012
f 4290 	2572 	4288
f 6076 	6073 	6074
f 6076 	6074 	6077
f 6075 	6072 	6012
f 6072 	6068 	6012
f 1502 	1184 	1505
f 6080 	6076 	6077
f 6080 	6077 	6081
f 4300 	2572 	4290
f 4452 	4593 	4592
f 6083 	6080 	6081
f 6083 	6081 	6084
f 1505 	1186 	1188
f 4305 	2572 	4300
f 6047 	6046 	6012
f 6046 	6044 	6012
f 6044 	6042 	6012
f 6012 	6041 	6078
f 6078 	6075 	6012
f 6086 	6083 	6084
f 6086 	6084 	6087
f 6087 	6004 	6086
f 6002 	6086 	6004
f 4600 	4596 	4456
f 5969 	5966 	6111
f 4456 	4467 	4600
f 6120 	6111 	5966
f 6121 	6120 	5966
f 1090 	1316 	1083
f 1282 	1083 	1316
f 4603 	4467 	4605
f 5966 	5965 	6121
f 6163 	6121 	5965
f 4312 	2572 	4305
f 1323 	1316 	1090
f 4468 	4607 	4605
f 4336 	2572 	4328
f 4319 	2572 	4316
f 1326 	1323 	1096
f 4324 	2572 	4322
f 1096 	1100 	1326
f 1333 	1326 	1100
f 72 	70 	5995
f 4612 	4609 	4629
f 4612 	4629 	4631
f 6327 	6103 	6107
f 5996 	5995 	70
f 4347 	2577 	4345
f 4631 	4614 	4612
f 275 	270 	5995
f 6609 	72 	5995
f 4269 	2577 	4347
f 3576 	4288 	3921
f 4345 	2577 	4336
f 1335 	1333 	1100
f 1335 	1100 	1103
f 7232 	3932 	2572
f 6118 	4418 	6116
f 285 	277 	5995
f 277 	275 	5995
f 6189 	4350 	4355
f 6192 	6184 	6191
f 2336 	4355 	4350
f 1338 	1335 	1103
f 6123 	4418 	6118
f 1343 	1338 	1108
f 2453 	5601 	2466
f 5854 	5850 	5819
f 5599 	2468 	5601
f 1348 	1343 	1108
f 1355 	1348 	1115
f 5850 	6126 	5819
f 5822 	5819 	6126
f 6126 	6124 	5822
f 5863 	6219 	5599
f 5819 	5814 	5854
f 5863 	5854 	5814
f 5814 	6219 	5863
f 6219 	2468 	5599
f 6134 	4472 	4471
f 4671 	4452 	4638
f 4592 	4638 	4452
f 4672 	4671 	4636
f 4638 	4636 	4671
f 5936 	5939 	6617
f 6618 	6617 	5939
f 4636 	4635 	4672
f 1405 	1400 	1141
f 4476 	6132 	4478
f 6118 	6116 	5879
f 5879 	5872 	6118
f 6123 	6118 	5872
f 6124 	6123 	5872
f 5872 	5822 	6124
f 5954 	5879 	6116
f 6116 	6113 	5954
f 6113 	5993 	5954
f 5956 	5954 	5993
f 5993 	5986 	5956
f 5963 	5956 	5986
f 5986 	6131 	5963
f 6131 	6132 	5963
f 6133 	6134 	6142
f 5967 	5963 	6132
f 1141 	1143 	1405
f 6131 	5986 	4478
f 4632 	4669 	4633
f 6135 	6141 	6134
f 6141 	6142 	6134
f 6140 	6141 	6143
f 6135 	6143 	6141
f 4619 	4648 	4632
f 4669 	4632 	4648
f 4647 	4683 	4912
f 4647 	4646 	4684
f 4647 	4684 	4683
f 1441 	1147 	1148
f 4646 	4645 	4685
f 4646 	4685 	4684
f 6143 	6145 	6140
f 6142 	5967 	6133
f 6132 	6133 	5967
f 6139 	6140 	6145
f 6145 	6148 	6139
f 6148 	6149 	6139
f 6647 	5953 	5955
f 4645 	4644 	4686
f 4645 	4686 	4685
f 4641 	4815 	4680
f 1454 	1151 	1461
f 4644 	4641 	4680
f 4644 	4680 	4686
f 1153 	1467 	1461
f 6155 	6156 	6154
f 6156 	6158 	6154
f 6153 	6154 	6158
f 6152 	6153 	6158
f 6158 	6159 	6152
f 6151 	6152 	6159
f 6150 	6151 	6159
f 6159 	6138 	6150
f 6149 	6150 	6138
f 6138 	6139 	6149
f 5995 	5978 	285
f 6101 	285 	5978
f 6654 	5968 	5974
f 1479 	1473 	1161
f 2772 	2671 	2670
f 6106 	6104 	5975
f 5975 	5969 	6106
f 1483 	1479 	1161
f 6108 	6106 	5969
f 6111 	6108 	5969
f 1166 	1083 	1483
f 2675 	2769 	2676
f 6617 	6657 	5936
f 2676 	2769 	2678
f 2768 	2678 	2769
f 1393 	1131 	1396
f 2679 	2678 	2767
f 2768 	2767 	2678
f 6056 	6054 	6099
f 2680 	2679 	2766
f 2767 	2766 	2679
f 2766 	2681 	2680
f 6661 	5997 	6000
f 6168 	6266 	6278
f 6266 	6264 	6278
f 6264 	6263 	6278
f 6169 	6168 	6279
f 6278 	6279 	6168
f 6003 	6663 	6000
f 6162 	6181 	6194
f 6327 	6107 	6110
f 6280 	6281 	6173
f 6173 	6172 	6280
f 6172 	6171 	6280
f 6279 	6280 	6171
f 6171 	6170 	6279
f 6170 	6169 	6279
f 6281 	6282 	6180
f 6193 	6194 	6181
f 6182 	6193 	6181
f 6186 	6191 	6184
f 5748 	6286 	6183
f 6114 	6117 	6334
f 6117 	6136 	6334
f 6336 	6334 	6136
f 6191 	6186 	6189
f 1400 	1396 	1136
f 6193 	6182 	6192
f 6347 	6137 	6144
f 6146 	6353 	6144
f 6347 	6144 	6353
f 6214 	6215 	6199
f 6218 	6160 	6195
f 6187 	6189 	6186
f 6160 	6162 	6195
f 4350 	6189 	6187
f 6675 	6011 	6014
f 6146 	6147 	6353
f 6356 	6353 	6147
f 6720 	6723 	6201
f 6017 	6677 	6014
f 6719 	6720 	6201
f 6201 	6202 	6719
f 6370 	6157 	6161
f 6202 	6203 	6719
f 6639 	6977 	5943
f 6159 	4507 	4504
f 6718 	6719 	6203
f 6199 	6200 	6214
f 1448 	1441 	1148
f 6164 	6374 	6161
f 6203 	6204 	6718
f 5994 	6639 	5943
f 6156 	4512 	4507
f 6717 	6718 	6204
f 1148 	1151 	1448
f 6204 	6205 	6717
f 6205 	6206 	6717
f 6716 	6717 	6206
f 6207 	6716 	6206
f 6293 	6289 	6096
f 6099 	6294 	6096
f 1473 	1467 	1158
f 5955 	5961 	6647
f 6152 	4524 	6153
f 1158 	1161 	1473
f 6213 	6214 	6200
f 5964 	6651 	5961
f 6301 	5951 	6103
f 4524 	6152 	4526
f 6216 	6217 	6197
f 6198 	6199 	6215
f 5974 	5980 	6654
f 1177 	1497 	1170
f 1492 	1170 	1497
f 6197 	6198 	6216
f 6333 	6110 	6114
f 4763 	4739 	4764
f 1502 	1497 	1177
f 6217 	6218 	6196
f 5982 	6656 	5980
f 4765 	4764 	4737
f 1186 	1505 	1184
f 6333 	6114 	6334
f 6657 	5982 	5984
f 1512 	1505 	1188
f 6195 	6196 	6218
f 6194 	6195 	6162
f 6184 	6192 	6182
f 1516 	1512 	1188
f 5984 	5936 	6657
f 2466 	5601 	2468
f 1205 	1522 	1207
f 1521 	1207 	1522
f 6253 	6254 	6222
f 6223 	6252 	6222
f 6224 	6245 	6223
f 1207 	1521 	1577
f 6226 	6221 	6225
f 1205 	1529 	1522
f 4470 	5967 	4482
f 4728 	4771 	4770
f 6227 	6220 	6226
f 6228 	6220 	6227
f 1542 	1541 	1219
f 6665 	6663 	6005
f 6229 	6220 	6228
f 1544 	1542 	1219
f 1544 	1219 	1222
f 6230 	6220 	6229
f 6008 	6667 	6005
f 1222 	1546 	1544
f 6231 	6238 	6230
f 6370 	6161 	6374
f 6668 	6667 	6011
f 6138 	4491 	4489
f 1170 	1492 	1546
f 6232 	6238 	6231
f 6092 	6374 	6164
f 6675 	6668 	6011
f 6233 	6234 	6238
f 6237 	6238 	6234
f 6235 	6237 	6234
f 4724 	4682 	4775
f 6675 	6014 	6677
f 6236 	5241 	6237
f 6221 	6226 	6220
f 1565 	1247 	1641
f 4707 	4681 	4708
f 1248 	1247 	1563
f 1565 	1563 	1247
f 4499 	6145 	6143
f 4681 	4679 	4709
f 4681 	4709 	4708
f 6642 	6677 	5949
f 6092 	6096 	6289
f 1563 	1273 	1248
f 4710 	4709 	4677
f 4679 	4677 	4709
f 6220 	6230 	6238
f 6232 	6233 	6238
f 6235 	6236 	6237
f 4677 	4712 	4710
f 4714 	4712 	4675
f 5569 	6103 	5951
f 6245 	6224 	6244
f 4507 	6158 	6156
f 6301 	6103 	6327
f 6248 	6223 	6245
f 4514 	6156 	6155
f 6190 	6288 	6246
f 6188 	6288 	6190
f 6246 	6290 	6247
f 6155 	6154 	4514
f 6250 	6223 	6248
f 4518 	6154 	6153
f 6251 	6223 	6250
f 6291 	6249 	6247
f 6253 	6222 	6252
f 6254 	6256 	6222
f 6252 	6223 	6251
f 6221 	6222 	6256
f 6258 	6221 	6256
f 6336 	6136 	6137
f 1591 	1287 	1286
f 6225 	6221 	6258
f 6371 	6262 	6239
f 6363 	6365 	6240
f 6257 	6255 	6276
f 6255 	6274 	6276
f 4528 	6150 	6149
f 6276 	6277 	6259
f 6265 	6311 	6239
f 4694 	4650 	4693
f 4661 	4694 	4695
f 6261 	6260 	6277
f 1288 	1287 	1587
f 4695 	4696 	4661
f 2689 	2798 	2690
f 6277 	6278 	6263
f 6263 	6261 	6277
f 1290 	1586 	1317
f 4675 	4702 	4714
f 4534 	6148 	6145
f 4471 	6143 	6135
f 6268 	6267 	6291
f 6249 	6291 	6267
f 1632 	1319 	1317
f 6135 	6134 	4471
f 6291 	6292 	6268
f 6270 	6269 	6292
f 6269 	6268 	6292
f 6271 	6270 	6292
f 4476 	6133 	6132
f 6272 	6271 	6292
f 6131 	4478 	6132
f 1303 	1302 	1626
f 6260 	6259 	6277
f 6259 	6257 	6276
f 6274 	6273 	6276
f 6292 	6276 	6273
f 6273 	6272 	6292
f 6026 	6758 	6029
f 6142 	4482 	5967
f 1624 	1304 	1626
f 6356 	6147 	6157
f 4482 	6142 	6141
f 1616 	1308 	1619
f 6180 	6174 	6281
f 6174 	6173 	6281
f 6179 	6180 	6282
f 6178 	6179 	6282
f 6177 	6178 	6282
f 6282 	6283 	6177
f 6176 	6177 	6283
f 6175 	6176 	6283
f 6283 	6284 	6175
f 6275 	6175 	6284
f 5548 	6275 	6284
f 5548 	6284 	6285
f 5551 	5546 	6285
f 1308 	1616 	1309
f 6139 	6138 	4489
f 6092 	6289 	6374
f 1614 	1612 	1309
f 1311 	1310 	1610
f 6290 	6246 	6288
f 6291 	6247 	6290
f 6288 	6188 	6287
f 6185 	6183 	6287
f 6185 	6287 	6188
f 6287 	6183 	6286
f 6783 	6040 	6039
f 6293 	6096 	6294
f 1608 	1312 	1610
f 6099 	6054 	6294
f 6299 	5748 	6298
f 6286 	5748 	6299
f 5748 	6304 	6298
f 2804 	2684 	2707
f 6300 	6295 	6302
f 1277 	1276 	1596
f 6297 	6304 	6296
f 6302 	6296 	6303
f 1277 	1596 	1279
f 1595 	1279 	1596
f 2804 	2685 	2684
f 1279 	1595 	1594
f 4499 	6143 	4471
f 6303 	6296 	6304
f 6298 	6304 	6297
f 6305 	6304 	5748
f 5748 	5745 	6305
f 1592 	1591 	1284
f 2686 	2802 	2687
f 6158 	4507 	6159
f 2801 	2688 	2687
f 6306 	6341 	6307
f 6307 	6343 	6308
f 2798 	2689 	2688
f 6311 	6313 	6239
f 6313 	6329 	6239
f 4518 	4514 	6154
f 6826 	6067 	6071
f 2690 	2796 	2691
f 6071 	6082 	6826
f 2795 	2692 	2796
f 1587 	1586 	1290
f 6314 	6344 	6315
f 2692 	2795 	2693
f 4706 	4705 	4730
f 6151 	4526 	6152
f 6315 	6344 	6316
f 6316 	6344 	6317
f 6345 	6318 	6344
f 4528 	4526 	6150
f 6150 	4526 	6151
f 6852 	6085 	6089
f 6318 	6345 	6319
f 6089 	6079 	6852
f 2694 	2793 	2695
f 6319 	6345 	6320
f 6320 	6295 	6300
f 2696 	2695 	2791
f 2792 	2791 	2695
f 2791 	2697 	2696
f 6321 	6339 	6322
f 6323 	6340 	6324
f 6322 	6339 	6323
f 6324 	6340 	6325
f 1306 	1304 	1619
f 6224 	6239 	6329
f 6326 	6341 	6328
f 6325 	6340 	6326
f 6332 	6224 	6329
f 6330 	6327 	6110
f 2703 	2818 	2705
f 1306 	1619 	1308
f 6139 	4489 	6140
f 6333 	6330 	6110
f 6262 	6265 	6239
f 6244 	6224 	6332
f 6241 	6348 	6240
f 1614 	1309 	1616
f 6312 	6344 	6314
f 6310 	6343 	6312
f 6309 	6343 	6310
f 6308 	6343 	6309
f 6331 	6341 	6306
f 6328 	6341 	6331
f 4699 	4753 	4752
f 6338 	6241 	6337
f 6342 	6336 	6137
f 6341 	6326 	6340
f 6343 	6307 	6341
f 6344 	6312 	6343
f 6345 	6295 	6320
f 6296 	6302 	6295
f 6317 	6344 	6318
f 6347 	6342 	6137
f 6348 	6241 	6346
f 6351 	6471 	6350
f 6352 	6471 	6351
f 6354 	6240 	6348
f 6355 	6240 	6354
f 6346 	6241 	6338
f 1645 	1327 	1608
f 6363 	6240 	6355
f 6357 	6471 	6352
f 6358 	6471 	6357
f 6359 	6471 	6358
f 6360 	6471 	6359
f 6361 	6471 	6360
f 6362 	6471 	6361
f 6349 	6350 	6472
f 1329 	1327 	1644
f 4713 	4760 	4758
f 6364 	6356 	6157
f 6365 	6371 	6240
f 1643 	1330 	1329
f 1643 	1329 	1644
f 6378 	6401 	6376
f 6376 	6401 	6373
f 4713 	4761 	4760
f 6370 	6364 	6157
f 6380 	6400 	6378
f 6383 	6400 	6380
f 1332 	1642 	1641
f 6239 	6240 	6371
f 6537 	6538 	6242
f 6388 	6398 	6383
f 6373 	6402 	6369
f 6369 	6402 	6368
f 6367 	6368 	6403
f 1641 	1247 	1332
f 6367 	6403 	6366
f 6366 	6404 	6372
f 4692 	4691 	4718
f 1577 	1576 	1257
f 1577 	1257 	1256
f 6372 	6404 	6375
f 6375 	6404 	6381
f 6381 	6339 	6321
f 6632 	6633 	6387
f 6631 	6632 	6377
f 6379 	6630 	6377
f 6386 	6520 	6385
f 213 	161 	6397
f 6385 	6520 	6384
f 6425 	6426 	6410
f 6426 	6428 	6410
f 6428 	6429 	6410
f 6423 	6425 	6410
f 6148 	4534 	6149
f 1597 	1276 	1576
f 258 	245 	6399
f 6105 	6865 	6109
f 7081 	258 	6399
f 6160 	6218 	5684
f 6399 	6405 	7081
f 4687 	4769 	4723
f 6429 	6430 	6409
f 6400 	6383 	6398
f 6401 	6378 	6400
f 6402 	6373 	6401
f 6403 	6368 	6402
f 6404 	6366 	6403
f 6339 	6381 	6404
f 6340 	6323 	6339
f 6162 	6160 	5684
f 6162 	5684 	5687
f 7080 	7081 	6405
f 6181 	6162 	5687
f 6181 	5687 	5689
f 6182 	6181 	5689
f 6182 	5689 	5691
f 6406 	6407 	5992
f 6184 	6182 	5691
f 6184 	5691 	5694
f 1284 	1594 	1592
f 6186 	6184 	5694
f 6186 	5694 	5697
f 6915 	6122 	6119
f 6413 	6415 	6417
f 6413 	6417 	6419
f 6414 	6416 	6412
f 6416 	6418 	6412
f 6418 	6420 	6412
f 6411 	6412 	6420
f 6410 	6411 	6420
f 6420 	6421 	6410
f 6421 	6422 	6410
f 6422 	6423 	6410
f 6409 	6410 	6429
f 6187 	6186 	5697
f 6187 	5697 	5699
f 6415 	6443 	6417
f 1286 	1284 	1591
f 5699 	4352 	6187
f 4350 	6187 	4352
f 6406 	6413 	6419
f 6406 	6419 	6407
f 4736 	4704 	4738
f 4354 	5701 	6189
f 4354 	6189 	4355
f 6189 	5701 	5704
f 6189 	5704 	6191
f 4703 	4740 	4738
f 6427 	6382 	6424
f 6167 	6424 	6382
f 6191 	5704 	5707
f 6191 	5707 	6192
f 1287 	1589 	1587
f 6394 	6408 	6430
f 6408 	6409 	6430
f 6430 	6431 	6393
f 6393 	6394 	6430
f 6392 	6393 	6431
f 6391 	6392 	6431
f 6431 	6398 	6391
f 6390 	6391 	6398
f 6192 	5707 	5710
f 6192 	5710 	6193
f 6388 	6390 	6398
f 6433 	73 	6405
f 6397 	6399 	245
f 6193 	5710 	5713
f 6193 	5713 	6194
f 6435 	6432 	6434
f 6435 	6434 	6436
f 6437 	49 	6433
f 245 	213 	6397
f 6194 	5713 	5714
f 6194 	5714 	6195
f 6438 	6435 	6436
f 6438 	6436 	6439
f 6440 	82 	6437
f 6195 	5714 	6196
f 6438 	6439 	6455
f 6033 	6031 	6773
f 6441 	86 	6440
f 6415 	6442 	6443
f 5714 	5721 	6196
f 1632 	1317 	1586
f 6450 	6438 	6455
f 6452 	6467 	6451
f 6451 	6488 	6449
f 6449 	6488 	6447
f 6446 	6447 	6489
f 6489 	6471 	6446
f 6445 	6446 	6471
f 6453 	6467 	6452
f 6454 	6465 	6453
f 6456 	6465 	6454
f 6459 	6465 	6456
f 6196 	5721 	5723
f 6196 	5723 	6197
f 6773 	6036 	6033
f 6442 	6450 	6455
f 6442 	6455 	6443
f 4752 	4750 	4699
f 6197 	5723 	5726
f 6197 	5726 	6198
f 6198 	5726 	5728
f 6198 	5728 	6199
f 6463 	6464 	6462
f 6461 	6462 	6464
f 6460 	6461 	6464
f 6459 	6460 	6464
f 6459 	6464 	6465
f 6467 	6453 	6465
f 6466 	6457 	6458
f 6466 	6458 	6468
f 6039 	6038 	6783
f 6199 	5728 	5731
f 6199 	5731 	6200
f 1628 	1302 	1630
f 6469 	6466 	6468
f 6469 	6468 	6470
f 6200 	5731 	5734
f 6200 	5734 	6201
f 6473 	6469 	6470
f 6473 	6470 	6474
f 1302 	1628 	1626
f 6201 	5734 	5735
f 6201 	5735 	6202
f 6475 	6476 	1881
f 6477 	6473 	6474
f 6477 	6474 	6478
f 6043 	6040 	6789
f 6479 	6477 	6478
f 6479 	6478 	6480
f 6202 	5735 	5738
f 6202 	5738 	6203
f 6362 	6444 	6471
f 6472 	6350 	6471
f 6489 	6491 	6471
f 6471 	6495 	6475
f 6481 	6479 	6480
f 6481 	6480 	6482
f 6203 	5738 	5741
f 6203 	5741 	6204
f 6789 	6045 	6043
f 6483 	6481 	6482
f 6483 	6482 	6484
f 6204 	5741 	5742
f 6204 	5742 	6205
f 6485 	6483 	6484
f 6485 	6484 	6486
f 6205 	5742 	5745
f 6205 	5745 	6206
f 6487 	6485 	6486
f 6487 	6486 	6490
f 6206 	5745 	5748
f 6206 	5748 	6207
f 6444 	6445 	6471
f 6488 	6451 	6467
f 6489 	6447 	6488
f 6492 	6471 	6491
f 6493 	6471 	6492
f 6494 	6471 	6493
f 6495 	6471 	6494
f 6496 	6475 	6495
f 6497 	6475 	6496
f 6498 	6475 	6497
f 6499 	6475 	6498
f 6500 	6476 	6499
f 6501 	6476 	6500
f 2959 	6476 	6501
f 6490 	6434 	6487
f 6432 	6487 	6434
f 6051 	6048 	6799
f 5748 	6183 	6207
f 4723 	4722 	4687
f 6542 	6543 	6581
f 6799 	6800 	6051
f 6505 	6506 	4318
f 6208 	6305 	5754
f 6506 	6505 	6508
f 6506 	6508 	6509
f 6209 	6208 	5754
f 6209 	5754 	5758
f 6509 	6508 	6510
f 6509 	6510 	6511
f 6210 	6209 	5758
f 6210 	5758 	5761
f 6511 	6510 	6513
f 6511 	6513 	6514
f 6211 	6210 	5761
f 6211 	5761 	5764
f 6514 	6513 	6515
f 6514 	6515 	6516
f 6212 	6211 	5764
f 6212 	5764 	5767
f 7068 	7070 	7037
f 6213 	6212 	5767
f 6213 	5767 	5770
f 6605 	6576 	6512
f 4731 	4705 	4736
f 6214 	6213 	5770
f 6214 	5770 	5771
f 6605 	6512 	6507
f 6215 	6214 	5771
f 6215 	5771 	5772
f 4703 	4738 	4704
f 7037 	7041 	7068
f 6448 	86 	6441
f 86 	82 	6440
f 6216 	6215 	5772
f 6216 	5772 	5774
f 6217 	6216 	5774
f 6217 	5774 	5778
f 2713 	2734 	2822
f 6521 	6384 	6520
f 6031 	6770 	6773
f 6218 	6217 	5778
f 6218 	5778 	5780
f 6516 	6515 	6522
f 6516 	6522 	6523
f 2713 	2822 	2714
f 6243 	6521 	6242
f 6243 	6384 	6521
f 6218 	5780 	5684
f 6523 	6522 	6524
f 6523 	6524 	6525
f 5788 	2469 	6219
f 2468 	6219 	2469
f 2820 	2715 	2714
f 6525 	6524 	6527
f 6525 	6527 	6528
f 6529 	6521 	6526
f 2703 	2715 	2820
f 6528 	6527 	6530
f 6528 	6530 	6532
f 6531 	6521 	6529
f 6219 	5814 	4365
f 6219 	4365 	5788
f 6533 	6521 	6531
f 6781 	6783 	6038
f 2669 	2789 	2774
f 6534 	6521 	6533
f 6224 	5794 	6239
f 6223 	5795 	5794
f 6223 	5794 	6224
f 6535 	6521 	6534
f 4754 	4697 	4692
f 4692 	4718 	4754
f 2670 	2669 	2773
f 2774 	2773 	2669
f 6222 	5796 	5795
f 6222 	5795 	6223
f 6221 	5797 	5796
f 6221 	5796 	6222
f 6517 	6512 	6576
f 4768 	4717 	4756
f 1287 	1591 	1589
f 6220 	5798 	5797
f 6220 	5797 	6221
f 6241 	6242 	6538
f 4757 	4756 	4717
f 5798 	6220 	5844
f 6238 	5844 	6220
f 6237 	5845 	5844
f 6237 	5844 	6238
f 6237 	2551 	5845
f 2552 	5845 	2551
f 6537 	6242 	6536
f 6335 	6241 	6538
f 6337 	6241 	6335
f 6544 	6545 	6580
f 6545 	6546 	6580
f 6579 	6580 	6546
f 6546 	6547 	6579
f 6547 	6519 	6579
f 6578 	6579 	6519
f 6519 	6518 	6578
f 6577 	6578 	6518
f 6518 	6517 	6577
f 6576 	6577 	6517
f 6543 	6544 	6580
f 6225 	6258 	5895
f 6225 	5895 	5801
f 6226 	6225 	5801
f 6226 	5801 	5807
f 4706 	4730 	4761
f 6228 	6227 	5811
f 6228 	5811 	5810
f 1319 	1632 	1631
f 6550 	6521 	6549
f 6052 	6051 	6800
f 6551 	6521 	6550
f 1631 	1630 	1319
f 6227 	6226 	5807
f 6227 	5807 	5811
f 6800 	6053 	6052
f 4737 	4764 	4739
f 6560 	6521 	6551
f 6548 	6549 	6521
f 6229 	6228 	5810
f 6229 	5810 	5813
f 6563 	6502 	6584
f 6562 	6563 	6584
f 6584 	6565 	6562
f 6502 	6503 	6584
f 6583 	6584 	6503
f 6503 	6504 	6583
f 6504 	6539 	6583
f 6539 	6540 	6583
f 6581 	6583 	6540
f 6540 	6541 	6581
f 6541 	6542 	6581
f 2773 	2772 	2670
f 6067 	6618 	5939
f 4765 	4735 	4766
f 4733 	4767 	4766
f 4733 	4766 	4734
f 2771 	2770 	2675
f 6570 	6571 	6569
f 6568 	6569 	6571
f 6571 	6572 	6568
f 6567 	6568 	6572
f 6572 	6552 	6567
f 6552 	6553 	6567
f 6566 	6567 	6553
f 6230 	6229 	5813
f 6230 	5813 	5815
f 4733 	4732 	4767
f 4768 	4767 	4732
f 6553 	6554 	6566
f 6231 	6230 	5815
f 6231 	5815 	5818
f 2770 	2769 	2675
f 6062 	6835 	6079
f 6556 	6557 	6566
f 6557 	6558 	6566
f 6565 	6566 	6558
f 6558 	6559 	6565
f 6555 	6556 	6566
f 6554 	6555 	6566
f 6559 	6561 	6565
f 6580 	6581 	6543
f 6561 	6562 	6565
f 88 	6599 	6001
f 4728 	4770 	4769
f 2766 	2765 	2681
f 6079 	6835 	6852
f 6599 	6600 	6586
f 6586 	6001 	6599
f 4771 	4726 	4773
f 2802 	2686 	2685
f 4774 	4773 	4725
f 4726 	4725 	4773
f 6600 	6601 	6588
f 6588 	6586 	6600
f 2801 	2687 	2802
f 6589 	6588 	6601
f 6860 	6098 	6094
f 4775 	4774 	4724
f 4725 	4724 	4774
f 6100 	6098 	6860
f 4707 	4775 	4682
f 4682 	4681 	4707
f 6865 	6105 	6102
f 6602 	6603 	6593
f 6595 	6593 	6603
f 6603 	6604 	6595
f 6596 	6595 	6604
f 6604 	6605 	6596
f 6507 	6596 	6605
f 6591 	6589 	6602
f 6593 	6591 	6602
f 6601 	6602 	6589
f 2690 	2797 	2796
f 6867 	6109 	6865
f 2691 	2796 	2692
f 4712 	4677 	4676
f 70 	79 	5996
f 79 	83 	5996
f 5998 	5996 	83
f 83 	88 	5998
f 5999 	5998 	88
f 6001 	5999 	88
f 6112 	6109 	6867
f 4676 	4675 	4712
f 1684 	1683 	1350
f 1684 	1350 	1349
f 1683 	1681 	1351
f 1683 	1351 	1350
f 6234 	6233 	5831
f 6234 	5831 	5829
f 6915 	6119 	6115
f 1681 	1678 	1352
f 1681 	1352 	1351
f 5818 	5825 	6231
f 6232 	6231 	5825
f 4653 	4650 	4694
f 243 	5995 	270
f 259 	6608 	5995
f 6608 	6609 	5995
f 1678 	1676 	1353
f 1678 	1353 	1352
f 6233 	6232 	5825
f 6233 	5825 	5831
f 6235 	6234 	5829
f 6235 	5829 	5834
f 4694 	4661 	4653
f 1676 	1674 	1339
f 1676 	1339 	1353
f 6236 	6235 	5834
f 6236 	5834 	5840
f 1674 	1672 	1340
f 1674 	1340 	1339
f 149 	348 	140
f 4665 	4661 	4696
f 1672 	1670 	1341
f 1672 	1341 	1340
f 5241 	6236 	5840
f 1670 	1668 	1342
f 1670 	1342 	1341
f 6125 	6925 	6127
f 6930 	6127 	6925
f 155 	162 	266
f 270 	266 	162
f 162 	243 	270
f 4696 	4702 	4665
f 4670 	4665 	4702
f 6242 	5856 	5855
f 6242 	5855 	6243
f 246 	5995 	243
f 1668 	1667 	1344
f 1668 	1344 	1342
f 6930 	6931 	6127
f 6128 	6127 	6931
f 4675 	4670 	4702
f 6241 	5857 	5856
f 6241 	5856 	6242
f 1667 	1666 	1346
f 1667 	1346 	1344
f 6934 	6129 	6128
f 6934 	6128 	6931
f 6240 	5859 	5857
f 6240 	5857 	6241
f 246 	259 	5995
f 1666 	1822 	1346
f 6239 	5861 	5859
f 6239 	5859 	6240
f 6934 	6130 	6129
f 5794 	5861 	6239
f 6130 	6935 	6094
f 6245 	6244 	5865
f 6245 	5865 	5867
f 4719 	4691 	4720
f 6254 	6253 	5890
f 6254 	5890 	5889
f 290 	470 	292
f 294 	476 	299
f 292 	476 	294
f 6619 	6521 	6564
f 6248 	6245 	5867
f 6253 	6252 	5891
f 6253 	5891 	5890
f 6526 	6521 	6619
f 6560 	6564 	6521
f 5867 	5876 	6248
f 6250 	6248 	5876
f 6250 	5876 	5880
f 6536 	6242 	6521
f 6535 	6536 	6521
f 311 	306 	123
f 306 	299 	123
f 6251 	6250 	5880
f 6251 	5880 	5887
f 123 	136 	317
f 317 	311 	123
f 6252 	6251 	5887
f 6252 	5887 	5891
f 4731 	4730 	4705
f 5949 	5953 	6642
f 6256 	6254 	5889
f 6256 	5889 	5892
f 6622 	6521 	6621
f 4704 	4736 	4705
f 6258 	6256 	5892
f 6258 	5892 	5895
f 327 	324 	136
f 324 	317 	136
f 6624 	6521 	6623
f 136 	140 	330
f 330 	327 	136
f 348 	149 	353
f 266 	353 	155
f 339 	140 	348
f 155 	353 	149
f 339 	330 	140
f 2794 	2693 	2795
f 6265 	5903 	5905
f 6625 	6521 	6624
f 5964 	5968 	6651
f 6653 	6651 	5968
f 2685 	2804 	2803
f 6626 	6521 	6625
f 5968 	6654 	6653
f 6382 	6018 	6521
f 2802 	2685 	2803
f 6627 	6521 	6626
f 6623 	6521 	6622
f 375 	467 	381
f 372 	467 	375
f 6548 	6521 	6627
f 2794 	2793 	2693
f 381 	468 	390
f 5982 	6657 	6656
f 2792 	2695 	2793
f 6629 	6379 	6628
f 4719 	4718 	4691
f 6630 	6379 	6629
f 6631 	6377 	6630
f 6864 	6920 	6606
f 394 	470 	399
f 399 	470 	290
f 390 	468 	394
f 2697 	2791 	2789
f 6606 	6607 	6864
f 2789 	2669 	2697
f 6659 	6658 	5994
f 6659 	5994 	5997
f 4722 	4688 	4687
f 2705 	2818 	2817
f 5997 	6661 	6659
f 2817 	2816 	2705
f 6611 	6882 	6610
f 6661 	6000 	6663
f 6882 	6611 	6612
f 6882 	6612 	6885
f 6003 	6005 	6663
f 6387 	6377 	6632
f 6665 	6005 	6667
f 6386 	6387 	6633
f 370 	467 	372
f 369 	460 	370
f 369 	361 	457
f 440 	457 	361
f 457 	460 	369
f 437 	455 	440
f 437 	434 	455
f 457 	440 	455
f 467 	370 	460
f 468 	381 	467
f 470 	394 	468
f 476 	292 	470
f 123 	299 	476
f 6520 	6386 	6633
f 6008 	6011 	6667
f 524 	756 	507
f 504 	507 	756
f 1215 	1216 	1411
f 6396 	6397 	6638
f 1813 	1404 	1411
f 6640 	6641 	6396
f 6017 	5949 	6677
f 5905 	5908 	6265
f 2801 	2799 	2688
f 6641 	6643 	6395
f 6395 	6396 	6641
f 6639 	5994 	6658
f 2799 	2798 	2688
f 6643 	6644 	6395
f 6389 	6395 	6644
f 2690 	2798 	2797
f 4753 	4698 	4754
f 4697 	4754 	4698
f 6332 	5914 	5917
f 6644 	6646 	6389
f 6645 	6642 	5953
f 5865 	6244 	5917
f 6379 	6389 	6628
f 6646 	6628 	6389
f 6647 	6645 	5953
f 4768 	4732 	4717
f 6649 	6647 	5961
f 6651 	6649 	5961
f 6885 	6612 	6613
f 6337 	5926 	5930
f 4758 	4715 	4713
f 2694 	2693 	2793
f 1700 	1370 	1368
f 5932 	6338 	5930
f 6893 	6614 	6615
f 6655 	6654 	5980
f 6893 	6615 	6616
f 6893 	6616 	6894
f 6656 	6655 	5980
f 6354 	6348 	5938
f 5941 	6355 	5938
f 4691 	4690 	4720
f 6652 	6660 	6706
f 4689 	4721 	4690
f 6650 	6652 	6706
f 2707 	2705 	2816
f 756 	870 	504
f 521 	524 	511
f 507 	511 	524
f 495 	504 	870
f 513 	521 	511
f 526 	705 	513
f 870 	875 	495
f 875 	880 	492
f 488 	492 	880
f 880 	1003 	488
f 489 	488 	1003
f 6812 	6574 	6575
f 6662 	6705 	6660
f 6705 	6706 	6660
f 2804 	2707 	2816
f 6664 	6705 	6662
f 6585 	6827 	6582
f 6666 	6704 	6664
f 4689 	4688 	4721
f 2821 	2714 	2822
f 2714 	2821 	2820
f 6828 	6827 	6587
f 5908 	6311 	6265
f 2703 	2820 	2818
f 6671 	6703 	6670
f 6670 	6703 	6669
f 6673 	6674 	6702
f 6701 	6702 	6674
f 6674 	6710 	6701
f 6590 	6828 	6587
f 6313 	5908 	5911
f 6849 	6841 	6592
f 2844 	2728 	2727
f 2844 	2727 	2845
f 5911 	5914 	6313
f 6207 	6676 	6716
f 2843 	2729 	2728
f 2843 	2728 	2844
f 6594 	6855 	6592
f 2842 	2731 	2729
f 2842 	2729 	2843
f 6332 	5917 	6244
f 6680 	6714 	6679
f 2841 	2732 	2731
f 2841 	2731 	2842
f 6858 	6855 	6597
f 6026 	5928 	6758
f 2840 	2733 	2732
f 2840 	2732 	2841
f 6598 	6858 	6597
f 2839 	2734 	2733
f 2839 	2733 	2840
f 6758 	6765 	6029
f 6692 	6693 	6712
f 2839 	2822 	2734
f 6765 	6770 	6029
f 2716 	2831 	2044
f 4700 	4750 	4740
f 6681 	6714 	6680
f 2716 	2681 	2831
f 2765 	2831 	2681
f 6337 	5930 	6338
f 6687 	6688 	6708
f 2846 	2756 	2736
f 5932 	5933 	6338
f 6346 	6338 	5933
f 676 	685 	533
f 531 	533 	685
f 685 	690 	531
f 530 	531 	690
f 690 	694 	530
f 527 	530 	694
f 527 	694 	699
f 705 	526 	699
f 521 	513 	705
f 527 	699 	526
f 6781 	6038 	6036
f 6707 	6708 	6689
f 6688 	6689 	6708
f 6348 	6346 	5933
f 6348 	5933 	5935
f 2748 	2737 	2849
f 6689 	6690 	6707
f 492 	495 	875
f 1003 	1008 	489
f 434 	489 	1008
f 1008 	451 	434
f 451 	455 	434
f 2846 	2736 	1585
f 6690 	6691 	6707
f 6691 	6648 	6707
f 2930 	2925 	2927
f 2864 	2748 	2849
f 2863 	2749 	2748
f 2863 	2748 	2864
f 6706 	6707 	6648
f 2862 	2750 	2749
f 2862 	2749 	2863
f 2927 	30 	2930
f 2727 	2750 	2862
f 2727 	2862 	2845
f 27 	2946 	2948
f 2948 	2930 	30
f 27 	2948 	30
f 6045 	6789 	6791
f 6648 	6650 	6706
f 6669 	6704 	6666
f 6475 	6499 	6476
f 2959 	2965 	6476
f 2965 	2968 	6476
f 2995 	6476 	2968
f 2995 	2968 	2972
f 2995 	2972 	2976
f 2995 	2976 	2979
f 6693 	6694 	6711
f 6791 	6048 	6045
f 6694 	6695 	6711
f 2979 	2989 	2995
f 2989 	2992 	2995
f 2992 	39 	2995
f 39 	21 	2995
f 2333 	2995 	21
f 6695 	6696 	6711
f 6699 	6684 	6709
f 6711 	6712 	6693
f 3030 	2552 	3022
f 3016 	3022 	2552
f 3033 	2552 	3030
f 6684 	6685 	6709
f 6811 	6866 	6573
f 6685 	6686 	6709
f 6574 	6812 	6573
f 6708 	6709 	6686
f 6053 	6806 	6062
f 6758 	5928 	5927
f 6686 	6687 	6708
f 6696 	6697 	6711
f 6825 	6821 	6582
f 3046 	2552 	3033
f 3000 	3016 	2552
f 3050 	2552 	3046
f 3054 	2552 	3050
f 3059 	2552 	3054
f 3064 	2552 	3059
f 3075 	2552 	3064
f 3001 	3000 	2552
f 3008 	3001 	2552
f 6825 	6582 	6827
f 3184 	2552 	3159
f 6585 	6587 	6827
f 6672 	6673 	6702
f 6703 	6672 	6702
f 6704 	6669 	6703
f 6698 	6699 	6709
f 6709 	6711 	6698
f 6697 	6698 	6711
f 6705 	6664 	6704
f 6672 	6703 	6671
f 1394 	1386 	1420
f 1429 	1420 	1386
f 1397 	1394 	1420
f 3120 	2552 	3115
f 3112 	3115 	2552
f 3106 	3112 	2552
f 3101 	3106 	2552
f 3091 	3101 	2552
f 3079 	3091 	2552
f 3125 	2552 	3120
f 3139 	2552 	3125
f 3144 	2552 	3139
f 3147 	2552 	3144
f 3156 	2552 	3147
f 3159 	2552 	3156
f 3075 	3079 	2552
f 6849 	6592 	6855
f 3178 	3189 	2552
f 6594 	6597 	6855
f 6678 	6715 	6676
f 6679 	6715 	6678
f 6682 	6683 	6712
f 6683 	6692 	6712
f 6712 	6713 	6682
f 6681 	6682 	6713
f 6714 	6681 	6713
f 6715 	6679 	6714
f 6716 	6676 	6715
f 6040 	6783 	6784
f 2552 	3184 	3178
f 5935 	5938 	6348
f 6040 	6784 	6789
f 6354 	5938 	6355
f 6211 	6212 	6201
f 6209 	6210 	6201
f 6212 	6213 	6201
f 6721 	6723 	6720
f 6748 	6739 	6721
f 5941 	5942 	6355
f 6363 	6355 	5942
f 2788 	3004 	2790
f 6723 	6721 	6722
f 3919 	3832 	2552
f 3922 	3919 	2552
f 6724 	6201 	6723
f 5945 	6363 	5942
f 3045 	2790 	3004
f 6726 	6208 	6201
f 6371 	5945 	5947
f 3924 	2552 	3189
f 3922 	2552 	3924
f 3832 	3936 	2552
f 6208 	6209 	6201
f 4678 	4673 	5142
f 1731 	1380 	1378
f 4720 	4690 	4721
f 6053 	6800 	6806
f 6200 	6201 	6213
f 6725 	6726 	6201
f 6210 	6211 	6201
f 6724 	6725 	6201
f 6215 	6216 	6198
f 6196 	6197 	6217
f 4722 	4721 	4688
f 3931 	3928 	4615
f 6729 	6730 	6750
f 6730 	6731 	6750
f 1726 	1385 	1384
f 6731 	6732 	6750
f 6062 	6806 	6817
f 3939 	3941 	3975
f 3946 	3950 	3965
f 3950 	3955 	3965
f 3972 	3975 	3941
f 3965 	3972 	3946
f 3964 	3965 	3955
f 3955 	3960 	3964
f 3962 	3964 	3960
f 2757 	2756 	2986
f 2987 	2986 	2756
f 6749 	6750 	6732
f 5903 	6371 	5947
f 6618 	6067 	6824
f 6732 	6733 	6749
f 2986 	2758 	2757
f 6067 	6826 	6824
f 6733 	6734 	6749
f 2759 	2758 	2984
f 6265 	6262 	5903
f 4222 	4218 	4188
f 4225 	4222 	4188
f 4228 	4225 	4191
f 4256 	4255 	4200
f 4188 	4191 	4225
f 4218 	4208 	4188
f 3975 	3976 	3939
f 6734 	6735 	6749
f 2984 	2760 	2759
f 6817 	6835 	6062
f 6735 	6736 	6749
f 2760 	2983 	2761
f 5908 	6313 	6311
f 6736 	6737 	6749
f 3938 	3939 	3976
f 4120 	3938 	3976
f 3941 	3946 	3972
f 4701 	4740 	4703
f 6826 	6082 	6840
f 2982 	2762 	2761
f 6329 	6313 	5914
f 6748 	6749 	6737
f 6082 	6085 	6840
f 6842 	6840 	6085
f 4740 	4701 	4700
f 5914 	6332 	6329
f 6738 	6748 	6737
f 2981 	3014 	2762
f 6852 	6842 	6085
f 4750 	4700 	4699
f 6739 	6748 	6738
f 3979 	3981 	4132
f 4132 	4134 	3979
f 4134 	4136 	3979
f 4136 	4138 	3979
f 4138 	4139 	3979
f 3976 	3979 	4139
f 4139 	4114 	3976
f 4114 	4115 	3976
f 4115 	4117 	3976
f 4117 	4119 	3976
f 4119 	4120 	3976
f 4698 	4753 	4699
f 6722 	6721 	6739
f 6337 	6335 	5926
f 6742 	6743 	6752
f 4127 	4128 	3981
f 3981 	3983 	4127
f 4126 	4127 	3983
f 4128 	4130 	3981
f 4130 	4132 	3981
f 4124 	4126 	3983
f 2779 	3013 	2780
f 6743 	6744 	6752
f 6100 	6860 	6862
f 4757 	4717 	4716
f 6744 	6745 	6752
f 3013 	3012 	2781
f 3013 	2781 	2780
f 6100 	6862 	6102
f 6863 	6102 	6862
f 4716 	4715 	4757
f 4758 	4757 	4715
f 6747 	6727 	6751
f 4270 	4266 	4204
f 4273 	4270 	4204
f 4277 	4273 	4204
f 4263 	4260 	4200
f 4260 	4256 	4200
f 3983 	3986 	4124
f 6727 	6728 	6751
f 2781 	3012 	2782
f 3011 	2782 	3012
f 6865 	6102 	6863
f 4711 	4761 	4713
f 6750 	6751 	6728
f 6752 	6753 	6742
f 2783 	2782 	3010
f 3011 	3010 	2782
f 4711 	4706 	4761
f 6365 	6363 	5945
f 6112 	6867 	6868
f 2784 	2783 	3007
f 3010 	3007 	2783
f 6728 	6729 	6750
f 6751 	6752 	6745
f 6745 	6746 	6751
f 5945 	6371 	6365
f 6112 	6868 	6115
f 6869 	6115 	6868
f 2784 	3007 	2786
f 3006 	2786 	3007
f 4145 	4124 	3986
f 5903 	6262 	6371
f 6377 	5950 	5952
f 6377 	5952 	6379
f 3006 	2788 	2786
f 6915 	6115 	6869
f 4765 	4737 	4735
f 6746 	6747 	6751
f 6775 	6776 	6795
f 6776 	6771 	6795
f 6795 	6796 	6775
f 4734 	4766 	4735
f 4143 	4144 	3986
f 4144 	4145 	3986
f 6756 	6757 	6853
f 6757 	1495 	6853
f 5950 	6377 	5957
f 6387 	5957 	6377
f 4142 	4143 	3989
f 3986 	3989 	4143
f 6386 	5958 	5957
f 6386 	5957 	6387
f 6385 	5959 	5958
f 6385 	5958 	6386
f 6384 	5960 	5959
f 6384 	5959 	6385
f 3989 	4185 	4141
f 4141 	4142 	3989
f 6763 	6764 	6854
f 6764 	6754 	6854
f 6754 	6755 	6854
f 6755 	6756 	6854
f 6853 	6854 	6756
f 1883 	6853 	1495
f 6598 	6861 	6858
f 6384 	6243 	5960
f 5855 	5960 	6243
f 4208 	4140 	4185
f 4140 	4141 	4185
f 6389 	6379 	5962
f 5952 	5962 	6379
f 4233 	4228 	4191
f 4185 	4188 	4208
f 6772 	6777 	6792
f 6777 	6780 	6792
f 6610 	6870 	6598
f 4191 	4193 	4236
f 4236 	4233 	4191
f 6389 	5962 	5965
f 6389 	5965 	6395
f 6031 	6029 	6770
f 6769 	6772 	6792
f 6753 	6792 	6780
f 4769 	4687 	4729
f 6395 	5965 	5966
f 6395 	5966 	6396
f 6396 	5966 	5969
f 6396 	5969 	6397
f 6767 	6768 	6793
f 6768 	6769 	6793
f 6792 	6793 	6769
f 6780 	6740 	6753
f 4247 	4244 	4196
f 4239 	4236 	4193
f 4729 	4728 	4769
f 6866 	6864 	6607
f 6036 	6773 	6778
f 6397 	5969 	5975
f 6397 	5975 	6399
f 6793 	6794 	6767
f 6741 	6742 	6753
f 4728 	4727 	4771
f 6399 	5975 	5978
f 6399 	5978 	6405
f 6778 	6781 	6036
f 6405 	5978 	5995
f 6405 	5995 	6433
f 4727 	4726 	4771
f 4242 	4239 	4193
f 6433 	5995 	5996
f 6433 	5996 	6437
f 6861 	6598 	6870
f 6437 	5996 	5998
f 6437 	5998 	6440
f 6766 	6767 	6794
f 6740 	6741 	6753
f 6771 	6766 	6794
f 4244 	4242 	4193
f 4193 	4196 	4244
f 6440 	5998 	5999
f 6440 	5999 	6441
f 6610 	6882 	6870
f 4250 	4247 	4196
f 6441 	5999 	6001
f 6441 	6001 	6448
f 6797 	6823 	6788
f 6787 	6788 	6823
f 6790 	6797 	6788
f 6782 	6797 	6790
f 4252 	4250 	4196
f 4255 	4252 	4196
f 4196 	4200 	4255
f 6448 	6001 	7035
f 3902 	4776 	4741
f 6613 	6889 	6885
f 4200 	4204 	4266
f 4266 	4263 	4200
f 4280 	4277 	4204
f 6521 	6520 	6010
f 6521 	6010 	6012
f 4741 	4776 	4778
f 6889 	6613 	6614
f 6889 	6614 	6891
f 6791 	6798 	6048
f 6782 	6779 	6797
f 6796 	6797 	6779
f 6779 	6774 	6796
f 6774 	6775 	6796
f 6786 	6787 	6823
f 6794 	6795 	6771
f 6891 	6614 	6893
f 6798 	6799 	6048
f 6616 	6933 	6894
f 1389 	1387 	1741
f 6804 	6805 	6814
f 6805 	6807 	6814
f 6807 	6808 	6814
f 6808 	6809 	6814
f 6813 	6814 	6809
f 6809 	6810 	6813
f 6810 	6785 	6813
f 6785 	6786 	6813
f 6823 	6813 	6786
f 6607 	6573 	6866
f 6812 	6811 	6573
f 6821 	6812 	6575
f 6819 	6820 	6818
f 6820 	6822 	6818
f 6816 	6818 	6822
f 6822 	6801 	6816
f 6815 	6816 	6801
f 6814 	6815 	6803
f 6803 	6804 	6814
f 6801 	6802 	6815
f 6802 	6803 	6815
f 6575 	6582 	6821
f 4755 	4795 	4796
f 6831 	6832 	6843
f 6832 	6833 	6843
f 6884 	6843 	6833
f 6834 	6884 	6833
f 6836 	6884 	6834
f 6837 	6883 	6836
f 6838 	6854 	6837
f 6839 	6854 	6838
f 6538 	6035 	6037
f 6841 	6828 	6590
f 6037 	5926 	6538
f 6847 	6848 	6845
f 6846 	6847 	6845
f 6848 	6850 	6845
f 6850 	6851 	6845
f 6844 	6845 	6851
f 6851 	6829 	6844
f 6829 	6830 	6844
f 6590 	6592 	6841
f 6872 	6873 	6856
f 6760 	6761 	6854
f 6041 	6042 	6548
f 6857 	1888 	6856
f 1880 	6856 	1888
f 1703 	1365 	1362
f 2958 	6871 	6856
f 2961 	2958 	6856
f 2997 	2967 	6856
f 6859 	6860 	6094
f 1703 	1702 	1365
f 6564 	6560 	6049
f 3019 	2777 	2776
f 2778 	2777 	3019
f 3017 	2763 	2778
f 6873 	6874 	6857
f 6874 	6875 	6857
f 6875 	6876 	6857
f 6876 	6877 	6857
f 6854 	6857 	6877
f 6877 	6878 	6854
f 6878 	6879 	6854
f 6879 	6880 	6854
f 6880 	6881 	6854
f 6760 	6854 	6759
f 6759 	6854 	6839
f 6881 	6883 	6854
f 6883 	6837 	6854
f 6884 	6836 	6883
f 6830 	6831 	6844
f 6843 	6844 	6831
f 1733 	1378 	1376
f 2846 	2987 	2756
f 6888 	7022 	6887
f 6533 	6531 	6028
f 2758 	2986 	2985
f 2985 	2984 	2758
f 6534 	6533 	6028
f 6534 	6028 	6030
f 4289 	4287 	4571
f 4287 	4280 	4204
f 6534 	6030 	6032
f 6899 	6904 	7026
f 4291 	4289 	4571
f 4571 	4574 	4291
f 6536 	6032 	6034
f 4291 	4574 	4306
f 4313 	4306 	4577
f 6035 	6536 	6034
f 6904 	6905 	7026
f 6895 	7032 	6892
f 4850 	4814 	4813
f 6897 	6994 	6898
f 1706 	1360 	1359
f 6906 	6907 	7025
f 4318 	4313 	4577
f 4763 	4814 	4850
f 6900 	6897 	6898
f 6900 	6898 	6901
f 1705 	1361 	1706
f 1360 	1706 	1361
f 6902 	6900 	6901
f 6902 	6901 	6903
f 4577 	4306 	4574
f 4571 	4287 	4204
f 4581 	6902 	6903
f 1362 	1361 	1705
f 6911 	7012 	6914
f 6907 	6908 	7025
f 6905 	6906 	7025
f 7025 	7026 	6905
f 7024 	7025 	6908
f 6908 	6909 	7024
f 6909 	6910 	7024
f 6910 	6912 	7024
f 7023 	7024 	6912
f 6886 	6887 	7023
f 7022 	7023 	6887
f 6912 	6913 	7023
f 6916 	6911 	6914
f 6916 	6914 	6917
f 3933 	4608 	3936
f 4590 	4588 	2552
f 4598 	4590 	2552
f 6915 	6918 	6122
f 6919 	6916 	6917
f 6919 	6917 	6920
f 6918 	5893 	6122
f 1702 	1367 	1366
f 2760 	2984 	2983
f 1700 	1368 	1367
f 6920 	6864 	6919
f 4621 	4628 	2552
f 2982 	2761 	2983
f 4746 	4745 	4786
f 4586 	4666 	2552
f 4666 	4621 	2552
f 2762 	2982 	2981
f 4588 	4586 	2552
f 4791 	4747 	4786
f 6932 	6933 	6616
f 2779 	2762 	3014
f 4602 	4598 	2552
f 6933 	6932 	6936
f 6933 	6936 	6937
f 4748 	4791 	4792
f 6935 	6130 	6934
f 2994 	2763 	3017
f 4602 	2552 	4604
f 6937 	6936 	6940
f 6937 	6940 	6941
f 4792 	4793 	4748
f 6859 	6094 	6935
f 1733 	1376 	1375
f 4604 	3936 	4608
f 2994 	2993 	2764
f 2994 	2764 	2763
f 6941 	6940 	6942
f 6941 	6942 	6943
f 2737 	2764 	2849
f 2993 	2849 	2764
f 4608 	3933 	4611
f 6943 	6942 	6946
f 6943 	6946 	6947
f 3933 	3931 	4611
f 4615 	4611 	3931
f 4755 	4751 	4795
f 6948 	6950 	6945
f 6948 	6945 	6944
f 6947 	6946 	6949
f 6947 	6949 	6951
f 4617 	4615 	3928
f 6952 	6953 	6950
f 6952 	6950 	6948
f 1380 	1731 	1382
f 3014 	3013 	2779
f 6954 	6955 	6953
f 6954 	6953 	6952
f 6958 	6959 	6955
f 6958 	6955 	6954
f 4797 	4762 	4796
f 1726 	1384 	1382
f 3928 	5147 	4617
f 6961 	6951 	6960
f 6949 	6960 	6951
f 4620 	4617 	5147
f 6958 	6925 	6959
f 6125 	6959 	6925
f 6962 	6963 	6957
f 6962 	6957 	6956
f 6965 	5769 	6964
f 5768 	6964 	5769
f 6973 	6961 	6972
f 6960 	6972 	6961
f 6965 	6964 	6966
f 6965 	6966 	6967
f 1740 	1389 	1741
f 4642 	5303 	5845
f 6968 	6969 	6963
f 6968 	6963 	6962
f 6967 	6966 	6970
f 6967 	6970 	6971
f 1389 	1740 	1390
f 4643 	4642 	2552
f 5845 	2552 	4642
f 6971 	6970 	6974
f 6971 	6974 	6975
f 6973 	6972 	6969
f 6973 	6969 	6968
f 1738 	1391 	1390
f 2788 	3006 	3005
f 6975 	6974 	6976
f 6975 	6976 	6977
f 4628 	4662 	2552
f 4662 	4652 	2552
f 4652 	4649 	2552
f 4649 	4643 	2552
f 3005 	3004 	2788
f 1738 	1375 	1391
f 6980 	6981 	6979
f 6980 	6979 	6978
f 6977 	6976 	5943
f 1741 	1387 	1404
f 4783 	4801 	4802
f 6982 	6983 	6981
f 6982 	6981 	6980
f 6985 	6986 	6983
f 6985 	6983 	6982
f 4802 	4803 	4783
f 4630 	4620 	5147
f 5147 	5142 	4630
f 5208 	5170 	6987
f 3021 	2775 	2815
f 6988 	6989 	6986
f 6988 	6986 	6985
f 6990 	6991 	6989
f 6990 	6989 	6988
f 3021 	3020 	2775
f 2776 	2775 	3020
f 6990 	6956 	6991
f 6957 	6991 	6956
f 4788 	4804 	4805
f 2776 	3020 	3019
f 6993 	6998 	6994
f 5227 	6987 	5149
f 3017 	2778 	3019
f 5131 	5126 	6987
f 6042 	6549 	6548
f 6924 	7010 	6923
f 6926 	7010 	6924
f 6927 	7008 	6926
f 6928 	7008 	6927
f 6929 	7008 	6928
f 6922 	6923 	7010
f 6938 	7008 	6929
f 6939 	7008 	6938
f 6995 	7007 	6939
f 7000 	7007 	6995
f 7010 	7022 	6922
f 6897 	6993 	6994
f 6550 	6042 	6044
f 6996 	7096 	6997
f 6044 	6046 	6550
f 6551 	6550 	6046
f 2790 	3045 	2805
f 6998 	6996 	6997
f 6998 	6997 	6999
f 3045 	3044 	2807
f 3045 	2807 	2805
f 6998 	6999 	6994
f 6560 	6551 	6046
f 6560 	6046 	6047
f 4778 	4742 	4741
f 6047 	6049 	6560
f 7002 	7003 	7001
f 7003 	7005 	7001
f 7000 	7001 	7005
f 7000 	7005 	7007
f 7008 	6939 	7007
f 7010 	6926 	7008
f 7011 	7004 	7006
f 7011 	7006 	7012
f 4780 	4743 	4778
f 4742 	4778 	4743
f 6911 	7011 	7012
f 6564 	6049 	6050
f 4780 	4781 	4743
f 1366 	1365 	1702
f 7017 	7018 	7015
f 7017 	7015 	7014
f 7019 	7021 	7018
f 7019 	7018 	7017
f 6526 	6619 	6020
f 7027 	7029 	7031
f 7027 	7031 	7033
f 6921 	6922 	7022
f 6888 	6921 	7022
f 6913 	6886 	7023
f 7026 	7028 	6899
f 6896 	6899 	7028
f 7028 	7030 	6896
f 6895 	6896 	7030
f 7032 	6895 	7030
f 4785 	4786 	4745
f 6020 	6023 	6526
f 6529 	6526 	6023
f 7033 	7031 	7021
f 7033 	7021 	7019
f 6531 	6529 	6023
f 6531 	6023 	6027
f 7066 	7068 	7041
f 7038 	7039 	7029
f 7038 	7029 	7027
f 7041 	7045 	7066
f 6027 	6028 	6531
f 3044 	3043 	2808
f 3044 	2808 	2807
f 7042 	7043 	7039
f 7042 	7039 	7038
f 7045 	7050 	7066
f 3043 	3042 	2809
f 3043 	2809 	2808
f 7046 	7047 	7048
f 7046 	7048 	7049
f 7065 	7066 	7050
f 3042 	3041 	2810
f 3042 	2810 	2809
f 6535 	6534 	6032
f 7052 	7065 	7050
f 7049 	7048 	7043
f 7049 	7043 	7042
f 1684 	1349 	1370
f 6536 	6535 	6032
f 7054 	7063 	7052
f 7055 	7056 	7047
f 7055 	7047 	7046
f 6537 	6536 	6035
f 7058 	7059 	7056
f 7058 	7056 	7055
f 6035 	6538 	6537
f 7058 	6978 	7059
f 6979 	7059 	6978
f 7060 	7160 	7061
f 5926 	6335 	6538
f 7064 	7060 	7061
f 7064 	7061 	7067
f 6890 	7062 	7054
f 6892 	7062 	6890
f 7062 	6892 	7032
f 7063 	7054 	7062
f 7065 	7052 	7063
f 7035 	7037 	7070
f 7070 	7071 	7035
f 6448 	7035 	7071
f 49 	6437 	78
f 4693 	4762 	4797
f 7072 	7064 	7067
f 7072 	7067 	7073
f 7073 	7006 	7072
f 7004 	7072 	7006
f 6550 	6549 	6042
f 7076 	7077 	7078
f 7076 	7078 	7079
f 1382 	1728 	1726
f 78 	6437 	82
f 7071 	86 	6448
f 73 	6433 	49
f 7080 	6405 	73
f 7083 	7014 	7082
f 7015 	7082 	7014
f 4799 	4777 	4798
f 7083 	7082 	7077
f 7083 	7077 	7076
f 1707 	1359 	1385
f 7089 	7086 	7088
f 7089 	7088 	7090
f 6619 	6564 	6050
f 2465 	2470 	148
f 154 	148 	2470
f 138 	2465 	148
f 2470 	2387 	154
f 161 	154 	2387
f 2387 	2391 	161
f 135 	2457 	138
f 120 	2443 	135
f 6635 	6636 	6397
f 7092 	7089 	7090
f 7092 	7090 	7094
f 6050 	6020 	6619
f 1359 	1707 	1706
f 7095 	7092 	7094
f 7095 	7094 	7096
f 6521 	6012 	6382
f 4803 	4784 	4783
f 2397 	2400 	6397
f 6996 	7095 	7096
f 6382 	6012 	6167
f 7078 	7099 	7100
f 7078 	7100 	7079
f 6620 	6024 	6025
f 6620 	6025 	6055
f 7100 	7099 	7101
f 7100 	7101 	7102
f 6621 	6620 	6055
f 6621 	6055 	6057
f 6634 	6635 	6397
f 2400 	6634 	6397
f 7102 	7101 	7104
f 7102 	7104 	7105
f 6622 	6621 	6057
f 6622 	6057 	6060
f 7105 	7104 	7106
f 7105 	7106 	7107
f 6623 	6622 	6060
f 6623 	6060 	6064
f 6636 	6637 	6397
f 6637 	6638 	6397
f 6638 	6640 	6396
f 7107 	7106 	7110
f 7107 	7110 	7111
f 7257 	7258 	7108
f 6624 	6623 	6064
f 6624 	6064 	6068
f 7111 	7110 	7112
f 7111 	7112 	7114
f 4785 	4745 	4807
f 6625 	6624 	6068
f 6625 	6068 	6072
f 7114 	7112 	7115
f 7114 	7115 	7116
f 2412 	2418 	2626
f 6626 	6625 	6072
f 6626 	6072 	6075
f 7116 	7115 	7118
f 7116 	7118 	7119
f 2418 	2423 	2626
f 6627 	6626 	6075
f 6627 	6075 	6078
f 7119 	7118 	7121
f 7119 	7121 	7122
f 4855 	4809 	4808
f 7261 	7123 	7120
f 120 	2626 	2423
f 7122 	7121 	7124
f 7122 	7124 	7125
f 6078 	6548 	6627
f 6041 	6548 	6078
f 2430 	120 	2423
f 4810 	4809 	4855
f 7125 	7124 	7127
f 7125 	7127 	7128
f 6628 	6646 	6088
f 6945 	7126 	7263
f 4853 	4811 	4810
f 6629 	6628 	6088
f 6629 	6088 	6090
f 6630 	6629 	6090
f 6630 	6090 	6091
f 4852 	4812 	4811
f 4852 	4811 	4853
f 7129 	4991 	4992
f 7129 	4992 	7130
f 6631 	6630 	6091
f 6631 	6091 	6093
f 7131 	7129 	7130
f 7131 	7130 	7132
f 5846 	5843 	6984
f 4812 	4852 	4813
f 4851 	4813 	4852
f 1378 	1732 	1731
f 6632 	6631 	6093
f 6632 	6093 	6095
f 7132 	7088 	7131
f 7086 	7131 	7088
f 2454 	135 	2448
f 6633 	6632 	6095
f 6633 	6095 	6097
f 7134 	6532 	7133
f 6530 	7133 	6532
f 4813 	4851 	4850
f 2457 	135 	2454
f 6520 	6633 	6097
f 6520 	6097 	6010
f 7134 	7133 	7135
f 7134 	7135 	7136
f 2458 	138 	2457
f 2436 	120 	2430
f 4763 	4850 	4739
f 7136 	7135 	7137
f 7136 	7137 	7138
f 2391 	6397 	161
f 2448 	135 	2443
f 3041 	3040 	2811
f 3041 	2811 	2810
f 7138 	7137 	7139
f 7138 	7139 	7140
f 6634 	2400 	285
f 6634 	285 	6101
f 3040 	3039 	2812
f 3040 	2812 	2811
f 7140 	7139 	7141
f 7140 	7141 	7142
f 6635 	6634 	6101
f 6635 	6101 	6104
f 3039 	3038 	2813
f 3039 	2813 	2812
f 7142 	7141 	7143
f 7142 	7143 	7144
f 6636 	6635 	6104
f 6636 	6104 	6106
f 3038 	3036 	2814
f 3038 	2814 	2813
f 7144 	7143 	7145
f 7144 	7145 	7146
f 2394 	2397 	6397
f 2394 	6397 	2391
f 2458 	2465 	138
f 6637 	6636 	6106
f 6637 	6106 	6108
f 7146 	7145 	7147
f 7146 	7147 	7148
f 3034 	2815 	2814
f 3034 	2814 	3036
f 6638 	6637 	6108
f 6638 	6108 	6111
f 7148 	7147 	7149
f 7148 	7149 	7150
f 6640 	6638 	6111
f 6640 	6111 	6120
f 3021 	2815 	3034
f 7150 	7149 	7151
f 7150 	7151 	7152
f 6641 	6640 	6120
f 6641 	6120 	6121
f 7240 	7239 	7036
f 6643 	6641 	6121
f 6643 	6121 	6163
f 1438 	2110 	7151
f 6644 	6643 	6163
f 6644 	6163 	6165
f 2613 	2612 	2519
f 6646 	6644 	6165
f 6646 	6165 	6166
f 2519 	2523 	2613
f 6646 	6166 	6088
f 4746 	4786 	4747
f 7155 	7153 	7154
f 7155 	7154 	7156
f 7157 	7155 	7156
f 7157 	7156 	7158
f 7244 	7243 	7053
f 4637 	4630 	5142
f 4673 	4637 	5142
f 6987 	4678 	5142
f 5142 	5131 	6987
f 7159 	7157 	7158
f 7159 	7158 	7160
f 2407 	2412 	2613
f 4793 	4749 	4748
f 7060 	7159 	7160
f 5170 	4678 	6987
f 7233 	7057 	6984
f 4751 	4793 	4794
f 7161 	7162 	7163
f 7161 	7163 	7164
f 2626 	2613 	2412
f 2523 	2407 	2613
f 4794 	4795 	4751
f 7161 	7128 	7162
f 7127 	7162 	7128
f 2534 	2539 	2547
f 7164 	7163 	7165
f 7164 	7165 	7166
f 4759 	4755 	4796
f 2548 	2547 	2539
f 2527 	2534 	2547
f 7166 	7165 	7167
f 7166 	7167 	7168
f 5227 	5211 	6987
f 5208 	6987 	5211
f 4762 	4759 	4796
f 7168 	7167 	7169
f 7168 	7169 	7170
f 7170 	7169 	7171
f 7170 	7171 	7172
f 4693 	4650 	4762
f 7172 	7171 	7173
f 7172 	7173 	7174
f 5116 	5149 	6987
f 5126 	5121 	6987
f 5121 	5116 	6987
f 5232 	5227 	5149
f 5232 	5344 	5222
f 7250 	7249 	7085
f 7174 	7173 	7175
f 7174 	7175 	7176
f 5840 	5834 	5845
f 7176 	7175 	7177
f 7176 	7177 	7178
f 5303 	5840 	5845
f 7178 	7177 	7179
f 7178 	7179 	7180
f 4779 	4777 	4800
f 2485 	2486 	2548
f 2549 	2548 	2486
f 2486 	2493 	2549
f 2610 	2549 	2493
f 2493 	2499 	2610
f 2914 	2912 	2785
f 2909 	2806 	2910
f 2539 	2485 	2548
f 2499 	2512 	2610
f 2512 	2514 	2610
f 2612 	2610 	2514
f 2514 	2516 	2612
f 2516 	2519 	2612
f 2436 	2443 	120
f 7180 	7179 	5615
f 4782 	4779 	4800
f 4782 	4800 	4801
f 2800 	2910 	2806
f 2787 	2911 	2800
f 2544 	2914 	2527
f 7254 	7253 	7097
f 4801 	4783 	4782
f 7182 	3027 	2315
f 7181 	3027 	7182
f 7183 	7181 	7182
f 7183 	7182 	7184
f 1739 	1390 	1740
f 7185 	7183 	7184
f 7185 	7184 	7186
f 4803 	4804 	4784
f 7187 	7185 	7186
f 7187 	7186 	7188
f 1390 	1739 	1738
f 7189 	7187 	7188
f 7189 	7188 	7190
f 7191 	7189 	7190
f 7191 	7190 	7192
f 4788 	4805 	4806
f 7192 	7154 	7191
f 7153 	7191 	7154
f 7237 	7013 	7016
f 7020 	7237 	7016
f 7239 	7020 	7034
f 2838 	2837 	2847
f 2858 	2847 	2837
f 2837 	2829 	2858
f 2819 	2907 	2829
f 2806 	2909 	2819
f 2547 	2544 	2527
f 7034 	7036 	7239
f 4744 	4743 	4781
f 7240 	7036 	7040
f 4781 	4798 	4744
f 4790 	4807 	4745
f 5318 	5397 	5325
f 5440 	5442 	5370
f 1701 	1367 	1702
f 4748 	4747 	4791
f 5325 	5407 	5334
f 2888 	2885 	2891
f 2885 	2882 	2891
f 2893 	2891 	2882
f 2882 	2873 	2893
f 2896 	2893 	2873
f 2873 	2871 	2896
f 2899 	2896 	2871
f 2871 	2865 	2899
f 2902 	2899 	2865
f 2865 	2838 	2902
f 2847 	2902 	2838
f 1367 	1701 	1700
f 5338 	5334 	5410
f 5149 	5344 	5232
f 5410 	5222 	5338
f 4793 	4751 	4749
f 2911 	2787 	2912
f 2787 	2785 	2912
f 2785 	2527 	2914
f 2907 	2819 	2909
f 2858 	2829 	2907
f 2910 	2800 	2911
f 6692 	6249 	6267
f 2924 	2932 	2926
f 1734 	1733 	1375
f 2949 	32 	2932
f 2926 	2932 	32
f 2945 	26 	2949
f 32 	2949 	26
f 1732 	1378 	1733
f 5436 	5440 	5368
f 5370 	5368 	5440
f 5317 	5436 	5368
f 5385 	5317 	5368
f 5389 	5317 	5385
f 5394 	5318 	5389
f 5397 	5318 	5394
f 5407 	5325 	5399
f 5410 	5334 	5407
f 5344 	5338 	5222
f 5399 	5325 	5397
f 5317 	5389 	5318
f 4798 	4772 	4744
f 2978 	2975 	2997
f 2975 	2971 	2997
f 2997 	2971 	2967
f 2961 	6856 	2967
f 6857 	6856 	6873
f 6871 	6872 	6856
f 5360 	5364 	5449
f 5442 	5445 	5370
f 5424 	5466 	5421
f 4772 	4798 	4777
f 2978 	2997 	2988
f 2991 	2988 	2997
f 40 	2991 	2997
f 2332 	20 	2997
f 4799 	4800 	4777
f 4787 	4784 	4804
f 5449 	5453 	5360
f 5352 	5360 	5453
f 5453 	5457 	5352
f 5432 	5352 	5457
f 5428 	5432 	5457
f 5460 	5428 	5457
f 5466 	5424 	5460
f 5475 	5492 	5465
f 5501 	5510 	5474
f 5973 	5497 	5474
f 5465 	5416 	5466
f 5428 	5460 	5424
f 5364 	5370 	5445
f 5445 	5449 	5364
f 4788 	4787 	4804
f 1362 	1705 	1704
f 4789 	4788 	4806
f 1704 	1703 	1362
f 5487 	5475 	5485
f 5492 	5475 	5487
f 5493 	5465 	5492
f 5416 	5465 	5493
f 5421 	5466 	5416
f 4806 	4807 	4789
f 4790 	4789 	4807
f 5475 	5474 	5485
f 5510 	5485 	5474
f 5498 	5474 	5496
f 5501 	5474 	5498
f 4856 	4855 	4808
f 1700 	1698 	1370
f 5511 	5497 	5973
f 5496 	5474 	5497
f 4855 	4854 	4810
f 1698 	1684 	1370
f 5973 	5972 	5523
f 5511 	5973 	5523
f 4854 	4853 	4810
f 5521 	5523 	5972
f 5522 	5521 	5972
f 1382 	1731 	1728
f 4641 	4872 	4815
f 4872 	4871 	4816
f 4872 	4816 	4815
f 3574 	3921 	3575
f 4871 	4870 	4817
f 4871 	4817 	4816
f 1725 	1385 	1726
f 4870 	4869 	4818
f 4870 	4818 	4817
f 3577 	3921 	3578
f 3575 	3921 	3577
f 3576 	3921 	3574
f 6175 	6275 	6674
f 1707 	1385 	1725
f 5534 	5522 	5972
f 4869 	4868 	4819
f 4869 	4819 	4818
f 6176 	6175 	6673
f 6674 	6673 	6175
f 4868 	4867 	4821
f 4868 	4821 	4819
f 5535 	5534 	5972
f 5972 	5977 	5535
f 4867 	4866 	4822
f 4867 	4822 	4821
f 6673 	6672 	6177
f 6673 	6177 	6176
f 5543 	5535 	5977
f 4866 	4864 	4823
f 4866 	4823 	4822
f 5549 	5543 	5977
f 5550 	5549 	5977
f 6178 	6177 	6671
f 6672 	6671 	6177
f 1734 	1375 	1738
f 4864 	4863 	4824
f 4864 	4824 	4823
f 5558 	5550 	5977
f 6671 	6179 	6178
f 4863 	4862 	4825
f 4863 	4825 	4824
f 5563 	5558 	5977
f 5977 	5981 	5563
f 4827 	4825 	4862
f 3923 	3597 	3921
f 3782 	3601 	3826
f 3923 	3600 	3599
f 3923 	3599 	3597
f 3595 	3921 	3597
f 3592 	3921 	3595
f 3582 	3921 	3592
f 3578 	3921 	3582
f 2572 	3921 	4288
f 4316 	2572 	4312
f 4322 	2572 	4319
f 4328 	2572 	4324
f 5564 	5563 	5981
f 4862 	4895 	4827
f 7243 	7044 	7051
f 4895 	4894 	4828
f 4895 	4828 	4827
f 7051 	7053 	7243
f 6650 	6648 	6169
f 4894 	4893 	4829
f 4894 	4829 	4828
f 5565 	5564 	5981
f 5567 	5566 	5981
f 5566 	5565 	5981
f 4893 	4892 	4830
f 4893 	4830 	4829
f 7244 	7053 	7057
f 6170 	6652 	6169
f 4892 	4891 	4831
f 4892 	4831 	4830
f 4891 	4889 	4832
f 4891 	4832 	4831
f 5985 	5990 	6110
f 4835 	4832 	4931
f 4889 	4931 	4832
f 3811 	3821 	3815
f 3818 	3815 	3821
f 3808 	3821 	3811
f 3806 	3823 	3808
f 3802 	3823 	3806
f 3798 	3823 	3802
f 3795 	3823 	3798
f 3791 	3822 	3795
f 3790 	3822 	3791
f 3787 	3822 	3790
f 3923 	3826 	3601
f 3601 	3600 	3923
f 6180 	6179 	6669
f 4931 	4930 	4836
f 4931 	4836 	4835
f 4930 	4929 	4837
f 4930 	4837 	4836
f 3823 	3795 	3822
f 4929 	4928 	4838
f 4929 	4838 	4837
f 6172 	6662 	6171
f 4928 	4927 	4839
f 4928 	4839 	4838
f 3821 	3808 	3823
f 6136 	6117 	5990
f 7249 	7075 	7084
f 4927 	4926 	4840
f 4927 	4840 	4839
f 4926 	4925 	4842
f 4926 	4842 	4840
f 6666 	6664 	6174
f 7084 	7085 	7249
f 4925 	4924 	4843
f 4925 	4843 	4842
f 7250 	7085 	7087
f 6669 	6666 	6174
f 6669 	6174 	6180
f 4972 	4941 	4846
f 3822 	3787 	3826
f 3787 	3784 	3826
f 6007 	6167 	6013
f 4941 	4939 	4847
f 4941 	4847 	4846
f 6019 	6012 	6022
f 4939 	4937 	4848
f 4939 	4848 	4847
f 3918 	2572 	3830
f 7253 	7091 	7093
f 4937 	4935 	4849
f 4937 	4849 	4848
f 3921 	2572 	3918
f 4935 	5019 	4849
f 1779 	1741 	1404
f 7093 	7097 	7253
f 4962 	4857 	5051
f 1779 	1404 	1813
f 3784 	3782 	3826
f 6025 	6022 	6012
f 6025 	6012 	6055
f 7254 	7097 	7098
f 4961 	4858 	4857
f 4961 	4857 	4962
f 1813 	1411 	1216
f 3929 	7232 	3926
f 4960 	4859 	4858
f 4960 	4858 	4961
f 3932 	7232 	3929
f 4859 	4960 	4986
f 3934 	2572 	3932
f 1822 	1416 	1346
f 1822 	1821 	1417
f 1822 	1417 	1416
f 3830 	2572 	3934
f 5145 	3926 	7232
f 4859 	4986 	4874
f 1821 	1820 	1418
f 1821 	1418 	1417
f 7257 	7108 	7103
f 4985 	4875 	4874
f 4985 	4874 	4986
f 1820 	1819 	1419
f 1820 	1419 	1418
f 7109 	7108 	7258
f 4984 	4877 	4875
f 4984 	4875 	4985
f 6059 	6167 	6063
f 6056 	6167 	6059
f 4983 	4878 	4877
f 4983 	4877 	4984
f 4076 	4073 	4079
f 4073 	4071 	4079
f 4082 	4079 	4071
f 4071 	4061 	4082
f 4061 	4058 	4082
f 4087 	4082 	4058
f 4087 	4058 	4054
f 4050 	4090 	4052
f 4052 	4089 	4054
f 7109 	7258 	7113
f 7259 	7113 	7258
f 6063 	6167 	6066
f 6678 	6185 	6188
f 4982 	4879 	4878
f 4982 	4878 	4983
f 7117 	7113 	7259
f 6066 	6167 	6070
f 4981 	4880 	4879
f 4981 	4879 	4982
f 6074 	6167 	6077
f 6070 	6167 	6074
f 7261 	7120 	7117
f 7415 	7414 	7208
f 6077 	6167 	6081
f 4090 	4177 	4092
f 4092 	4173 	4095
f 4095 	4169 	4098
f 4098 	4167 	4109
f 4183 	4182 	4109
f 4154 	4090 	4050
f 4087 	4054 	4089
f 4089 	4052 	4090
f 4182 	4181 	4109
f 4980 	4881 	4880
f 4980 	4880 	4981
f 4979 	4882 	4881
f 4979 	4881 	4980
f 7263 	7126 	7123
f 6016 	6167 	6019
f 6013 	6167 	6016
f 6004 	6167 	6007
f 6087 	6167 	6004
f 6084 	6167 	6087
f 6081 	6167 	6084
f 4153 	4090 	4154
f 4151 	4090 	4152
f 4151 	4150 	4090
f 4150 	4177 	4090
f 4977 	4883 	4882
f 4977 	4882 	4979
f 6944 	6945 	7263
f 4976 	4884 	4883
f 4976 	4883 	4977
f 4975 	4885 	4884
f 4975 	4884 	4976
f 6096 	6092 	6167
f 6012 	6019 	6167
f 7233 	6984 	5843
f 4974 	4886 	4885
f 4974 	4885 	4975
f 4176 	4092 	4177
f 4175 	4092 	4176
f 4174 	4092 	4175
f 4173 	4092 	4174
f 4172 	4095 	4173
f 4171 	4095 	4172
f 4169 	4168 	4098
f 4167 	4098 	4168
f 4183 	4109 	4167
f 4169 	4095 	4171
f 4152 	4090 	4153
f 1819 	1829 	1425
f 1819 	1425 	1419
f 4973 	4888 	4886
f 4973 	4886 	4974
f 7255 	7098 	7234
f 1829 	1828 	1427
f 1829 	1427 	1425
f 6096 	6167 	6099
f 6099 	6167 	6056
f 4972 	4890 	4888
f 4972 	4888 	4973
f 7009 	7235 	6992
f 1828 	1827 	1428
f 1828 	1428 	1427
f 4846 	4890 	4972
f 1827 	1834 	1428
f 1834 	1433 	1428
f 5019 	4899 	4849
f 1834 	1833 	1434
f 1834 	1434 	1433
f 5568 	5567 	5981
f 5019 	5016 	4900
f 5019 	4900 	4899
f 1833 	1832 	1435
f 1833 	1435 	1434
f 5016 	5015 	4901
f 5016 	4901 	4900
f 1832 	1831 	1436
f 1832 	1436 	1435
f 7020 	7238 	7237
f 5981 	5985 	5568
f 1523 	1436 	1831
f 5015 	5014 	4902
f 5015 	4902 	4901
f 7020 	7239 	7238
f 6103 	5569 	5985
f 5569 	5568 	5985
f 4181 	4180 	4111
f 4111 	4109 	4181
f 4180 	4179 	4111
f 4184 	4111 	4179
f 4178 	4184 	4179
f 4493 	4184 	4178
f 4511 	4192 	4509
f 4525 	4530 	4199
f 5014 	5013 	4903
f 5014 	4903 	4902
f 6107 	6103 	5985
f 5013 	5012 	4904
f 5013 	4904 	4903
f 5012 	5011 	4905
f 5012 	4905 	4904
f 6685 	6684 	6257
f 5011 	5010 	4906
f 5011 	4906 	4905
f 5990 	5989 	6136
f 6259 	6686 	6257
f 5010 	5008 	4907
f 5010 	4907 	4906
f 6144 	6137 	6167
f 5008 	5007 	4909
f 5008 	4909 	4907
f 6146 	6144 	6167
f 5007 	5006 	4910
f 5007 	4910 	4909
f 6147 	6146 	6167
f 5006 	5005 	4911
f 5006 	4911 	4910
f 6157 	6147 	6167
f 6161 	6157 	6167
f 3095 	2824 	2823
f 5005 	5004 	4912
f 5005 	4912 	4911
f 6689 	6261 	6263
f 6164 	6161 	6167
f 6092 	6164 	6167
f 3095 	3093 	2825
f 3095 	2825 	2824
f 5004 	4647 	4912
f 1472 	1476 	1860
f 6690 	6689 	6263
f 6690 	6263 	6264
f 7241 	7240 	7040
f 2825 	3093 	2826
f 3092 	2826 	3093
f 5024 	5127 	4914
f 6690 	6264 	6266
f 5028 	5024 	4914
f 5028 	4914 	4915
f 2827 	2826 	3090
f 3092 	3090 	2826
f 5030 	5028 	4915
f 5030 	4915 	4917
f 7044 	7242 	7040
f 7241 	7040 	7242
f 5030 	4917 	4919
f 5030 	4919 	5031
f 1869 	1482 	1485
f 7044 	7243 	7242
f 4500 	4502 	4189
f 4495 	4497 	4187
f 4192 	4516 	4195
f 4184 	4493 	4187
f 4519 	4522 	4195
f 4522 	4523 	4195
f 1872 	1869 	1486
f 6267 	6268 	6692
f 1942 	1941 	4934
f 5072 	4934 	1941
f 4495 	4187 	4493
f 5071 	4936 	4934
f 5071 	4934 	5072
f 4497 	4500 	4187
f 5070 	4938 	4936
f 5070 	4936 	5071
f 5069 	4940 	4938
f 5069 	4938 	5070
f 4189 	4187 	4500
f 6117 	6114 	5990
f 6137 	6136 	5989
f 6114 	6110 	5990
f 6110 	6107 	5985
f 5066 	4942 	4940
f 5066 	4940 	5069
f 6696 	6270 	6271
f 4502 	4505 	4189
f 6167 	6137 	5989
f 5064 	4943 	4942
f 5064 	4942 	5066
f 4505 	4509 	4189
f 6419 	6167 	6407
f 5989 	5992 	6167
f 6696 	6271 	6272
f 5062 	4944 	4943
f 5062 	4943 	5064
f 1507 	1511 	1892
f 5060 	4945 	4944
f 5060 	4944 	5062
f 1892 	1511 	1447
f 5059 	4946 	4945
f 5059 	4945 	5060
f 5992 	6407 	6167
f 6417 	6167 	6419
f 6417 	6443 	6167
f 4513 	4192 	4511
f 5058 	4947 	4946
f 5058 	4946 	5059
f 6443 	6455 	6167
f 4516 	4192 	4513
f 5057 	4948 	4947
f 5057 	4947 	5058
f 4519 	4195 	4516
f 5056 	4949 	4948
f 5056 	4948 	5057
f 2828 	2827 	3089
f 3090 	3089 	2827
f 5054 	4950 	4949
f 5054 	4949 	5056
f 6185 	6678 	6183
f 5053 	4951 	4950
f 5053 	4950 	5054
f 3089 	3088 	2830
f 3089 	2830 	2828
f 6434 	6424 	6436
f 7218 	7217 	7427
f 7245 	7244 	7057
f 6436 	6424 	6439
f 5051 	4952 	4951
f 5051 	4951 	5053
f 2830 	3088 	2832
f 3086 	2832 	3088
f 7427 	7219 	7218
f 6439 	6424 	6455
f 4857 	4952 	5051
f 7057 	7233 	7245
f 2833 	2832 	3085
f 3086 	3085 	2832
f 5076 	2057 	2058
f 5076 	2058 	4956
f 3085 	2834 	2833
f 5081 	5076 	4956
f 5081 	4956 	4964
f 2834 	3083 	2835
f 5087 	5081 	4964
f 5087 	4964 	4968
f 7069 	7074 	7246
f 7343 	7344 	6468
f 6468 	6458 	7343
f 5093 	5087 	4968
f 5093 	4968 	4988
f 3083 	2836 	2835
f 6470 	6468 	7344
f 7075 	7248 	7074
f 5098 	5093 	4988
f 5098 	4988 	4993
f 1860 	1476 	1481
f 5101 	5098 	4993
f 5101 	4993 	4995
f 7345 	7329 	6470
f 7344 	7345 	6470
f 7075 	7249 	7248
f 6474 	6470 	7329
f 6478 	6474 	7329
f 7251 	7250 	7087
f 3140 	2850 	2848
f 1485 	1486 	1869
f 6490 	6424 	6434
f 6167 	6455 	6424
f 6490 	6486 	6424
f 6484 	7329 	6486
f 7091 	7252 	7087
f 7251 	7087 	7252
f 2851 	2850 	3140
f 1872 	1486 	1488
f 1872 	1488 	1875
f 4577 	4580 	4318
f 7454 	7225 	7224
f 7091 	7253 	7252
f 1489 	1878 	1488
f 5103 	5101 	4995
f 5103 	4995 	5001
f 7454 	7453 	7225
f 5104 	5103 	5001
f 5104 	5001 	5002
f 7255 	7254 	7098
f 5107 	5104 	5002
f 5107 	5002 	5009
f 2854 	3133 	2855
f 6992 	7234 	7098
f 1840 	1447 	1451
f 5115 	5107 	5009
f 5115 	5009 	5018
f 5120 	5115 	5018
f 5120 	5018 	5021
f 3132 	2856 	2855
f 1455 	1840 	1451
f 5124 	5120 	5021
f 5124 	5021 	5025
f 5127 	5124 	5025
f 5127 	5025 	5038
f 7234 	6992 	7235
f 5127 	5038 	4914
f 1849 	1460 	1464
f 7236 	7235 	7009
f 7236 	7009 	7013
f 6688 	6260 	6261
f 5203 	5031 	5043
f 4919 	5043 	5031
f 7013 	7237 	7236
f 1464 	1468 	1849
f 6689 	6688 	6261
f 5203 	5043 	5045
f 5203 	5045 	5210
f 5210 	5045 	5048
f 5210 	5048 	5213
f 1853 	1849 	1468
f 5213 	5048 	5055
f 5213 	5055 	5217
f 1472 	1856 	1468
f 3127 	3096 	2861
f 5217 	5055 	5068
f 5217 	5068 	5220
f 5220 	5068 	5073
f 5220 	5073 	5225
f 4192 	4189 	4509
f 5225 	5073 	5075
f 5225 	5075 	5231
f 4199 	4195 	4525
f 5231 	5075 	5078
f 5231 	5078 	5234
f 5234 	5078 	5084
f 5234 	5084 	5236
f 1865 	1863 	1482
f 6268 	6693 	6692
f 5236 	5084 	5088
f 5236 	5088 	5242
f 1865 	1482 	1869
f 4530 	4533 	4199
f 4523 	4525 	4195
f 5242 	5088 	5091
f 5242 	5091 	5244
f 5244 	5091 	5139
f 5244 	5139 	5246
f 4536 	4538 	4199
f 5246 	5139 	5143
f 5246 	5143 	5251
f 4203 	4199 	4538
f 6505 	4318 	4580
f 4538 	4540 	4203
f 6272 	6697 	6696
f 4580 	6574 	6505
f 5258 	5251 	5152
f 5143 	5152 	5251
f 1875 	1488 	1878
f 4540 	4541 	4203
f 6508 	6505 	6574
f 5258 	5152 	5153
f 5258 	5153 	5259
f 4541 	4543 	4203
f 6573 	6607 	6508
f 6574 	6573 	6508
f 5259 	5153 	5158
f 5259 	5158 	5260
f 4543 	4546 	4203
f 6607 	6606 	6510
f 6510 	6508 	6607
f 6699 	6698 	6274
f 4546 	4549 	4203
f 4533 	4536 	4199
f 1018 	1011 	1499
f 1885 	1018 	1499
f 5260 	5158 	5161
f 5260 	5161 	5263
f 6255 	6684 	6274
f 1499 	1503 	1887
f 4570 	4203 	4549
f 5263 	5161 	5164
f 5263 	5164 	5267
f 4551 	4555 	4570
f 1887 	1503 	1507
f 6711 	6709 	6276
f 5267 	5164 	5169
f 5267 	5169 	5269
f 4573 	4570 	4555
f 5269 	5169 	5172
f 5269 	5172 	5274
f 6709 	6277 	6276
f 6582 	4580 	6585
f 7006 	7073 	6524
f 6524 	6522 	7012
f 6522 	6515 	6914
f 6515 	6513 	6917
f 6606 	6920 	6513
f 6513 	6510 	6606
f 4557 	4573 	4555
f 5274 	5172 	5173
f 5274 	5173 	5312
f 6707 	6278 	6277
f 5312 	5173 	5176
f 5312 	5176 	5314
f 4549 	4551 	4570
f 4562 	4565 	6812
f 5314 	5176 	5177
f 5314 	5177 	5319
f 6278 	6707 	6279
f 6706 	6279 	6707
f 4565 	6506 	6812
f 1838 	1447 	1840
f 5319 	5177 	5181
f 5319 	5181 	5320
f 6530 	6527 	7067
f 6706 	6705 	6279
f 6280 	6279 	6705
f 1455 	1842 	1840
f 5320 	5181 	1783
f 6527 	6524 	7073
f 7073 	7067 	6527
f 6506 	6509 	6812
f 6811 	6812 	6509
f 6523 	6911 	6516
f 5345 	5186 	5400
f 6704 	6281 	6280
f 6704 	6280 	6705
f 1842 	1455 	1460
f 1842 	1460 	1846
f 5343 	5187 	5186
f 5343 	5186 	5345
f 6281 	6704 	6282
f 6703 	6282 	6704
f 5342 	5188 	5187
f 5342 	5187 	5343
f 1846 	1460 	1849
f 5341 	5189 	5188
f 5341 	5188 	5342
f 6282 	6703 	6283
f 6702 	6283 	6703
f 4573 	6812 	4576
f 4576 	6821 	4579
f 5340 	5191 	5189
f 5340 	5189 	5341
f 7247 	7246 	7074
f 6702 	6701 	6283
f 6284 	6283 	6701
f 4994 	4999 	2572
f 2554 	4969 	2561
f 7248 	7247 	7074
f 4856 	4808 	5340
f 5191 	5340 	4808
f 6285 	6284 	6701
f 6575 	6574 	4580
f 3137 	2852 	2851
f 4583 	6587 	4580
f 4969 	2554 	4967
f 4967 	2554 	4963
f 3135 	2853 	2852
f 5356 	5350 	5192
f 5356 	5192 	5193
f 1420 	5551 	6285
f 6575 	4580 	6582
f 5361 	5356 	5193
f 5361 	5193 	5194
f 2853 	3133 	2854
f 4990 	2561 	4978
f 5102 	4963 	2554
f 5363 	5361 	5194
f 5363 	5194 	5197
f 6585 	4580 	6587
f 5365 	5363 	5197
f 5365 	5197 	5198
f 3132 	2855 	3133
f 6592 	6590 	4583
f 6590 	6587 	4583
f 5090 	5092 	2551
f 5383 	5365 	5198
f 5383 	5198 	5199
f 6594 	6592 	4583
f 4978 	2561 	4969
f 5387 	5383 	5199
f 5387 	5199 	5202
f 6710 	6674 	6275
f 5003 	7232 	4999
f 2857 	2856 	3130
f 1853 	1468 	1856
f 5017 	7232 	5003
f 6610 	6598 	4583
f 6598 	6597 	4583
f 6597 	6594 	4583
f 3130 	3129 	2859
f 3130 	2859 	2857
f 5023 	7232 	5017
f 4994 	2572 	4990
f 1472 	1860 	1856
f 7103 	7288 	7256
f 5029 	7232 	5023
f 1860 	1481 	1863
f 3128 	2860 	3129
f 7256 	7257 	7103
f 5044 	7232 	5029
f 7232 	2572 	4999
f 1481 	1482 	1863
f 7067 	7061 	6530
f 6179 	6671 	6670
f 7259 	7260 	7117
f 7260 	7261 	7117
f 6168 	6169 	6648
f 5110 	7232 	5052
f 5044 	5052 	7232
f 7261 	7262 	7123
f 6650 	6169 	6652
f 7262 	7263 	7123
f 4583 	6903 	6610
f 6611 	6610 	6903
f 5392 	5387 	5202
f 5392 	5202 	5204
f 6652 	6170 	6171
f 6612 	6611 	6903
f 1878 	1489 	1580
f 6613 	6612 	6903
f 6614 	6613 	6903
f 5206 	5307 	5391
f 6670 	6669 	6179
f 5077 	2551 	5074
f 1887 	1885 	1499
f 3148 	2870 	2869
f 6615 	6614 	6903
f 6932 	6616 	6903
f 6660 	6652 	6171
f 5085 	2551 	5077
f 1890 	1887 	1507
f 6660 	6171 	6662
f 6960 	6949 	6901
f 6903 	6901 	6932
f 6942 	6940 	6901
f 5090 	2551 	5085
f 2551 	6237 	5074
f 1507 	1892 	1890
f 7421 	7420 	7202
f 5092 	5040 	2551
f 6172 	6173 	6662
f 6664 	6662 	6173
f 1447 	1838 	1892
f 6994 	6999 	6981
f 1534 	1900 	1921
f 1534 	1921 	1535
f 6173 	6174 	6664
f 1921 	1914 	1536
f 1921 	1536 	1535
f 5241 	5074 	6237
f 5040 	5039 	2554
f 5102 	2554 	5039
f 2554 	2551 	5040
f 1914 	1912 	1537
f 1914 	1537 	1536
f 6949 	6946 	6901
f 6946 	6942 	6901
f 1912 	1911 	1539
f 1912 	1539 	1537
f 5111 	5128 	5110
f 7135 	7133 	7160
f 5214 	5206 	5391
f 7415 	7208 	7207
f 5204 	4213 	5392
f 4433 	5392 	4213
f 1831 	1907 	1523
f 7133 	6530 	7061
f 7061 	7160 	7133
f 5404 	5214 	5391
f 7209 	7208 	7414
f 6616 	6615 	6903
f 1907 	1906 	1524
f 1907 	1524 	1523
f 6190 	6680 	6188
f 5403 	5215 	5214
f 5403 	5214 	5404
f 1906 	1905 	1526
f 1906 	1526 	1524
f 7193 	7209 	7414
f 5402 	5216 	5215
f 5402 	5215 	5403
f 1905 	1904 	1527
f 1905 	1527 	1526
f 5401 	5218 	5216
f 5401 	5216 	5402
f 1904 	1903 	1530
f 1904 	1530 	1527
f 5400 	5219 	5218
f 5400 	5218 	5401
f 1903 	1902 	1532
f 1903 	1532 	1530
f 6936 	6932 	6901
f 5186 	5219 	5400
f 1902 	1901 	1533
f 1902 	1533 	1532
f 6940 	6936 	6901
f 1901 	1900 	1534
f 1901 	1534 	1533
f 5171 	5125 	5111
f 7411 	7410 	7195
f 7069 	7378 	7276
f 5209 	5212 	5119
f 7196 	7410 	7197
f 6972 	6960 	6898
f 6969 	6972 	6898
f 6901 	6898 	6960
f 6963 	6969 	6898
f 5134 	5110 	5128
f 3148 	2848 	2870
f 5145 	5110 	5134
f 7383 	7280 	7279
f 6255 	6257 	6684
f 3171 	2875 	2874
f 5119 	5125 	5209
f 5128 	5111 	5125
f 7232 	5110 	5145
f 2876 	2875 	3171
f 6685 	6257 	6686
f 2876 	3170 	2877
f 6259 	6260 	6686
f 3168 	2878 	2877
f 3168 	2877 	3169
f 5229 	5233 	5148
f 2878 	3168 	2879
f 7401 	7402 	7284
f 3165 	2881 	2879
f 5337 	5339 	5221
f 5332 	5337 	5409
f 5209 	5125 	5171
f 5409 	5406 	5332
f 5406 	5398 	5323
f 5339 	5148 	5233
f 5114 	5119 	5212
f 7288 	7405 	7256
f 6989 	6991 	6994
f 6986 	6989 	6994
f 6898 	6994 	6991
f 6991 	6957 	6898
f 6957 	6963 	6898
f 6983 	6986 	6994
f 6981 	6983 	6994
f 1952 	1951 	1582
f 7021 	7031 	7096
f 5323 	5332 	5406
f 5221 	5409 	5337
f 7421 	7202 	7201
f 5233 	5221 	5339
f 5212 	5229 	5114
f 5148 	5114 	5229
f 5372 	5439 	5366
f 2866 	2881 	3165
f 6268 	6269 	6693
f 6694 	6693 	6269
f 6269 	6270 	6694
f 6695 	6694 	6270
f 6270 	6696 	6695
f 3096 	3095 	2823
f 5398 	5396 	5323
f 5315 	5323 	5396
f 5393 	5315 	5396
f 5388 	5315 	5393
f 5384 	5316 	5388
f 5366 	5316 	5384
f 5362 	5443 	5372
f 5359 	5447 	5362
f 6272 	6273 	6697
f 6698 	6697 	6273
f 5463 	5459 	5423
f 5419 	5463 	5423
f 5414 	5463 	5419
f 5427 	5423 	5459
f 5431 	5427 	5456
f 6273 	6274 	6698
f 6699 	6274 	6684
f 6676 	6207 	6183
f 6678 	6676 	6183
f 5414 	5623 	5464
f 5623 	5620 	5464
f 5464 	5463 	5414
f 5351 	5431 	5456
f 5456 	5452 	5351
f 5359 	5351 	5452
f 5359 	5452 	5447
f 5443 	5362 	5447
f 5441 	5372 	5443
f 5439 	5372 	5441
f 5435 	5366 	5439
f 5315 	5388 	5316
f 5316 	5366 	5435
f 5488 	5391 	5307
f 6997 	7048 	6999
f 7056 	7059 	6999
f 2834 	3085 	3084
f 6679 	6678 	6188
f 5828 	5776 	5473
f 5970 	5473 	5776
f 5617 	5616 	5472
f 5459 	5456 	5427
f 3084 	3083 	2834
f 6680 	6679 	6188
f 6190 	6246 	6680
f 6681 	6680 	6246
f 5971 	5970 	5888
f 5888 	5884 	5971
f 5776 	5875 	5970
f 5875 	5888 	5970
f 2836 	3083 	3080
f 5883 	5896 	5971
f 6246 	6247 	6681
f 6682 	6681 	6247
f 5896 	5901 	5971
f 5884 	5883 	5971
f 6683 	6682 	6247
f 6683 	6247 	6249
f 7204 	7419 	7205
f 6683 	6249 	6692
f 5901 	5920 	5976
f 5976 	5971 	5901
f 7418 	7417 	7205
f 1925 	1545 	1547
f 7137 	7135 	7158
f 7160 	7158 	7135
f 5920 	5925 	5976
f 5620 	5617 	5472
f 1944 	1574 	1573
f 7360 	7265 	7268
f 7268 	7272 	7360
f 7370 	7360 	7272
f 5925 	5929 	5976
f 7276 	7378 	7272
f 5929 	5931 	5976
f 7015 	7018 	7096
f 7018 	7021 	7096
f 6997 	7096 	7031
f 7031 	7029 	6997
f 7029 	7039 	6997
f 7039 	7043 	6997
f 7048 	6997 	7043
f 7048 	7047 	6999
f 7056 	6999 	7047
f 7059 	6979 	6999
f 6979 	6981 	6999
f 7200 	7406 	7210
f 5931 	5934 	5976
f 7211 	7210 	7435
f 7436 	7435 	7210
f 7156 	7154 	7139
f 5934 	5937 	5979
f 1574 	1944 	1564
f 7435 	7434 	7211
f 7158 	7156 	7137
f 7139 	7137 	7156
f 5937 	5940 	5979
f 7212 	7434 	7213
f 5940 	5944 	5979
f 7096 	7082 	7015
f 5979 	5976 	5934
f 1583 	1953 	1582
f 7433 	7214 	7213
f 5983 	5979 	5948
f 5948 	5951 	5983
f 5944 	5946 	5979
f 7214 	7431 	7215
f 7431 	7430 	7215
f 7216 	7430 	7217
f 5946 	5948 	5979
f 5951 	6301 	5983
f 1946 	1571 	1570
f 7115 	7112 	7088
f 7090 	7088 	7112
f 7078 	7077 	7094
f 7096 	7094 	7082
f 7077 	7082 	7094
f 1573 	1571 	1946
f 7428 	7427 	7217
f 2853 	3135 	3133
f 7094 	7099 	7078
f 5860 	5839 	5473
f 5839 	5835 	5473
f 7094 	7090 	7101
f 7101 	7099 	7094
f 7106 	7104 	7090
f 7104 	7101 	7090
f 1554 	1927 	1547
f 5473 	5472 	5616
f 5835 	5828 	5473
f 5472 	5464 	5620
f 5616 	5860 	5473
f 7110 	7106 	7090
f 1573 	1945 	1944
f 7112 	7110 	7090
f 6006 	6382 	6002
f 1925 	1547 	1927
f 7118 	7115 	7088
f 2859 	3129 	2860
f 6009 	6382 	6006
f 1929 	1927 	1557
f 6015 	6382 	6009
f 2860 	3128 	2861
f 3127 	2861 	3128
f 6018 	6382 	6015
f 1934 	1929 	1560
f 6021 	6521 	6018
f 6024 	6521 	6021
f 6687 	6686 	6260
f 7224 	7455 	7454
f 2866 	3152 	2867
f 6688 	6687 	6260
f 6086 	6002 	6382
f 6620 	6521 	6024
f 6621 	6521 	6620
f 3151 	3150 	2867
f 1951 	1580 	1581
f 2868 	3150 	2869
f 6058 	6382 	6054
f 6061 	6382 	6058
f 3148 	2869 	3149
f 6691 	6690 	6266
f 1952 	1582 	1953
f 6065 	6382 	6061
f 6069 	6382 	6065
f 1954 	1953 	1590
f 1583 	1590 	1953
f 6266 	6168 	6691
f 6648 	6691 	6168
f 5240 	5417 	5237
f 6073 	6382 	6069
f 2848 	3148 	3141
f 1543 	1922 	1590
f 6076 	6382 	6073
f 3141 	3140 	2848
f 6080 	6382 	6076
f 7446 	7231 	7230
f 6086 	6382 	6083
f 5426 	5243 	5248
f 2851 	3140 	3137
f 7446 	7422 	7231
f 7422 	7201 	7231
f 5430 	5426 	5252
f 5248 	5252 	5426
f 3137 	3136 	2852
f 7127 	7130 	7162
f 7124 	7132 	7127
f 7121 	7118 	7088
f 7088 	7132 	7121
f 7124 	7121 	7132
f 7130 	7127 	7132
f 6080 	6083 	6382
f 3136 	3135 	2852
f 5434 	5255 	5256
f 6920 	6917 	6513
f 6294 	6382 	6293
f 5257 	5437 	5256
f 6917 	6914 	6515
f 5192 	5350 	5257
f 6914 	7012 	6522
f 6054 	6382 	6294
f 7275 	7376 	7277
f 3132 	3131 	2856
f 7012 	7006 	6524
f 2856 	3131 	3130
f 7379 	7278 	7277
f 6327 	6330 	5983
f 6301 	6327 	5983
f 7154 	7192 	7141
f 7356 	7264 	7265
f 6709 	6708 	6277
f 6333 	5987 	6330
f 7188 	7186 	7145
f 6708 	6707 	6277
f 6334 	5987 	6333
f 7359 	7267 	7266
f 5458 	5455 	5279
f 2823 	2861 	3096
f 7145 	7143 	7188
f 5987 	5983 	6330
f 5280 	5458 	5279
f 7190 	7188 	7143
f 7360 	7356 	7265
f 3151 	2867 	3152
f 6347 	6382 	6342
f 7192 	7190 	7143
f 7143 	7141 	7192
f 7141 	7139 	7154
f 6353 	6382 	6347
f 2868 	2867 	3150
f 7370 	7272 	7378
f 6356 	6382 	6353
f 3149 	2869 	3150
f 7162 	7130 	7163
f 6364 	6382 	6356
f 5230 	5411 	5286
f 7163 	4992 	7165
f 7165 	4992 	7167
f 6370 	6382 	6364
f 7361 	7269 	7359
f 7269 	7267 	7359
f 6701 	6700 	6285
f 7361 	7362 	7269
f 7167 	4989 	7169
f 6289 	6293 	6382
f 6370 	6374 	6382
f 6382 	5988 	6342
f 7169 	4989 	7171
f 7173 	7171 	5302
f 5411 	5230 	5235
f 3171 	2874 	3173
f 7175 	7173 	5302
f 5302 	7308 	7175
f 6374 	6289 	6382
f 7177 	7175 	7308
f 7179 	7177 	7308
f 5417 	5235 	5237
f 6700 	1420 	6285
f 3170 	2876 	3171
f 7363 	7372 	7271
f 7273 	7271 	7372
f 3169 	2877 	3170
f 7372 	7374 	7273
f 7274 	7376 	7275
f 6710 	6275 	1407
f 3166 	2879 	3168
f 2250 	2257 	7182
f 1959 	1625 	1623
f 2879 	3166 	3165
f 1625 	1959 	1627
f 6716 	6286 	6717
f 7151 	7149 	7184
f 1438 	7151 	7184
f 3152 	2866 	3165
f 6715 	6287 	6286
f 6715 	6286 	6716
f 7147 	7145 	7186
f 7186 	7184 	7147
f 6714 	6288 	6287
f 6714 	6287 	6715
f 7383 	7279 	7278
f 6713 	6290 	6288
f 6713 	6288 	6714
f 6712 	6291 	6290
f 6712 	6290 	6713
f 3186 	3180 	2887
f 6711 	6292 	6291
f 6711 	6291 	6712
f 7196 	7199 	7195
f 7197 	7199 	7196
f 7198 	7199 	7197
f 7200 	7227 	7199
f 7210 	7226 	7200
f 7211 	7226 	7210
f 7195 	7199 	7194
f 7194 	7199 	7193
f 5434 	5256 	5437
f 1635 	1633 	1974
f 2889 	3187 	2887
f 6276 	6292 	6711
f 1974 	1609 	1635
f 5350 	5437 	5257
f 6345 	6748 	6295
f 6721 	6295 	6748
f 6342 	5988 	6336
f 6336 	5987 	6334
f 5987 	6336 	5988
f 6720 	6296 	6295
f 6720 	6295 	6721
f 6719 	6297 	6296
f 6719 	6296 	6720
f 6718 	6298 	6297
f 6718 	6297 	6719
f 7401 	7284 	7283
f 1968 	1615 	1613
f 6717 	6299 	6298
f 6717 	6298 	6718
f 7203 	7199 	7202
f 7204 	7199 	7203
f 7205 	7199 	7204
f 7206 	7199 	7205
f 7207 	7199 	7206
f 7208 	7199 	7207
f 7209 	7199 	7208
f 7193 	7199 	7209
f 7202 	7199 	7201
f 7285 	7284 	7402
f 6286 	6299 	6717
f 1615 	1968 	1617
f 7285 	7402 	7286
f 7403 	7286 	7402
f 7286 	7403 	7287
f 7404 	7287 	7403
f 5991 	5988 	6382
f 6450 	6442 	6382
f 1617 	1967 	1620
f 7405 	7288 	7287
f 7405 	7287 	7404
f 6413 	6406 	6382
f 1963 	1621 	1620
f 1963 	1620 	1965
f 6415 	6413 	6382
f 5991 	6382 	6406
f 1963 	1622 	1621
f 7332 	7331 	7341
f 7224 	7225 	7216
f 6438 	6450 	6427
f 1622 	1961 	1623
f 1961 	1959 	1623
f 4344 	3278 	2913
f 6435 	6427 	6432
f 7411 	7195 	7194
f 1959 	1958 	1627
f 6438 	6427 	6435
f 1958 	1629 	1627
f 7196 	7195 	7410
f 7216 	7217 	7224
f 7217 	7218 	7224
f 7218 	7219 	7224
f 7223 	7224 	7219
f 7219 	7222 	7223
f 7222 	7221 	7223
f 7341 	7223 	7221
f 7221 	7220 	7341
f 7220 	7332 	7341
f 3276 	3275 	2916
f 6442 	6415 	6382
f 6382 	6427 	6450
f 7409 	7408 	7197
f 1539 	1911 	1633
f 1975 	1974 	1633
f 6725 	6303 	6304
f 7198 	7408 	7199
f 6473 	7485 	6469
f 6725 	6304 	6305
f 6477 	7485 	6473
f 5481 	5293 	5292
f 6479 	7485 	6477
f 1609 	1972 	1611
f 6481 	6483 	7485
f 5481 	5295 	5293
f 1969 	1613 	1611
f 1969 	1611 	1971
f 6483 	6485 	7485
f 5295 	5480 	5296
f 7228 	7199 	7227
f 7227 	7200 	7226
f 7211 	7212 	7226
f 7212 	7213 	7226
f 7229 	7199 	7228
f 7230 	7199 	7229
f 7231 	7199 	7230
f 7201 	7199 	7231
f 7225 	7226 	7213
f 1968 	1613 	1969
f 5479 	5298 	5296
f 6487 	6427 	6485
f 6427 	7485 	6485
f 6432 	6427 	6487
f 6479 	6481 	7485
f 1570 	1947 	1946
f 6511 	6866 	6509
f 1945 	1573 	1946
f 5489 	5306 	5305
f 6514 	6864 	6511
f 5306 	5489 	5307
f 5488 	5307 	5489
f 1922 	1543 	1545
f 6516 	6916 	6514
f 5495 	5310 	5298
f 5495 	5494 	5310
f 7155 	7157 	7138
f 6532 	7064 	6528
f 6528 	7072 	6525
f 4557 	4562 	6812
f 6525 	7011 	6523
f 1554 	1557 	1927
f 7193 	7414 	7413
f 1557 	1560 	1929
f 1564 	1938 	1560
f 1934 	1560 	1938
f 7413 	7194 	7193
f 7525 	7293 	7292
f 6821 	4576 	6812
f 6827 	4579 	6825
f 4573 	4557 	6812
f 6828 	7310 	6827
f 7541 	7296 	7540
f 6741 	6321 	6322
f 7197 	7410 	7409
f 6841 	7310 	6828
f 1581 	1582 	1951
f 6849 	7310 	6841
f 6323 	6741 	6322
f 7198 	7197 	7408
f 6855 	7310 	6849
f 6825 	4579 	6821
f 6858 	6861 	7310
f 1954 	1590 	1922
f 7200 	7199 	7406
f 1570 	1629 	1947
f 6855 	6858 	7310
f 6893 	6900 	6891
f 4579 	6827 	7310
f 1922 	1545 	1923
f 7326 	7325 	7336
f 1923 	1545 	1925
f 7336 	7337 	7326
f 6811 	6509 	6866
f 6866 	6511 	6864
f 7203 	7202 	7420
f 7203 	7420 	7204
f 6882 	7310 	6870
f 7418 	7205 	7419
f 6885 	7310 	6882
f 7309 	7328 	7337
f 6889 	7310 	6885
f 3180 	2883 	2884
f 2884 	2887 	3180
f 6861 	6870 	7310
f 1564 	1944 	1938
f 6891 	6900 	6889
f 3186 	2887 	3187
f 1949 	1878 	1580
f 2889 	2890 	3187
f 3191 	3187 	2890
f 1951 	1949 	1580
f 6894 	6933 	6900
f 7330 	7329 	7334
f 3196 	3191 	2890
f 3196 	2890 	2892
f 6947 	6951 	6900
f 6937 	6941 	6900
f 3196 	2892 	2894
f 6900 	6902 	7310
f 7436 	7210 	7406
f 3203 	2894 	2897
f 6902 	4581 	7310
f 7292 	7291 	7525
f 7320 	7319 	7334
f 7319 	7318 	7334
f 2897 	2900 	3203
f 3205 	3203 	2900
f 1975 	1633 	1911
f 6893 	6894 	6900
f 7310 	6889 	6900
f 4581 	4579 	7310
f 7321 	7320 	7335
f 7334 	7335 	7320
f 2903 	3208 	2900
f 3205 	2900 	3208
f 7212 	7211 	7434
f 7322 	7321 	7335
f 6916 	6516 	6911
f 3217 	3208 	2903
f 3217 	2903 	2904
f 7335 	7336 	7323
f 7323 	7322 	7335
f 1609 	1974 	1972
f 7433 	7213 	7434
f 7295 	7294 	7540
f 6919 	6514 	6916
f 2904 	2906 	3217
f 3252 	3217 	2906
f 1971 	1611 	1972
f 7295 	7540 	7296
f 6864 	6514 	6919
f 7311 	7309 	7337
f 7328 	7327 	7337
f 7327 	7326 	7337
f 7325 	7324 	7336
f 7324 	7323 	7336
f 2908 	3252 	2906
f 7541 	7546 	7296
f 6424 	6486 	7329
f 7216 	7215 	7430
f 6941 	6943 	6900
f 6933 	6937 	6900
f 1617 	1968 	1967
f 7428 	7217 	7430
f 1965 	1620 	1967
f 7318 	7330 	7334
f 7333 	7334 	7329
f 7347 	7333 	7329
f 6484 	6482 	7329
f 6951 	6961 	6900
f 6943 	6947 	6900
f 1962 	1622 	1963
f 7337 	7338 	7311
f 1622 	1962 	1961
f 7302 	7301 	7551
f 6973 	6897 	6961
f 6962 	6897 	6968
f 6956 	6897 	6962
f 6968 	6897 	6973
f 6897 	6900 	6961
f 7554 	7305 	7304
f 1957 	1629 	1958
f 2915 	2913 	3278
f 6988 	6985 	6993
f 7306 	7305 	7555
f 7312 	7311 	7338
f 7313 	7312 	7338
f 7338 	7339 	7313
f 7314 	7313 	7339
f 7315 	7314 	7339
f 7316 	7315 	7339
f 7339 	7340 	7316
f 7317 	7316 	7340
f 7214 	7215 	7225
f 7213 	7214 	7225
f 7215 	7216 	7225
f 7331 	7317 	7340
f 7340 	7341 	7331
f 1957 	1947 	1629
f 7221 	7424 	7220
f 7423 	7220 	7424
f 7289 	7282 	7521
f 7222 	7424 	7221
f 6988 	6993 	6990
f 6956 	6990 	6897
f 6897 	6990 	6993
f 6980 	6993 	6982
f 6985 	6982 	6993
f 6978 	6998 	6980
f 7521 	7290 	7289
f 3276 	2916 	2915
f 6480 	6478 	7329
f 6482 	6480 	7329
f 7346 	7329 	7345
f 7347 	7329 	7346
f 7524 	7291 	7290
f 6993 	6980 	6998
f 6978 	7058 	6998
f 7351 	7391 	7348
f 7011 	6525 	7004
f 6911 	6523 	7011
f 2917 	2916 	3275
f 7033 	6996 	7027
f 2917 	3275 	2918
f 3273 	2918 	3275
f 7348 	7392 	7349
f 7349 	7393 	7350
f 7377 	7390 	7351
f 7350 	7342 	6458
f 2919 	2918 	3273
f 7055 	6998 	7058
f 7049 	6998 	7046
f 7055 	7046 	6998
f 7042 	6996 	7049
f 7038 	6996 	7042
f 7027 	6996 	7038
f 7019 	7095 	7033
f 7017 	7095 	7019
f 6998 	7049 	6996
f 3269 	2921 	2920
f 3268 	2922 	3269
f 2921 	3269 	2922
f 7072 	6528 	7064
f 3268 	3173 	2922
f 7004 	6525 	7072
f 3176 	1780 	2883
f 7092 	7095 	7083
f 7076 	7079 	7092
f 7083 	7076 	7092
f 6751 	6750 	6341
f 3180 	3176 	2883
f 7300 	7549 	7301
f 1677 	2002 	1679
f 7550 	7551 	7301
f 7089 	7114 	7086
f 7551 	7303 	7302
f 6996 	7033 	7095
f 7017 	7014 	7095
f 7014 	7083 	7095
f 7092 	7102 	7089
f 7111 	7114 	7089
f 7119 	7086 	7116
f 1658 	1996 	1659
f 7079 	7100 	7092
f 1993 	1660 	1659
f 7102 	7092 	7100
f 3199 	3196 	2894
f 1992 	1661 	1660
f 1992 	1660 	1993
f 7105 	7089 	7102
f 3203 	3199 	2894
f 7107 	7089 	7105
f 7554 	7555 	7305
f 1661 	1992 	1662
f 1991 	1662 	1992
f 7111 	7089 	7107
f 5358 	5515 	5346
f 7555 	7307 	7306
f 1990 	1648 	1662
f 1990 	1662 	1991
f 7116 	7086 	7114
f 5515 	5347 	5346
f 1990 	1989 	1649
f 1990 	1649 	1648
f 6724 	6302 	6303
f 7264 	7356 	7357
f 7122 	7086 	7119
f 6725 	6724 	6303
f 7357 	7358 	7266
f 7357 	7266 	7264
f 1989 	1650 	1649
f 7128 	7131 	7125
f 7358 	7359 	7266
f 3254 	3252 	2908
f 1652 	1651 	1986
f 3080 	3254 	2836
f 2908 	2836 	3254
f 1986 	1653 	1652
f 7455 	7224 	7223
f 7455 	7223 	7456
f 7086 	7122 	7131
f 7129 	7131 	7128
f 7125 	7131 	7122
f 7174 	5301 	7172
f 7178 	5299 	7176
f 5532 	5367 	5380
f 7148 	7150 	2256
f 6728 	6306 	6307
f 7270 	7269 	7362
f 2262 	2256 	7150
f 5369 	5367 	5532
f 2266 	2262 	7150
f 7362 	7363 	7271
f 7362 	7271 	7270
f 7226 	7225 	7453
f 7150 	7152 	2266
f 7429 	7437 	7479
f 7473 	7474 	7437
f 7476 	7479 	7437
f 7475 	7476 	7437
f 7474 	7475 	7437
f 1673 	1671 	2006
f 2008 	2006 	1671
f 2269 	2266 	7152
f 7453 	7452 	7226
f 7227 	7226 	7452
f 5371 	5530 	5373
f 7397 	7399 	7381
f 7479 	7381 	7429
f 7152 	2110 	2269
f 1673 	2006 	1675
f 2005 	1675 	2006
f 2274 	2269 	2110
f 2005 	1677 	1675
f 5529 	5374 	5373
f 2278 	2274 	2110
f 7396 	7397 	7381
f 2110 	2114 	2278
f 7274 	7273 	7374
f 2915 	3278 	3277
f 2282 	2278 	2114
f 7381 	7382 	7371
f 7371 	7396 	7381
f 7374 	7376 	7274
f 3277 	3276 	2915
f 7385 	7386 	7355
f 7375 	7389 	7377
f 2114 	2117 	2282
f 1659 	1996 	1995
f 7379 	7277 	7376
f 5525 	5378 	5377
f 3273 	3271 	2919
f 7380 	7278 	7379
f 1995 	1993 	1659
f 7134 	7136 	7159
f 2920 	2919 	3270
f 3271 	3270 	2919
f 7069 	7246 	7378
f 6532 	7134 	7060
f 3270 	3269 	2920
f 5311 	5310 	5494
f 7064 	6532 	7060
f 7159 	7060 	7134
f 7157 	7159 	7136
f 7380 	7383 	7278
f 7373 	7388 	7375
f 7399 	7429 	7381
f 7366 	7367 	7382
f 7352 	7364 	7384
f 7384 	7385 	7353
f 7355 	7353 	7385
f 7369 	7355 	7386
f 7386 	7387 	7369
f 7369 	7387 	7373
f 7388 	7373 	7387
f 7389 	7375 	7388
f 7390 	7377 	7389
f 7391 	7351 	7390
f 7392 	7348 	7391
f 7393 	7349 	7392
f 7342 	7350 	7393
f 7343 	6458 	7342
f 7164 	7129 	7161
f 7128 	7161 	7129
f 7451 	7228 	7452
f 7227 	7452 	7228
f 7383 	7394 	7280
f 7166 	4991 	7164
f 7394 	7395 	7281
f 7394 	7281 	7280
f 1989 	1988 	1650
f 7228 	7451 	7229
f 7450 	7229 	7451
f 5494 	5335 	5311
f 7168 	4991 	7166
f 7395 	7398 	7282
f 7395 	7282 	7281
f 1651 	1650 	1987
f 1988 	1987 	1650
f 6307 	6308 	6728
f 7229 	7450 	7230
f 7448 	7230 	7450
f 7170 	4987 	7168
f 1987 	1986 	1651
f 7230 	7448 	7446
f 1653 	1986 	1984
f 7172 	4987 	7170
f 1984 	1983 	1655
f 1984 	1655 	1653
f 7283 	7307 	7400
f 7176 	5299 	7174
f 5322 	5321 	5506
f 1983 	1671 	1655
f 7400 	7401 	7283
f 5506 	5326 	5322
f 1983 	2008 	1671
f 2256 	2248 	7148
f 7191 	7153 	7142
f 1677 	2005 	2004
f 2004 	2002 	1677
f 5328 	5503 	5329
f 7136 	7138 	7157
f 7153 	7155 	7140
f 5502 	5330 	5329
f 7282 	7398 	7521
f 7138 	7140 	7155
f 7140 	7142 	7153
f 7408 	7409 	7407
f 7409 	7410 	7407
f 7410 	7411 	7407
f 7411 	7412 	7407
f 7412 	7413 	7407
f 7413 	7414 	7407
f 7414 	7415 	7407
f 7291 	7524 	7525
f 7529 	7294 	7293
f 7452 	7453 	7406
f 7436 	7406 	7453
f 7406 	7407 	7452
f 7435 	7436 	7453
f 7434 	7435 	7453
f 7433 	7434 	7453
f 7453 	7454 	7433
f 7201 	7422 	7421
f 5354 	5519 	5355
f 5518 	5357 	5355
f 7419 	7204 	7420
f 7425 	7456 	7424
f 7297 	7546 	7298
f 7206 	7205 	7417
f 6744 	6324 	6325
f 7547 	7299 	7298
f 7469 	7470 	7437
f 7449 	7469 	7437
f 7470 	7471 	7437
f 7472 	7473 	7437
f 7416 	7207 	7417
f 7549 	7300 	7299
f 7446 	7448 	7407
f 7422 	7446 	7407
f 7421 	7422 	7407
f 7420 	7421 	7407
f 7448 	7450 	7407
f 7419 	7420 	7407
f 7418 	7419 	7407
f 7417 	7418 	7407
f 7416 	7417 	7407
f 7415 	7416 	7407
f 7450 	7451 	7407
f 7451 	7452 	7407
f 7550 	7301 	7549
f 7416 	7415 	7207
f 6325 	6326 	6744
f 7432 	7433 	7454
f 7431 	7432 	7454
f 7430 	7431 	7454
f 7454 	7455 	7430
f 7428 	7430 	7455
f 7427 	7428 	7455
f 7455 	7456 	7426
f 7425 	7426 	7456
f 2874 	2922 	3173
f 7459 	7460 	7492
f 2037 	1745 	1743
f 5321 	5336 	5507
f 7491 	7492 	7460
f 3295 	3294 	2929
f 3295 	2929 	2944
f 1746 	1745 	2037
f 7460 	7461 	7491
f 5507 	5506 	5321
f 3294 	3293 	2931
f 3294 	2931 	2929
f 7461 	7462 	7491
f 3293 	3291 	2933
f 3293 	2933 	2931
f 7462 	7463 	7491
f 7490 	7491 	7463
f 3291 	3290 	2934
f 3291 	2934 	2933
f 6306 	6728 	6727
f 3290 	3289 	2935
f 3290 	2935 	2934
f 3289 	3288 	2937
f 3289 	2937 	2935
f 6308 	6729 	6728
f 7490 	7463 	7464
f 3288 	3287 	2938
f 3288 	2938 	2937
f 3287 	3286 	2939
f 3287 	2939 	2938
f 7438 	7439 	7437
f 7437 	7439 	7440
f 7437 	7440 	7441
f 7437 	7441 	7442
f 7437 	7442 	7443
f 7437 	7443 	7444
f 7437 	7444 	7445
f 7437 	7445 	7447
f 7437 	7447 	7449
f 7471 	7472 	7437
f 3286 	3285 	2940
f 3286 	2940 	2939
f 7294 	7529 	7540
f 3285 	3284 	2941
f 3285 	2941 	2940
f 3284 	3283 	2942
f 3284 	2942 	2941
f 3283 	3282 	2943
f 3283 	2943 	2942
f 7478 	7480 	7494
f 3282 	3312 	2943
f 7494 	7495 	7478
f 7354 	7371 	7382
f 7367 	7368 	7382
f 7368 	7354 	7382
f 7382 	7384 	7366
f 7365 	7366 	7384
f 7364 	7365 	7384
f 3312 	2951 	2943
f 7353 	7352 	7384
f 7547 	7298 	7546
f 7194 	7413 	7412
f 7482 	7483 	7493
f 7412 	7411 	7194
f 1996 	1658 	1695
f 7483 	7484 	7493
f 5354 	5353 	5519
f 7484 	7457 	7493
f 1328 	1363 	1752
f 1752 	1763 	1328
f 1750 	1752 	1363
f 1363 	1392 	1750
f 1392 	1412 	1750
f 7457 	7458 	7493
f 7480 	7481 	7494
f 5518 	5355 	5519
f 7492 	7493 	7458
f 695 	700 	693
f 700 	704 	693
f 689 	693 	704
f 689 	704 	711
f 764 	766 	733
f 733 	736 	764
f 7199 	7408 	7407
f 7458 	7459 	7492
f 7407 	7406 	7199
f 7500 	7501 	6469
f 5358 	5516 	5515
f 1718 	1717 	2027
f 7468 	7477 	7495
f 736 	738 	760
f 758 	760 	738
f 662 	665 	748
f 1763 	748 	665
f 665 	677 	1763
f 677 	1328 	1763
f 7553 	7554 	7304
f 7465 	7496 	7486
f 7477 	7478 	7495
f 7486 	7496 	7485
f 7493 	7494 	7482
f 7481 	7482 	7494
f 7556 	7307 	7555
f 770 	776 	717
f 717 	725 	770
f 766 	770 	725
f 776 	778 	717
f 715 	717 	778
f 778 	780 	715
f 711 	715 	780
f 725 	730 	766
f 689 	711 	780
f 730 	733 	766
f 760 	764 	736
f 7556 	7400 	7307
f 7488 	7489 	7487
f 5512 	5533 	5349
f 6729 	6308 	6309
f 7523 	7290 	7521
f 7523 	7524 	7290
f 6731 	6309 	6310
f 7206 	7417 	7207
f 5369 	5530 	5371
f 7423 	7489 	7488
f 7464 	7487 	7490
f 7490 	7487 	7489
f 7424 	7489 	7423
f 7426 	7427 	7455
f 7489 	7424 	7456
f 7467 	7468 	7495
f 7495 	7496 	7467
f 7466 	7467 	7496
f 7465 	7466 	7496
f 7497 	7485 	7496
f 6310 	6312 	6731
f 3312 	3311 	2952
f 3312 	2952 	2951
f 7293 	7525 	7526
f 3311 	3310 	2953
f 3311 	2953 	2952
f 5529 	5373 	5530
f 7526 	7529 	7293
f 3310 	3309 	2954
f 3310 	2954 	2953
f 3309 	3308 	2955
f 3309 	2955 	2954
f 2015 	1690 	1689
f 7498 	7485 	7497
f 7499 	7485 	7498
f 7500 	7485 	7499
f 6466 	6469 	7501
f 7502 	6466 	7501
f 6734 	6733 	6315
f 3308 	3306 	2956
f 3308 	2956 	2955
f 1690 	2015 	1692
f 3306 	3320 	2956
f 7503 	7527 	7506
f 3320 	2962 	2956
f 6316 	6735 	6315
f 6734 	6315 	6735
f 7297 	7296 	7546
f 7506 	6457 	7503
f 3320 	3318 	2963
f 3320 	2963 	2962
f 3318 	3316 	2964
f 3318 	2964 	2963
f 6317 	6736 	6316
f 5525 	5377 	5376
f 3316 	3315 	2966
f 3316 	2966 	2964
f 3122 	2966 	3404
f 3315 	3404 	2966
f 7505 	7506 	7527
f 7527 	7528 	7505
f 6466 	7502 	6457
f 7502 	7503 	6457
f 7485 	7500 	6469
f 3521 	2970 	3328
f 3328 	2970 	2973
f 3328 	2973 	3329
f 3329 	2973 	2977
f 3329 	2977 	3331
f 6739 	6319 	6320
f 7519 	7520 	7533
f 3331 	2977 	3026
f 3331 	3026 	3336
f 3336 	3026 	3028
f 3336 	3028 	3366
f 6320 	6300 	6739
f 6300 	6722 	6739
f 2027 	1717 	1716
f 3366 	3028 	3032
f 3366 	3032 	3369
f 7536 	7537 	7509
f 7516 	7518 	7535
f 7534 	7535 	7518
f 7518 	7519 	7534
f 7533 	7534 	7519
f 7532 	7533 	7520
f 3369 	3032 	3058
f 3369 	3058 	3371
f 7303 	7552 	7304
f 3371 	3058 	3062
f 3371 	3062 	3373
f 7509 	7516 	7536
f 7535 	7536 	7516
f 7520 	7522 	7532
f 3373 	3062 	3067
f 3373 	3067 	3377
f 5422 	5240 	5243
f 3377 	3067 	3070
f 3377 	3070 	3380
f 2024 	1720 	1719
f 5243 	5426 	5422
f 3380 	3070 	3072
f 3380 	3072 	3382
f 1721 	1720 	2024
f 7507 	7504 	7530
f 3388 	3382 	3094
f 3072 	3094 	3382
f 7528 	7530 	7504
f 7504 	7505 	7528
f 7530 	7531 	7507
f 2022 	1722 	1721
f 5430 	5252 	5255
f 3388 	3094 	3099
f 3388 	3099 	3389
f 3389 	3099 	3103
f 3389 	3103 	3391
f 1723 	1722 	2022
f 3391 	3103 	3107
f 3391 	3107 	3392
f 1723 	2021 	1724
f 1696 	1709 	1654
f 1709 	1715 	1371
f 7531 	7532 	7522
f 7522 	7507 	7531
f 7545 	7517 	7539
f 7538 	7539 	7517
f 7517 	7510 	7538
f 7510 	7511 	7538
f 7511 	7512 	7538
f 7544 	7545 	7539
f 7543 	7544 	7539
f 7542 	7543 	7539
f 7539 	647 	7542
f 1743 	2038 	2037
f 7515 	7508 	7537
f 7514 	7515 	7537
f 7508 	7509 	7537
f 7513 	7514 	7537
f 7537 	7538 	7513
f 1746 	2037 	2036
f 5446 	5264 	5448
f 6746 	6328 	6331
f 1747 	1746 	2036
f 5271 	5451 	5268
f 6727 	6331 	6306
f 2034 	1748 	1747
f 5455 	5271 	5276
f 2033 	1749 	1748
f 2033 	1748 	2034
f 7547 	7548 	7299
f 5276 	5279 	5455
f 2033 	2032 	1749
f 1751 	1749 	2032
f 640 	635 	586
f 586 	582 	640
f 582 	579 	640
f 579 	576 	640
f 576 	572 	640
f 647 	640 	572
f 572 	567 	647
f 567 	563 	647
f 563 	7542 	647
f 7512 	7513 	7538
f 7548 	7549 	7299
f 7433 	7432 	7214
f 5280 	5462 	5458
f 6751 	6341 	6340
f 2032 	1711 	1751
f 6343 	6341 	6750
f 7432 	7431 	7214
f 5468 	5462 	5280
f 5468 	5280 	5285
f 6750 	6344 	6343
f 7551 	7552 	7303
f 5285 	5286 	5468
f 5470 	5468 	5286
f 615 	610 	619
f 625 	619 	610
f 610 	608 	625
f 630 	625 	608
f 608 	601 	630
f 635 	630 	601
f 596 	594 	635
f 594 	592 	635
f 592 	586 	635
f 601 	596 	635
f 1687 	2017 	1689
f 7553 	7304 	7552
f 2015 	1689 	2016
f 5411 	5470 	5286
f 7427 	7426 	7219
f 1071 	1068 	1263
f 1086 	1080 	1252
f 1068 	1236 	1263
f 1274 	1263 	1236
f 1091 	1086 	1252
f 6300 	6302 	6722
f 6723 	6722 	6302
f 5413 	5411 	5235
f 6724 	6723 	6302
f 5417 	5413 	5235
f 1109 	1107 	1112
f 1112 	1107 	1122
f 1122 	1101 	1126
f 1126 	1318 	1128
f 1132 	1128 	1313
f 1101 	1122 	1107
f 1318 	1126 	1101
f 1313 	1128 	1318
f 1313 	1301 	1132
f 5420 	5417 	5240
f 6726 	6725 	6305
f 5422 	5420 	5240
f 7425 	7424 	7222
f 1711 	2032 	2030
f 6208 	6726 	6305
f 1711 	2030 	1713
f 1229 	1274 	1236
f 1206 	1132 	1295
f 1301 	1295 	1132
f 1295 	1292 	1206
f 7222 	7219 	7425
f 7426 	7425 	7219
f 5433 	5430 	5255
f 5434 	5433 	5255
f 2029 	2028 	1713
f 7223 	7341 	7456
f 5291 	5264 	5483
f 1217 	1206 	1292
f 1280 	1220 	1292
f 1217 	1292 	1220
f 1220 	1280 	1229
f 1274 	1229 	1280
f 1263 	1258 	1071
f 1080 	1071 	1258
f 1252 	1080 	1258
f 2217 	2211 	2031
f 3392 	3107 	3108
f 3392 	3108 	3394
f 5268 	5448 	5264
f 3394 	3108 	3111
f 3394 	3111 	3396
f 5448 	5268 	5451
f 2053 	2056 	2195
f 3396 	3111 	3113
f 3396 	3113 	3397
f 1718 	2026 	1719
f 3397 	3113 	3116
f 3397 	3116 	3398
f 5271 	5455 	5451
f 2056 	2059 	2195
f 1719 	2025 	2024
f 3398 	3116 	3119
f 3398 	3119 	3399
f 2198 	2195 	2079
f 2059 	2079 	2195
f 2023 	1721 	2024
f 3404 	3402 	3123
f 3404 	3123 	3122
f 2079 	2086 	2198
f 1721 	2023 	2022
f 3402 	3401 	3124
f 3402 	3124 	3123
f 2086 	2087 	2198
f 6733 	6312 	6314
f 3401 	3415 	3124
f 2021 	1723 	2022
f 3405 	3399 	3134
f 3119 	3134 	3399
f 2203 	2198 	2087
f 3405 	3134 	3142
f 3405 	3142 	3406
f 6314 	6315 	6733
f 3406 	3142 	3145
f 3406 	3145 	3408
f 5446 	5483 	5264
f 3408 	3145 	3146
f 3408 	3146 	3409
f 3167 	3409 	3146
f 5292 	5291 	5482
f 5483 	5482 	5291
f 3415 	3153 	3124
f 1687 	1724 	2017
f 2031 	1094 	2217
f 2039 	2031 	2211
f 1094 	1091 	2217
f 1252 	2217 	1091
f 2211 	2203 	2039
f 2052 	2039 	2203
f 3415 	3414 	3154
f 3415 	3154 	3153
f 6735 	6316 	6736
f 5482 	5481 	5292
f 2016 	1689 	2017
f 3414 	3421 	3154
f 1374 	1371 	1715
f 3167 	3422 	3409
f 5295 	5481 	5480
f 3421 	3160 	3154
f 1692 	2015 	2014
f 5479 	5296 	5480
f 2286 	2282 	2119
f 3421 	3420 	3162
f 3421 	3162 	3160
f 1715 	1730 	1395
f 1395 	1381 	1715
f 1692 	2014 	1694
f 2013 	1694 	2014
f 5298 	5479 	5478
f 3420 	3419 	3163
f 3420 	3163 	3162
f 2119 	2122 	2286
f 3419 	3418 	3164
f 3419 	3164 	3163
f 1695 	1694 	2012
f 2013 	2012 	1694
f 2125 	2127 	2286
f 2117 	2119 	2282
f 3418 	3426 	3164
f 1401 	1399 	1730
f 1399 	1395 	1730
f 2122 	2125 	2286
f 2012 	1996 	1695
f 3167 	1212 	3422
f 5304 	5524 	5491
f 2186 	2286 	2127
f 3426 	3174 	3164
f 3426 	3425 	3175
f 3426 	3175 	3174
f 5305 	5304 	5490
f 5491 	5490 	5304
f 1737 	1750 	1426
f 1426 	1415 	1737
f 1415 	1406 	1737
f 1730 	1737 	1406
f 1406 	1401 	1730
f 1412 	1426 	1750
f 3425 	3434 	3179
f 3425 	3179 	3175
f 5490 	5489 	5305
f 2186 	2127 	2131
f 2043 	2050 	2191
f 2029 	1713 	2030
f 6317 	6318 	6736
f 6737 	6736 	6318
f 3434 	3433 	3181
f 3434 	3181 	3179
f 1716 	1713 	2028
f 3433 	3432 	3182
f 3433 	3182 	3181
f 2137 	2186 	2131
f 6319 	6738 	6318
f 6737 	6318 	6738
f 3432 	3431 	3183
f 3432 	3183 	3182
f 2141 	2186 	2137
f 1716 	2028 	2027
f 3190 	3183 	3431
f 2145 	2186 	2141
f 6319 	6739 	6738
f 1718 	2027 	2026
f 3431 	3444 	3190
f 2150 	2187 	2145
f 3444 	3443 	3192
f 3444 	3192 	3190
f 2025 	1719 	2026
f 2157 	2187 	2153
f 3443 	3442 	3193
f 3443 	3193 	3192
f 3442 	3441 	3194
f 3442 	3194 	3193
f 3441 	3440 	3195
f 3441 	3195 	3194
f 3222 	3195 	3440
f 3449 	3447 	3197
f 3449 	3197 	3200
f 2195 	2191 	2053
f 2051 	2053 	2191
f 2050 	2051 	2191
f 2153 	2187 	2150
f 3451 	3449 	3200
f 3451 	3200 	3202
f 2020 	1724 	2021
f 3452 	3451 	3202
f 3452 	3202 	3204
f 1724 	2020 	2017
f 3452 	3204 	3206
f 3452 	3206 	3457
f 3457 	3206 	3209
f 3457 	3209 	3464
f 6745 	6744 	6326
f 2085 	2052 	2203
f 2087 	2085 	2203
f 2163 	2166 	2190
f 2166 	2043 	2190
f 2157 	2163 	2190
f 2187 	2157 	2190
f 2186 	2145 	2187
f 3464 	3209 	3210
f 3464 	3210 	3465
f 3465 	3210 	3212
f 3465 	3212 	3469
f 6328 	6746 	6326
f 6745 	6326 	6746
f 3469 	3212 	3214
f 3469 	3214 	3471
f 5328 	5327 	5503
f 2035 	1747 	2036
f 7149 	7147 	7184
f 3471 	3214 	3215
f 3471 	3215 	3473
f 5502 	5329 	5503
f 2034 	1747 	2035
f 7485 	6424 	7329
f 2191 	2190 	2043
f 7142 	7144 	7191
f 2243 	3025 	7146
f 7181 	7144 	3027
f 7144 	7146 	3027
f 3025 	3027 	7146
f 7181 	7183 	7144
f 7183 	7185 	7144
f 2243 	2234 	3025
f 7330 	7485 	7329
f 7184 	2267 	1438
f 7318 	7465 	7330
f 3440 	3490 	3222
f 2275 	2279 	1438
f 2271 	2275 	1438
f 3490 	3489 	3223
f 3490 	3223 	3222
f 2234 	2228 	3024
f 7347 	7497 	7333
f 1501 	1442 	2283
f 3489 	3487 	3224
f 3489 	3224 	3223
f 3024 	3025 	2234
f 2044 	1743 	1761
f 2038 	1743 	2044
f 7334 	7333 	7497
f 3487 	3486 	3225
f 3487 	3225 	3224
f 3018 	3024 	2228
f 1679 	2002 	1753
f 2042 	1753 	2002
f 3486 	3485 	3226
f 3486 	3226 	3225
f 2248 	2243 	7146
f 2283 	2287 	1508
f 2042 	2041 	1754
f 2042 	1754 	1753
f 3485 	3484 	3227
f 3485 	3227 	3226
f 2041 	2040 	1757
f 2041 	1757 	1754
f 3484 	3483 	3228
f 3484 	3228 	3227
f 1768 	1757 	2040
f 3483 	3482 	3229
f 3483 	3229 	3228
f 7187 	7189 	7144
f 7189 	7191 	7144
f 7146 	7148 	2248
f 2716 	2044 	1761
f 7493 	7492 	7337
f 1518 	1513 	2287
f 3482 	3481 	3230
f 3482 	3230 	3229
f 2040 	2049 	1768
f 1513 	1508 	2287
f 3481 	3480 	3231
f 3481 	3231 	3230
f 2049 	2048 	1769
f 2049 	1769 	1768
f 5358 	5357 	5516
f 3071 	3076 	3393
f 2048 	2047 	1770
f 2048 	1770 	1769
f 1519 	1518 	2287
f 3317 	3231 	3535
f 3480 	3535 	3231
f 2047 	2046 	1772
f 2047 	1772 	1770
f 2287 	1688 	1519
f 2046 	2045 	1774
f 2046 	1774 	1772
f 3473 	3215 	3234
f 2045 	7 	11
f 2045 	11 	1774
f 1508 	1501 	2283
f 1520 	1519 	1688
f 3081 	3100 	3393
f 3493 	3234 	3236
f 3076 	3081 	3393
f 3105 	3109 	3393
f 3395 	3393 	3109
f 3109 	3114 	3395
f 3114 	3118 	3395
f 5512 	5349 	5513
f 3118 	3002 	3395
f 3002 	3009 	3395
f 2228 	3395 	3009
f 3009 	3018 	2228
f 7185 	7187 	7144
f 5336 	5335 	5508
f 3272 	3280 	3386
f 6730 	6729 	6309
f 3280 	3047 	3386
f 3251 	3381 	3247
f 3047 	3053 	3386
f 5336 	5508 	5507
f 6731 	6730 	6309
f 3390 	3386 	3053
f 3053 	3057 	3390
f 3057 	3063 	3390
f 6732 	6731 	6312
f 3063 	3071 	3390
f 5326 	5506 	5505
f 6312 	6733 	6732
f 3393 	3390 	3071
f 3100 	3105 	3393
f 3251 	3256 	3381
f 5504 	5327 	5505
f 1602 	1520 	1688
f 1606 	1602 	1688
f 1618 	1606 	1688
f 3345 	3344 	3368
f 3344 	3341 	3368
f 3341 	3330 	3372
f 3330 	3326 	3372
f 3314 	3375 	3326
f 3314 	3313 	3375
f 3313 	3296 	3375
f 3244 	3378 	3292
f 3292 	3378 	3296
f 3349 	3345 	3368
f 3247 	3378 	3244
f 1688 	1696 	1618
f 1637 	1618 	1696
f 1640 	1637 	1696
f 1654 	1640 	1696
f 3378 	3247 	3381
f 3386 	3383 	3266
f 3383 	3381 	3256
f 3259 	3263 	3383
f 3256 	3259 	3383
f 3263 	3266 	3383
f 3368 	3341 	3372
f 3372 	3326 	3375
f 3375 	3296 	3378
f 3940 	3937 	3961
f 3266 	3272 	3386
f 3368 	3364 	3349
f 3358 	3349 	3364
f 1669 	1663 	1709
f 1663 	1654 	1709
f 1381 	1374 	1715
f 748 	753 	658
f 654 	658 	753
f 658 	662 	748
f 753 	758 	654
f 652 	654 	758
f 738 	652 	758
f 3526 	3525 	3298
f 3927 	3925 	3963
f 3925 	3920 	3963
f 3920 	3917 	3963
f 3917 	3916 	3963
f 3361 	3963 	3916
f 3916 	3915 	3361
f 3915 	3914 	3361
f 3914 	3728 	3361
f 3364 	3361 	3728
f 3728 	3727 	3364
f 3727 	3358 	3364
f 5330 	5502 	5500
f 3948 	3943 	3953
f 3943 	3940 	3953
f 3959 	3953 	3940
f 3961 	3959 	3940
f 3963 	3961 	3935
f 3935 	3930 	3963
f 3930 	3927 	3963
f 3937 	3935 	3961
f 3987 	3990 	5154
f 5500 	5499 	5331
f 5500 	5331 	5330
f 3990 	3992 	5154
f 3992 	3996 	5154
f 3973 	3977 	5154
f 5155 	5154 	3996
f 3522 	3520 	3302
f 4000 	4008 	5155
f 4008 	5106 	5155
f 2244 	2314 	2235
f 2263 	7184 	2257
f 2267 	7184 	2263
f 7182 	2257 	7184
f 2271 	1438 	2267
f 1442 	1438 	2279
f 1371 	1669 	1709
f 2279 	2283 	1442
f 5106 	5109 	5155
f 5159 	5155 	5109
f 7480 	7478 	7324
f 5183 	5159 	5109
f 5499 	5520 	5331
f 5109 	5123 	5183
f 5178 	5183 	5123
f 7480 	7324 	7325
f 7482 	7325 	7326
f 3996 	4000 	5155
f 2304 	2230 	2309
f 7482 	7326 	7327
f 5518 	5517 	5357
f 2309 	2235 	2314
f 4016 	4014 	4197
f 4012 	4190 	4014
f 5517 	5516 	5357
f 4012 	4267 	4268
f 4186 	4012 	4268
f 4018 	4016 	4201
f 4023 	4231 	4025
f 4201 	4206 	4018
f 2315 	2314 	2244
f 7182 	2315 	2250
f 2244 	2250 	2315
f 4025 	4240 	4028
f 4028 	4251 	4031
f 4820 	4031 	4253
f 3495 	3238 	3239
f 4197 	4014 	4190
f 3241 	3496 	3239
f 4020 	4018 	4210
f 6381 	6321 	6780
f 7459 	7311 	7312
f 4210 	4211 	4020
f 4186 	4190 	4012
f 4211 	4212 	4020
f 2414 	2419 	2351
f 6321 	6741 	6740
f 7460 	7312 	7313
f 4212 	4214 	4020
f 2352 	2419 	2353
f 6742 	6741 	6323
f 4197 	4201 	4016
f 7313 	7314 	7460
f 2353 	2419 	2319
f 4023 	4020 	4216
f 6743 	6742 	6323
f 6743 	6323 	6324
f 4220 	4023 	4216
f 4206 	4210 	4018
f 2348 	2347 	2411
f 2319 	2419 	2320
f 6744 	6743 	6324
f 2320 	2425 	2322
f 5348 	5513 	5349
f 2322 	2425 	2323
f 4226 	4023 	4220
f 4214 	4216 	4020
f 2331 	2432 	2335
f 2327 	2432 	2331
f 2339 	2437 	2341
f 2335 	2432 	2339
f 4229 	4023 	4226
f 6747 	6746 	6331
f 5380 	5349 	5533
f 4231 	4023 	4229
f 6331 	6727 	6747
f 5380 	5533 	5532
f 2298 	2230 	2304
f 2343 	2437 	2295
f 2295 	2437 	2298
f 2341 	2437 	2343
f 7466 	7465 	7319
f 4240 	4025 	4237
f 5369 	5532 	5531
f 6340 	6339 	6752
f 6753 	6752 	6339
f 7319 	7320 	7466
f 4243 	4028 	4240
f 5369 	5531 	5530
f 6752 	6751 	6340
f 4245 	4028 	4243
f 4234 	4025 	4231
f 4248 	4028 	4245
f 2359 	2364 	2401
f 2401 	2406 	2359
f 4251 	4028 	4248
f 4237 	4025 	4234
f 6750 	6749 	6344
f 4253 	4031 	4251
f 6345 	6344 	6748
f 6749 	6748 	6344
f 7478 	7322 	7323
f 5527 	5375 	5374
f 6757 	6756 	6350
f 6757 	6350 	6349
f 2358 	2359 	2406
f 6756 	6755 	6351
f 6756 	6351 	6350
f 5375 	5527 	5376
f 5526 	5376 	5527
f 7323 	7324 	7478
f 6755 	6754 	6352
f 6755 	6352 	6351
f 2345 	2358 	2406
f 2347 	2346 	2411
f 5525 	5376 	5526
f 2346 	2345 	2406
f 2406 	2411 	2346
f 4267 	4012 	4265
f 1495 	6757 	6349
f 6754 	6764 	6357
f 6754 	6357 	6352
f 4012 	5154 	4265
f 6764 	6763 	6358
f 6764 	6358 	6357
f 5524 	5304 	5378
f 2411 	2414 	2348
f 2349 	2348 	2414
f 2350 	2349 	2414
f 2351 	2350 	2414
f 6763 	6762 	6359
f 6763 	6359 	6358
f 3495 	3239 	3496
f 5478 	5495 	5298
f 6762 	6761 	6360
f 6762 	6360 	6359
f 3496 	3241 	3498
f 6761 	6760 	6361
f 6761 	6361 	6360
f 4481 	4876 	4483
f 4480 	4896 	4481
f 4475 	4844 	4477
f 4031 	4826 	4475
f 4477 	4860 	4479
f 4833 	4898 	4479
f 6760 	6759 	6362
f 6760 	6362 	6361
f 3243 	3246 	3498
f 6759 	6839 	6362
f 7486 	7485 	7330
f 3501 	3500 	3250
f 4490 	4488 	4492
f 4488 	4487 	4492
f 4494 	4492 	4487
f 4494 	4487 	4547
f 4494 	4547 	4544
f 4494 	4544 	4510
f 4494 	4510 	4508
f 4494 	4508 	4506
f 4501 	4920 	4503
f 4498 	4922 	4501
f 4484 	4932 	4498
f 4483 	4865 	4484
f 4503 	4916 	4506
f 3250 	3257 	3501
f 2367 	2368 	2401
f 2364 	2367 	2401
f 2398 	2401 	2368
f 2368 	2369 	2398
f 2369 	2370 	2398
f 2395 	2398 	2370
f 2370 	2373 	2395
f 2373 	2376 	2395
f 2376 	2379 	2395
f 7496 	7334 	7497
f 4834 	4475 	4826
f 7334 	7496 	7335
f 7495 	7335 	7496
f 4841 	4475 	4834
f 7336 	7335 	7495
f 4844 	4475 	4841
f 7493 	7337 	7336
f 5326 	5505 	5327
f 6777 	6372 	6375
f 4845 	4477 	4844
f 3267 	3506 	3264
f 2393 	2395 	2379
f 2379 	2384 	2393
f 2323 	2425 	2325
f 2325 	2432 	2326
f 2326 	2432 	2327
f 2352 	2351 	2419
f 2425 	2320 	2419
f 2432 	2325 	2425
f 2437 	2339 	2432
f 2230 	2298 	2437
f 2235 	2309 	2230
f 4820 	4826 	4031
f 7338 	7337 	7492
f 5504 	5503 	5327
f 4861 	4477 	4845
f 3407 	3411 	3403
f 7338 	7492 	7339
f 7491 	7339 	7492
f 7490 	7340 	7339
f 7490 	7339 	7491
f 4833 	4479 	4860
f 4860 	4477 	4861
f 7490 	7341 	7340
f 3526 	3298 	3297
f 4897 	4480 	4898
f 4896 	4480 	4897
f 4887 	4481 	4896
f 4876 	4481 	4887
f 4873 	4483 	4876
f 4865 	4483 	4873
f 4933 	4484 	4865
f 4480 	4479 	4898
f 3411 	3413 	3403
f 3413 	3417 	3403
f 3417 	3423 	3403
f 3423 	3428 	3403
f 3429 	3436 	3403
f 3436 	3438 	3403
f 3438 	3446 	3403
f 3446 	3450 	3403
f 3450 	3453 	3403
f 3453 	3463 	3403
f 3428 	3429 	3403
f 3299 	3298 	3525
f 3299 	3525 	3300
f 3524 	3300 	3525
f 3301 	3300 	3524
f 4922 	4498 	4923
f 4923 	4498 	4932
f 4921 	4501 	4922
f 4920 	4501 	4921
f 4918 	4503 	4920
f 4916 	4503 	4918
f 4913 	4506 	4916
f 4908 	4506 	4913
f 4494 	4506 	4908
f 4932 	4484 	4933
f 3522 	3302 	3301
f 4966 	5265 	5112
f 3463 	3466 	3403
f 3466 	3467 	3403
f 3467 	3470 	3403
f 3470 	3474 	3403
f 3474 	2389 	3403
f 2389 	2393 	3403
f 3400 	3403 	2393
f 2384 	3400 	2393
f 3303 	3302 	3520
f 3303 	3520 	3304
f 3519 	3304 	3520
f 4959 	5247 	4955
f 4953 	5253 	4959
f 4955 	5245 	4966
f 4011 	5157 	3971
f 3518 	3305 	3304
f 3518 	3304 	3519
f 3969 	3968 	5157
f 3968 	3971 	5157
f 3305 	3518 	3307
f 3517 	3307 	3518
f 5571 	5570 	5626
f 3974 	3969 	5157
f 7312 	7460 	7459
f 3978 	3974 	5157
f 3513 	3279 	3281
f 4991 	7168 	4987
f 3985 	3982 	5157
f 3982 	3978 	5157
f 7314 	7461 	7460
f 5347 	5514 	5348
f 7129 	7164 	4991
f 3281 	3307 	3517
f 3991 	3988 	5157
f 3988 	3985 	5157
f 7462 	7314 	7315
f 3993 	3991 	5157
f 5157 	5156 	3997
f 3997 	3993 	5157
f 7315 	7316 	7462
f 7463 	7462 	7316
f 5061 	5067 	5717
f 5035 	5226 	5032
f 7317 	7463 	7316
f 5335 	5494 	5509
f 4013 	5157 	4011
f 5160 	5108 	5156
f 5182 	5122 	5184
f 4007 	5156 	4009
f 3493 	3236 	3238
f 5509 	5508 	5335
f 7486 	7330 	7465
f 5032 	5226 	5036
f 5000 	5027 	5715
f 4996 	5226 	5035
f 5027 	5020 	5717
f 5049 	5089 	5717
f 5046 	5100 	5621
f 5083 	5046 	5618
f 5042 	5253 	4953
f 4042 	4040 	4017
f 5036 	5223 	5042
f 5089 	5079 	5618
f 7318 	7319 	7465
f 3243 	3498 	3241
f 4036 	4104 	4013
f 7320 	7467 	7466
f 5094 	5097 	5621
f 7468 	7467 	7321
f 3246 	3248 	3500
f 5624 	5621 	5097
f 4032 	4276 	4554
f 4029 	4032 	4085
f 7322 	7477 	7321
f 5097 	4971 	5624
f 3248 	3250 	3500
f 5574 	5571 	5624
f 4971 	5574 	5624
f 5100 	5094 	5621
f 5626 	5624 	5571
f 3984 	3987 	5154
f 4036 	4013 	4038
f 4013 	4015 	4038
f 5179 	5178 	5123
f 3260 	3503 	3257
f 4040 	4038 	4015
f 3504 	3503 	3262
f 3260 	3262 	3503
f 4015 	4017 	4040
f 5353 	5331 	5520
f 7483 	7482 	7327
f 4044 	4042 	4019
f 4046 	4044 	4019
f 3262 	3264 	3504
f 5185 	5179 	5117
f 5123 	5117 	5179
f 5353 	5520 	5519
f 4019 	4021 	4046
f 5141 	5162 	5117
f 7327 	7328 	7483
f 7484 	7483 	7328
f 4048 	4046 	4021
f 4051 	4048 	4021
f 5146 	5174 	5141
f 3267 	3274 	3506
f 5138 	5281 	5135
f 7309 	7484 	7328
f 5135 	5166 	5146
f 5151 	5282 	5138
f 4053 	4051 	4021
f 4065 	4063 	4024
f 4019 	4042 	4017
f 4057 	4053 	4021
f 3510 	3508 	3279
f 5133 	5277 	5129
f 5282 	5151 	5270
f 4021 	4024 	4057
f 3510 	3279 	3513
f 7311 	7458 	7309
f 7457 	7309 	7458
f 5112 	5261 	5133
f 3492 	3473 	3234
f 5515 	5514 	5347
f 7459 	7458 	7311
f 4059 	4057 	4024
f 3493 	3492 	3234
f 5513 	5348 	5514
f 5162 	5141 	5174
f 3494 	3493 	3238
f 5185 	5117 	5162
f 4063 	4059 	4024
f 4067 	4065 	4024
f 3495 	3494 	3238
f 7314 	7462 	7461
f 4024 	4026 	4067
f 4069 	4067 	4026
f 4072 	4069 	4026
f 3980 	3984 	5154
f 4075 	4072 	4026
f 4026 	4029 	4075
f 6367 	6366 	6768
f 6769 	6768 	6366
f 7464 	7463 	7317
f 3966 	3973 	5154
f 3977 	3980 	5154
f 3967 	3966 	5154
f 5174 	5146 	5165
f 4078 	4075 	4029
f 4081 	4078 	4029
f 6368 	6367 	6767
f 6768 	6767 	6367
f 4084 	4081 	4029
f 4085 	4084 	4029
f 7317 	7331 	7464
f 3970 	3967 	5154
f 4010 	3970 	5154
f 4012 	4010 	5154
f 3499 	3498 	3246
f 6369 	6368 	6766
f 6767 	6766 	6368
f 5720 	5781 	5154
f 4262 	4265 	5154
f 3246 	3500 	3499
f 4013 	4101 	5157
f 4096 	4093 	5157
f 6372 	6769 	6366
f 4096 	5157 	4099
f 5195 	5205 	5238
f 5200 	5238 	5205
f 4102 	4101 	4013
f 4099 	5157 	4101
f 7320 	7321 	7467
f 5529 	5528 	5374
f 3257 	3502 	3501
f 6771 	6776 	6373
f 4013 	4104 	4102
f 7468 	7321 	7477
f 5528 	5527 	5374
f 5200 	5226 	5238
f 5223 	5036 	5226
f 3502 	3257 	3503
f 7322 	7478 	7477
f 6376 	6373 	6776
f 4311 	4315 	4587
f 4587 	4589 	4311
f 4589 	4591 	4311
f 4309 	4311 	4591
f 4664 	4587 	4315
f 4663 	4664 	4315
f 4390 	4663 	4315
f 4569 	4567 	4279
f 3504 	3264 	3505
f 6376 	6776 	6378
f 6775 	6378 	6776
f 5253 	5042 	5223
f 5226 	5000 	5238
f 3505 	3264 	3506
f 5245 	4955 	5247
f 6380 	6378 	6774
f 6775 	6774 	6378
f 5525 	5524 	5378
f 7481 	7480 	7325
f 3506 	3274 	3508
f 6774 	6779 	6380
f 7482 	7481 	7325
f 3274 	3279 	3508
f 5261 	5112 	5265
f 5381 	4843 	5580
f 4924 	5580 	4843
f 6777 	6375 	6381
f 5381 	5580 	12
f 13 	12 	5580
f 4412 	4415 	4320
f 4406 	4412 	4320
f 4419 	4320 	4415
f 4320 	4321 	4406
f 4321 	4323 	4406
f 4323 	4327 	4406
f 4327 	4332 	4406
f 4401 	4406 	4332
f 4332 	4606 	4401
f 4610 	4613 	4401
f 4616 	4618 	4398
f 4606 	4610 	4401
f 5277 	5133 	5261
f 6383 	6380 	6779
f 4088 	4085 	4032
f 5270 	5129 	5272
f 3536 	3527 	3297
f 3526 	3297 	3527
f 7309 	7457 	7484
f 5272 	5129 	5277
f 6424 	7485 	6427
f 5166 	5135 	5281
f 6779 	6388 	6383
f 4552 	4088 	4032
f 5165 	5146 	5166
f 5281 	5138 	5282
f 5129 	5270 	5151
f 4554 	4552 	4032
f 3523 	3301 	3524
f 4561 	4554 	4276
f 3522 	3301 	3523
f 4567 	4564 	4276
f 4564 	4561 	4276
f 7180 	5615 	5289
f 6391 	6787 	6392
f 5294 	7180 	5289
f 6787 	6393 	6392
f 4578 	4582 	4279
f 4582 	4569 	4279
f 4276 	4279 	4567
f 5301 	7174 	5299
f 7495 	7494 	7336
f 7494 	7493 	7336
f 5299 	7178 	5294
f 4987 	7172 	5301
f 7180 	5294 	7178
f 4599 	4601 	4304
f 4295 	4304 	4601
f 4601 	4559 	4295
f 4559 	4578 	4295
f 4279 	4295 	4578
f 4597 	4599 	4304
f 4591 	4595 	4309
f 4304 	4309 	4597
f 5628 	5626 	5573
f 6795 	6401 	6400
f 3513 	3281 	3517
f 3321 	3533 	3532
f 3321 	3532 	3322
f 6794 	6402 	6401
f 6794 	6401 	6795
f 5572 	5573 	5626
f 5570 	5572 	5626
f 4613 	4616 	4398
f 4394 	4398 	4618
f 4618 	4640 	4394
f 4640 	4651 	4394
f 4390 	4394 	4651
f 4654 	4390 	4651
f 4595 	4597 	4309
f 4663 	4390 	4654
f 4398 	4401 	4613
f 7490 	7489 	7341
f 3532 	3531 	3323
f 3532 	3323 	3322
f 5575 	5576 	5628
f 6793 	6403 	6402
f 6793 	6402 	6794
f 3531 	3530 	3324
f 3531 	3324 	3323
f 7489 	7456 	7341
f 5576 	5577 	5628
f 3530 	3529 	3325
f 3530 	3325 	3324
f 6793 	6792 	6403
f 6404 	6403 	6792
f 5682 	5628 	5577
f 3529 	3528 	3327
f 3529 	3327 	3325
f 7487 	7464 	7331
f 5578 	5682 	5577
f 6404 	6792 	6339
f 6753 	6339 	6792
f 5579 	5682 	5578
f 7331 	7332 	7487
f 7488 	7487 	7332
f 5262 	5266 	5113
f 4965 	5113 	5266
f 4957 	4965 	5250
f 1420 	1429 	5551
f 5573 	5575 	5628
f 3535 	3534 	3319
f 3535 	3319 	3317
f 7332 	7423 	7488
f 7220 	7423 	7332
f 3534 	3533 	3321
f 3534 	3321 	3319
f 3332 	3327 	3543
f 3528 	3543 	3327
f 7342 	7393 	7503
f 3543 	3542 	3333
f 3543 	3333 	3332
f 5583 	5682 	5582
f 3542 	3541 	3334
f 3542 	3334 	3333
f 7502 	7343 	7342
f 7502 	7342 	7503
f 5584 	5682 	5583
f 3541 	3540 	3335
f 3541 	3335 	3334
f 4989 	7167 	4992
f 4992 	7163 	7130
f 7501 	7344 	7343
f 7501 	7343 	7502
f 3540 	3539 	3337
f 3540 	3337 	3335
f 7500 	7345 	7344
f 7500 	7344 	7501
f 5585 	5682 	5584
f 5254 	5224 	4958
f 3539 	3538 	3338
f 3539 	3338 	3337
f 7499 	7346 	7345
f 7499 	7345 	7500
f 7498 	7347 	7346
f 7498 	7346 	7499
f 3537 	3339 	3338
f 3537 	3338 	3538
f 5586 	5682 	5585
f 4958 	4957 	5249
f 3536 	3340 	3339
f 3536 	3339 	3537
f 7498 	7497 	7347
f 5587 	5685 	5586
f 5621 	5618 	5046
f 3536 	3297 	3340
f 5050 	5718 	5086
f 5041 	4954 	5228
f 5224 	5228 	4954
f 4954 	4958 	5224
f 5250 	5249 	4957
f 5266 	5250 	4965
f 5287 	5289 	5615
f 5615 	5610 	5287
f 3556 	3346 	4006
f 3556 	3555 	3347
f 3556 	3347 	3346
f 5065 	5063 	5716
f 5590 	5685 	5589
f 3555 	3554 	3348
f 3555 	3348 	3347
f 5065 	5718 	5050
f 5022 	5716 	5063
f 3554 	3553 	3350
f 3554 	3350 	3348
f 3553 	3552 	3351
f 3553 	3351 	3350
f 5592 	5685 	5591
f 5589 	5685 	5587
f 3552 	3551 	3352
f 3552 	3352 	3351
f 5080 	5619 	5082
f 5086 	5718 	5080
f 3551 	3550 	3353
f 3551 	3353 	3352
f 1347 	5537 	5536
f 3550 	3549 	3354
f 3550 	3354 	3353
f 5082 	5619 	5047
f 5594 	5685 	5593
f 1347 	5538 	5537
f 3549 	3548 	3355
f 3549 	3355 	3354
f 5099 	5622 	5095
f 5047 	5619 	5099
f 5595 	5685 	5594
f 3548 	3547 	3356
f 3548 	3356 	3355
f 5096 	5622 	4970
f 5095 	5622 	5096
f 3547 	3546 	3357
f 3547 	3357 	3356
f 5593 	5685 	5592
f 5602 	5650 	5596
f 3545 	3544 	3342
f 3545 	3342 	3343
f 5610 	5613 	5588
f 5540 	1369 	5541
f 3546 	3545 	3343
f 3546 	3343 	3357
f 5588 	5287 	5610
f 5598 	5588 	5613
f 4009 	5156 	5105
f 5600 	5682 	5579
f 1373 	1379 	5541
f 2357 	3342 	2356
f 5105 	5156 	5108
f 5108 	5184 	5122
f 3558 	4209 	3359
f 5581 	5682 	5600
f 5582 	5682 	5581
f 5118 	5122 	5180
f 5182 	5180 	5122
f 3559 	3359 	3360
f 5544 	1386 	5545
f 5190 	5163 	5118
f 3559 	3360 	3362
f 5140 	5118 	5163
f 5180 	5190 	5118
f 5546 	5545 	1397
f 1394 	1397 	5545
f 5596 	5597 	5606
f 5608 	5606 	5597
f 5144 	5140 	5175
f 5163 	5175 	5140
f 1397 	5547 	5546
f 5168 	5167 	5144
f 5175 	5168 	5144
f 3365 	3367 	3563
f 5547 	1407 	5548
f 5604 	5602 	5596
f 5606 	5604 	5596
f 5650 	5648 	5596
f 5591 	5685 	5590
f 5597 	5598 	5608
f 5613 	5608 	5598
f 3563 	3367 	3370
f 1407 	6275 	5548
f 5079 	5083 	5618
f 5618 	5717 	5089
f 5067 	5049 	5717
f 5020 	5061 	5717
f 5717 	5715 	5027
f 6804 	6416 	6414
f 5150 	5137 	5283
f 7381 	7539 	7382
f 5552 	5551 	1429
f 7538 	7384 	7382
f 5167 	5284 	5136
f 5137 	5136 	5284
f 5284 	5283 	5137
f 5552 	1429 	5553
f 1437 	5553 	1429
f 5646 	5685 	5595
f 5644 	5685 	5646
f 5642 	5688 	5644
f 5640 	5688 	5642
f 5638 	5692 	5640
f 5636 	5695 	5638
f 5648 	5646 	5595
f 5634 	5695 	5636
f 5632 	5698 	5634
f 5595 	5596 	5648
f 5184 	5108 	5160
f 5136 	5144 	5167
f 5554 	5553 	1437
f 6801 	6421 	6420
f 4007 	3997 	5156
f 1452 	5555 	5554
f 3410 	3412 	3586
f 3416 	3587 	3412
f 3586 	3412 	3587
f 7534 	7533 	7387
f 5556 	5555 	1452
f 5026 	4998 	5239
f 5239 	5716 	5026
f 5670 	5668 	5656
f 5658 	5656 	5668
f 5656 	5654 	5670
f 5672 	5670 	5654
f 5654 	5652 	5672
f 5660 	5658 	5666
f 5666 	5664 	5660
f 5662 	5660 	5664
f 5668 	5666 	5658
f 5674 	5672 	5652
f 5652 	5711 	5674
f 5676 	5674 	5711
f 5711 	5708 	5676
f 5678 	5676 	5708
f 5708 	5705 	5678
f 5680 	5678 	5705
f 4998 	4997 	5239
f 1466 	5557 	5556
f 5196 	5239 	4997
f 5559 	5557 	1466
f 4997 	5034 	5196
f 5022 	5026 	5716
f 7530 	7392 	7391
f 5630 	5680 	5705
f 5702 	5630 	5705
f 5698 	5632 	5702
f 5695 	5634 	5698
f 5692 	5638 	5695
f 5685 	5644 	5688
f 5682 	5586 	5685
f 5688 	5640 	5692
f 5630 	5702 	5632
f 3362 	3560 	3559
f 5715 	5238 	5000
f 5247 	4959 	5253
f 5265 	4966 	5245
f 4996 	5000 	5226
f 1484 	5561 	5560
f 3560 	3362 	3363
f 5207 	5196 	5033
f 1484 	5562 	5561
f 3562 	3363 	3365
f 5201 	5207 	5037
f 5033 	5037 	5207
f 7506 	7505 	7350
f 3562 	3365 	3563
f 5228 	5201 	5041
f 6457 	7506 	7350
f 6458 	6457 	7350
f 5737 	5885 	5733
f 5733 	5816 	5730
f 6408 	6394 	6810
f 5273 	5278 	5130
f 5278 	5262 	5132
f 5113 	5132 	5262
f 5249 	5254 	4958
f 5037 	5041 	5201
f 5132 	5130 	5278
f 1347 	5536 	1337
f 6409 	6408 	6809
f 5744 	5877 	5740
f 5275 	5273 	5130
f 5283 	5275 	5150
f 5130 	5150 	5275
f 5747 	5873 	5744
f 6409 	6809 	6410
f 5157 	5805 	5803
f 5750 	5868 	5747
f 7520 	7373 	7375
f 1354 	5539 	5538
f 5752 	5864 	5750
f 7520 	7375 	7377
f 5755 	5858 	5752
f 5757 	5852 	5755
f 5539 	1369 	5540
f 5760 	5849 	5757
f 5288 	5438 	5611
f 5763 	5847 	5760
f 1373 	5541 	1369
f 5297 	5290 	7308
f 5766 	5843 	5763
f 5542 	5541 	1379
f 5302 	7171 	4989
f 5300 	7308 	5302
f 5300 	5297 	7308
f 5769 	7233 	5766
f 6965 	7245 	5769
f 5544 	5542 	1386
f 1379 	1386 	5542
f 5777 	5720 	5773
f 4970 	5622 	5333
f 1394 	5545 	1386
f 5781 	5720 	5777
f 5783 	5154 	5781
f 5333 	5622 	5308
f 5785 	5154 	5783
f 5787 	5154 	5785
f 5308 	5622 	5309
f 5790 	5154 	5787
f 3359 	3559 	3558
f 5792 	5154 	5790
f 5799 	5154 	5792
f 7513 	7367 	7366
f 5802 	5154 	5799
f 5313 	5622 	5324
f 5309 	5622 	5313
f 5804 	5154 	5802
f 5806 	5154 	5804
f 5379 	5622 	5382
f 5324 	5622 	5379
f 4257 	5154 	5809
f 3561 	3560 	3363
f 6820 	6819 	6422
f 5386 	5622 	5390
f 5382 	5622 	5386
f 3562 	3561 	3363
f 5809 	5154 	5806
f 4259 	5154 	4257
f 4259 	4262 	5154
f 5724 	5833 	5720
f 5727 	5826 	5724
f 5390 	5622 	5395
f 5820 	5730 	5816
f 5823 	5730 	5820
f 5826 	5727 	5823
f 3564 	3563 	3370
f 5830 	5724 	5826
f 5833 	5724 	5830
f 3566 	3564 	3370
f 3566 	3370 	3374
f 5837 	5720 	5833
f 5841 	5720 	5837
f 3374 	3376 	3566
f 3579 	3566 	3376
f 5405 	5622 	5408
f 3376 	3379 	3579
f 3580 	3579 	3379
f 5773 	5720 	5841
f 5730 	5823 	5727
f 5408 	5622 	5412
f 5847 	5763 	5843
f 5622 	5625 	5412
f 5849 	5760 	5847
f 3581 	3580 	3384
f 3379 	3384 	3580
f 5852 	5757 	5849
f 5418 	5415 	5625
f 5415 	5412 	5625
f 5858 	5755 	5852
f 3385 	3583 	3384
f 3581 	3384 	3583
f 5864 	5752 	5858
f 5868 	5750 	5864
f 3387 	3584 	3385
f 3583 	3385 	3584
f 5870 	5747 	5868
f 5873 	5747 	5870
f 3584 	3387 	3410
f 3584 	3410 	3585
f 5877 	5881 	5740
f 6408 	6810 	6809
f 5737 	5740 	5881
f 5816 	5733 	5885
f 3585 	3410 	3586
f 5484 	5477 	5609
f 5609 	5612 	5484
f 5438 	5484 	5612
f 5881 	5885 	5737
f 5877 	5744 	5873
f 7351 	7507 	7377
f 3588 	3416 	3424
f 3587 	3416 	3588
f 5921 	5918 	5923
f 5927 	5923 	5918
f 5918 	5915 	5927
f 5927 	5915 	5912
f 5927 	5912 	5909
f 5927 	5909 	5906
f 5927 	5906 	5902
f 5927 	5902 	5899
f 5927 	5899 	5897
f 5927 	5897 	5893
f 3588 	3424 	3427
f 3588 	3427 	3589
f 5425 	5418 	5625
f 3589 	3427 	3590
f 6859 	6935 	6824
f 5625 	5627 	5425
f 7516 	7353 	7355
f 2354 	2355 	3448
f 3598 	3448 	2355
f 5429 	5425 	5627
f 3427 	3430 	3590
f 5627 	5629 	5429
f 3590 	3430 	3435
f 3590 	3435 	3591
f 3591 	3435 	3437
f 3591 	3437 	3593
f 5444 	5429 	5629
f 3593 	3437 	3439
f 3593 	3439 	3594
f 3594 	3439 	3445
f 3594 	3445 	3596
f 5461 	5454 	5629
f 5450 	5444 	5629
f 7513 	7366 	7365
f 3596 	3445 	3448
f 3596 	3448 	3598
f 6651 	6931 	6649
f 5471 	5469 	5683
f 5469 	5467 	5683
f 3544 	2356 	3342
f 7367 	7513 	7512
f 6653 	6931 	6651
f 5476 	5607 	5477
f 6654 	6931 	6653
f 1744 	1742 	3454
f 3609 	3454 	1742
f 7512 	7368 	7367
f 6655 	6934 	6654
f 5607 	5609 	5477
f 3608 	3455 	3454
f 3608 	3454 	3609
f 6647 	6649 	6930
f 5395 	5622 	5486
f 3607 	3456 	3455
f 3607 	3455 	3608
f 6617 	6935 	6657
f 6657 	6934 	6656
f 3606 	3458 	3456
f 3606 	3456 	3607
f 6659 	6954 	6658
f 3605 	3459 	3458
f 3605 	3458 	3606
f 5486 	5622 	5405
f 6661 	6958 	6659
f 3604 	3460 	3459
f 3604 	3459 	3605
f 6663 	6958 	6661
f 7354 	7517 	7371
f 3603 	3461 	3460
f 3603 	3460 	3604
f 6668 	6675 	6925
f 6675 	6677 	6925
f 6665 	6958 	6663
f 3602 	3462 	3461
f 3602 	3461 	3603
f 5290 	5288 	7308
f 5614 	7179 	7308
f 6642 	6645 	6930
f 3602 	3295 	3462
f 2944 	3462 	3295
f 6428 	6814 	6429
f 6677 	6642 	6930
f 6930 	6925 	6677
f 6645 	6647 	6930
f 6931 	6930 	6649
f 6667 	6958 	6665
f 6814 	6430 	6429
f 5607 	5476 	5605
f 5629 	5683 	5467
f 5605 	5476 	5603
f 5612 	5611 	5438
f 5611 	5614 	5288
f 5614 	7308 	5288
f 3611 	3610 	3468
f 3611 	3468 	3472
f 7538 	7382 	7539
f 3613 	3611 	3472
f 3613 	3472 	3475
f 3614 	3613 	3475
f 3614 	3475 	3476
f 6789 	6784 	6867
f 6784 	6783 	6867
f 6868 	6867 	6783
f 6783 	6781 	6868
f 6781 	6778 	6868
f 6778 	6773 	6868
f 6773 	6770 	6868
f 6869 	6868 	6770
f 6770 	6765 	6869
f 6765 	6758 	6869
f 6758 	5927 	6869
f 5893 	6918 	5927
f 6918 	6915 	5927
f 5622 	5099 	5619
f 5454 	5450 	5629
f 5467 	5461 	5629
f 5683 	5686 	5471
f 5645 	5647 	5686
f 6863 	6862 	6806
f 7536 	7385 	7384
f 3615 	3614 	3476
f 3615 	3476 	3477
f 3616 	3615 	3477
f 3616 	3477 	3478
f 7386 	7385 	7536
f 3617 	3616 	3478
f 3617 	3478 	3479
f 7534 	7387 	7386
f 3618 	3617 	3479
f 3618 	3479 	3488
f 6865 	6863 	6799
f 6806 	6800 	6863
f 5690 	5693 	5641
f 5641 	5643 	5690
f 5643 	5645 	5690
f 5686 	5690 	5645
f 5647 	5471 	5686
f 5651 	5476 	5649
f 5476 	5471 	5649
f 5603 	5476 	5651
f 5649 	5471 	5647
f 5693 	5696 	5639
f 6799 	6798 	6865
f 6800 	6799 	6863
f 7388 	7387 	7533
f 3619 	3618 	3488
f 3619 	3488 	3491
f 6791 	6789 	6865
f 6798 	6791 	6865
f 6867 	6865 	6789
f 6824 	6826 	6859
f 3621 	3619 	3491
f 3621 	3491 	3497
f 7388 	7533 	7389
f 7532 	7389 	7533
f 6772 	6769 	6372
f 3621 	3497 	3507
f 3621 	3507 	3623
f 6369 	6766 	6373
f 6771 	6373 	6766
f 7390 	7389 	7532
f 3623 	3507 	3509
f 3623 	3509 	3625
f 7530 	7391 	7390
f 6817 	6806 	6862
f 6835 	6817 	6862
f 6852 	6835 	6862
f 6862 	6860 	6852
f 6842 	6852 	6860
f 6840 	6842 	6860
f 6860 	6859 	6840
f 6826 	6840 	6859
f 6618 	6824 	6935
f 6915 	6869 	5927
f 3625 	3509 	3511
f 3625 	3511 	3627
f 6777 	6772 	6372
f 5657 	5659 	5669
f 5669 	5671 	5657
f 5655 	5657 	5671
f 5673 	5655 	5671
f 5675 	5653 	5673
f 5677 	5712 	5675
f 5679 	5709 	5677
f 5639 	5641 	5693
f 5655 	5673 	5653
f 5667 	5669 	5659
f 5659 	5661 	5667
f 5665 	5667 	5661
f 5663 	5665 	5661
f 3627 	3511 	3512
f 3627 	3512 	3628
f 6656 	6934 	6655
f 6618 	6935 	6617
f 6934 	6657 	6935
f 6931 	6654 	6934
f 6958 	6667 	6925
f 7392 	7528 	7393
f 6967 	7244 	6965
f 3631 	3628 	3514
f 3512 	3514 	3628
f 3631 	3514 	3515
f 3631 	3515 	3633
f 5631 	5633 	5703
f 5700 	5703 	5633
f 5633 	5635 	5700
f 5696 	5700 	5635
f 5635 	5637 	5696
f 5637 	5639 	5696
f 5679 	5681 	5706
f 5709 	5679 	5706
f 5712 	5677 	5709
f 5653 	5675 	5712
f 5681 	5631 	5706
f 5703 	5706 	5631
f 3633 	3515 	3516
f 3633 	3516 	3634
f 3634 	3516 	3521
f 3634 	3521 	3635
f 6780 	6777 	6381
f 7505 	7504 	7348
f 7505 	7348 	7349
f 3635 	3521 	3328
f 7349 	7350 	7505
f 5619 	5080 	5718
f 5718 	5065 	5716
f 5034 	5033 	5196
f 6658 	6954 	6639
f 6639 	6954 	6977
f 6952 	6977 	6954
f 6667 	6668 	6925
f 6954 	6659 	6958
f 6948 	6971 	6952
f 6944 	6967 	6948
f 6975 	6977 	6952
f 5803 	5800 	5157
f 5800 	5793 	5157
f 7241 	7242 	7262
f 7263 	7262 	7242
f 5843 	5766 	7233
f 6975 	6952 	6971
f 6971 	6948 	6967
f 6740 	6780 	6321
f 3637 	3636 	3557
f 3637 	3557 	3565
f 6779 	6782 	6388
f 7236 	7237 	7261
f 7507 	7351 	7348
f 7348 	7504 	7507
f 7237 	7238 	7261
f 3639 	3637 	3565
f 3639 	3565 	3567
f 7238 	7239 	7261
f 7262 	7261 	7239
f 6390 	6388 	6790
f 6782 	6790 	6388
f 3650 	3639 	3567
f 3650 	3567 	3568
f 5827 	5824 	5725
f 7239 	7240 	7262
f 6391 	6390 	6788
f 6790 	6788 	6390
f 3662 	3650 	3568
f 3662 	3568 	3569
f 7240 	7241 	7262
f 6788 	6787 	6391
f 7242 	7243 	7263
f 6944 	7263 	7243
f 6393 	6787 	6786
f 7243 	6967 	6944
f 7248 	7249 	7258
f 3668 	3667 	3572
f 3668 	3572 	3571
f 7244 	6967 	7243
f 5729 	5725 	5824
f 7353 	7509 	7352
f 7508 	7352 	7509
f 3569 	3570 	3662
f 3665 	3662 	3570
f 6785 	6394 	6786
f 6393 	6786 	6394
f 5824 	5821 	5729
f 7233 	5769 	7245
f 7245 	6965 	7244
f 3667 	3665 	3570
f 3667 	3570 	3572
f 5821 	5817 	5729
f 5732 	5729 	5817
f 6398 	6431 	6797
f 7247 	7257 	7246
f 3669 	3668 	3571
f 3669 	3571 	3573
f 5817 	5886 	5732
f 6400 	6398 	6796
f 6797 	6796 	6398
f 5736 	5732 	5886
f 5882 	5878 	5739
f 7353 	7516 	7509
f 3671 	3669 	3573
f 3671 	3573 	3612
f 7253 	7254 	7259
f 6796 	6795 	6400
f 3673 	3671 	3612
f 3673 	3612 	3629
f 7260 	7259 	7254
f 7352 	7508 	7364
f 5746 	5743 	5874
f 7254 	7255 	7260
f 7248 	7257 	7247
f 3674 	3673 	3629
f 3674 	3629 	3630
f 7255 	7234 	7260
f 7515 	7514 	7364
f 3675 	3674 	3630
f 3675 	3630 	3632
f 5751 	5749 	5866
f 7261 	7260 	7236
f 7250 	7251 	7258
f 3610 	3675 	3632
f 3610 	3632 	3468
f 5862 	5853 	5753
f 5871 	5869 	5746
f 5759 	5756 	5851
f 7235 	7236 	7260
f 7234 	7235 	7260
f 3689 	3640 	3638
f 3689 	3638 	3690
f 6394 	6785 	6810
f 3688 	3641 	3640
f 3688 	3640 	3689
f 7251 	7252 	7259
f 7257 	7248 	7258
f 7256 	7378 	7257
f 7252 	7253 	7259
f 7259 	7258 	7251
f 3687 	3642 	3641
f 3687 	3641 	3688
f 7357 	7404 	7358
f 7356 	7405 	7357
f 3686 	3643 	3642
f 3686 	3642 	3687
f 7361 	7403 	7362
f 7359 	7403 	7361
f 7358 	7404 	7359
f 7360 	7405 	7356
f 5838 	5836 	5719
f 6410 	6809 	6808
f 3684 	3644 	3643
f 3684 	3643 	3686
f 5842 	5838 	5719
f 7403 	7402 	7363
f 7372 	7363 	7402
f 7362 	7403 	7363
f 7370 	7256 	7360
f 3683 	3645 	3644
f 3683 	3644 	3684
f 5775 	5842 	5719
f 5779 	5775 	5719
f 7374 	7372 	7402
f 7376 	7374 	7402
f 7378 	7256 	7370
f 6808 	6411 	6410
f 7516 	7355 	7369
f 5782 	5779 	5719
f 3682 	3646 	3645
f 3682 	3645 	3683
f 5719 	5157 	5782
f 5784 	5782 	5157
f 7379 	7376 	7402
f 7246 	7257 	7378
f 7249 	7250 	7258
f 7405 	7360 	7256
f 5786 	5784 	5157
f 3681 	3647 	3646
f 3681 	3646 	3682
f 5789 	5786 	5157
f 7383 	7380 	7402
f 7380 	7379 	7402
f 7394 	7383 	7402
f 7395 	7394 	7402
f 3680 	3648 	3647
f 3680 	3647 	3681
f 6804 	6414 	6412
f 5791 	5789 	5157
f 5793 	5791 	5157
f 7519 	7369 	7373
f 3679 	3649 	3648
f 3679 	3648 	3680
f 7377 	7507 	7522
f 7546 	7541 	7556
f 7555 	7554 	7547
f 7398 	7395 	7402
f 7404 	7357 	7405
f 7403 	7359 	7404
f 6416 	6804 	6803
f 5805 	5157 	5808
f 5812 	5808 	5157
f 5812 	5157 	4093
f 1758 	3649 	3679
f 1758 	3679 	1755
f 6803 	6802 	6416
f 3726 	3651 	3731
f 7540 	7529 	7401
f 7401 	7400 	7540
f 7402 	7401 	7529
f 7526 	7402 	7529
f 7525 	7402 	7526
f 7524 	7402 	7525
f 7523 	7402 	7524
f 7521 	7402 	7523
f 7398 	7402 	7521
f 7541 	7540 	7400
f 3725 	3652 	3651
f 3725 	3651 	3726
f 6418 	6802 	6420
f 7515 	7364 	7508
f 5874 	5871 	5746
f 3724 	3653 	3652
f 3724 	3652 	3725
f 7550 	7549 	7551
f 7552 	7551 	7549
f 7553 	7552 	7549
f 7549 	7548 	7553
f 7554 	7553 	7548
f 7400 	7556 	7541
f 7556 	7555 	7546
f 3722 	3654 	3653
f 3722 	3653 	3724
f 7548 	7547 	7554
f 7547 	7546 	7555
f 5878 	5874 	5743
f 3721 	3655 	3654
f 3721 	3654 	3722
f 5739 	5736 	5882
f 3720 	3656 	3655
f 3720 	3655 	3721
f 7365 	7364 	7514
f 3719 	3657 	3656
f 3719 	3656 	3720
f 6422 	6421 	6820
f 7596 	7597 	7588
f 7588 	7589 	7596
f 7595 	7596 	7589
f 7589 	7590 	7595
f 7600 	7595 	7590
f 7566 	7567 	7572
f 7567 	7568 	7572
f 7568 	7569 	7572
f 7569 	7557 	7572
f 7557 	7558 	7572
f 7558 	7559 	7572
f 3718 	3658 	3657
f 3718 	3657 	3719
f 7514 	7513 	7365
f 5725 	5722 	5827
f 5836 	5832 	5722
f 5722 	5719 	5836
f 3638 	3658 	3718
f 3638 	3718 	3690
f 7577 	7578 	7576
f 7578 	7579 	7576
f 7579 	7580 	7576
f 7580 	7581 	7576
f 7581 	7582 	7576
f 7575 	7576 	7582
f 7582 	7583 	7575
f 7583 	7564 	7575
f 7574 	7575 	7564
f 7564 	7565 	7574
f 7573 	7574 	7565
f 7565 	7566 	7573
f 7572 	7573 	7566
f 7559 	7560 	7572
f 7512 	7511 	7368
f 3742 	3693 	3692
f 3742 	3692 	3743
f 7368 	7511 	7354
f 7510 	7354 	7511
f 3741 	3694 	3693
f 3741 	3693 	3742
f 7603 	7602 	7591
f 7604 	7603 	7591
f 7591 	7592 	7604
f 7605 	7604 	7592
f 51 	46 	7614
f 7606 	7605 	7592
f 6815 	6428 	6426
f 7510 	7517 	7354
f 3740 	3695 	3694
f 3740 	3694 	3741
f 7584 	7570 	7563
f 7571 	7572 	7562
f 7562 	7563 	7571
f 7570 	7571 	7563
f 6428 	6815 	6814
f 7053 	6945 	6966
f 7599 	7584 	7585
f 7563 	7585 	7584
f 7561 	7562 	7572
f 7518 	7516 	7369
f 3739 	3696 	3695
f 3739 	3695 	3740
f 7057 	7053 	6964
f 7597 	7598 	7588
f 7587 	7588 	7598
f 7594 	7601 	7586
f 7585 	7586 	7599
f 7560 	7561 	7572
f 6984 	7057 	5768
f 3738 	3697 	3696
f 3738 	3696 	3739
f 5848 	5846 	5762
f 3737 	3698 	3697
f 3737 	3697 	3738
f 7601 	7599 	7586
f 5851 	5848 	5759
f 5762 	5759 	5848
f 7586 	7587 	7594
f 7593 	7594 	7587
f 3736 	3699 	3698
f 3736 	3698 	3737
f 7598 	7593 	7587
f 7518 	7369 	7519
f 5866 	5862 	5751
f 5753 	5751 	5862
f 7602 	7600 	7590
f 3735 	3700 	3699
f 3735 	3699 	3736
f 7373 	7520 	7519
f 3734 	3701 	3700
f 3734 	3700 	3735
f 7592 	7610 	7606
f 7607 	7606 	7610
f 7590 	7591 	7602
f 5832 	5827 	5722
f 5886 	5882 	5736
f 5743 	5739 	5878
f 5749 	5746 	5869
f 5869 	5866 	5749
f 7522 	7520 	7377
f 3733 	3702 	3701
f 3733 	3701 	3734
f 7614 	87 	66
f 75 	66 	87
f 87 	99 	75
f 267 	75 	99
f 66 	51 	7614
f 3732 	3703 	3702
f 3732 	3702 	3733
f 7608 	7607 	7610
f 3731 	3704 	3703
f 3731 	3703 	3732
f 7610 	7611 	7608
f 7609 	7608 	7611
f 3651 	3704 	3731
f 7615 	7609 	7611
f 6112 	6115 	6031
f 6031 	6033 	6112
f 6033 	6036 	6112
f 6036 	6038 	6112
f 5898 	5900 	5894
f 5904 	5894 	5900
f 5907 	6122 	5904
f 5910 	6119 	5907
f 7611 	7612 	8
f 8 	7615 	7611
f 7538 	7537 	7384
f 9 	8 	7612
f 7612 	7613 	18
f 18 	9 	7612
f 7537 	7536 	7384
f 3746 	3705 	3706
f 6129 	6130 	5984
f 7536 	7535 	7386
f 46 	33 	7614
f 7613 	7614 	33
f 33 	23 	7613
f 23 	18 	7613
f 7535 	7534 	7386
f 686 	681 	147
f 672 	664 	134
f 34 	29 	147
f 38 	34 	147
f 152 	38 	147
f 664 	660 	134
f 111 	114 	273
f 839 	836 	281
f 281 	273 	839
f 62 	643 	164
f 159 	164 	643
f 80 	71 	180
f 164 	180 	71
f 3754 	3709 	3710
f 7532 	7531 	7390
f 3711 	3756 	3710
f 6822 	6820 	6421
f 7531 	7530 	7390
f 5949 	6127 	5953
f 7530 	7528 	7392
f 6423 	6422 	6819
f 5953 	6127 	5955
f 244 	237 	239
f 239 	240 	244
f 238 	239 	237
f 236 	244 	240
f 240 	241 	236
f 241 	247 	236
f 233 	236 	247
f 247 	280 	233
f 280 	283 	233
f 283 	284 	233
f 227 	233 	284
f 166 	168 	217
f 211 	217 	168
f 168 	170 	211
f 171 	172 	211
f 170 	171 	211
f 116 	117 	192
f 38 	152 	620
f 7527 	7393 	7528
f 6819 	6425 	6423
f 5955 	6127 	5961
f 5964 	5961 	6128
f 3762 	3713 	3714
f 7527 	7503 	7393
f 627 	624 	152
f 624 	620 	152
f 5968 	5964 	6128
f 631 	627 	152
f 636 	631 	159
f 152 	159 	631
f 6128 	6129 	5974
f 71 	62 	164
f 643 	639 	159
f 639 	636 	159
f 29 	686 	147
f 3766 	3715 	3729
f 3766 	3729 	3730
f 5980 	5974 	6129
f 2 	273 	1
f 6430 	6814 	6813
f 6953 	6955 	6976
f 1 	273 	114
f 3557 	3636 	3730
f 649 	3 	114
f 3 	1 	114
f 114 	126 	649
f 655 	651 	126
f 651 	649 	126
f 6430 	6823 	6431
f 134 	147 	681
f 681 	672 	134
f 126 	134 	660
f 660 	655 	126
f 304 	288 	228
f 288 	282 	830
f 830 	228 	288
f 5943 	6976 	6955
f 834 	830 	282
f 5994 	5943 	6955
f 6955 	6959 	5997
f 5997 	5994 	6955
f 6000 	5997 	6959
f 6411 	6808 	6807
f 5974 	5968 	6128
f 6017 	6014 	6125
f 5949 	6017 	6127
f 6014 	6011 	6125
f 6807 	6412 	6411
f 6418 	6416 	6802
f 6801 	6420 	6802
f 6038 	6039 	6112
f 6109 	6112 	6039
f 6039 	6040 	6109
f 6040 	6043 	6109
f 6105 	6109 	6043
f 6043 	6045 	6105
f 6045 	6048 	6105
f 6048 	6051 	6105
f 6102 	6105 	6051
f 6051 	6052 	6102
f 6052 	6053 	6102
f 6100 	6102 	6053
f 6053 	6062 	6100
f 6029 	6031 	6115
f 5984 	5982 	6129
f 6822 	6421 	6801
f 5936 	5984 	6130
f 6067 	5939 	6130
f 5939 	5936 	6130
f 6071 	6094 	6082
f 6425 	6819 	6818
f 6062 	6079 	6100
f 6079 	6089 	6100
f 6098 	6100 	6089
f 6085 	6098 	6089
f 6082 	6098 	6085
f 6818 	6426 	6425
f 3746 	3706 	3707
f 3750 	3707 	3708
f 3709 	3750 	3708
f 6098 	6082 	6094
f 6026 	6029 	6115
f 5928 	6026 	6115
f 5924 	5928 	6115
f 5922 	5924 	6115
f 5919 	5922 	6115
f 5916 	5919 	6115
f 5913 	5916 	6115
f 6115 	6119 	5913
f 5910 	5913 	6119
f 6122 	5907 	6119
f 5894 	5904 	6122
f 7539 	7381 	7479
f 3754 	3710 	3756
f 6071 	6067 	6094
f 6130 	6094 	6067
f 5982 	5980 	6129
f 6128 	5961 	6127
f 7545 	7396 	7517
f 7371 	7517 	7396
f 5765 	5762 	5846
f 3711 	3712 	3756
f 3758 	3756 	3712
f 7396 	7545 	7397
f 7544 	7397 	7545
f 3713 	3758 	3712
f 7397 	7544 	7399
f 7543 	7399 	7544
f 5768 	5765 	6984
f 7543 	7429 	7399
f 6966 	6964 	7053
f 5846 	6984 	5765
f 3762 	3714 	3715
f 6807 	6805 	6412
f 6805 	6804 	6412
f 6008 	6005 	6959
f 6959 	6125 	6008
f 6011 	6008 	6125
f 6127 	6017 	6125
f 6005 	6003 	6959
f 6003 	6000 	6959
f 6976 	6974 	6953
f 6974 	6970 	6953
f 6950 	6953 	6970
f 6964 	5768 	7057
f 3636 	3768 	3730
f 5756 	5753 	5853
f 5853 	5851 	5756
f 7126 	6945 	7053
f 6945 	6950 	6966
f 6970 	6966 	6950
f 6992 	7098 	7117
f 6992 	7117 	7009
f 7009 	7117 	7013
f 3816 	3769 	3770
f 6818 	6816 	6426
f 7013 	7120 	7016
f 7016 	7120 	7020
f 7020 	7120 	7034
f 3705 	3744 	3770
f 6816 	6815 	6426
f 7036 	7034 	7123
f 7040 	7036 	7123
f 7044 	7040 	7123
f 7123 	7126 	7044
f 3745 	3747 	3771
f 7051 	7044 	7126
f 7053 	7051 	7126
f 6823 	6430 	6813
f 6823 	6797 	6431
f 3794 	3751 	3753
f 6839 	6444 	6362
f 7103 	7108 	7276
f 7276 	7272 	7103
f 6839 	6838 	6445
f 6839 	6445 	6444
f 3753 	3755 	3794
f 3797 	3794 	3755
f 7074 	7069 	7108
f 7069 	7276 	7108
f 6838 	6837 	6446
f 6838 	6446 	6445
f 7075 	7074 	7108
f 3797 	3755 	3757
f 7084 	7075 	7109
f 7108 	7109 	7075
f 6837 	6836 	6447
f 6837 	6447 	6446
f 7087 	7085 	7109
f 7085 	7084 	7109
f 3803 	3757 	3759
f 6836 	6834 	6449
f 6836 	6449 	6447
f 6834 	6833 	6451
f 6834 	6451 	6449
f 3759 	3761 	3803
f 6833 	6832 	6452
f 6833 	6452 	6451
f 7113 	7117 	7097
f 7098 	7097 	7117
f 7097 	7093 	7113
f 6832 	6831 	6453
f 6832 	6453 	6452
f 6831 	6830 	6454
f 6831 	6454 	6453
f 6830 	6829 	6456
f 6830 	6456 	6454
f 7091 	7087 	7113
f 7093 	7091 	7113
f 7120 	7013 	7117
f 7123 	7034 	7120
f 6459 	6456 	6829
f 7269 	7270 	7286
f 7270 	7271 	7286
f 7285 	7286 	7271
f 3812 	3809 	3767
f 6464 	6845 	6844
f 6464 	6844 	6465
f 6844 	6843 	6467
f 6844 	6467 	6465
f 3769 	3812 	3767
f 7273 	7285 	7271
f 7274 	7285 	7273
f 7267 	7269 	7286
f 7286 	7287 	7267
f 7275 	7284 	7274
f 7266 	7267 	7287
f 6829 	6851 	6459
f 6851 	6850 	6460
f 6851 	6460 	6459
f 7282 	7289 	7281
f 7264 	7266 	7287
f 6850 	6848 	6461
f 6850 	6461 	6460
f 6848 	6847 	6462
f 6848 	6462 	6461
f 7287 	7288 	7264
f 7268 	7265 	7288
f 7272 	7268 	7103
f 6847 	6846 	6463
f 6847 	6463 	6462
f 6846 	6845 	6464
f 6846 	6464 	6463
f 6856 	1880 	6476
f 1881 	6476 	1880
f 7291 	7292 	7281
f 7290 	7291 	7281
f 7292 	7293 	7281
f 7293 	7294 	7281
f 7289 	7290 	7281
f 6853 	6472 	6471
f 6853 	6471 	6854
f 6853 	1883 	6472
f 1884 	6472 	1883
f 1888 	6857 	6475
f 7283 	7284 	7277
f 7275 	7277 	7284
f 7285 	7274 	7284
f 7265 	7264 	7288
f 7288 	7103 	7268
f 7109 	7113 	7087
f 6856 	6476 	2997
f 6854 	6471 	6475
f 6854 	6475 	6857
f 6488 	6467 	6884
f 6843 	6884 	6467
f 6884 	6883 	6489
f 6884 	6489 	6488
f 7299 	7300 	7281
f 7300 	7301 	7281
f 7298 	7299 	7281
f 7301 	7302 	7281
f 7297 	7298 	7281
f 7294 	7295 	7281
f 7295 	7296 	7281
f 7296 	7297 	7281
f 6883 	6881 	6491
f 6883 	6491 	6489
f 6881 	6880 	6492
f 6881 	6492 	6491
f 6880 	6879 	6493
f 6880 	6493 	6492
f 7305 	7306 	7281
f 7306 	7307 	7281
f 7304 	7305 	7281
f 7280 	7281 	7307
f 7303 	7304 	7281
f 7279 	7280 	7307
f 7307 	7283 	7279
f 7278 	7279 	7283
f 7302 	7303 	7281
f 6879 	6878 	6494
f 6879 	6494 	6493
f 7277 	7278 	7283
f 6878 	6877 	6495
f 6878 	6495 	6494
f 3705 	3746 	3744
f 6877 	6876 	6496
f 6877 	6496 	6495
f 90 	68 	7564
f 6876 	6875 	6497
f 6876 	6497 	6496
f 3748 	3746 	3707
f 68 	67 	7565
f 68 	7565 	7564
f 6875 	6874 	6498
f 6875 	6498 	6497
f 67 	65 	7566
f 67 	7566 	7565
f 3750 	3748 	3707
f 6874 	6873 	6499
f 6874 	6499 	6498
f 65 	63 	7567
f 65 	7567 	7566
f 3752 	3750 	3709
f 6873 	6872 	6500
f 6873 	6500 	6499
f 63 	61 	7568
f 63 	7568 	7567
f 6872 	6871 	6501
f 6872 	6501 	6500
f 61 	60 	7569
f 61 	7569 	7568
f 3754 	3752 	3709
f 6871 	2958 	2959
f 6871 	2959 	6501
f 60 	59 	7557
f 60 	7557 	7569
f 59 	58 	7558
f 59 	7558 	7557
f 58 	56 	7559
f 58 	7559 	7558
f 56 	54 	7560
f 56 	7560 	7559
f 3760 	3758 	3713
f 54 	53 	7561
f 54 	7561 	7560
f 3762 	3760 	3713
f 53 	50 	7562
f 53 	7562 	7561
f 7475 	640 	7476
f 50 	48 	7563
f 50 	7563 	7562
f 3764 	3762 	3715
f 48 	7585 	7563
f 3715 	3766 	3764
f 640 	7479 	7476
f 3768 	3766 	3730
f 109 	107 	7570
f 109 	7570 	7584
f 647 	7539 	7479
f 106 	7571 	7570
f 106 	7570 	107
f 105 	7572 	7571
f 105 	7571 	106
f 104 	7573 	7572
f 104 	7572 	105
f 567 	7438 	563
f 3772 	3771 	3747
f 103 	7574 	7573
f 103 	7573 	104
f 102 	7575 	7574
f 102 	7574 	103
f 3747 	3749 	3772
f 3774 	3772 	3749
f 567 	7439 	7438
f 101 	7576 	7575
f 101 	7575 	102
f 3775 	3774 	3749
f 3775 	3749 	3751
f 100 	7577 	7576
f 100 	7576 	101
f 98 	7578 	7577
f 98 	7577 	100
f 3751 	3794 	3775
f 96 	7579 	7578
f 96 	7578 	98
f 95 	7580 	7579
f 95 	7579 	96
f 3800 	3797 	3757
f 93 	7581 	7580
f 93 	7580 	95
f 582 	7443 	7442
f 91 	7582 	7581
f 91 	7581 	93
f 3757 	3803 	3800
f 90 	7583 	7582
f 90 	7582 	91
f 3761 	3805 	3803
f 7564 	7583 	90
f 48 	132 	7585
f 3761 	3763 	3805
f 3807 	3805 	3763
f 132 	131 	7586
f 132 	7586 	7585
f 131 	130 	7587
f 131 	7587 	7586
f 3809 	3807 	3763
f 3809 	3763 	3765
f 130 	129 	7588
f 130 	7588 	7587
f 3765 	3767 	3809
f 129 	128 	7589
f 129 	7589 	7588
f 128 	127 	7590
f 128 	7590 	7589
f 3814 	3812 	3769
f 127 	124 	7591
f 127 	7591 	7590
f 124 	119 	7592
f 124 	7592 	7591
f 3816 	3814 	3769
f 119 	7610 	7592
f 3816 	3770 	3744
f 3789 	3745 	3771
f 143 	7593 	7598
f 3825 	3773 	2019
f 3773 	1300 	2019
f 3825 	3743 	3773
f 3692 	3773 	3743
f 7595 	7600 	160
f 7600 	7602 	160
f 7437 	563 	7438
f 7609 	206 	7608
f 582 	7442 	7441
f 143 	7598 	7597
f 7445 	7444 	594
f 141 	7594 	7593
f 594 	7447 	7445
f 141 	158 	7594
f 7601 	7594 	158
f 7601 	158 	7599
f 157 	7599 	158
f 3882 	3810 	3813
f 7026 	7025 	6579
f 7469 	7449 	608
f 3813 	3817 	3882
f 157 	7584 	7599
f 608 	7470 	7469
f 178 	7602 	7603
f 7472 	7471 	619
f 7604 	181 	7603
f 178 	7603 	181
f 7605 	186 	7604
f 181 	7604 	186
f 619 	7473 	7472
f 186 	7605 	7606
f 6502 	6888 	6503
f 6887 	6503 	6888
f 6887 	6504 	6503
f 7474 	635 	7475
f 6504 	6886 	6539
f 635 	640 	7475
f 7596 	7595 	145
f 146 	145 	7595
f 647 	7479 	640
f 145 	144 	7597
f 145 	7597 	7596
f 3846 	3843 	3785
f 6541 	6540 	6910
f 144 	143 	7597
f 6910 	6542 	6541
f 143 	142 	7593
f 141 	7593 	142
f 3852 	3786 	3788
f 6908 	6907 	6543
f 3789 	3855 	3788
f 3852 	3788 	3855
f 7429 	7543 	7542
f 7595 	160 	146
f 6906 	6545 	6907
f 3855 	3789 	3771
f 7437 	7429 	563
f 7542 	563 	7429
f 109 	7584 	157
f 169 	160 	7602
f 169 	7602 	178
f 3871 	3801 	3804
f 7606 	190 	186
f 3804 	3777 	3871
f 190 	7606 	7607
f 190 	7607 	196
f 196 	7607 	7608
f 196 	7608 	202
f 6896 	6517 	6518
f 202 	7608 	206
f 3777 	3778 	3828
f 6518 	6519 	6896
f 206 	7609 	231
f 592 	7444 	7443
f 119 	226 	7610
f 3833 	3778 	3779
f 226 	224 	7611
f 226 	7611 	7610
f 7444 	592 	594
f 224 	223 	7612
f 224 	7612 	7611
f 223 	221 	7613
f 223 	7613 	7612
f 221 	219 	7614
f 221 	7614 	7613
f 3840 	3837 	3781
f 219 	85 	87
f 219 	87 	7614
f 3783 	3843 	3781
f 6540 	6912 	6910
f 231 	7609 	7615
f 231 	7615 	8
f 231 	8 	5
f 3846 	3785 	3786
f 6542 	6909 	6543
f 7449 	601 	608
f 6544 	6543 	6907
f 7470 	608 	610
f 6544 	6907 	6545
f 610 	615 	7470
f 7471 	7470 	615
f 6906 	6905 	6545
f 7471 	615 	619
f 7473 	619 	625
f 3861 	3858 	3792
f 3861 	3792 	3793
f 7473 	625 	7474
f 630 	7474 	625
f 3793 	3796 	3861
f 7474 	630 	635
f 6596 	6507 	7054
f 3777 	3828 	3871
f 6895 	6512 	6517
f 7439 	567 	572
f 3817 	3884 	3882
f 572 	576 	7439
f 7440 	7439 	576
f 576 	579 	7440
f 7441 	7440 	579
f 3858 	3892 	3792
f 579 	582 	7441
f 582 	586 	7443
f 3778 	3833 	3828
f 586 	592 	7443
f 3837 	3779 	3780
f 7447 	594 	596
f 3780 	3781 	3837
f 601 	7449 	596
f 7447 	596 	7449
f 3840 	3781 	3843
f 3783 	3785 	3843
f 3796 	3865 	3861
f 3869 	3796 	3799
f 6939 	6553 	6552
f 3869 	3799 	3801
f 6929 	6928 	6555
f 3834 	3833 	3779
f 3837 	3834 	3779
f 3849 	3846 	3786
f 3852 	3849 	3786
f 6929 	6555 	6554
f 3796 	3869 	3865
f 3870 	3869 	3801
f 3801 	3871 	3870
f 6561 	6559 	6923
f 6923 	6562 	6561
f 3880 	14 	3810
f 3882 	3880 	3810
f 6567 	6566 	7008
f 3887 	3884 	3817
f 3887 	3817 	3819
f 3819 	3820 	3887
f 3892 	3887 	3820
f 3820 	3792 	3892
f 7001 	6572 	6571
f 438 	55 	3904
f 3824 	3904 	55
f 3905 	3904 	3824
f 3905 	3824 	3827
f 3906 	3905 	3827
f 3906 	3827 	3829
f 3909 	3906 	3829
f 3909 	3829 	3831
f 3911 	3909 	3831
f 3911 	3831 	3888
f 3912 	3911 	3888
f 3912 	3888 	3891
f 3913 	3912 	3891
f 3913 	3891 	3895
f 14 	3913 	3895
f 14 	3895 	16
f 6567 	7007 	6568
f 7005 	7003 	6568
f 6571 	6570 	7001
f 7022 	6565 	6584
f 7030 	6577 	6576
f 6578 	6577 	7030
f 7026 	6579 	6578
f 6580 	6579 	7025
f 7025 	6581 	6580
f 7023 	6583 	6581
f 7023 	7022 	6583
f 6584 	6583 	7022
f 6921 	6888 	6563
f 6504 	6887 	6886
f 6913 	6539 	6886
f 6540 	6539 	6912
f 6913 	6912 	6539
f 6542 	6910 	6909
f 6908 	6543 	6909
f 6507 	6512 	6890
f 6546 	6545 	6905
f 6892 	6890 	6512
f 6512 	6895 	6892
f 6905 	6904 	6547
f 6905 	6547 	6546
f 6517 	6896 	6895
f 6519 	6899 	6896
f 6519 	6547 	6899
f 6904 	6899 	6547
f 6554 	6553 	6939
f 6922 	6562 	6923
f 6888 	6502 	6563
f 7008 	6566 	6565
f 6569 	7003 	6570
f 6938 	6554 	6939
f 6554 	6938 	6929
f 6556 	6555 	6928
f 6556 	6928 	6557
f 6557 	6927 	6558
f 6559 	6924 	6923
f 6922 	6921 	6562
f 6569 	6568 	7003
f 7002 	6570 	7003
f 6570 	7002 	7001
f 6927 	6557 	6928
f 6926 	6924 	6558
f 7005 	6568 	7007
f 7000 	6572 	7001
f 7000 	6995 	6572
f 6552 	6572 	6995
f 6995 	6939 	6552
f 6558 	6927 	6926
f 6559 	6558 	6924
f 6563 	6562 	6921
f 7010 	7008 	6565
f 6567 	7008 	7007
f 7010 	6565 	7022
f 7030 	6576 	7032
f 7028 	6578 	7030
f 7026 	6578 	7028
f 7024 	6581 	7025
f 6581 	7024 	7023
f 88 	86 	6599
f 7071 	6599 	86
f 7070 	6600 	6599
f 7070 	6599 	7071
f 7068 	6601 	6600
f 7068 	6600 	7070
f 7066 	6602 	6601
f 7066 	6601 	7068
f 7065 	6603 	6602
f 7065 	6602 	7066
f 7063 	6604 	6603
f 7063 	6603 	7065
f 7062 	6605 	6604
f 7062 	6604 	7063
f 7062 	6576 	6605
f 7032 	6576 	7062
f 6001 	6586 	7035
f 7035 	6586 	6588
f 7035 	6588 	7037
f 7037 	6588 	6589
f 7037 	6589 	7041
f 7045 	7041 	6589
f 7045 	6589 	6591
f 7050 	7045 	6591
f 7050 	6591 	6593
f 7052 	7050 	6593
f 7052 	6593 	6595
f 7054 	7052 	6595
f 7054 	6595 	6596
f 6890 	7054 	6507
f 259 	258 	6608
f 7081 	6608 	258
f 7080 	6609 	6608
f 7080 	6608 	7081
f 73 	72 	6609
f 73 	6609 	7080
# 15202 faces

 #end of obj_0

o obj_1
v -21.7495 		-110.7343 		1.9355
v -21.7495 		-28.2 		1.9355
v -21.7495 		-110.7343 		0
v -21.7495 		-28.2 		0
v -24.4198 		-28.2 		1.9355
v -24.4198 		-110.7343 		1.9355
v -24.4198 		-28.2 		0
v -24.4198 		-110.7343 		0
# 8 vertices

g group_1_16777215

usemtl color_16777215
s 0

f 7616 	7618 	7617
f 7618 	7619 	7617
f 7620 	7622 	7621
f 7622 	7623 	7621
f 7620 	7621 	7617
f 7621 	7616 	7617
f 7623 	7622 	7618
f 7622 	7619 	7618
f 7621 	7623 	7616
f 7623 	7618 	7616
f 7617 	7619 	7620
f 7619 	7622 	7620
# 12 faces

 #end of obj_1

o obj_2
v -18.3446 		-109.2289 		5
v -18.3446 		-107.4578 		5
v -18.3446 		-109.2289 		0
v -18.3446 		-107.4578 		0
v -36.0558 		-107.4578 		5
v -36.0558 		-109.2289 		5
v -36.0558 		-107.4578 		0
v -36.0558 		-109.2289 		0
# 8 vertices

g group_2_8273816

usemtl color_8273816
s 0

f 7624 	7626 	7625
f 7626 	7627 	7625
f 7628 	7630 	7629
f 7630 	7631 	7629
f 7628 	7629 	7625
f 7629 	7624 	7625
f 7631 	7630 	7626
f 7630 	7627 	7626
f 7629 	7631 	7624
f 7631 	7626 	7624
f 7625 	7627 	7628
f 7627 	7630 	7628
# 12 faces

 #end of obj_2

o obj_3
v -27.2888 		-111 		3.2258
v -27.2888 		-109.2289 		3.2258
v -27.2888 		-111 		0
v -27.2888 		-109.2289 		0
v -45 		-109.2289 		3.2258
v -45 		-111 		3.2258
v -45 		-109.2289 		0
v -45 		-111 		0
# 8 vertices

g group_3_8273816

usemtl color_8273816
s 0

f 7632 	7634 	7633
f 7634 	7635 	7633
f 7636 	7638 	7637
f 7638 	7639 	7637
f 7636 	7637 	7633
f 7637 	7632 	7633
f 7639 	7638 	7634
f 7638 	7635 	7634
f 7637 	7639 	7632
f 7639 	7634 	7632
f 7633 	7635 	7636
f 7635 	7638 	7636
# 12 faces

 #end of obj_3

o obj_4
v -16.4849 		-31.5651 		3.2258
v -16.4849 		-29.794 		3.2258
v -16.4849 		-31.5651 		0
v -16.4849 		-29.794 		0
v -34.1961 		-29.794 		3.2258
v -34.1961 		-31.5651 		3.2258
v -34.1961 		-29.794 		0
v -34.1961 		-31.5651 		0
# 8 vertices

g group_4_8273816

usemtl color_8273816
s 0

f 7640 	7642 	7641
f 7642 	7643 	7641
f 7644 	7646 	7645
f 7646 	7647 	7645
f 7644 	7645 	7641
f 7645 	7640 	7641
f 7647 	7646 	7642
f 7646 	7643 	7642
f 7645 	7647 	7640
f 7647 	7642 	7640
f 7641 	7643 	7644
f 7643 	7646 	7644
# 12 faces

 #end of obj_4

o obj_5
v -25.4291 		-33.3363 		5
v -25.4291 		-31.5651 		5
v -25.4291 		-33.3363 		0
v -25.4291 		-31.5651 		0
v -43.1403 		-31.5651 		5
v -43.1403 		-33.3363 		5
v -43.1403 		-31.5651 		0
v -43.1403 		-33.3363 		0
# 8 vertices

g group_5_8273816

usemtl color_8273816
s 0

f 7648 	7650 	7649
f 7650 	7651 	7649
f 7652 	7654 	7653
f 7654 	7655 	7653
f 7652 	7653 	7649
f 7653 	7648 	7649
f 7655 	7654 	7650
f 7654 	7651 	7650
f 7653 	7655 	7648
f 7655 	7650 	7648
f 7649 	7651 	7652
f 7651 	7654 	7652
# 12 faces

 #end of obj_5

o obj_6
v -30.9143 		-83.4672 		1.9355
v -30.9143 		-55.4672 		1.9355
v -30.9143 		-83.4672 		0
v -30.9143 		-55.4672 		0
v -33.1143 		-55.4672 		1.9355
v -33.1143 		-83.4672 		1.9355
v -33.1143 		-55.4672 		0
v -33.1143 		-83.4672 		0
# 8 vertices

g group_6_16777215

usemtl color_16777215
s 0

f 7656 	7658 	7657
f 7658 	7659 	7657
f 7660 	7662 	7661
f 7662 	7663 	7661
f 7660 	7661 	7657
f 7661 	7656 	7657
f 7663 	7662 	7658
f 7662 	7659 	7658
f 7661 	7663 	7656
f 7663 	7658 	7656
f 7657 	7659 	7660
f 7659 	7662 	7660
# 12 faces

 #end of obj_6

