:0200000460009A
:100000004643464200000156000000000103030081
:1000100000000000000000000000000000000000E0
:1000200000000000000000000000000000000000D0
:1000300000000000000000000000000000000000C0
:1000400000000000010408000000000000000000A3
:100050000000200000000000000000000000000080
:100060000000000000000000000000000000000090
:100070000000000000000000000000000000000080
:10008000EB04180A063204260000000000000000FD
:10009000050404240000000000000000000000002F
:1000A0000000000000000000000000000000000050
:1000B0000604000000000000000000000000000036
:1000C0000000000000000000000000000000000030
:1000D00020041808000000000000000000000000DC
:1000E0000000000000000000000000000000000010
:1000F0000000000000000000000000000000000000
:10010000D8041808000000000000000000000000F3
:100110000204180804200000000000000000000095
:1001200000000000000000000000000000000000CF
:10013000600400000000000000000000000000005B
:1001400000000000000000000000000000000000AF
:10015000000000000000000000000000000000009F
:10016000000000000000000000000000000000008F
:10017000000000000000000000000000000000007F
:10018000000000000000000000000000000000006F
:10019000000000000000000000000000000000005F
:1001A000000000000000000000000000000000004F
:1001B000000000000000000000000000000000003F
:1001C000000100000010000001000000000000001D
:1001D000000001000000000000000000000000001E
:1001E000000000000000000000000000000000000F
:1001F00000000000000000000000000000000000FF
:10020000FFFFFFFFFFFFFFFFFFFFFFFFFFFFFFFFFE
:10021000FFFFFFFFFFFFFFFFFFFFFFFFFFFFFFFFEE
:10022000FFFFFFFFFFFFFFFFFFFFFFFFFFFFFFFFDE
:10023000FFFFFFFFFFFFFFFFFFFFFFFFFFFFFFFFCE
:10024000FFFFFFFFFFFFFFFFFFFFFFFFFFFFFFFFBE
:10025000FFFFFFFFFFFFFFFFFFFFFFFFFFFFFFFFAE
:10026000FFFFFFFFFFFFFFFFFFFFFFFFFFFFFFFF9E
:10027000FFFFFFFFFFFFFFFFFFFFFFFFFFFFFFFF8E
:10028000FFFFFFFFFFFFFFFFFFFFFFFFFFFFFFFF7E
:10029000FFFFFFFFFFFFFFFFFFFFFFFFFFFFFFFF6E
:1002A000FFFFFFFFFFFFFFFFFFFFFFFFFFFFFFFF5E
:1002B000FFFFFFFFFFFFFFFFFFFFFFFFFFFFFFFF4E
:1002C000FFFFFFFFFFFFFFFFFFFFFFFFFFFFFFFF3E
:1002D000FFFFFFFFFFFFFFFFFFFFFFFFFFFFFFFF2E
:1002E000FFFFFFFFFFFFFFFFFFFFFFFFFFFFFFFF1E
:1002F000FFFFFFFFFFFFFFFFFFFFFFFFFFFFFFFF0E
:10030000FFFFFFFFFFFFFFFFFFFFFFFFFFFFFFFFFD
:10031000FFFFFFFFFFFFFFFFFFFFFFFFFFFFFFFFED
:10032000FFFFFFFFFFFFFFFFFFFFFFFFFFFFFFFFDD
:10033000FFFFFFFFFFFFFFFFFFFFFFFFFFFFFFFFCD
:10034000FFFFFFFFFFFFFFFFFFFFFFFFFFFFFFFFBD
:10035000FFFFFFFFFFFFFFFFFFFFFFFFFFFFFFFFAD
:10036000FFFFFFFFFFFFFFFFFFFFFFFFFFFFFFFF9D
:10037000FFFFFFFFFFFFFFFFFFFFFFFFFFFFFFFF8D
:10038000FFFFFFFFFFFFFFFFFFFFFFFFFFFFFFFF7D
:10039000FFFFFFFFFFFFFFFFFFFFFFFFFFFFFFFF6D
:1003A000FFFFFFFFFFFFFFFFFFFFFFFFFFFFFFFF5D
:1003B000FFFFFFFFFFFFFFFFFFFFFFFFFFFFFFFF4D
:1003C000FFFFFFFFFFFFFFFFFFFFFFFFFFFFFFFF3D
:1003D000FFFFFFFFFFFFFFFFFFFFFFFFFFFFFFFF2D
:1003E000FFFFFFFFFFFFFFFFFFFFFFFFFFFFFFFF1D
:1003F000FFFFFFFFFFFFFFFFFFFFFFFFFFFFFFFF0D
:10040000FFFFFFFFFFFFFFFFFFFFFFFFFFFFFFFFFC
:10041000FFFFFFFFFFFFFFFFFFFFFFFFFFFFFFFFEC
:10042000FFFFFFFFFFFFFFFFFFFFFFFFFFFFFFFFDC
:10043000FFFFFFFFFFFFFFFFFFFFFFFFFFFFFFFFCC
:10044000FFFFFFFFFFFFFFFFFFFFFFFFFFFFFFFFBC
:10045000FFFFFFFFFFFFFFFFFFFFFFFFFFFFFFFFAC
:10046000FFFFFFFFFFFFFFFFFFFFFFFFFFFFFFFF9C
:10047000FFFFFFFFFFFFFFFFFFFFFFFFFFFFFFFF8C
:10048000FFFFFFFFFFFFFFFFFFFFFFFFFFFFFFFF7C
:10049000FFFFFFFFFFFFFFFFFFFFFFFFFFFFFFFF6C
:1004A000FFFFFFFFFFFFFFFFFFFFFFFFFFFFFFFF5C
:1004B000FFFFFFFFFFFFFFFFFFFFFFFFFFFFFFFF4C
:1004C000FFFFFFFFFFFFFFFFFFFFFFFFFFFFFFFF3C
:1004D000FFFFFFFFFFFFFFFFFFFFFFFFFFFFFFFF2C
:1004E000FFFFFFFFFFFFFFFFFFFFFFFFFFFFFFFF1C
:1004F000FFFFFFFFFFFFFFFFFFFFFFFFFFFFFFFF0C
:10050000FFFFFFFFFFFFFFFFFFFFFFFFFFFFFFFFFB
:10051000FFFFFFFFFFFFFFFFFFFFFFFFFFFFFFFFEB
:10052000FFFFFFFFFFFFFFFFFFFFFFFFFFFFFFFFDB
:10053000FFFFFFFFFFFFFFFFFFFFFFFFFFFFFFFFCB
:10054000FFFFFFFFFFFFFFFFFFFFFFFFFFFFFFFFBB
:10055000FFFFFFFFFFFFFFFFFFFFFFFFFFFFFFFFAB
:10056000FFFFFFFFFFFFFFFFFFFFFFFFFFFFFFFF9B
:10057000FFFFFFFFFFFFFFFFFFFFFFFFFFFFFFFF8B
:10058000FFFFFFFFFFFFFFFFFFFFFFFFFFFFFFFF7B
:10059000FFFFFFFFFFFFFFFFFFFFFFFFFFFFFFFF6B
:1005A000FFFFFFFFFFFFFFFFFFFFFFFFFFFFFFFF5B
:1005B000FFFFFFFFFFFFFFFFFFFFFFFFFFFFFFFF4B
:1005C000FFFFFFFFFFFFFFFFFFFFFFFFFFFFFFFF3B
:1005D000FFFFFFFFFFFFFFFFFFFFFFFFFFFFFFFF2B
:1005E000FFFFFFFFFFFFFFFFFFFFFFFFFFFFFFFF1B
:1005F000FFFFFFFFFFFFFFFFFFFFFFFFFFFFFFFF0B
:10060000FFFFFFFFFFFFFFFFFFFFFFFFFFFFFFFFFA
:10061000FFFFFFFFFFFFFFFFFFFFFFFFFFFFFFFFEA
:10062000FFFFFFFFFFFFFFFFFFFFFFFFFFFFFFFFDA
:10063000FFFFFFFFFFFFFFFFFFFFFFFFFFFFFFFFCA
:10064000FFFFFFFFFFFFFFFFFFFFFFFFFFFFFFFFBA
:10065000FFFFFFFFFFFFFFFFFFFFFFFFFFFFFFFFAA
:10066000FFFFFFFFFFFFFFFFFFFFFFFFFFFFFFFF9A
:10067000FFFFFFFFFFFFFFFFFFFFFFFFFFFFFFFF8A
:10068000FFFFFFFFFFFFFFFFFFFFFFFFFFFFFFFF7A
:10069000FFFFFFFFFFFFFFFFFFFFFFFFFFFFFFFF6A
:1006A000FFFFFFFFFFFFFFFFFFFFFFFFFFFFFFFF5A
:1006B000FFFFFFFFFFFFFFFFFFFFFFFFFFFFFFFF4A
:1006C000FFFFFFFFFFFFFFFFFFFFFFFFFFFFFFFF3A
:1006D000FFFFFFFFFFFFFFFFFFFFFFFFFFFFFFFF2A
:1006E000FFFFFFFFFFFFFFFFFFFFFFFFFFFFFFFF1A
:1006F000FFFFFFFFFFFFFFFFFFFFFFFFFFFFFFFF0A
:10070000FFFFFFFFFFFFFFFFFFFFFFFFFFFFFFFFF9
:10071000FFFFFFFFFFFFFFFFFFFFFFFFFFFFFFFFE9
:10072000FFFFFFFFFFFFFFFFFFFFFFFFFFFFFFFFD9
:10073000FFFFFFFFFFFFFFFFFFFFFFFFFFFFFFFFC9
:10074000FFFFFFFFFFFFFFFFFFFFFFFFFFFFFFFFB9
:10075000FFFFFFFFFFFFFFFFFFFFFFFFFFFFFFFFA9
:10076000FFFFFFFFFFFFFFFFFFFFFFFFFFFFFFFF99
:10077000FFFFFFFFFFFFFFFFFFFFFFFFFFFFFFFF89
:10078000FFFFFFFFFFFFFFFFFFFFFFFFFFFFFFFF79
:10079000FFFFFFFFFFFFFFFFFFFFFFFFFFFFFFFF69
:1007A000FFFFFFFFFFFFFFFFFFFFFFFFFFFFFFFF59
:1007B000FFFFFFFFFFFFFFFFFFFFFFFFFFFFFFFF49
:1007C000FFFFFFFFFFFFFFFFFFFFFFFFFFFFFFFF39
:1007D000FFFFFFFFFFFFFFFFFFFFFFFFFFFFFFFF29
:1007E000FFFFFFFFFFFFFFFFFFFFFFFFFFFFFFFF19
:1007F000FFFFFFFFFFFFFFFFFFFFFFFFFFFFFFFF09
:10080000FFFFFFFFFFFFFFFFFFFFFFFFFFFFFFFFF8
:10081000FFFFFFFFFFFFFFFFFFFFFFFFFFFFFFFFE8
:10082000FFFFFFFFFFFFFFFFFFFFFFFFFFFFFFFFD8
:10083000FFFFFFFFFFFFFFFFFFFFFFFFFFFFFFFFC8
:10084000FFFFFFFFFFFFFFFFFFFFFFFFFFFFFFFFB8
:10085000FFFFFFFFFFFFFFFFFFFFFFFFFFFFFFFFA8
:10086000FFFFFFFFFFFFFFFFFFFFFFFFFFFFFFFF98
:10087000FFFFFFFFFFFFFFFFFFFFFFFFFFFFFFFF88
:10088000FFFFFFFFFFFFFFFFFFFFFFFFFFFFFFFF78
:10089000FFFFFFFFFFFFFFFFFFFFFFFFFFFFFFFF68
:1008A000FFFFFFFFFFFFFFFFFFFFFFFFFFFFFFFF58
:1008B000FFFFFFFFFFFFFFFFFFFFFFFFFFFFFFFF48
:1008C000FFFFFFFFFFFFFFFFFFFFFFFFFFFFFFFF38
:1008D000FFFFFFFFFFFFFFFFFFFFFFFFFFFFFFFF28
:1008E000FFFFFFFFFFFFFFFFFFFFFFFFFFFFFFFF18
:1008F000FFFFFFFFFFFFFFFFFFFFFFFFFFFFFFFF08
:10090000FFFFFFFFFFFFFFFFFFFFFFFFFFFFFFFFF7
:10091000FFFFFFFFFFFFFFFFFFFFFFFFFFFFFFFFE7
:10092000FFFFFFFFFFFFFFFFFFFFFFFFFFFFFFFFD7
:10093000FFFFFFFFFFFFFFFFFFFFFFFFFFFFFFFFC7
:10094000FFFFFFFFFFFFFFFFFFFFFFFFFFFFFFFFB7
:10095000FFFFFFFFFFFFFFFFFFFFFFFFFFFFFFFFA7
:10096000FFFFFFFFFFFFFFFFFFFFFFFFFFFFFFFF97
:10097000FFFFFFFFFFFFFFFFFFFFFFFFFFFFFFFF87
:10098000FFFFFFFFFFFFFFFFFFFFFFFFFFFFFFFF77
:10099000FFFFFFFFFFFFFFFFFFFFFFFFFFFFFFFF67
:1009A000FFFFFFFFFFFFFFFFFFFFFFFFFFFFFFFF57
:1009B000FFFFFFFFFFFFFFFFFFFFFFFFFFFFFFFF47
:1009C000FFFFFFFFFFFFFFFFFFFFFFFFFFFFFFFF37
:1009D000FFFFFFFFFFFFFFFFFFFFFFFFFFFFFFFF27
:1009E000FFFFFFFFFFFFFFFFFFFFFFFFFFFFFFFF17
:1009F000FFFFFFFFFFFFFFFFFFFFFFFFFFFFFFFF07
:100A0000FFFFFFFFFFFFFFFFFFFFFFFFFFFFFFFFF6
:100A1000FFFFFFFFFFFFFFFFFFFFFFFFFFFFFFFFE6
:100A2000FFFFFFFFFFFFFFFFFFFFFFFFFFFFFFFFD6
:100A3000FFFFFFFFFFFFFFFFFFFFFFFFFFFFFFFFC6
:100A4000FFFFFFFFFFFFFFFFFFFFFFFFFFFFFFFFB6
:100A5000FFFFFFFFFFFFFFFFFFFFFFFFFFFFFFFFA6
:100A6000FFFFFFFFFFFFFFFFFFFFFFFFFFFFFFFF96
:100A7000FFFFFFFFFFFFFFFFFFFFFFFFFFFFFFFF86
:100A8000FFFFFFFFFFFFFFFFFFFFFFFFFFFFFFFF76
:100A9000FFFFFFFFFFFFFFFFFFFFFFFFFFFFFFFF66
:100AA000FFFFFFFFFFFFFFFFFFFFFFFFFFFFFFFF56
:100AB000FFFFFFFFFFFFFFFFFFFFFFFFFFFFFFFF46
:100AC000FFFFFFFFFFFFFFFFFFFFFFFFFFFFFFFF36
:100AD000FFFFFFFFFFFFFFFFFFFFFFFFFFFFFFFF26
:100AE000FFFFFFFFFFFFFFFFFFFFFFFFFFFFFFFF16
:100AF000FFFFFFFFFFFFFFFFFFFFFFFFFFFFFFFF06
:100B0000FFFFFFFFFFFFFFFFFFFFFFFFFFFFFFFFF5
:100B1000FFFFFFFFFFFFFFFFFFFFFFFFFFFFFFFFE5
:100B2000FFFFFFFFFFFFFFFFFFFFFFFFFFFFFFFFD5
:100B3000FFFFFFFFFFFFFFFFFFFFFFFFFFFFFFFFC5
:100B4000FFFFFFFFFFFFFFFFFFFFFFFFFFFFFFFFB5
:100B5000FFFFFFFFFFFFFFFFFFFFFFFFFFFFFFFFA5
:100B6000FFFFFFFFFFFFFFFFFFFFFFFFFFFFFFFF95
:100B7000FFFFFFFFFFFFFFFFFFFFFFFFFFFFFFFF85
:100B8000FFFFFFFFFFFFFFFFFFFFFFFFFFFFFFFF75
:100B9000FFFFFFFFFFFFFFFFFFFFFFFFFFFFFFFF65
:100BA000FFFFFFFFFFFFFFFFFFFFFFFFFFFFFFFF55
:100BB000FFFFFFFFFFFFFFFFFFFFFFFFFFFFFFFF45
:100BC000FFFFFFFFFFFFFFFFFFFFFFFFFFFFFFFF35
:100BD000FFFFFFFFFFFFFFFFFFFFFFFFFFFFFFFF25
:100BE000FFFFFFFFFFFFFFFFFFFFFFFFFFFFFFFF15
:100BF000FFFFFFFFFFFFFFFFFFFFFFFFFFFFFFFF05
:100C0000FFFFFFFFFFFFFFFFFFFFFFFFFFFFFFFFF4
:100C1000FFFFFFFFFFFFFFFFFFFFFFFFFFFFFFFFE4
:100C2000FFFFFFFFFFFFFFFFFFFFFFFFFFFFFFFFD4
:100C3000FFFFFFFFFFFFFFFFFFFFFFFFFFFFFFFFC4
:100C4000FFFFFFFFFFFFFFFFFFFFFFFFFFFFFFFFB4
:100C5000FFFFFFFFFFFFFFFFFFFFFFFFFFFFFFFFA4
:100C6000FFFFFFFFFFFFFFFFFFFFFFFFFFFFFFFF94
:100C7000FFFFFFFFFFFFFFFFFFFFFFFFFFFFFFFF84
:100C8000FFFFFFFFFFFFFFFFFFFFFFFFFFFFFFFF74
:100C9000FFFFFFFFFFFFFFFFFFFFFFFFFFFFFFFF64
:100CA000FFFFFFFFFFFFFFFFFFFFFFFFFFFFFFFF54
:100CB000FFFFFFFFFFFFFFFFFFFFFFFFFFFFFFFF44
:100CC000FFFFFFFFFFFFFFFFFFFFFFFFFFFFFFFF34
:100CD000FFFFFFFFFFFFFFFFFFFFFFFFFFFFFFFF24
:100CE000FFFFFFFFFFFFFFFFFFFFFFFFFFFFFFFF14
:100CF000FFFFFFFFFFFFFFFFFFFFFFFFFFFFFFFF04
:100D0000FFFFFFFFFFFFFFFFFFFFFFFFFFFFFFFFF3
:100D1000FFFFFFFFFFFFFFFFFFFFFFFFFFFFFFFFE3
:100D2000FFFFFFFFFFFFFFFFFFFFFFFFFFFFFFFFD3
:100D3000FFFFFFFFFFFFFFFFFFFFFFFFFFFFFFFFC3
:100D4000FFFFFFFFFFFFFFFFFFFFFFFFFFFFFFFFB3
:100D5000FFFFFFFFFFFFFFFFFFFFFFFFFFFFFFFFA3
:100D6000FFFFFFFFFFFFFFFFFFFFFFFFFFFFFFFF93
:100D7000FFFFFFFFFFFFFFFFFFFFFFFFFFFFFFFF83
:100D8000FFFFFFFFFFFFFFFFFFFFFFFFFFFFFFFF73
:100D9000FFFFFFFFFFFFFFFFFFFFFFFFFFFFFFFF63
:100DA000FFFFFFFFFFFFFFFFFFFFFFFFFFFFFFFF53
:100DB000FFFFFFFFFFFFFFFFFFFFFFFFFFFFFFFF43
:100DC000FFFFFFFFFFFFFFFFFFFFFFFFFFFFFFFF33
:100DD000FFFFFFFFFFFFFFFFFFFFFFFFFFFFFFFF23
:100DE000FFFFFFFFFFFFFFFFFFFFFFFFFFFFFFFF13
:100DF000FFFFFFFFFFFFFFFFFFFFFFFFFFFFFFFF03
:100E0000FFFFFFFFFFFFFFFFFFFFFFFFFFFFFFFFF2
:100E1000FFFFFFFFFFFFFFFFFFFFFFFFFFFFFFFFE2
:100E2000FFFFFFFFFFFFFFFFFFFFFFFFFFFFFFFFD2
:100E3000FFFFFFFFFFFFFFFFFFFFFFFFFFFFFFFFC2
:100E4000FFFFFFFFFFFFFFFFFFFFFFFFFFFFFFFFB2
:100E5000FFFFFFFFFFFFFFFFFFFFFFFFFFFFFFFFA2
:100E6000FFFFFFFFFFFFFFFFFFFFFFFFFFFFFFFF92
:100E7000FFFFFFFFFFFFFFFFFFFFFFFFFFFFFFFF82
:100E8000FFFFFFFFFFFFFFFFFFFFFFFFFFFFFFFF72
:100E9000FFFFFFFFFFFFFFFFFFFFFFFFFFFFFFFF62
:100EA000FFFFFFFFFFFFFFFFFFFFFFFFFFFFFFFF52
:100EB000FFFFFFFFFFFFFFFFFFFFFFFFFFFFFFFF42
:100EC000FFFFFFFFFFFFFFFFFFFFFFFFFFFFFFFF32
:100ED000FFFFFFFFFFFFFFFFFFFFFFFFFFFFFFFF22
:100EE000FFFFFFFFFFFFFFFFFFFFFFFFFFFFFFFF12
:100EF000FFFFFFFFFFFFFFFFFFFFFFFFFFFFFFFF02
:100F0000FFFFFFFFFFFFFFFFFFFFFFFFFFFFFFFFF1
:100F1000FFFFFFFFFFFFFFFFFFFFFFFFFFFFFFFFE1
:100F2000FFFFFFFFFFFFFFFFFFFFFFFFFFFFFFFFD1
:100F3000FFFFFFFFFFFFFFFFFFFFFFFFFFFFFFFFC1
:100F4000FFFFFFFFFFFFFFFFFFFFFFFFFFFFFFFFB1
:100F5000FFFFFFFFFFFFFFFFFFFFFFFFFFFFFFFFA1
:100F6000FFFFFFFFFFFFFFFFFFFFFFFFFFFFFFFF91
:100F7000FFFFFFFFFFFFFFFFFFFFFFFFFFFFFFFF81
:100F8000FFFFFFFFFFFFFFFFFFFFFFFFFFFFFFFF71
:100F9000FFFFFFFFFFFFFFFFFFFFFFFFFFFFFFFF61
:100FA000FFFFFFFFFFFFFFFFFFFFFFFFFFFFFFFF51
:100FB000FFFFFFFFFFFFFFFFFFFFFFFFFFFFFFFF41
:100FC000FFFFFFFFFFFFFFFFFFFFFFFFFFFFFFFF31
:100FD000FFFFFFFFFFFFFFFFFFFFFFFFFFFFFFFF21
:100FE000FFFFFFFFFFFFFFFFFFFFFFFFFFFFFFFF11
:100FF000FFFFFFFFFFFFFFFFFFFFFFFFFFFFFFFF01
:10100000D1002043B91B0060000000000000000078
:101010002010006000100060007C016000000000F3
:10102000000000600088010000000000FFFFFFFFDB
:10103000FFFFFFFFFFFFFFFFFFFFFFFFFFFFFFFFC0
:10104000FFFFFFFFFFFFFFFFFFFFFFFFFFFFFFFFB0
:10105000FFFFFFFFFFFFFFFFFFFFFFFFFFFFFFFFA0
:10106000FFFFFFFFFFFFFFFFFFFFFFFFFFFFFFFF90
:10107000FFFFFFFFFFFFFFFFFFFFFFFFFFFFFFFF80
:10108000FFFFFFFFFFFFFFFFFFFFFFFFFFFFFFFF70
:10109000FFFFFFFFFFFFFFFFFFFFFFFFFFFFFFFF60
:1010A000FFFFFFFFFFFFFFFFFFFFFFFFFFFFFFFF50
:1010B000FFFFFFFFFFFFFFFFFFFFFFFFFFFFFFFF40
:1010C000FFFFFFFFFFFFFFFFFFFFFFFFFFFFFFFF30
:1010D000FFFFFFFFFFFFFFFFFFFFFFFFFFFFFFFF20
:1010E000FFFFFFFFFFFFFFFFFFFFFFFFFFFFFFFF10
:1010F000FFFFFFFFFFFFFFFFFFFFFFFFFFFFFFFF00
:10110000FFFFFFFFFFFFFFFFFFFFFFFFFFFFFFFFEF
:10111000FFFFFFFFFFFFFFFFFFFFFFFFFFFFFFFFDF
:10112000FFFFFFFFFFFFFFFFFFFFFFFFFFFFFFFFCF
:10113000FFFFFFFFFFFFFFFFFFFFFFFFFFFFFFFFBF
:10114000FFFFFFFFFFFFFFFFFFFFFFFFFFFFFFFFAF
:10115000FFFFFFFFFFFFFFFFFFFFFFFFFFFFFFFF9F
:10116000FFFFFFFFFFFFFFFFFFFFFFFFFFFFFFFF8F
:10117000FFFFFFFFFFFFFFFFFFFFFFFFFFFFFFFF7F
:10118000FFFFFFFFFFFFFFFFFFFFFFFFFFFFFFFF6F
:10119000FFFFFFFFFFFFFFFFFFFFFFFFFFFFFFFF5F
:1011A000FFFFFFFFFFFFFFFFFFFFFFFFFFFFFFFF4F
:1011B000FFFFFFFFFFFFFFFFFFFFFFFFFFFFFFFF3F
:1011C000FFFFFFFFFFFFFFFFFFFFFFFFFFFFFFFF2F
:1011D000FFFFFFFFFFFFFFFFFFFFFFFFFFFFFFFF1F
:1011E000FFFFFFFFFFFFFFFFFFFFFFFFFFFFFFFF0F
:1011F000FFFFFFFFFFFFFFFFFFFFFFFFFFFFFFFFFF
:10120000FFFFFFFFFFFFFFFFFFFFFFFFFFFFFFFFEE
:10121000FFFFFFFFFFFFFFFFFFFFFFFFFFFFFFFFDE
:10122000FFFFFFFFFFFFFFFFFFFFFFFFFFFFFFFFCE
:10123000FFFFFFFFFFFFFFFFFFFFFFFFFFFFFFFFBE
:10124000FFFFFFFFFFFFFFFFFFFFFFFFFFFFFFFFAE
:10125000FFFFFFFFFFFFFFFFFFFFFFFFFFFFFFFF9E
:10126000FFFFFFFFFFFFFFFFFFFFFFFFFFFFFFFF8E
:10127000FFFFFFFFFFFFFFFFFFFFFFFFFFFFFFFF7E
:10128000FFFFFFFFFFFFFFFFFFFFFFFFFFFFFFFF6E
:10129000FFFFFFFFFFFFFFFFFFFFFFFFFFFFFFFF5E
:1012A000FFFFFFFFFFFFFFFFFFFFFFFFFFFFFFFF4E
:1012B000FFFFFFFFFFFFFFFFFFFFFFFFFFFFFFFF3E
:1012C000FFFFFFFFFFFFFFFFFFFFFFFFFFFFFFFF2E
:1012D000FFFFFFFFFFFFFFFFFFFFFFFFFFFFFFFF1E
:1012E000FFFFFFFFFFFFFFFFFFFFFFFFFFFFFFFF0E
:1012F000FFFFFFFFFFFFFFFFFFFFFFFFFFFFFFFFFE
:10130000FFFFFFFFFFFFFFFFFFFFFFFFFFFFFFFFED
:10131000FFFFFFFFFFFFFFFFFFFFFFFFFFFFFFFFDD
:10132000FFFFFFFFFFFFFFFFFFFFFFFFFFFFFFFFCD
:10133000FFFFFFFFFFFFFFFFFFFFFFFFFFFFFFFFBD
:10134000FFFFFFFFFFFFFFFFFFFFFFFFFFFFFFFFAD
:10135000FFFFFFFFFFFFFFFFFFFFFFFFFFFFFFFF9D
:10136000FFFFFFFFFFFFFFFFFFFFFFFFFFFFFFFF8D
:10137000FFFFFFFFFFFFFFFFFFFFFFFFFFFFFFFF7D
:10138000FFFFFFFFFFFFFFFFFFFFFFFFFFFFFFFF6D
:10139000FFFFFFFFFFFFFFFFFFFFFFFFFFFFFFFF5D
:1013A000FFFFFFFFFFFFFFFFFFFFFFFFFFFFFFFF4D
:1013B000FFFFFFFFFFFFFFFFFFFFFFFFFFFFFFFF3D
:1013C000FFFFFFFFFFFFFFFFFFFFFFFFFFFFFFFF2D
:1013D000FFFFFFFFFFFFFFFFFFFFFFFFFFFFFFFF1D
:1013E000FFFFFFFFFFFFFFFFFFFFFFFFFFFFFFFF0D
:1013F000FFFFFFFFFFFFFFFFFFFFFFFFFFFFFFFFFD
:10140000814205D051F8043B40F8043B8242F9D8B0
:10141000704700BF044A05494FF0000342F8043BFF
:101420009142FBD8704700BFC022002000A40020DA
:1014300080B584B0BFF34F8F00BF00BF00BF00BFB7
:10144000BD4B0822C3F8542100BF00BF00BF00BF3E
:1014500000BF00BF00BF00BF00BF00BF00BF00BF94
:1014600000BF00BF00BF00BFB44AB549B548FFF791
:10147000C7FFB54AB549B648FFF7C2FFB54CFFF7FD
:10148000C9FF4FF470004FF0E0210023B24AC1F8C9
:10149000880D44F82320591C03F1030C1F1D5E1D09
:1014A0009D1DD81D03F1020E083344F8212044F895
:1014B0002E20B02B44F82C2044F8272044F8262076
:1014C00044F8252044F82020E3D1A44B8022A44FE7
:1014D00098460833BB4208F8012B03F8072C88F81C
:1014E000012003F8052C03F8042C03F8032C03F85F
:1014F000022C03F8012CEBD14FF0E0298E4A4FF07B
:101500008031984E984DC9F8084DC2F80411C2F8C0
:101510000061C2F8F410C2F8F050D9F8243D9348A5
:1015200043F4E027C9F8247DC16921F07F0646F025
:1015300040058F4EC5610025436A23F07F071023C5
:1015400047F040018B4F41624FF0FF301121B066F0
:10155000F066306770671220C9F8945D864EC9F84E
:101560009C3DC9F8A07D854BC9F89C1D844F8549D9
:10157000C9F8A06DC9F89C0D834EC9F8A03DC9F803
:101580009C7D824BC9F8A01D814943F01507C9F81D
:101590009C6D804801F181567F4BC9F8A00D0D3636
:1015A000C9F89C7D7D48C9F8A01D7D4F7D49C9F8CB
:1015B0009C6DC9F8A00D7C4EC9F89C3D7B48C9F8CC
:1015C000A07D7B4BC9F89C1D7A4F7B49C9F8A06D63
:1015D000C9F89C0DC9F8A03DC9F89C7DC9F8A01DAB
:1015E00000BF00BF00BF00BF00BF0126C9F8946D57
:1015F000BFF34F8FBFF36F8FC9F8505FBFF34F8FAB
:10160000BFF36F8FD9F8140D63266C4F4FF040086D
:1016100040F440336A4903204FF4805EC9F8143D1A
:101620004FF4005CA763E163C9F81460C9F818506F
:10163000644DC9F81000C9F8205DD9F8FC3D624F2F
:1016400043F08071614EC9F8FC1D4FF48031386859
:1016500040F0010543F242003D607F68B7604FF4FF
:10166000404713699D0700F153829D0440F1548265
:10167000DD0440F15482002BF3DA13F4803540F09E
:1016800051825B0640F15B824FF080373549364826
:10169000C2F80471C2F80011C2F8F470C2F8F00088
:1016A0004B4800F019FB314A4A49D36EA2F5203964
:1016B00043F44057D7660D60C1F80851C1F818517E
:1016C000C1F82851C1F83851D9F83850E8070CD47E
:1016D000414842F61562C9F85400C9F85020D9F8BB
:1016E000383043F00107C9F838703C491F4D88680D
:1016F0003B4F40F001128A60EB6E43F44031A0236F
:10170000E966E86E40F44072EA6640F237657D644F
:10171000BB64B96C0906FCD4324F40F23760A0229A
:101720007864BA64BD6C15F08005FBD10F4BF3EE05
:10173000096A2D4A996F5DE000800D40782F010005
:101740009C26006000000000C022002018560160A6
:101750000000002000200020BD79000000E400E02F
:10176000A0E400E01B1018200C0D111300C00F4066
:1017700000C00A403F0000102500080709001000C3
:1017800013002000210002071400002000A4002004
:1017900009000010250008131700004027000B1354
:1017A00033001013180000602F000B0719000070A1
:1017B0002F000B131A0000803B000B13E5230000E1
:1017C0001D24000000002020001000E0C0220020A6
:1017D000002CA330004008400000C05600400D40DF
:1017E00000400C4000800C40000003FC0000AA42B6
:1017F0000000B4425FED034A41F47F071FED047A15
:101800009F670327D3F880000243D648C3F880209F
:1018100000F05EFA00F5804000F05AFA00F58040D2
:1018200000F056FA00F5804000F052FAA0F50310DF
:1018300000F062FA00F5804000F05EFA00F58040AA
:1018400000F05AFAC84AC948D2F8803023F00101A2
:10185000C2F88010C2F89070D0F8E030D2F88080E2
:10186000DFB2C349C348776607EE907AC3F30B270C
:101870001B0DB8EEE70A01EE903A02EE907AB765DA
:10188000B8EEE23ABC4FB8EEE12A70EE660A30EEEE
:10189000641A72EE433AF0EE435AC6ED170A30EE80
:1018A000476A83EEA05AC6ED183AB0EE434AE1EE1D
:1018B000055AA6EE054AA0EE853AFCEEE56AFCEE76
:1018C000C44ABCEEC37A16EE90CA14EE909A48EA67
:1018D0000C5317EE108AC2F8803001EA0943D2F89F
:1018E00090110B43C2F89031C8F30B03D2F890115A
:1018F0000B43C2F89031D2F8803043F00201C2F8B5
:10190000801080F84050C4F840714FF0E020012270
:10191000C0F808217768132FFCD9944840F661710C
:10192000964B974AC3F82011D0F8207227F07F40D9
:10193000904280F0F9804FF00A0909FB00F1B1FBF9
:10194000F9F209FB1217092907F130078DF8047025
:1019500040F2F8800DF1040C0023DFF84492E646D3
:10196000A9FB0021074698460133C908092F01EB5E
:101970008102A0EB4202084602F130020EF8012F6C
:10198000EED808F110000DF1040800279E460DEB7B
:101990000009984409F80A7C013B9CF8002098F85B
:1019A0000000AEEB03010CF8010B8B4208F8012993
:1019B000F2DC9DF80470002F00F0CA80714B9DF896
:1019C0000520A3F83672002A00F0C4809DF80600B6
:1019D000A3F83822002800F0BF809DF80750A3F834
:1019E0003A02002D00F0BA809DF80810A3F83C528E
:1019F000002900F0D7809DF80970A3F83E12002F4F
:101A000000F0D4809DF80A00A3F84072002800F08E
:101A1000CB809DF80B20A3F84202002A00F0A080A2
:101A20009DF80C50A3F84422002D00F0C1809DF8D1
:101A30000D10A3F84652002900F0BC800A25A3F837
:101A400048126F1C5048514D7A0040F2044783F809
:101A50003422D0F8803043F003014D4BC0F88010A1
:101A60004C48C5F8607102681A4203D1D5F8A851F4
:101A7000AA071BD047484FF00041444F4163D7F8B5
:101A8000402142F00203C7F84031D7F84051AB077C
:101A9000FBD44FF0E02C4FF400373E494FF00042AA
:101AA000CCF88C7219208A6300F02EF9374D002192
:101AB000394B4FF08040374F0A22B86318463960DF
:101AC0004FF48007C5F8A8214FF4207200F008F900
:101AD0004FF48103314A0360C5F85801076440F2AE
:101AE0004310C5F84801C4F804224FF0E0244FF435
:101AF00000310123C4F80C11C5F840317568B5F503
:101B0000967FFBD300F0B2F800F0F2F800F0F8F89E
:101B1000976151619061A4E5C2F814C0A1E5C2F8D3
:101B200014E09EE591619CE54FF00A0EB0FBFEFCCF
:101B30000EFB1C03604630338DF804300AE7C2F810
:101B400014808EE500259DF804708DF8055035E76A
:101B50000C4B76E7012574E7022572E7032570E751
:101B600007256EE700C03D4000810D4000441F4046
:101B70000000FF0F00E400E0BD7B000000800D408E
:101B8000809698008015002000C00F4000002E4075
:101B9000001C1E0000900D4000000020B9710000E4
:101BA000CDCCCCCC04254CE706254AE7052548E7F3
:101BB000082546E7092544E7054B4FF42A01054A65
:101BC00005485A641864054A99639546FFF730FC46
:101BD00000C00A40BFAAAAAA070020000080062071
:101BE0001E4AF8B5936B0546446923F47C012768C7
:101BF00041F48026022196633A6863681A433A608A
:101C000006693161164900F06FF8287E154B04EB28
:101C10000010154E077A024603EB07118F694969D8
:101C20003E60C068086016690EB1526932606D7E10
:101C30000D4F04EB051C9CF82840E64603EB04130B
:101C4000D3E905010F60DCF82C600660DCF8305049
:101C500015B1DCF834202A60F8BD00BF00C00F4089
:101C6000A08601005004002061F8010000BF704709
:101C700008B50E4B186E830700D4FBBE72B60C4B32
:101C800000200C4A0C4903F1604CC3F84001ACF54C
:101C90005F2E1164F546BFF34F8F4FF400130748D2
:101CA000074AD96902608B68984700BF00441F400B
:101CB00000002E4000C00A400300200000802020C9
:101CC000000012EBF8B500BFF8BC08BC9E46704798
:101CD0005FF800F0A13000005FF800F0DD2C00009C
:101CE0005FF800F089CC00005FF800F0C908000040
:101CF0005FF800F0EDCD00005FF800F08D310000DE
:101D00005FF800F0C18F00005FF800F0C13C0000F8
:081D100045000000E5C00000E1
:101D18000080C0E0F0F8FCFE000103070F1F3F7FC2
:101D280009026200030100C032080B00020202012E
:101D38000009040000010202010005240010010549
:101D48002401010104240206052406000107058276
:101D58000310001009040100020A0000000705032F
:101D68000240000007058402400000090402000246
:101D7800FF6AFF00070581024000010705010240D4
:101D88000001000009026200030100C032080B00D4
:101D980002020201000904000001020201000524F8
:101DA800001001052401010104240206052406008F
:101DB800010705820310000509040100020A00005A
:101DC800000705030200020007058402000200095B
:101DD80004020002FF6AC70007058102000201072A
:101DE800050102000201000000000000000180005F
:101DF8000000000000000000038000000000000058
:101E080000000007C000000000000000000007C03C
:101E18000000000000000000000FC00000000000EB
:101E2800000000001FE00000000000000000001F8C
:101E3800E00000000000000000003FE0000000009B
:101E480000000000003FF00000000000000000005B
:101E58007FF0000000000000001FF87FF000000085
:101E6800000000003FFE7FF0000000000000003F7F
:101E7800FF7FF0000000000000001FFFFBE00000F3
:101E880000000000000FFFF9FFC000000000000084
:101E98000FFFF9FFF800000000000007FFF1FFFF47
:101EA80000000000000003FC73FFFF80000000003A
:101EB8000001FE3FFFFF80000000000000FF1E0F32
:101EC800FF000000000000007FFE1FFC0000000073
:101ED8000000003FFFFFF8000000000000000FDFD7
:101EE800FFE0000000000000001F19FFC000000014
:101EF800000000003F3CFF00000000000000007EE2
:101F08007CF800000000000000007FFE7C0000005C
:101F18000000000000FFFFFC0000000000000000BF
:101F2800FFFFFE0000000000000000FFFFFE0000B1
:101F3800000000000001FFEFFE00000000000000AC
:101F480001FFCFFE0000000000000003FF07FE00B5
:101F580000000000000003FC07FE00000000000075
:101F68000003F003FE00000000000000018000FEF6
:101F7800000000000000000000007E0000000000DB
:101F880000000000003E000000000000000000000B
:101F98000C000000000000078000FC000003C000E7
:101FA8000000078001FC000003C00000000780015A
:101FB800FC000003C0000000078001E00000001ED4
:101FC800000000078001E00000001E007FE3F79F8B
:101FD800F9FDE7787BDFC0FFF7FFBFFDFDFF787BEA
:101FE800DFC0FFF7FFBFFDFDFF787BDFC0F0F7879D
:101FF800BC3DE1FF787BDE00F0F787BC3DE1F0787F
:102008007BDE0000F787803DE1E0787BDE007FF72C
:10201800879FFDE1E0787BDE00FFF787BFFDE1E009
:10202800787BDE00F0F787BC3DE1E0787BDE00F0EE
:10203800F787BC3DE1E0787BDE00F0F787BC3DE147
:10204800E0787BDE00FFF7FFBFFDE1E07FFBDFC04C
:10205800FFF7FFBFFDE1E07FFBDFC07CF3F39F3DAF
:10206800E1E03E7BCFC0000000000000000000005F
:1020780000FFFFFFFFFFFFFFFFFFFFC0FFFFFFFFA6
:10208800FD68DB111A31C0FFFFFFFFFD2B5AFB6A09
:10209800EFC0FFFFFFFFFD4B5B3B1A33C0FFFFFFA5
:1020A800FFFD6B5BDB6AFDC0000060000000000004
:1020B800000000000000000000E000000000000038
:1020C8000000000000000001E00000000000000027
:1020D80000000000000001F0000000000000000007
:1020E800000000000003F0000000000000000000F5
:1020F8000000000007F000000000000000000000E1
:1021080000000007F80000000000000000000000C8
:1021180000000FF800000003C0007E000001E0008E
:102128007F0FF800000003C000FE000001E000FF80
:10213800EFF800000003C000FE000001E000FFFF10
:10214800F800000003C000F00000000F007FFE7FD1
:10215800C0000003C000F00000000F003FFE7FF841
:102168003FF1FBCFFCFEF3BC3DEFE01FFE7FFF7F9E
:10217800FBFFDFFEFEFFBC3DEFE01FC6FFFF7FFB5E
:10218800FFDFFEFEFFBC3DEFE00FE3C7FE787BC339
:10219800DE1EF0FFBC3DEF0007FF87FC787BC3DE47
:1021A8001EF0F83C3DEF0001FFFFF0007BC3C01EAE
:1021B800F0F03C3DEF0001F37FE03FFBC3CFFEF0C2
:1021C800F03C3DEF0003E33F807FFBC3DFFEF0F010
:1021D8003C3DEF0007E73C00787BC3DE1EF0F03C97
:1021E8003DEF0007FFBE00787BC3DE1EF0F03C3DEC
:1021F800EF0007FFFE00787BC3DE1EF0F03C3DEFEA
:10220800000FFFFE007FFBFFDFFEF0F03FFDEFE079
:102218000FFFFF007FFBFFDFFEF0F03FFDEFE00F59
:10222800F9FF003E79F9CF9EF0F01F3DE7E01FF17E
:10223800FF0000000000000000000000001F80FFF9
:10224800007FFFFFFFFFFFFFFFFFFFE01C007F0095
:102258007FFFFFFFFEB46D888D18E000001F007F30
:10226800FFFFFFFE95AD7DB577E000000F007FFF13
:10227800FFFFFEA5AD9D8D19E0000006007FFFFF62
:10228800FFFEB5ADEDB57EE0AED580A8D300408D9C
:102298002000A1C8DB40A4A62EAF0000EC250060FA
:1022A800F422006020007E0006000000160355009E
:1022B800530042002000530065007200690061006D
:1022C8006C00000018035400650065006E00730080
:1022D80079006400750069006E006F00040309044A
:1022E8000A060002EF02014001000000000001019F
:1022F8000200FB00010001050200FB0002000302CE
:102308000400FB00030003050400FB0005000305AF
:102318000400FB00070003050400FB000900030597
:102328000400FB000B0001020200FB000C00020588
:102338000300FB000E0002050300FB00100003036E
:102348000400FB00120003030400FC001400020256
:102358000300FE00150003010400FD001600010142
:102368000200FF00170003050400FB001900030525
:102378000400FB001B0002050300FB001D00030511
:102388000400FB001F0003050400FB0021000305F7
:102398000400FB00230003050400FB0025000305DF
:1023A8000400FB00270003050400FB0029000305C7
:1023B8000400FB002B0003050400FB002D000103B3
:1023C8000200FC002E0002040300FC002F0003059D
:1023D8000400FB00310003030400FC003300030584
:1023E8000400FB00350003050400FB00370003056B
:1023F8000400FB00390003050400FB003B00030553
:102408000400FB003D0003050400FB003F0003053A
:102418000400FB00410003050400FB004300030522
:102428000400FB00450003050400FB00470003050A
:102438000400FB00490003050400FB004B000305F2
:102448000400FB004D0003050400FB004F000305DA
:102458000400FB00510003050400FB0053000305C2
:102468000400FB00550003050400FB0057000305AA
:102478000400FB00590003050400FB005B00030592
:102488000400FB005D0003050400FB005F0003057A
:102498000400FB00610003050400FB006300030562
:1024A8000400FB00650003050400FB00670003054A
:1024B8000400FB00690003050400FB006B00030532
:1024C8000400FB006D0003050400FB006F0003031C
:1024D8000400FC00710003050400FB007300030204
:1024E8000400FB00740003010400FF0075000202F1
:1024F8000300FB00760003040400FC0078000305D9
:102508000400FB007A0003040400FC007C000305BF
:102518000400FB007E0003040400FC0080000305A7
:102528000400FB00820003050400FC00840003058E
:102538000400FB00860001050200FB00870003067B
:102548000400FB008A0003050400FB008C0003055F
:102558000400FB008E0003040400FC009000030448
:102568000400FC00920003040400FC00940003052E
:102578000400FC00960003050400FC009800030416
:102588000400FC009A0003040400FC009C000305FE
:102598000400FB009E0003040400FC00A0000304E8
:1025A8000400FC00A20003040400FC00A4000304CF
:1025B8000400FC00A60003050400FC00A8000304B6
:1025C8000400FC00AA0003050400FB00AC000105A0
:1025D8000200FB00AD0003050400FB00AF0003028E
:1025E8000400FB0000E8B4BEFA79E48542DBD6C0FB
:1025F8006A409580AA805D0060E080254876DC7599
:1026080040C54EC51CB792F31C73DEE548F7DEF7EC
:102618009CA0462A22E38088A8E50457C657DAD743
:102628005C7246D6DCF3CEF3C873D6B7DAE92E244B
:10263800D4B75A924EBFDABFFA56D4D74856F6D70F
:10264800EA711CE924B6D6B6A4B7FAB55AB524E59A
:102658004EF24E8880E49E54E090CEF09ADC7230C0
:102668002ED677302BA477949ADAB8209A80976A76
:10267800C92EFFD0D6D056A0D6E876B2724079E0FF
:102688005D26B6B0B7A0BFF0A950B594EF706A2622
:04269800D8C8AC787A
:10269C00000000000000000000000000000000002E
:1026AC00000000000000000000000000000000001E
:1026BC000548064B1B1AD90F01EBA301491002D098
:1026CC00034B03B118477047C0220020C0220020E2
:1026DC000000000008B5054B1BB105490548AFF3D8
:1026EC000080BDE80840FFF7E3BF00BF000000001A
:1026FC00B0A300200088016030B482B00C4602AB5D
:10270C0003E90600C17C002936D072B690F813C0DC
:10271C005FEACC7208D54FF0E0234569D3F88021ED
:10272C002A408262C3F880215FEA8C7508D54FF08D
:10273C00E0218269D1F884311340C362C1F884313D
:10274C005FEA4C7108D54FF0E021C569D1F88831AA
:10275C002B400363C1F888315FEA0C7208D54FF047
:10276C00E021036AD1F88C211A404263C1F88C2114
:10277C005FEACC632FD462B68268944235D0224B88
:10278C0084609A69214DC2F3011CC2F3826355F82F
:10279C002C100133B1FBF3F5CCB1AC4227D8B5FB0F
:1027AC00F4F3B5FBF3F294422CD3B3F5817F20D331
:1027BC00174CC4600368032200200199012518619D
:1027CC005A621C6419661D6102B030BC7047994294
:1027DC00EFD36B1CE9E74FF0E02C456ADCF8901165
:1027EC0029408163CCF89011C5E7C468E2E7002466
:1027FC00DFE7022BFBD9991E4D082C0244EA054455
:10280C000C43D6E71D46E4E700C00F4050040020FF
:10281C00FF7F7F0081747047807C704702682DE9D0
:10282C00F041536A0D460F4904468B4210D1867C09
:10283C00E07C30B157682B46626920466168B84726
:10284C002268936A084DAB4207D1A674BDE8F081AB
:10285C004169984722680646EAE731462046BDE8BA
:10286C00F04118478901000085010000406970475C
:10287C000020704710B40D4B012453E8002F58680A
:10288C00996843E80042002AF7D1094C62684FF47A
:10289C007A7CDC68531A0CFB00F0A3FB04315DF866
:1028AC00044B614594BF401860447047C02200201F
:1028BC00001000E02DE9F8430D46002949D0002A0C
:1028CC004BD08F1812F0030204464FF0000819D0B9
:1028DC00012A0ED0022A05D0036815F8011B1E68C8
:1028EC00B0478046206815F8011B026820469047C7
:1028FC008044216820460B6815F8011B98478044DA
:10290C00BD4223D0A94626682046043519F8011B80
:10291C0032689047236899F8001006461A682046DA
:10292C009047236815F8021C46441A6880462046D6
:10293C00904723684644814615F8011C20461A68C6
:10294C004E449047BD4206EB0008DBD14046BDE843
:10295C00F88388464046BDE8F8839046F6E700BF0A
:10296C00704700BF30B40468BDF808500295A46BE2
:10297C00A44630BC604700BF2DE9F04F0C460168FF
:10298C0085B091464F691E46524A0546BDF83C300B
:10299C009742BDF938B0039340F083802644A64299
:1029AC0076DDE043DFF830813044830700F0030A22
:1029BC0075D00B6A2846039A43451F4600925B4626
:1029CC0008BF8A6B214604F1010408BF17464A462A
:1029DC0024B2B847B4425ADABAF1010F29680FFA97
:1029EC008AF05CD0022864D1D1F820A05B46039F0A
:1029FC004A46C2452846009708BFD1F838A0214660
:102A0C000134D047296824B2039F29E00097D2F8FB
:102A1C0038A021465B464A462846D04728680134F0
:102A2C005B46D0F820A04A4624B20097C245214606
:102A3C0004F1010408BFD0F838A02846D0472B6811
:102A4C0024B24A46D3F820A0284621460134C24578
:102A5C00009724B208BFD3F838A05B46D04729684A
:102A6C00D1F820A05B4600974A46C245284608BFCD
:102A7C00D1F838A021460134D04724B2B44206DA4A
:102A8C002A68D2F820A0C245C0D00097C1E72968B7
:102A9C00C96A104EB14207D105B0BDE8F08F039F53
:102AAC00DEE7B847296879E7284605B0BDE8F04F5E
:102ABC000847D1F820A04A46039B2846C2450093FC
:102ACC005B4608BFD1F838A021460134D0472968AD
:102ADC0024B289E7D1020000D50200000346B0F809
:102AEC00300178B193F82F21882A03D901210020D5
:102AFC005960704702F1010C01201A4483F82FC170
:102B0C0082F8A510704700BF016972B6B0F84A2070
:102B1C00B0F84C3092B29BB29A423CBF806B121808
:102B2C00C86AD21A62B6C0F302601044704700BF84
:102B3C00704700BF012070472DE9F04F85B09C4ACB
:102B4C0007230C4604A907469A48CDE9022351E90C
:102B5C000212FFF7D1FDF86910B10568AE68B047F5
:102B6C00A07F954AC0EB4018A2FB08295FEAD91A4E
:102B7C0000F05D813D6A1FFA8AF1002D00F05E8144
:102B8C007E6AEB1D8D4A35028D48166EC3F30B031E
:102B9C003040034313665566136F13F00205FBD1E7
:102BAC0040F007001066526F824A3D621368019232
:102BBC0000205866DA6D12F4F81FFBD000265A6F0D
:102BCC005E66DD6D15F4F81FFBD000205A6F586659
:102BDC00DA6D12F4F81FFBD0D4F808C05A6FBCF1B0
:102BEC00000F40F335810902B946206800260FFA20
:102BFC0081FADFF8D0B1714D6746817829B194F82C
:102C0C000EE07144FF2928BFFF2194F81A80427806
:102C1C0008FB011109122AB194F80DC06244FF2A75
:102C2C0028BFFF2294F819E090F800800EFB0222D6
:102C3C001212B8F1000F07D094F80CC0E044B8F1B0
:102C4C00FF0F28BF4FF0FF084AEA010194F818E083
:102C5C0041EA0B010EFB08884FEA282CC1F3072828
:102C6C00002E55D0D5F860E007362EF47F6EC6F3F3
:102C7C000B062EF00F0E46EA0E060096D9F82460CD
:102C8C0048EA0628009E2E66C5F864802E6F16F062
:102C9C000206FBD14EF0070EC5F860E0D5F874E0E3
:102CAC00C9F82060C9B25966DE6D16F4F81FFBD066
:102CBC001202596F91B241EA0C06C6F307211FFAB2
:102CCC0086FC5966DA6D12F4F81FFBD05FFA8CF6AD
:102CDC00596F5E66D96D11F4F81FFBD0217B013F53
:102CEC00E27B94F80D80521A94F810C0596FA67BB1
:102CFC00ACEB0801227394F91280627C4044A7600B
:102D0C00921B61732060A27357B1D9F8206074E7ED
:102D1C00C3F86480DE6D16F4F81FFBD05E6FC1E75C
:102D2C004F46D9F8202064684FF0FF09234900254D
:102D3C00002C234EB8BF1F346411002A2FD0786AA0
:102D4C000732D1F860A00002C2F30B0B0AEA060EA0
:102D5C0040F0FF004BEA0E020A664866086F10F05E
:102D6C000202FBD14EF007000866486F3A625D66BE
:102D7C00D86D10F4F81FFBD05A6F5D66DA6D12F443
:102D8C00F81FFBD05A6F5D66D86D10F4F81FFBD09E
:102D9C00013C5A6F621C17D03A6A002ACFD1C3F893
:102DAC006490DA6D12F4F81FFBD05A6FDFE700BFA6
:102DBC00808D5B00801500208180808000003A406F
:102DCC0000F0FFFF00E0FFFFF86910B10168CB686D
:102DDC009847019DEE7C0EB3F40722D4B00705D5BD
:102DEC00019A4FF0E028D06AC8F80401710705D5A4
:102DFC00019C4FF0E02A216BCAF80811320705D567
:102E0C00019B4FF0E02B5D6BCBF80C51F30605D515
:102E1C00019E4FF0E029B76BC9F8107105B0BDE801
:102E2C00F08FAF6A4FF0E02CCCF80071D6E7011EA2
:102E3C003D6A18BF0121002D7FF4A2AE054E336808
:102E4C0001965D66DD6D15F4F81FFBD05A6FAFE689
:102E5C00002268E7801500206EE600BF0020704756
:102E6C0090F8A32090F8A200101A704790F8A230A6
:102E7C0090F8A3209A4205D9591C034480F8A2105B
:102E8C00987E70474FF0FF30704700BF90F8A2302B
:102E9C0090F8A3209A4202D91844807E70474FF0D4
:102EAC00FF307047704700BFF8B52A4C266ED6F835
:102EBC00145115F4706301D0C6F81431A8070CD561
:102ECC00D6F8702111043ED50020012784F8F200B9
:102EDC00204484F8F37080F86A20EA0710D594F83F
:102EEC008071F7B194F87E7194F87F11B94226D9AC
:102EFC007A1C274497F8F53084F87E21C6F86031A7
:102F0C00AB050DD594F8F30018B1D4F88C6106B16B
:102F1C00B0470025A4F8F250A4F87E5184F88051F3
:102F2C00F8BDD4F8883103B1984794F87F1100228A
:102F3C000120B94284F87E2184F88001D8D800277A
:102F4C00C6F86071DCE794F8F3008728C5D8411CFB
:102F5C00CFB2BDE78015002010B4144C00220369D9
:102F6C00A1421A6114D8124C012012494FF430328C
:102F7C009C6458629962DA629C6C00204FF00111DB
:102F8C0001221C6518625DF8044B99651A61704743
:102F9C000948814207D9094C09480A499C645A627C
:102FAC009862D962E8E7084C0848F6E77F1A0600F1
:102FBC003B372819B80B05053F420F000A090704D7
:102FCC0060090101007F05001C1A120C100E020290
:102FDC0043682DE9F04F1D684FF0B809596885B06A
:102FEC002A684FF00F0A044622EA01064A494B4A66
:102FFC002E604B4EB76939400A43B261067C494A90
:10300C009F1903EB860E97F8108002EB081BDBF878
:10301C001810C1F80090417C5E1803EB810C96F8F7
:10302C00208002EB081BDBF81810C1F8009090F818
:10303C0012B003EB0B0803EB8B01019198F83010E5
:10304C0002EB011BDBF818B0CBF80090D5F8009020
:10305C00596849EA010BC5F800B03D7CDEF814E074
:10306C0002EB0519D9F81410C1F800E096F820B05D
:10307C00DCF824C002EB0B1EDEF81450C5F800C0BF
:10308C00019998F83090496B02EB0912DFF898C05F
:10309C005569DA6B2960072198F83850CDE902C1DF
:1030AC00156002223F7ED969DB6A0F6096F82860B2
:1030BC001E6005682A61C5F858A00DF1100A5AE97E
:1030CC000212FFF719FBE77C17B3FD0704D5A06AC2
:1030DC004FF0E028C8F80001B80704D5E16A4FF0BA
:1030EC00E02BCBF80411790704D5236B4FF0E029C2
:1030FC00C9F808313A0704D5666B4FF0E02CCCF8D0
:10310C000C61FB0604D5A46B4FF0E025C5F810410B
:10311C0005B0BDE8F08F00BFCFFFFFE31000000843
:10312C0000C00F405004002000093D0000484FE74C
:10313C00801500202B4B2C4930B5D3E91154207944
:10314C00C8771A6C95F804C081F81CC0087752B186
:10315C00B2F5004F1CD32549234D11441964E87670
:10316C0085F81BC030BD19680F25D86C40F20134AE
:10317C008D654FF0030E4FF47C55CA610C614D61A7
:10318C00114683F83DE00368BDE830401B681847E2
:10319C002D68E98B090419D492B2EA832168EC8B6F
:1031AC00A4B2EC82CD8B2C0405D5CC8BC2F30802D7
:1031BC0004F47E452A43CA83CA8B0B4D94B2CC824D
:1031CC0000211964E87685F81BC030BDB5F81EE007
:1031DC000EF47E41C2F3080E92B241EA0E01E9836D
:1031EC00DCE700BF8015002000800E400180FFFF4F
:1031FC0010B404682469A4465DF8044B604700BF12
:10320C002DE9F04F87B0A3EB01091F460C46BDF921
:10321C00405016468246BDF84430A5EB0208B8F182
:10322C00000FB8BFC8F10008B9F1000FB8BFC9F161
:10323C000009C84540F3C880BC463A4634462F4680
:10324C008E460E466546BC4208DD0846B646A34689
:10325C0011462E463C46024675465F46521A381BAE
:10326C00002A01B280B2B8BF524200290190B8BF07
:10327C000131B5424FEA610B40F3A9800121029163
:10328C00381B92B2C84500F001050392049500F377
:10329C00A780DAF8002050466549956905938D4260
:1032AC00214608BF15693246A847059B0399ABEB2D
:1032BC00010005B21FFA80FE002D06DA029D019A6C
:1032CC002E44964436B20FFA8EF5013424B2A7423E
:1032DC00C0F28380049919B3DAF80000C845544A47
:1032EC00D0F818B000F3998093452146324608BFB8
:1032FC00D0F810B050460493D847049B0399681A31
:10330C0005B21FFA80FC002D06DA029D019A2E44AC
:10331C00944436B20FFA8CF5013424B2A7425CDB2C
:10332C00DDF80CB0039757463DE08A4522463146FE
:10333C0008BFD0F810A038460493D047049BA5EBE7
:10334C000B0E0FFA8EF51FFA8EFC002D06DA029D7D
:10335C00019A2E44944436B20FFA8CF50134C845C8
:10336C0024B24BDD3A6831463148D2F818A00493A8
:10337C008245384608BFD2F810A02246D047049B9D
:10338C00A5EB0B010DB21FFA81FE002D06DA029D92
:10339C00019A2E44964436B20FFA8EF501340398F6
:1033AC0024B2A04219DB3868C8452149D0F818A0CE
:1033BC00BBDC8A453246214608BFD0F810A03846FF
:1033CC000493D047049BBAE72A4631463BE7BC42FC
:1033DC0003DC4FF0FF35029552E707B0BDE8F08FE4
:1033EC00DAF800003146124A856905939542224667
:1033FC0008BF05695046A847059B57E73868324611
:10340C000B49D0F818A004938A45214608BFD0F880
:10341C0010A03846D047049BB2E79345314622466C
:10342C0008BFD0F810B050460493D847049B65E70A
:10343C00610B000030B40468BDF808500295E46BD1
:10344C00A44630BC604700BF30B4BDF908500468D6
:10345C000295BDF80C500395246CA44630BC604713
:10346C002DE9F0411C460B46016884B0114E05460F
:10347C004F69BDF82880B74210D1601ECDF804808A
:10348C00104404B2284600948F6A1946B8472B683A
:10349C00DA6AB24209D104B0BDE8F081CDE902325A
:1034AC00B8472968DDE90232E7E7284604B0BDE8F1
:1034BC00F0411047D10200002DE9F043056885B0BA
:1034CC00124E04466F699946BDF83080B74210D150
:1034DC0009F1FF332046CDF804800B440092AF6A0B
:1034EC001BB2B8472068C16AB14209D105B0BDE82A
:1034FC00F083CDE90212B8472568DDE90212E7E74F
:10350C00204605B0BDE8F043084700BFD1020000DB
:10351C0030B5002283B00468B0F90E500191114609
:10352C000095B0F90C30246CA04703B030BD00BF3F
:10353C002DE9F043994287B00546BDF93840BDF8F6
:10354C003C6022D0A24212D00768DFF88480D7F802
:10355C001490C14533D12846CDE90046BC6AA0473A
:10356C002B68D96A414525D107B0BDE8F083994253
:10357C001CDC0E9601332F6828465E1AFD6B33B2A5
:10358C00AC4607B0BDE8F0436047A24202DD94466A
:10359C0022466446631C0E962E68981A03B228467F
:1035AC00B56BAC4607B0BDE8F0436047084619461A
:1035BC000346DEE7284607B0BDE8F0430847CDE9EF
:1035CC0004230391C8472F680399DDE90423C2E75C
:1035DC00D10200002DE9F04F1D4603681646DFF8B6
:1035EC00BC905A6985B004464A45BDF93880BDF88F
:1035FC003C7043D1D3F824B03246DFF8A4A0204667
:10360C000097D345039108BFD3F83CB02B46D8475D
:10361C00206808F1FF320399D0F824B032440097A7
:10362C00D34512B234D1D0F83CA02B46039120469E
:10363C00D047039923683246DFF868A02046D3F8B8
:10364C0020B0013D0097D345039108BFD3F838B0A3
:10365C004346D8470399206832460D44434629B265
:10366C00056A0097554508BF856B2046A847266814
:10367C00F26A4A4507D105B0BDE8F08F0391904737
:10368C0023680399B6E7204605B0BDE8F04F104714
:10369C0003912B462046D8470399CBE7D102000073
:1036AC00A50D0000D50200002DE9F04F2DED028B89
:1036BC0091B082469146006ABDF870209DF87C401E
:1036CC0005919DF87810BDF874B006920F91039493
:1036DC00002800F0AD81057A0F9A5B1BD0E90078C9
:1036EC000398DEB2049742EA000C08EBC60B38F8DC
:1036FC00367063469BF803109BF90550012B9BF821
:10370C0002809BF906400B91099500F29A80DAF839
:10371C0000200026A04955690C968D420A9640F06F
:10372C009B800B9B002B00F0C2801FFA89F60020B7
:10373C00D346DDF83C900D962644044608900E9630
:10374C000790B8F1000F00F0A980079908F1FF3C31
:10375C000C9D0D9E4B19039803FB00650E9B08985E
:10376C000CF001060B440FFA85FA451C19B24307FD
:10377C0008EE10AAEDB208EE901A03D17B1C049C43
:10378C00E45D9FB2230600F1D2804FF0010A640081
:10379C00D045E4B27ED9B6B1AC4605EB0A065FEA79
:1037AC004C70F5B204D107EB0A030499CC5D9FB2BF
:1037BC00210600F1F7800AF1010364005FFA83FA35
:1037CC00E4B2D04566D95146DA468B4617E00BF188
:1037DC0001016400731C5FFA81FB7107E4B2DDB276
:1037EC0003D17E1C0498C45DB7B2230639D40BF107
:1037FC00010164005FFA81FBE4B2D84549D9681C29
:10380C006D07C6B203D17D1C049BDC5DAFB22006F4
:10381C00DDD5B9F1010F54D10399012951D1099882
:10382C00059D431995695D485B448542504619B224
:10383C00069B08BF156918EE902AA847DAF80020F5
:10384C00C5E72AB2544920B20A92DAF800200C904B
:10385C0055698D423FF465AF5046A847DAF8002011
:10386C005FE7B9F1010F47D10399012944D1099BB5
:10387C00059E98199669494B58449E42069B01B285
:10388C00504608BF166918EE902AB047DAF80020A7
:10389C00ADE7D346089D4544EBB2089307980B99C6
:1038AC000130C6B2B14207963FF64BAFDA46D36A47
:1038BC00394FBB4240F0A48111B0BDEC028BBDE886
:1038CC00F08F0A99059B01EB0B05DFF8D4E005FBA3
:1038DC000930D5690FFA89F301B27545BDF90C00B1
:1038EC00009077D1069D50460195156C18EE102A64
:1038FC00A847DAF800206AE70A99059E01EB0B004D
:10390C00DFF89CC000FB0963D669BDF90C00664565
:10391C0019B200900FFA89F365D1069E50460196B4
:10392C00166C18EE102AB047DAF800205FE7B9F1F0
:10393C00010F15D10399012912D10998059BD2F8D1
:10394C0018A0C1181548069B824509B2584608BFF5
:10395C00D2F810A018EE902AD047DBF8002014E71C
:10396C00059B0A99D2F81CA001FB0930DFF830E066
:10397C000FFA89F301B2F245BDF90C00009040F04A
:10398C00E480069801905846D2F840A018EE102A10
:10399C00D047DBF80020F8E6D1020000610B0000F4
:1039AC00B90D0000B9F1010F26D10398012823D1DC
:1039BC00099E059BAE48F1189669069B86425144B8
:1039CC00584608BF166909B218EE902AB047DBF8C2
:1039DC000020F0E6069A5046019218EE102AA847ED
:1039EC00DAF80020F3E6069A5046019218EE102AF7
:1039FC00B047DAF80020FAE60A9B059903EB0A0EA9
:103A0C00DFF878C2BDF90C000FFA89F30EFB09162A
:103A1C0031B2D6690090664540F00081069E58464A
:103A2C000196166C18EE102AB047DBF80020C2E69F
:103A3C00BAF90C80059CA0457FF73EAFBAF90EC0D1
:103A4C00CC457FF739AF06220F9D12FB05400028AD
:103A5C007FF732AF039E09EBC60100297FF72CAF2D
:103A6C009AF81C70012F03D0AF2B01D90133DBB2B4
:103A7C00DAF800507F4A6C69944240F0F280BDF84D
:103A8C00141003EB83030F987B4E4A1D0C460C91CC
:103A9C00F71883B291B2CDF810900997D1460B93D9
:103AAC002B46CDF814B08346DDF81880039F0A919D
:103ABC00CDE90744099D0FFA8BFABDF9204015F8A2
:103ACC00016B08EE90AA08EE104ACA460995082424
:103ADC0000251CE0BBF1010F049A3FD1012F3DD111
:103AEC00A818D3F81890BDF91C1002B26048814593
:103AFC00504608BFD3F810904346C847DAF8003058
:103B0C00013C0135760814F0FF046DB24AD0F2077F
:103B1C00E0D405988045F3D0BBF1010F049A34D161
:103B2C00012F32D1A918D3F81890514A0FFA81FEFF
:103B3C00BDF91C1091456AD1D3F81090724603461A
:103B4C005046C847DAF80030DAE7069A5846019230
:103B5C0018EE102AD047DBF8002016E6D3F81C909C
:103B6C0005FB072145480FFA87FC0AB28145CDE9D0
:103B7C0000C801D1D3F8409018EE903A18EE101A04
:103B8C005046C847DAF80030BAE705FB0720D3F8EF
:103B9C001C9039B202B239480091814547D1059940
:103BAC000191E7E70799D146089A01310B980A9CD5
:103BBC008EB20244B44295B2079608957FF47AAF60
:103BCC00069F1846DDE9048B5F4514D00F9B012B33
:103BDC0030D1039901292DD1066A4246284D08237C
:103BEC00CDF800B0AE42BDF9281008BF866B504628
:103BFC00B047DAF80000C36A1E4A93423FF45CAE49
:103C0C00504611B0BDEC028BBDE8F04F1847059B38
:103C1C0072465046C847DAF8003071E7069A5846A3
:103C2C00019218EE102AB047DBF80020C3E5059B83
:103C3C000193A1E70B9AC66902EB820E0C99039CC7
:103C4C0042460E4D7144E700BDF93C30AE4209B21C
:103C5C00CDE9007B08BF066C5046B047DAF800008F
:103C6C00C9E704935046A047DAF80050049B06E7D6
:103C7C00610B0000D1020000E0060020B90D00002D
:103C8C00D5020000036AF0B5074685B0002B3AD088
:103C9C000A292CD00D2933D01A7A914230D39C7A30
:103CAC008C422DD3881A5D68C6B205EBC604E07849
:103CBC00A278A8B1A2B1FD7E002D65D197F818E0CD
:103CCC007B7EB7F91000B7F91220CDE902E30B4661
:103CDC000146F88A01903846BD8A0095FFF7E4FC4E
:103CEC0021793A7E3C8A01FB02463E8208E00020A4
:103CFC007D8A97F819C038821B7B0CFB03517982A3
:103D0C00012005B0F0BD0A291ED00D29F8D0C27EC5
:103D1C00B0F9104012BBB0F91220067E407E039021
:103D2C000B4602962146FE8A38460196BD8A0095BE
:103D3C00FFF7BAFC397E3A8A01EB410002EB4004F2
:103D4C0001203C8205B0F0BDB0F812C0467E038263
:103D5C000CEBC6034382012005B0F0BD067E0620A5
:103D6C00B7F90C5010FB064EAE4509DDB7F812C082
:103D7C001C46787E3B820CEBC0031AB27A82CEE7EB
:103D8C00B7F91220787ECAE794F905C0B7F910008C
:103D9C00624497F818E00EFB0206B7F90C20964225
:103DAC0003DC7B7EB7F912208FE700207E8A3882F5
:103DBC001D7B7B7E05FB036C0FFA8CF27A8284E709
:103DCC0001F003038376CB0705D40389B0F90A10FD
:103DDC008381C18170474289B0F908108281C18109
:103DEC00704700BF704700BF10B4002383B0ADF81C
:103DFC0000308DF8023018B313780C7843B13CB115
:103E0C00013304FB033300FB03F31C0C8DF800405F
:103E1C004C78537844B13BB1013304FB033400FBC1
:103E2C0004F4230C8DF801308978927841B13AB1C1
:103E3C00013201FB022404FB00F0000C8DF802009F
:103E4C00009B00205FFA83FCC3F30721C3F30742F6
:103E5C006CF3070061F30F2062F3174003B05DF8B9
:103E6C00044B7047F0B50E4691B000F10C011546AD
:103E7C0000F10F02044618461F46CDE90012FFF769
:103E8C00B3FFC0F307238DF80800C0F307408DF88B
:103E9C0009308DF80A00FF20029BADF820301B0C76
:103EAC008DF82230089BADF810301B0CDDE90012A8
:103EBC008DF81230FFF798FFC0F30721C0F30742CB
:103ECC008DF80C0085EAE5738DF80D108DF80E2039
:103EDC00A3EBE5718DF81670039FC7F30740ADF89F
:103EEC002070BDF8202006AF8DF8150004A80896A8
:103EFC00ADF81320A67CCDE90911D0E90001012E03
:103F0C004FEA11430690ADF81C108DF81E30D7E91E
:103F1C000001ADF83C104FEA11410E908DF83E10A7
:103F2C0018D000230B93ADF83030002D25684B4E84
:103F3C004FF00007B4BF6FF00200032008A98DF802
:103F4C00320020462A6B0D97B24242D1FEF7F4FDA7
:103F5C0011B0F0BD424F3A7C013202F00706F3017A
:103F6C00B1073E74DFB29DF8381048BF47F04007E8
:103F7C00720748BF47F0200710375FFA87FC59BB20
:103F8C008DF82F108DF82C109DF83960002E3ED135
:103F9C008DF830608DF82D609DF83A20002A51D0B4
:103FAC004FF48070B0FBF2F3DFB2791CCEB206FB9B
:103FBC000CC28DF831605FEA222CC2F3072018BFC7
:103FCC0000F1FF3C8DF82EC0002EAED08DF8317074
:103FDC00ABE7904711B0F0BD4FF48070B0FBF1FE31
:103FEC005FFA8EF2561CF3B203FB0CC78DF82F3020
:103FFC003812C7F307212AD0481E8DF82C00002B4D
:10400C00C2D09DF839608DF82F20002EC0D04FF40F
:10401C008070B0FBF6FE5FFA8EF2531CDFB207FB2A
:10402C000CC18DF830700812C1F3072612D0701E27
:10403C008DF82D00002FAFD08DF830209DF83A2050
:10404C00002AADD18DF831208DF82E206DE78DF83A
:10405C002C00D4E78DF82D00ECE700BFC907000059
:10406C00C0220020F0B5164691B000F10F020D46AB
:10407C0000F10C01044618461F46CDE90012FFF76B
:10408C00B3FEC0F307238DF80800C0F307408DF88A
:10409C0009308DF80A00FF20029BADF820301B0C74
:1040AC008DF82230089BADF810301B0CDDE90012A6
:1040BC008DF81230FFF798FE8DF81670C0F30721BB
:1040CC00C0F307478DF80C008DF80D1006AA8DF87B
:1040DC000E70A77CCDE90966039E012FADF8206018
:1040EC00C6F30740BDF82030089504AD8DF81500D7
:1040FC00ADF81330D5E90001ADF81C104FEA1141B1
:10410C0006908DF81E1092E803004FEA11420E90B3
:10411C00ADF83C108DF83E2012D000230B93ADF877
:10412C0030300025206847498DF83250026B20460C
:10413C000D958A4208A940D1FEF7FEFC11B0F0BDE6
:10414C00414E307C013000F00707FB01B9079DF8A8
:10415C003810DDB2377448BF45F040057A0748BFC8
:10416C0045F020051035EEB251BB8DF82F108DF8AF
:10417C002C109DF8390000283ED18DF830008DF8B8
:10418C002D009DF83A70002F51D04FF48073B3FB83
:10419C00F7F1CDB2681CC2B202FB06668DF8312075
:1041AC003712C6F3072E18BF0EF1FF378DF82E709D
:1041BC00002AB6D08DF83150B3E7904711B0F0BD5E
:1041CC004FF4807CBCFBF1FE5FFA8EF2501CC7B240
:1041DC0007FB06638DF82F701912C3F307252BD03C
:1041EC0005F1FF3C8DF82CC0002FC2D09DF8390092
:1041FC008DF82F200028C0D04FF4807EBEFBF0F24B
:10420C00D7B27B1CD9B201FB066C8DF830105FEA7B
:10421C002C20CCF3072512D06A1E8DF82D200029F6
:10422C00AFD08DF830709DF83A70002FADD18DF86D
:10423C0031708DF82E7074E78DF82C10D4E78DF852
:10424C002D00ECE7C9070000C022002010B5044681
:10425C00D0F8880008B104F023FD204610BD00BF43
:10426C00002905DBB0F90CC08C4501DD002A00DA11
:10427C007047B0F90EC09445FADD10B4847E022C60
:10428C000BD0032C58D0012C4ED0012B38D0022B44
:10429C0024D06BB15DF8044B7047B0F808C00CF13A
:1042AC00FF34641A41898A1A21B2541E22B2ECE7F7
:1042BC00002A1346B0F808C0B8BFD31DC46A02F078
:1042CC0007020120DB1013FB0C1C00FA02F314F89C
:1042DC000C1021EA030204F80C20DBE7002A134639
:1042EC00048902F0070CB8BFD31DC06A0122DB1091
:1042FC0013FB041302FA0CF4C15C4C40C454C9E720
:10430C00002A1346B0F808C002F00704B8BFD31D4A
:10431C00C06A0122DB10A24013FB0C1C10F80C101D
:10432C000A4300F80C20B5E70489A4EB020C0A46FA
:10433C000CF1FF3109B2A8E7B0F80AC00CF1FF3458
:10434C00641A114622B2A0E7002930B5BDF80C4022
:10435C0002DA0B4400211BB2B0F908C05D188E467E
:10436C00654502DDACEB01010BB2002B10DDC56A1B
:10437C000121D01002F007028C421CFB00EC01FA68
:10438C0002F06544C2B200F0DD80022C6ED004B1A4
:10439C0030BDD24315FA83F413F00703D1B230D0F9
:1043AC00012B27D0022B20D0032B19D0042B12D099
:1043BC00052B0BD0062B04D015F8010B084005F883
:1043CC00010C15F8012B0A4005F8012C15F8013BDE
:1043DC000B4005F8013C15F8010B084005F8010CE1
:1043EC0015F8012B0A4005F8012C15F8013B0B4080
:1043FC0005F8013C15F8010B0840A54205F8010C25
:10440C00C6D0AC4608351CF8012BA54202EA0102C5
:10441C000CF8012C1CF8013B03EA01030CF8013CDD
:10442C0015F8060C15F8052C00EA010015F8033CEC
:10443C0002EA010205F8060C03EA010315F8040C64
:10444C0005F8052C00EA010015F8022C05F8033CD0
:10445C0005F8040C02EA010215F8010C05F8022C0F
:10446C0000EA010005F8010CCBD191E715FA83F4B1
:10447C0013F0070331D0012B27D0022B20D0032BB4
:10448C0019D0042B12D0052B0BD0062B04D015F809
:10449C00010B504005F8010C15F8011B514005F8B3
:1044AC00011C15F8013B534005F8013C15F8010BB4
:1044BC00504005F8010C15F8011B514005F8011C82
:1044CC0015F8013B534005F8013C15F8010B504021
:1044DC00AC4205F8010C3FF45BAFAC4608351CF858
:1044EC00011BAC4281EA02010CF8011C1CF8013BD7
:1044FC0083EA02030CF8013C15F8060C15F8051CB0
:10450C0080EA020015F8033C81EA020105F8060C6A
:10451C0083EA020315F8040C05F8051C80EA020076
:10452C0015F8021C05F8033C05F8040C81EA02019D
:10453C0015F8010C05F8021C80EA020005F8010CC4
:10454C00CBD125E715FA83F413F0070331D0012BF7
:10455C0027D0022B20D0032B19D0042B12D0052BE3
:10456C000BD0062B04D015F8011B114305F8011CC8
:10457C0015F8010B104305F8010C15F8013B13431A
:10458C0005F8013C15F8011B114305F8011C15F841
:10459C00010B104305F8010C15F8013B134305F80A
:1045AC00013C15F8011B1143A54205F8011C3FF411
:1045BC00EFAEAC4608351CF8010BA54240EA0200F0
:1045CC000CF8010C1CF8013B43EA02030CF8013C0B
:1045DC0015F8061C15F8050C41EA020115F8033C08
:1045EC0040EA020005F8061C43EA020315F8041C15
:1045FC0005F8050C41EA020115F8020C05F8033C1C
:10460C0005F8041C40EA020015F8011C05F8020C20
:10461C0041EA020105F8011CCBD1B9E62DE9F041C4
:10462C00B0F908E0BDF818508E452FDD002A2FDBBD
:10463C009446B0F90A409C44A44501DDA31A1BB270
:10464C00002B23DDC2F3C40612F00702DBB21EFB03
:10465C000614C66A06EB04013BD0C2F10807DFF86A
:10466C0028835FFA87FC634518F80C701AD2ACEB00
:10467C0003084FF0FF0E012D4EFA08FE07EA0E0755
:10468C0000F07981022D00F0B980A5B1BDE8F08170
:10469C0013440022B0F90A401BB294469C44A44532
:1046AC00CEDDCBE7012D00F06681022D00F0A68057
:1046BC00002D40F0A88016F8048028EA070E634508
:1046CC0006F804E0B0F90860E0D3083A314413442A
:1046DC00DBB2072B7ED9022D00F0A480A3F1080CCD
:1046EC002F1ECCF3C40218BF01275FFA8CF80132DD
:1046FC007C4212F00707E6B21C463CD0012F30D0AA
:10470C00022F27D0032F1FD0042F15D0052F0CD02C
:10471C00062F04D00E704446B0F908C061440E70E8
:10472C00083CB0F90820E4B211440E70A4F108075B
:10473C00B0F90880FCB241440E70A4F1080CB0F939
:10474C0008205FFA8CF411440E70083CB0F9087024
:10475C00E4B239440E70A4F10802B0F90880D4B266
:10476C004144A4F1080C0E70B0F908705FFA8CF497
:10477C003944072C2CD90E70A4F14002B0F90880F2
:10478C0002F0FF0401F808608844B0F90810072C07
:10479C0008F801608844B0F908C008F80C60E044DF
:1047AC00B0F9087008F80760B844B0F9082008F8A8
:1047BC0002609044B0F9081008F801608844B0F920
:1047CC0008C008F80C60E044B0F908104144D2D895
:1047DC0003F00703002B3FF459AF6B48012D034442
:1047EC00187A00F0CD80022D00F0C180002D7FF4EE
:1047FC004DAF0D7825EA00060E7047E716F804E079
:10480C0087EA0E0E5BE7A2F1080471442344DBB285
:10481C00072B3FF663AF002B3FF438AF984498F862
:10482C000800E0E7A3F108071C46C7F3C4025FFACF
:10483C0087F8013212F0070547D0012D3AD0022D2E
:10484C0030D0032D25D0042D1BD0052D10D0062DD6
:10485C0006D00E784446F7430F70B0F908C0614497
:10486C000A78083CD543E4B20D70B0F90880414495
:10487C000E78A4F10807F243FCB20A70B0F908C034
:10488C0061440D78083CEE43E4B20E70B0F9088038
:10489C0041440F78A4F10805FA43ECB20A70B0F960
:1048AC0008C061440E78083CF743E4B20F70B0F9CD
:1048BC00088041440D78A4F10806EA43F4B20A706A
:1048CC00072CB0F908C061444AD90F78A4F140050F
:1048DC00FE4305F0FF040E70072CB0F9088011F8A8
:1048EC0008206FEA020701F808708844B0F9081034
:1048FC0018F801506FEA050608F801608844B0F911
:10490C0008C018F80C206FEA020708F80C70E04495
:10491C00B0F9081018F801506FEA050608F80160A4
:10492C008844B0F908C018F80C206FEA020708F8A0
:10493C000C70E044B0F9081018F801506FEA050645
:10494C0008F801608844B0F908C018F80C206FEA28
:10495C00020708F80C70E044B0F908104144B4D8D0
:10496C0013F007003FF492AE074B1844007A0C7812
:10497C00604008708AE616F8048047EA080E9EE646
:10498C000B781843087081E6181D00609446827EEF
:10499C00022A10B4BDF8044027D0032A20D0012AE3
:1049AC000ED0BCF1000F08DBB0F90A20624504DD23
:1049BC00019462465DF8044BC6E45DF8044B704705
:1049CC000289A2EB0C0C0CF1FF320FFA82FCBCF149
:1049DC00000FF2DB0A46019461465DF8044B1DE6BC
:1049EC0019444289511A09B2F1E742891944A2EBE0
:1049FC000C0C0CF1FF320FFA82FC0289511A09B22D
:104A0C00CFE700BF9446827E022A10B4BDF8044062
:104A1C0025D0032A13D0012A06D000290CDB0194DF
:104A2C0062465DF8044BF9E59C4402890029A2EB2F
:104A3C000C0C0FFA8CFC08DA5DF8044B70474289B9
:104A4C00511A4A1E11B20029F6DBB0F90A208A422B
:104A5C00F2DD0A46019461465DF8044B74E4028968
:104A6C009C44511A4A1E11B24289A2EB0C0C0FFA4B
:104A7C008CFCD2E738B5EFF3108272B60A4C606941
:104A8C0078B100254369636103B19D6102B962B6D7
:104A9C00816845778847EFF3108272B66069002809
:104AAC00F0D102B962B638BDC0220020034A044BD3
:104ABC00506898605968013159607047001000E0E7
:104ACC00C02200200120704707EE101AF1EE007A88
:104ADC00DFEDD55AB6EE005AB8EE476ADFEDD36A71
:104AEC002DE9F04F27EE860A41F6FF7E01250424BE
:104AFC000669C5EE800A30EE851AFDEEC11A11EE7C
:104B0C00903A7345A8BF7346AB42B8BF2B4602EE32
:104B1C00103AF8EEC24A74EEE02A82EEA03AF0EEB9
:104B2C00C33AF4EEE63AF1EE10FA02D8F0EE636A0C
:104B3C001D46052707EE907A791CB8EEE70A04EEBD
:104B4C00101AB8EEC47A60EE060A27EE061AC5EE05
:104B5C00A01A85EE812A71EE854ABDEEE43A72EE1A
:104B6C00052A13EE10CAF445FDEEE23AA8BFF4464E
:104B7C0013EE903ABCF1010FB8BF4FF0010C04EEEC
:104B8C0010CAB8EEC47A37EE610AC0EE217AF0EEA4
:104B9C00E70AF4EEE60AF1EE10FA03D8F0EE606ADA
:104BAC003C4665467345A8BF7346012BB8BF01232D
:104BBC0001EE103AF8EEC11A71EEC24AC4EE822A26
:104BCC00B0EEE22AB4EEE62AF1EE10FA03D8F0EEDB
:104BDC00426A0C461D4601F1010901F10208CF1C85
:104BEC0003EE109A04EE108AF8EEC33AB8EEC40A3B
:104BFC0023EE867A60EE067AC5EE870A85EEA71A52
:104C0C0070EE851AFDEEE12A71EE054A12EE90AABD
:104C1C00F245BDEEE42AA8BFF24612EE103ABAF104
:104C2C00010FB8BF4FF0010A03EE10AAF8EEC33A19
:104C3C0033EEE04A84EE200AB0EEC07AB4EEE67AA7
:104C4C00F1EE10FA03D8F0EE476A4C465546734520
:104C5C00A8BF7346012BB8BF012307EE903AF8EEBC
:104C6C00E70A70EEC11AC1EE814AB0EEE41AB4EE56
:104C7C00E61AF1EE10FA03D8F0EE416A44461D46EE
:104C8C001E297FF457AF43694FF0000B816BB3F8CB
:104C9C005870B3F85AE0A0F84AB0CF1BA0F84CB04B
:104CAC00A1EB0E0CA0F846B002F40071A0F848B0CD
:104CBC0080F844B00029D3F80C90C0E90F7C1F6930
:104CCC00D9F8001041EA0701C9F8001014BF0121FE
:104CDC000021817640F0E980077EDFF864B103EBB8
:104CEC000718DFF8609198F81410D8F81CA00BEB9B
:104CFC00011CDCF81870DCF81410C7F80090D8F818
:104D0C001890C1F80090BAF1000F03D0D8F82070B9
:104D1C00CAF80070417E03EB0118D92198F8347061
:104D2C000BEB071EDEF818703960DEF81410D8F89B
:104D3C003880C1F80080477E03EB071ADAF83CC0D4
:104D4C00BCF1000F03D0DAF84010CCF80010082C9E
:104D5C0004F1FF37CCBF0024012445EA44443D064E
:104D6C00002705F0F851324D21435C683161F76042
:104D7C0093F8019009F1100345F8234041694FF075
:104D8C0001082C4F02F0030591F801E091F8564010
:104D9C00294B0EF807404FF0021E446994F801A00D
:104DAC0003EB5A170AF01F0CBB0008FA0CF1196040
:104DBC005307C6F82CE0B76A47F08801B16271D48A
:104DCC0045F4701302F00F05042D08BF43F0804327
:104DDC00970661D5817E43F0805300296DD115076C
:104DEC00B36103D5356945F0005131617769D1065E
:104DFC0027F0805348BF43F080537361D30503D52C
:104E0C00326942F400553561A668002E42D00B4F32
:104E1C003B7E002B61D0F96988423BD0012B2CD012
:104E2C003A6A904236D00FE0001BB74BEC78AD607D
:104E3C000020002000E400E040380038C0220020B0
:104E4C005004002038F00100022B16D07D6AA842D5
:104E5C0020D0032B11D0BE6AB0421BD0042B0CD037
:104E6C00FC6AA04216D0052B07D0396B884211D0B2
:104E7C00062B02D07A6B90420CD05D1CECB297F8EA
:104E8C00386007EB83083C7646F00203C8F81C0038
:104E9C0087F83830BDE8F08F877E002F9FD043F025
:104EAC00A0039CE70E4B2B438CE7417EDFF834B01C
:104EBC0003EB01184FF2D90130E7457E43F0A00314
:104ECC0004EB051999F834700BEB071BDBF8185041
:104EDC00296821F440472F6081E70124CFE700BF08
:104EEC0010003C0050040020B0F84630B0F84820C8
:104EFC009BB292B2934202D2501EC01A7047416BC1
:104F0C0001F1FF3C6244D01A704700BFB0F84A1060
:104F1C000246B0F84C301FFA81FC9BB29C4510B491
:104F2C00046916D00133946B106B9C4298BF00231C
:104F3C00984206D81B1A526AD15CC8B25DF8044B71
:104F4C007047146A14F803C05DF8044B5FFA8CF0D8
:104F5C00704772B6B0F84A0081B28C4501D062B687
:104F6C00E0E7E06A10F0E06F03D14FF0FF3062B67B
:104F7C00E4E7E3694FF0010C0024116AA2F84AC07F
:104F8C00C3F30900A2F84C40DAB24A70EFE700BF55
:104F9C00B0F84A100246B0F84C3089B29BB2994234
:104FAC0030B4046925D00133946B9C4216D9106B34
:104FBC001FFA83FC984217D9156AE85CC0B2956D4C
:104FCC00A2F84CC045B199421CD3CC1AD16BA1426A
:104FDC0002D3D26DC5F8882030BC70474FF0000C5E
:104FEC00106B63469842E7D8181A556A285CC0B211
:104FFC00E5E7084672B6B2F84A50A9B2884204D026
:10500C0062B6D0E70C44E41AE0E7E36A13F0E06F11
:10501C0003D14FF0FF3062B6DEE7E069C0F3090060
:10502C00F9E700BFB249D1F8A021536913F4401F2E
:10503C00F0B500F0E480D46A14F0E06FC4F30260C1
:10504C0000F0DA80B1F8DA61B1F8DC51B3B2D469AE
:10505C00B1F8DC61ADB2D1F8C8711FFA86FC5E1CE8
:10506C00B74298BF0026B4450CD0C4F30903D1F85D
:10507C00C041B44200F22A81371BDCB23346D1F86E
:10508C00B461F455012800F0A680D7695C1CB1F816
:10509C00DC611FFA86FCD1F8C861A64298BF0024D7
:1050AC00A4450CD0C7F30903D1F8C071BC42C0F0C1
:1050BC001381E61BDFB22346D1F8B441A755022871
:1050CC0000F08980D7695C1CB1F8DC611FFA86FCA2
:1050DC00D1F8C861B44228BF002464450CD0C7F392
:1050EC000903D1F8C071BC42C0F0FC80E61BDFB2F2
:1050FC002346D1F8B441A75503286CD0D7695C1C62
:10510C00B1F8DC611FFA86FCD1F8C861B44228BF43
:10511C00002464450CD0C7F30903D1F8C071BC421C
:10512C00C0F0E880E61BDFB22346D1F8B441A755A6
:10513C00042850D0D7695C1CB1F8DC611FFA86FCDE
:10514C00D1F8C861B44228BF002464450BD0C7F322
:10515C000903D1F8C071BC4280F0D280DEB2D1F824
:10516C00B0311E552346053810F0FF0033D0D769F7
:10517C005C1CB1F8DC611FFA86FCD1F8C861B44242
:10518C0028BF002464450BD0C7F30903D1F8C071C4
:10519C00BC4280F0BC80DEB2D1F8B0311E55234643
:1051AC00012818D0D669581CB1F8DCC1D1F8C84117
:1051BC001FFA8CF7A04228BF002087420BD0C6F301
:1051CC000903D1F8C061B04280F0A880DEB2D1F8FA
:1051DC00B07103463E549CB2D1F8E801A1F8DA4113
:1051EC0050B19D4260D85B1BD1F8D0719F4203D85F
:1051FC00D1F8EC31C0F884305469E7024FD495698A
:10520C002E022FD557693C022CD5B1F8D641B1F8F6
:10521C00D8E11FFA84FCD1F8C4611FFA8EF3D1F8DF
:10522C00AC71D1E96EE405E0F85CC0B2D061D06A33
:10523C00400512D49C4503F101003AD0B04234BF72
:10524C00034600239C42A3EB0400EDD81EF800009B
:10525C00C0B2D061D06A4005ECD59EB29C45A1F895
:10526C00D8612AD0680219D555696B0216D500246D
:10527C00D1F8E07181F8D4411FB1D1F8E431C7F80D
:10528C00883091F8AA1129B172B6906920F00056B5
:10529C00966162B6956925F480049461F0BD5069FD
:1052AC0040F480165661AAE7D1F8C861751B2B44EF
:1052BC009AE71FFA8CF4A1F8D841976927F40003F8
:1052CC009361906940F480069661CBE7DFB2D1F828
:1052DC00B0319F553346D5E6DEB2D1F8B0311E550C
:1052EC002346ECE6DEB2D1F8B0311E55234603E777
:1052FC0080150020DEB2D1F8B0311E55234617E7D9
:10530C00E61BDFB22346D1F8B441A7552BE7E61BC9
:10531C00DFB22346D1F8B441A75541E7871BDCB275
:10532C000346D1F8B401C45555E700BF0D4A92F8B5
:10533C00391092F83A00CBB281420FD001330A49AE
:10534C00092B28BF0023134493F83C0002EB400CBC
:10535C0001EB4023BCF84820985C70474FF0FF30BD
:10536C00704700BFC0220020802020209E499F4B08
:10537C0088422DE9F0479E4C5E699A69D4F80C80FE
:10538C0014D99C4DA84240F2F880431B9A491C0A40
:10539C009A4BA1FB0415EF0907EB870909EB890A66
:1053AC000AF5E174A3FB0431CF0800E00E278F4D02
:1053BC0008F01F09D5F88040B94544F0C003C5F882
:1053CC0080300DD228F01F01A5F5F82C41EA070812
:1053DC00CCF80C80DCF80050002DFBDA08F01F092B
:1053EC0016F0007324D1864C86492569A94300F038
:1053FC00E78082F4805EB2464FF480541AF0605F0E
:10540C0004D026F060561E43784B5E611EF4405F5C
:10541C0007D022F44052754D2243AA61A96C0C07A7
:10542C00FCD446F00076714C6661A36C9906FCD4F2
:10543C00754CA04200F2CB804FF0010C0146634644
:10544C0003FB011203F1010E0CF1010AA24218D860
:10545C00BEF1080F4FF0010340F08D80BCF1040F3A
:10546C0000F291804218A24200F2A4800AFB00F1E3
:10547C00D44603F1010E03FB01120CF1010AA24206
:10548C00E6D90CF1FF30614D614C1544A5427FD932
:10549C008502DFF8A4A186EA80246C225D48B0FB6B
:1054AC00FEF1B1FBFCF05649DFF890C1D1F800E0F9
:1054BC000EEA0C0CD44509D042F400524FF4805A39
:1054CC00C1F800A00A600A68002AFCDA474A116990
:1054DC0001F0070C9C4503D01361936CDB03FCD4E7
:1054EC0014F4E05F09D026F4E05605F4E0553F4C87
:1054FC002E436661A26C9107FCD44749474B01448B
:10550C0099423CD8CD09464CA4FB0532110B4B1EDD
:10551C001D0286EA050414F4407F06D026F440767A
:10552C0005F44073314A33435361304D6C6924F0B8
:10553C0000766E61AB6C9B06FCD43A4A4FF0FF369A
:10554C004F45A2FB0025384AB0FBF1F14FEA9544D8
:10555C00C2F8F001C2F8F4113449B6FBF4F3CB6095
:10556C0007D228F01F05224C2F43E7602668002E37
:10557C00FCDABDE8F087734662E7122717E74FF4B1
:10558C0040750421C5E7214D0CF1FF30072315446C
:10559C00274986EA8024A1FB05128502120D362AC2
:1055AC002448DFF89CA038BF362202FB00F042EA08
:1055BC000A0A74E760460023D4464FF0010E62E7F6
:1055CC001C4686F0C05A96464FF0C05316E70F4D56
:1055DC004FF0010C344605441548E646A0FB052166
:1055EC0000250A0D2B46DAE700A4781F00C00F40F7
:1055FC00000008400046C32323B24C001F85EB512A
:10560C0000800D4040300080FFB19F26808D5B00F4
:10561C00FF7EF64D00643F4D7FD1F0087F17B42C10
:10562C009F10E50083DE1B4380150020C022002064
:10563C00819F5E16001BB7006C2000807F300180BC
:10564C000020008002010D4B03EB00109B5810B49E
:10565C00C2685C68144203D061B1C3F8842003E0D3
:10566C00806821B9064901605DF8044B7047054B11
:10567C000360F9E7C3F88820F6E700BF6004002058
:10568C003830010038F001000D4B0201012903EB09
:10569C0000109A58816830B40AD153683824C56810
:1056AC002B4353600C604068152230BC026070477D
:1056BC005368C568034C23EA050353600C60F2E79A
:1056CC006004002038F00100272800D8DCE7704780
:1056DC0030B4134A0020134B0121134D134CC2F864
:1056EC00F032C2F8F402C2F8B810C2F8A000C2F846
:1056FC00A450C2F8B0105369DB07FCD5516194F883
:10570C0000C05FEACC73EED41068054940F0010587
:10571C0015600A68D307FCD462B630BC704700BF72
:10572C0000802A400504012401000F0000812A405A
:10573C0000234FF470410F224FF4604CA0F88C11F1
:10574C00A0F88E21A0F89031B0F888118AB242F0FE
:10575C00F00148F2B822A0F888114FF48061A0F84B
:10576C0004C0C1804384038643804381C281438249
:10577C00C3824383C383A0F864C0A0F86610A0F86A
:10578C008230A0F89030A0F86230A0F86A30A0F80F
:10579C006E20A0F87230A0F87630A0F87A30A0F81D
:1057AC007E30A0F8C4C0A0F8C610A0F8E230A0F873
:1057BC00F030A0F8C230A0F8CA30A0F8CE20A0F883
:1057CC00D230A0F8D630A0F8DA30A0F8DE30A0F84D
:1057DC0024C1A0F82611A0F84231A0F85031A0F84D
:1057EC002231A0F82A31A0F82E21A0F83231A0F8ED
:1057FC003631A0F83A31A0F83E31B0F8883199B280
:10580C0041F00F02A0F88821B0F888C11FFA8CF380
:10581C0043F47061A0F88811704700BF002341F277
:10582C00010C45F6C05143F226028381438100B539
:10583C004FF00F0EA0F80EE0A0F814C0C18003804A
:10584C000382828183854385A0F82EE0A0F834C0C2
:10585C00C184038403868285A0F84C30A0F84A30BA
:10586C00A0F84EE0A0F854C0A0F84610A0F84030C4
:10587C00A0F85030A0F84C20A0F86C30A0F86A309A
:10588C00A0F86EE0A0F874C0A0F86610A0F8603024
:10589C00A0F87030A0F86C205DF804FB30BFFDE779
:1058AC00114AD2F880305B07FBD5D2F880000F4943
:1058BC00C0F30B22D1ED167A07EE102A91ED176A80
:1058CC00F8EE670AD1ED186AB8EEC71A91ED190A0D
:1058DC00B8EE402A70EEC11A61EE862A82EEA63A24
:1058EC0033EE020A704700BF00810D40C022002039
:1058FC00836BF0B41BB1546844F40045556072B628
:10590C00466B46B31A4B3260D3F8B0410C421ED1F1
:10591C00184E776804E07468E41BB4F5166F0BD26C
:10592C00D3F8405145F48044C3F84041D3F8B85102
:10593C00D3F840416404EED511EA050307D10C4EAF
:10594C00C0E90223D6F8B0710F43C6F8B0714263B8
:10595C0062B6F0BC7047064FC0E90226D7F8B031EA
:10596C000B43C7F8B0310263426362B6F0BC7047B8
:10597C0000002E40001000E02DE9F041066B002ED7
:10598C0067D005463246002403E012680134012A30
:10599C0061D0536813F08000F7D02A63002C58D0E4
:1059AC0014F0070704F1FF312FD0012F27D0022F5D
:1059BC0020D0032F19D0042F12D0052F0BD0062F77
:1059CC0004D03046AB6B0C46366898473046AA6B11
:1059DC00013C366890473046A96B013C36688847D5
:1059EC003046AF6B013C3668B8473046AB6B013C78
:1059FC00366898473046AA6B013C3668904730466B
:105A0C00A96B36688847013C23D0D6F80080304615
:105A1C00AF6BB847D8F80070AB6B404698473E6800
:105A2C00AA6B384690473768A96B304688473E6862
:105A3C00AB6B3846984737683046AA6B90473E6840
:105A4C003846A96B88473046AB6B36689847083C9C
:105A5C00DBD1BDE8F081C5E90C009FE738B54E4CB1
:105A6C0094F8683013B1B4F86A0000B938BDC0F5C9
:105A7C00006C94F86D1004F1800E484A4FEA0C400B
:105A8C00012502EBC12340F080000EEB41124901CD
:105A9C0084F86C509C444EF8015003F580555060CE
:105AAC0003F5005003F54051D560106103F58045B6
:105ABC000020936051619561D061BFF34F8F4FF01F
:105ACC00E02ED943CEF8703F203361449C45C1F39E
:105ADC00421542D9FDB1012D18D0022D13D0032D42
:105AEC000ED0042D09D0052D04D0062D4FD1CEF8A3
:105AFC00703F2033CEF8703F2033CEF8703F203308
:105B0C00CEF8703F2033CEF8703F2033CEF8703F84
:105B1C0020339C4521D903F12000CEF8703F03F1CE
:105B2C00400103F16005CEF8700F03F18000CEF850
:105B3C00701F03F1A001CEF8705F03F1C005CEF821
:105B4C00700F03F1E00003F58073CEF8701FCEF8F0
:105B5C00705F9C45CEF8700FDDD8BFF34F8FBFF34D
:105B6C006F8F4FF480110E48FFF7C2FE94F86D2032
:105B7C0000210132A4F86A10D3B2032B88BF002392
:105B8C0084F86D30BFF34F8F84F86C1038BDCEF8AD
:105B9C00703F2033ABE700BFC022002080002020E4
:105BAC0040020020194B012193F86D2083F86C10F2
:105BBC00BAB1D3F884008A4280F0800CCCF3C010C8
:105BCC004FEAC0200ED1D3F8C410090658BF00F517
:105BDC000060032A0ED1BFF34F8F002183F86C10A5
:105BEC0070471046D3F8A410090658BF00F50060A2
:105BFC00022AE8D1D3F8E420120658BF00F5006061
:105C0C00BFF34F8F002183F86C107047C022002027
:105C1C00434B4FF400324349B3F800C270B503F55F
:105C2C00807E4FEA0C454FF0E02401EB4023012627
:105C3C0045F08001C4F88C2145010EEB40129C44C8
:105C4C004EF8056003F5405503F580465160D06170
:105C5C0003F5005103F5805093601161D0605561DC
:105C6C009661BFF34F8FD843C4F85C3F2033604438
:105C7C009C45C0F3421142D9F9B1012918D002292F
:105C8C0013D003290ED0042909D0052904D00629E4
:105C9C0042D1C4F85C3F2033C4F85C3F2033C4F8D5
:105CAC005C3F2033C4F85C3F2033C4F85C3F2033A6
:105CBC00C4F85C3F20339C4521D903F1200503F146
:105CCC00400603F16000C4F85C3F03F18001C4F8A6
:105CDC005C5FC4F85C6F03F1A005C4F85C0F03F1C2
:105CEC00C00603F1E00003F58073C4F85C1F9C450B
:105CFC00C4F85C5FC4F85C6FC4F85C0FDDD8BFF30C
:105D0C004F8FBFF36F8F08210748FFF7F1FD4FF45A
:105D1C000032C4F80C2170BDC4F85C3F2033B8E7E6
:105D2C00C0220020802020208001002070B5134D5F
:105D3C0095F8393095F83A2093421DD0DCB20134F5
:105D4C00082CE6B201D9002426462819D5F80432CD
:105D5C0090F83C0005EB4001B1F80822B1F848106E
:105D6C00521A9B1AC5F80432FFF752FF85F83960B6
:105D7C0095F83A60B442E2D170BD00BFC022002059
:105D8C0070B54F4C94F86C30002B40F0978094F821
:105D9C00681003F0FF00002900F09080B4F86A202E
:105DAC00002A00F08B80C2F5006C94F86D6004F151
:105DBC00800E444D4FEA0C4105EBC6230EEB461208
:105DCC0041F08005710101269C444EF8016003F5F9
:105DDC00405103F580465560D06103F5005503F53D
:105DEC00805093601561D06051619661BFF34F8F05
:105DFC004FF0E02ED843CEF8703F203360449C45E2
:105E0C00C0F3421545D915B3012D1BD0022D16D068
:105E1C00032D11D0042D0CD0052D07D0062D02D04A
:105E2C00CEF8703F2033CEF8703F2033CEF8703F61
:105E3C002033CEF8703F2033CEF8703F2033CEF8AD
:105E4C00703F2033CEF8703F20339C4521D903F1AD
:105E5C00200103F1400603F16000CEF8703F03F11E
:105E6C008005CEF8701FCEF8706F03F1A001CEF84C
:105E7C00700F03F1C00603F1E00003F58073CEF858
:105E8C00705F9C45CEF8701FCEF8706FCEF8700F17
:105E9C00DDD8BFF34F8FBFF36F8F4FF480110A48DB
:105EAC00FFF726FD94F86D2000250132A4F86A5006
:105EBC00D3B2032B88BF002384F86D3070BD00BFB4
:105ECC00C022002080002020400200202DE9F0415B
:105EDC003D4C94F83880B8F1000F11D094F818327A
:105EEC0073B9012018F0010F84F818025ED118F074
:105EFC00020F2CD1002718F0040F84F8187201D16E
:105F0C00BDE8F081D4F81C62002EF9D0EFF30581C6
:105F1C000029F5D1EFF3108572B6D4F81C020028D5
:105F2C004AD094F82022002A46D14FF0010E436942
:105F3C0084F820E2C4F81C3203B19A6105B962B648
:105F4C00002786684777B04784F82072D8E7227E0E
:105F5C00002ACFD000271D4E3A461DE0286972B6A4
:105F6C00B5F84A20B5F84C1093B28AB29342A3EB21
:105F7C00020102D2A96B0B44991AC06AC0F30260E9
:105F8C00084462B6013710B16D69AB68984794F854
:105F9C0018C0FAB29445ADD904EB8205ED692B68B3
:105FAC001969B142DAD028468847EBE7D4F80412D5
:105FBC0031B1AFF300809AE7002DA1D162B69FE713
:105FCC00FFF784FF93E700BFC02200207904000094
:105FDC002DE9F04FDFF8A4B183B00D461E46DBF877
:105FEC000410654B019006E0E00107D4DBF80400D7
:105FFC00471A102F7FD85C69A701F5D4DFF878A178
:10600C004FF4FE41971C02F10108CAF81410002449
:10601C00DBF804901FE0DAF81420100554D4D104F6
:10602C0000F18180530500F18880900467D4DBF87F
:10603C000430A3EB0900322861D8A74209D2DAF860
:10604C005C10490705D1930500F18980002E00F002
:10605C008680FFF73BFFA742DDD3DAF85C2002F025
:10606C0007035207D7D4CCB3012C54D044453BD8AA
:10607C00281910F8021CCAF86010032B04F1010255
:10608C0069D0012A4BD042452DD805EB040C1CF8E5
:10609C00011CCAF86010022B04F1020E03F102017C
:1060AC005BD0C6455FD82B5D022904F10300CAF80A
:1060BC00603056D180455AD3A95C0434CAF86010BC
:1060CC00DAF814201005AAD5DAF81070042047F479
:1060DC004074CAF8104003B0BDE8F08F4FF48F60E5
:1060EC00CAF86000C9E714461EB14FF40072CAF832
:1060FC00602001348FE7042003B0BDE8F08F1E4D03
:10610C004FF4007604202F6947F440742C612E66FE
:10611C0003B0BDE8F08F019ACAF86020ADE7019892
:10612C00CAF86000B7E7DAF81050052045F440765D
:10613C00CAF8106003B0BDE8F08FDAF810304FF4F5
:10614C000072022043F44071CAF81010CAF86020A3
:10615C0003B0BDE8F08F14465DE774465BE70020A2
:10616C00CAE7044657E77446002EC2D0BDE7044682
:10617C00002EBED0B9E700BF00003F40C022002077
:10618C0038B5D0E90453D3E903120C6814422AD071
:10619C00044690F8440030B1FFF798FE94F8443070
:1061AC00002BF9D1636900210F4AA961257E03EB0D
:1061BC00051C9CF8140002EB001505206D69286085
:1061CC0094F819C003EB0C1393F83450A36D02EB45
:1061DC00051255692860A4F84A10A4F84C1013B1A4
:1061EC00E46DC3F8844038BD5004002090F844306E
:1061FC0043B110B50446FFF769FE94F8440000283B
:10620C00F9D110BD704700BF2DE9F843036D04466A
:10621C000D46D0F8109013B1426DC3F88420A07EC7
:10622C0038B172B6D9F8181041F00056C9F8186098
:10623C0062B6B4F84670636B1FFA87F808F1010870
:10624C00434578D80026B046B4F8482090B2404573
:10625C0052D13D4F2EE00F2A04D93A44A2F5416C9D
:10626C009CF80030EFF31180002835D0984233D2DF
:10627C006169B1F85620904216DCD9F814301B0233
:10628C0012D5B4F84800626B81B201318A424ED902
:10629C001FFA81FCE36A8B4244D9E069425CD3B2B9
:1062AC00C9F81C30A4F848C0B4F848101FFA81FC97
:1062BC00C44521D1EFF313810029DED1EFF3108314
:1062CC00002BDAD1EFF30582002AC4D14FF480738E
:1062DC00EFF311800028C9D16069B0F856109942CB
:1062EC00CBDAB3F5807FDFD1FFF7F0FDB4F84810BF
:1062FC001FFA81FCC445DDD0E76A47451ED9EAB2D6
:10630C00E16901F8082072B6012084F84400A4F871
:10631C004660D9F8184044F40006C9F8186062B613
:10632C00BDE8F883C81AA26A115CCBB2B8E74FF08B
:10633C00000C6146AEE71FFA88F685E7A8EB07006C
:10634C00EDB2A36A1D54DEE700F000E05CE700BF8D
:10635C002DE9F8431F4C0125074654E8003F6668B9
:10636C00A16844E80053002BF7D1DFF86C90D9F802
:10637C0004004FF47A78E568421A08FB06F6A2FB93
:10638C00053C0125C44594BF6644464454E8003F8F
:10639C006268A16844E80053002BF7D1D9F80430A7
:1063AC00E068591A08FB02F2A1FB003CBCF57A7FAD
:1063BC0094BF624402F57A72931BB3F57A7F05D3CE
:1063CC00013F06F57A76E1D1BDE8F883FFF77EFD53
:1063DC00DCE700BFC0220020001000E0054B10B528
:1063EC00D3F804420CB1204610BDFFF76FFD2046D8
:1063FC0010BD00BFC022002030B4274CF9B9274D86
:10640C0001210020264A8023C4F860122549E86047
:10641C00A9604FF00115C4F86802C4F86432C2F8E0
:10642C00BC51D2F8B03143F00101C2F8B011C4F83C
:10643C008002D2F8B041002CFBD130BC7047012354
:10644C000904C4F84802C4F8403241F0800100F558
:10645C008053124DC4F8441200F50051C4F84C326C
:10646C0000F54053C4F8501200F58040C4F8543283
:10647C0004F510710A4A0023A964C4F85802EB64AD
:10648C00D2F8B00140F48031C2F8B011D2F8B0317A
:10649C00002BFBD1B4E700BFC0220020000000207D
:1064AC0000002E40202500202DE9F04F85B01F461E
:1064BC0080464FF00009BDF93840F81D0D46DFF855
:1064CC0064B10C4440F3CC010392A3B24C4601914D
:1064DC000293039A17F003004FF0000302EB090636
:1064EC003ED0012827D0022811D09A4696F90030C8
:1064FC003478002B08DA0AEB080C01232A4658469C
:10650C000FFA8CF1FDF7ACFE0AF101010BB25A0740
:10651C001FFA83FA40F08280DC10345D200607D528
:10652C000AEB080001232A4601B25846FDF798FEF3
:10653C000AF101031BB259071FFA83FA62D1D91071
:10654C00745C230607D50AEB08020123584611B2E6
:10655C002A46FDF785FE0AF1010003B29F4245D0A1
:10656C005A071FFA83FA50D06000C4B2200607D530
:10657C000AEB08032A46584619B20123FDF770FEB0
:10658C000AF101010AB21FFA81FA490743D06000EF
:10659C00C4B2220607D50AEB08032A46584619B29C
:1065AC000123FDF75DFE0AF101014B070AB21FFA48
:1065BC0081FA2DD1D010345C200607D50AEB0803E4
:1065CC002A46584619B20123FDF74AFE0AF1010189
:1065DC000AB21FFA81FA490714D1D010345C230691
:1065EC00B1D40AF1010003B29F42B9D10135029A2C
:1065FC00019EA9B2B1442DB291427FF46AAF05B0AD
:10660C00BDE8F08F6400E4B29BE7DC10345DADE7CD
:10661C006400E4B2D0E7D410345DBAE76200D4B2BF
:10662C007CE700BF44250020F0B4184F40F2012451
:10663C0015463B681C61A2B120B310F8014B013A1E
:10664C005C661E6FB60707D48C46013D5C6F19B1B2
:10665C000CF8014B61463B685E69F407F1D5002AE2
:10666C00EAD16DB11A6F9207FBD40E46013D586FFB
:10667C000029F6D006F8010B31463B68002DF1D10C
:10668C00F0BC704797F83C40D9E700BF801500205C
:10669C002DE9F0418AB0002874D130208DF8250006
:1066AC00002940F0AD800F460DF125067B1C3446C9
:1066BC00584D13F0070133D0012927D0022920D0DF
:1066CC00032919D0042912D005290BD0062904D08E
:1066DC0014F8011B2846FDF7D5FA14F8011B2846BF
:1066EC00FDF7D0FA14F8011B2846FDF7CBFA14F885
:1066FC00011B2846FDF7C6FA14F8011B2846FDF7C6
:10670C00C1FA14F8011B2846FDF7BCFA14F8011B5A
:10671C002846FDF7B7FAC4F101023A44D6422ED00E
:10672C00A0462846083418F8011BFDF7ABFA28469A
:10673C0098F80010FDF7A6FA14F8061C2846FDF789
:10674C00A1FA14F8051C2846FDF79CFA14F8041C51
:10675C002846FDF797FA14F8031C2846FDF792FA21
:10676C0014F8021C2846FDF78DFA14F8011C284673
:10677C00FDF788FAC4F101023A44D642D0D10AB0EE
:10678C00BDE8F081244E0928A6FB00324FEAD20C5A
:10679C000CEB8C03A0EB430404F130048DF8254082
:1067AC007FF67EAF2120A6FB0C35471E864664463D
:1067BC00EA08F8B2092C02EB820800F12803ACEBD2
:1067CC00480794460DEB030507F1300705F8247CC8
:1067DC00E9D8E1B1AEF1020E2D215FFA8EF000F195
:1067EC002806C0F121070DEB060404F8241C01AAAD
:1067FC00222802EB00067FF459AF0AB0BDE8F08105
:10680C004FF02D0E012709AE8DF824E04EE7C0F1B4
:10681C002107ECE744250020CDCCCCCC2DE9F04F62
:10682C0087B090F82F6104690091002E6DD0894FCC
:10683C0005467A6805E0DB0106D47868811A1029D0
:10684C0068D863699901F6D400994FF4FE404FF073
:10685C000009AA4681F0010360614D46D7F804B0E7
:10686C0003F00103B1461E461AE06369190500F1F5
:10687C00D780DA0400F1D48058053FD499043DD474
:10688C007968A1EB0B02322A38D8A94506D2E06D03
:10689C00420703D19B0538D4002E36D1FFF716FBE7
:1068AC00A945E2D3E26D500702F00703DDD413E0F3
:1068BC009AF8A5000133022540F48061042B21666F
:1068CC0026D0E14503F101030AEB0C080FD998F827
:1068DC00A500042B2066C8D04FF0010C002DE7D08A
:1068EC00AC4601330135E1450AEB0C08EFD8009AB0
:1068FC00002ABAD04FF400732366B6E727694FF429
:10690C00007647F440752561266607B0BDE8F08F28
:10691C000125AAE76A6995F8188095F819B002EB79
:10692C0008194D4B02EB0B1C029299F808A04FF082
:10693C0015099CF828E003EB0A10484903EB0E12EA
:10694C00D0F810B0C3694069D2F810E0C0F80090DC
:10695C000390CBF88430DBF80400D2F81C80184389
:10696C0052690193CBF80400C2F80090CEF88480F1
:10697C00DEF80430DFF8EC9048EA03000492384B60
:10698C00CEF804004868D9F8F021A3FB02239A0C36
:10699C0002EB82035A004B681B1A9A42FBD80594EF
:1069AC004FF0090C44462D4ADFF8B4A0DDF8048002
:1069BC00DBF8081018EA010F03D0DEF808000442D7
:1069CC0035D1CEF888405068D9F8F031AAFB0331A4
:1069DC008B0C03EB830153681B1A9942FBD8CEF83E
:1069EC0084405068D9F8F011AAFB01318B0C03EBF1
:1069FC00830153681B1A9942FBD8BCF1010CD7D107
:106A0C002E7E029F039C07EB061B0499DBF80C20DF
:106A1C0022606D7E07EB0519D9F82C00086074E72D
:106A2C00236943F44071216107B0BDE8F08F95F8FC
:106A3C0018A0029A039802EB0A18059CD8F80C309F
:106A4C000360697E02EB011C049ADCF82C301360A5
:106A5C00FAE600BFC022002050040020001000E025
:106A6C0083DE1B4380150020F8B5836A04460E466E
:106A7C008BB390F8307001218F4083F8301183F87C
:106A8C002F1183F8A570806A744F05682A68BA4282
:106A9C0040F0D480B0F83031CBB190F82F51882D24
:106AAC0029D8691C054480F82F11002085F8A50011
:106ABC00A06A02681368BB4240F0C880B0F830711D
:106ACC002FB190F82F51882D1AD90126466001213B
:106ADC00BDE8F840A2E6026C006D1568616A25EA13
:106AEC0000071760B9B10A685666D36D13F4F81F26
:106AFC00FBD0536FF8BD90F82F514160882DE4D82E
:106B0C00691C054480F82F11012185F8A560A06A45
:106B1C00BDE8F84082E6D4E90EC3A06C3706DCF879
:106B2C00002054BF82430243CCF800201968E56C66
:106B3C002943750619601F68E26C27EA0200186089
:106B4C00DCF80010A76C54BFB9433943CCF80010E3
:106B5C001D68E26C15431D601968E06C21EA0007A2
:106B6C001F60B706DCF80050A26C54BF9543154368
:106B7C00CCF800501968E06C01431960E56C1F6893
:106B8C0027EA0502F5061A60A06CDCF8001054BF69
:106B9C0081430143CCF800101F68E56C2F431F6044
:106BAC0037071A68E16C22EA01001860DCF8005023
:106BBC00A26C54BF95431543CCF800501F68E16C90
:106BCC000F431F601D68E06C25EA000275071A6010
:106BDC00DCF80070A16C54BF8F430F43CCF80070ED
:106BEC001D68E06C05431D601A68E76C22EA07011A
:106BFC00B7071960DCF80050A06C54BF85430543FF
:106C0C00CCF80050E76C1A683A431A60E56C1968C6
:106C1C0021EA0500F5071860DCF80020A76C4CBFD2
:106C2C003A43BA43CCF800201E68E16C0E431E6058
:106C3C001D68E46C25EA04001860F8BD002190473B
:106C4C00A06A02681368BB423FF438AF31469847DC
:106C5C00A06A0121BDE8F840E0E500BF4D0400004A
:106C6C0038B50446806A0D4670B1A16DFCF774F915
:106C7C005A3D2046E9B2FFF7F7FEA06A98B1E16DE4
:106C8C00BDE83840FCF768B9606A28B104F16403C8
:106C9C0093E80600FBF730FD626C616D106820EA2A
:106CAC0001031360E4E7616C606D626A0C68044375
:106CBC000C6022B3D37C13B3DD0704D5956A4FF077
:106CCC00E02CCCF800519C0704D5D06A4FF0E02E94
:106CDC00CEF80401580704D5146B4FF0E021C1F82D
:106CEC000841190704D5556B4FF0E02CCCF80C512A
:106CFC00DB0604D5926B4FF0E023C3F8102138BDAE
:106D0C002DE9F0415F4C07460D46D4F8AC32002B10
:106D1C0000F09A8094F8B4124FF001081A681846E3
:106D2C004E0083F83081002183F82F8183F8A56011
:106D3C0013689847D4F8AC02534E0268397813683C
:106D4C00B34240F07F81B0F83021002A55D1016860
:106D5C000B687978B34240F07981B0F8302132B1C8
:106D6C0090F82F31882B40F25B8101214160036840
:106D7C00B9781A68B24240F05A81B0F8303133B168
:106D8C0090F82F31882B40F2568101214160036825
:106D9C00A5F1040EF9781B685FFA8EF8B34240F047
:106DAC005981B0F8302192B390F82F31882B2CD820
:106DBC005A1C034480F82F2183F8A510A5F1050C6B
:106DCC005FFA8CF5B8F1000F13D0016807F10508D4
:106DDC000B683979B34222D09847D4F8AC0245B14C
:106DEC00056898F800102F68B74221D0B847D4F83E
:106DFC00AC020121BDE8F04110E590F82F31882B51
:106E0C0040F20781C0F80480A1E701224260053DF1
:106E1C00EDB2B8F1000FECD007F105083979B0F8F4
:106E2C003071002F40F0EA80002DE2D098F800106D
:106E3C00B0F83041002CDCD090F82F61882E40F255
:106E4C00108101224260D4E7D4F8C4224118D4F84E
:106E5C00D4021668D4F8A8C226EA0003D4E9AF8598
:106E6C00136017F8012BBCF1000F0FD0DCF80000F9
:106E7C004266C26D12F4F81FFBD0426F8F42F0D104
:106E8C00BDE8F081C02200204D040000D8F80000BD
:106E9C0012F0800FD4F8CC620CBFB043304312F028
:106EAC00400FC8F800002B68D4F8D00243EA000366
:106EBC002B602B68D4F8D06223EA06002860D8F83F
:106ECC000030D4F8CC620CBFB343334312F0200F24
:106EDC00C8F800302868D4F8D03240EA03002860A3
:106EEC002868D4F8D06220EA06032B60D8F800009A
:106EFC00D4F8CC620CBFB043304312F0100FC8F87A
:106F0C0000002B68D4F8D00243EA00032B602B68F6
:106F1C00D4F8D06223EA06002860D8F80030D4F800
:106F2C00CC620CBFB343334312F0080FC8F80030E7
:106F3C00D4F8D032286840EA030028602868D4F8D6
:106F4C00D06220EA06032B60D8F80000D4F8CC629B
:106F5C000CBFB043304312F0040FC8F800002B688C
:106F6C00D4F8D00243EA00032B602B68D4F8D0622B
:106F7C0023EA06002860D8F80030D4F8CC620CBFA5
:106F8C00B343334312F0020FC8F800302868D4F82A
:106F9C00D03240EA030028602868D4F8D06220EA96
:106FAC0006032B60D8F80000D4F8CC620CBFB043B9
:106FBC00304312F0010FC8F800002B68D4F8D0024F
:106FCC0043EA00032B602B68D4F8D06223EA060056
:106FDC002860D8F80020D4F8CC3214BF1A439A4356
:106FEC00C8F800202E68D4F8D00206432E602A6818
:106FFC00D4F8D03222EA03062E603FE790F82F3106
:10700C00882B2BD85A1C034480F82F2183F8A51009
:10701C00E5E65A1C034480F82F2183F8A51096E668
:10702C005A1C034480F82F2183F8A5109FE6904743
:10703C00D4F8AC02ABE65A1C034480F82F2183F839
:10704C00A510A4E69847D4F8AC0280E69847D4F88B
:10705C00AC028CE69847D4F8AC02AFE60121416053
:10706C00E2E6731C064480F82F3186F8A510C0E6C2
:10707C0070B50446406850B100292ADB6369994217
:10708C00A8BF194601EB4102002108F045F923681D
:10709C0016499A698A421ED15D6A154885421FD1EC
:1070AC00A57CE67C2EB99B6A12498B420CD1A57447
:1070BC0070BD5E682046002361686269B047236832
:1070CC000C499B6A8B42F2D029462046BDE87040A1
:1070DC0018476169D6E720460021BDE8704010478B
:1070EC0061692046A84723680546DAE78D01000050
:1070FC008901000085010000084BB3F98E12B3F929
:10710C008CC2CA1DD3F8B00248BF01F10E02002197
:10711C00D2100CFB02F208F0FFB800BFC022002016
:10712C002DE9F047002507460E46044607F8045B98
:10713C0082B080222946384608F0EEF896F8009086
:10714C00C4E92155C4E92355B9F1000F76D1331D9B
:10715C009F426ED0D6F8845003F00300002D68D007
:10716C000130691E4A464B4606EB800811F00306B7
:10717C0050D04FF0010ED8E90001764573467246A7
:10718C0087E80300C4F884E044D0022E40F0488124
:10719C000F2A0AD808EBC30007EBC2060132D0E96C
:1071AC000001C6E90001C4F884200133D4F884201E
:1071BC0030E0D4F884200F2A0AD808EBC30007EB80
:1071CC00C20C0132D0E900018CE80300C4F8842021
:1071DC00D4F88460591C0F2E0AD808EBC10A07EBAF
:1071EC00C6020136DAE90001C2E90001C4F8846084
:1071FC00D4F88460981C0F2E09D808EBC00107EB5B
:10720C00C60C013603C98CE80300C4F88460033350
:10721C00D4F884200F2A09D808EBC30107EBC20A63
:10722C00013203C9CAE90001C4F8842001339D422C
:10723C00BFD184F8009002B0BDE8F08704F1880754
:10724C0006F188039F42F4D0D6F888100029F0D0BC
:10725C00D6F8900040F31C06C70001EBC00A002EC4
:10726C0040F0F2805145E4D0D4F88C7001F108085C
:10727C00002613E0B7420BD9D4F8885015EBC60C96
:10728C0003D018E90300CCE900010136C4F8906082
:10729C00C245CED0D4F8906008F10808751CAF42F6
:1072AC00E8D207EB47025708AF4238BF2F46002FF2
:1072BC0000F0C580FB001846019301F0F3FC054675
:1072CC0018B1019A002108F027F8002E00F0B980BF
:1072DC004FEAC60CD4F888200023ACF10800C10892
:1072EC00013111F0070046D0012839D002282FD0E7
:1072FC00032824D004281AD005280FD0062805D03E
:10730C001DB192E8030085E80300082315EB030E7A
:10731C0003D0D11803C98EE80300083315EB030E14
:10732C0004D0D018D0E900018EE80300083315EB27
:10733C00030E03D0D11803C98EE80300083315EBF4
:10734C00030E04D0D018D0E900018EE803000833F6
:10735C0015EB030E03D0D11803C98EE803000833D4
:10736C0015EB030E04D0D018D0E900018EE8030011
:10737C00083363454BD015EB030E03D0D11803C96A
:10738C008EE80300083315EB030E04D0D018D0E9B7
:10739C0000018EE8030003F1080115EB010E03D088
:1073AC00114403C98EE8030003F1100015EB000E25
:1073BC0004D01044D0E900018EE8030003F1180159
:1073CC0015EB010E03D0114403C98EE8030003F141
:1073DC00200015EB000E04D01044D0E900018EE81B
:1073EC00030003F1280115EB010E03D0114403C96E
:1073FC008EE8030003F1300015EB000E04D01044AE
:10740C00D0E900018EE8030038336345B3D122B1D3
:10741C00104601F045FCD4F89060C4E9225729E7E6
:10742C0008F1080A734404F10C0C4FF0020EDAE96F
:10743C00000172468CE80300C4F884E0A8E63D46DF
:10744C0043E7D4F88820E2E73846019101F02AFCA2
:10745C000199804620B129463A4607F05DFF019913
:10746C00C4E92286FEE600BFF0B5A7B00146684627
:10747C00FFF756FE9DF80030002B70D0229C002C9C
:10748C0075D02498264604EBC005AC4261D0291B6C
:10749C00A1F10802D708013717F007032BD0012BF5
:1074AC0022D0022B1BD0032B14D0042B0DD0052B78
:1074BC0006D0062B5DD154F8080B07683B6998473A
:1074CC0054F8080B01680A69904754F8080B0768D0
:1074DC003B69984754F8080B01680A69904754F8BF
:1074EC00080B07683B69984754F8080B01680A6950
:1074FC009047AC422AD02746403457F8080B036813
:10750C001969884754F8380C026813699847B868A9
:10751C0007683969884754F8280C0268136998473A
:10752C0054F8200C07683969884754F8180C02681D
:10753C001369984754F8100C07683969884754F850
:10754C00080C01680A699047AC42D4D100242494F9
:10755C006EB1304627B0BDE8F04001F0A1BB01ACE4
:10756C00219D229E04EBC505A54290D1EEE727B0E4
:10757C00F0BD54F8080B01680A6990479BE700BFFF
:10758C00F8B5044608F0C4F800285BD0271810F0B2
:10759C000700304D2BD0012822D002281BD0032805
:1075AC0014D004280DD0052806D006284BD114F889
:1075BC00011B2846FCF766FB14F8011B2846FCF758
:1075CC0061FB14F8011B2846FCF75CFB14F8011B4B
:1075DC002846FCF757FB14F8011B2846FCF752FB16
:1075EC0014F8011B2846FCF74DFBBC422AD026465A
:1075FC002846083416F8011BFCF744FB2846317862
:10760C00FCF740FB14F8061C2846FCF73BFB14F86F
:10761C00051C2846FCF736FB14F8041C2846FCF71E
:10762C0031FB14F8031C2846FCF72CFB14F8021C45
:10763C002846FCF727FB284614F8011CFCF722FB14
:10764C00BC42D4D1F8BD14F8011B2846FCF71AFB38
:10765C00ADE700BF4425002010B5064CFFF790FFA6
:10766C000D212046FCF70EFB20460A21BDE81040F8
:10767C00FCF708BB44250020B4EE400B2DE9F0418B
:10768C00F1EE10FA2DED028B86B080F1FA80B0EE9F
:10769C00C07B9FED8B6BB4EEC67BF1EE10FA00F362
:1076AC00E6809FED891BB4EEC10BF1EE10FA00F3EE
:1076BC00CD809FED872BB4EEC20BF1EE10FA00F1EA
:1076CC00C580B5EEC00B0446F1EE10FA00F1D58082
:1076DC000021002C00F0DF80012C00F0EB80032C4B
:1076EC009FED7D5B9FED7E8B08FE054B30EE046BB2
:1076FC00FCEEC60BB8EE607B10EE900A36EE478BB4
:10770C00FEF7C6FFB2EE041B2E23012C8DF80830B9
:10771C0028EE012BFCEEC25BCDED015A9DF8040066
:10772C0003EE900A00F13000B8EEE33B8DF809004F
:10773C0032EE430B1CD020EE014B022CFCEEC42B82
:10774C00CDED012A9DF8041006EE901A01F13001DE
:10775C00B8EEE65B8DF80A1034EE456B08D026EED9
:10776C00017BFCEEC71B11EE902A30328DF80B20FA
:10777C000DF1090702AD5E4E3B1913F0070033D033
:10778C00012829D0022822D003281BD0042814D089
:10779C0005280DD0062806D017F8011C30460DF12F
:1077AC000905FCF76FFA15F8011B3046FCF76AFA6D
:1077BC0015F8011B3046FCF765FA15F8011B30462D
:1077CC00FCF760FA15F8011B3046FCF75BFA15F86C
:1077DC00011B3046FCF756FA15F8011B3046FCF736
:1077EC0051FA791BE1422CD0A8463046083518F8DE
:1077FC00011BFCF747FA304698F80010FCF742FAE8
:10780C0015F8061C3046FCF73DFA15F8051C3046F9
:10781C00FCF738FA15F8041C3046FCF733FA15F867
:10782C00031C3046FCF72EFA15F8021C3046FCF708
:10783C0029FA15F8011C3046FCF724FA791BE142B1
:10784C00D2D106B0BDEC028BBDE8F0816F21284887
:10785C00FCF718FA76212648FCF714FA662124481E
:10786C0006B0BDEC028BBDE8F041FCF70BBA692108
:10787C001F48FCF707FA6E21EDE7B1EE400B012132
:10788C0027E76E211A48FCF7FDF961211848FCF72F
:10789C00F9F96E21E3E7B6EE003B30EE030BFCEE9C
:1078AC00C07B17EE900A06B0BDEC028BBDE8F04130
:1078BC00FEF7EEBE9FED0C4B18E700BFAFF3008058
:1078CC00FFFFFFFFFFFFEF7F000000E0FFFFEF4136
:1078DC00000000E0FFFFEFC17C14AE47E17A743F7B
:1078EC00FDA9F1D24D62403F9A9999999999A93F76
:1078FC004425002038B5B0F830410CB9204638BDCD
:10790C0090F82F310546C3F18904A2420DD81446D4
:10791C0005F1A5002246184407F042FE95F82F0108
:10792C00204485F82F01204638BD01224260EFE744
:10793C002DE9F04F464C85B0D4F8B052002D78D0DC
:10794C00444B02AA93E803000023C2E90001082279
:10795C0018460DEB0201FEF73BFB00286CD0D4F867
:10796C00B0020090002864D03B4C4FF000084FF060
:10797C00780B012704F1F70A04F15009CDF80480C3
:10798C00019D10214FF0000684F8807165F04F0CBA
:10799C00B4F880318DF8096084F8F5B08DF80A10D0
:1079AC0084F87F718DF808C063B1BDF808200521FB
:1079BC009DF80A0084F8F660AAF800208AF8020004
:1079CC0084F87F11012148468025FEF727FF009E91
:1079DC001F2D84F880714FF0020E06EB08032E4623
:1079EC00A8BF1F264FF0400C80335046324684F817
:1079FC007F71591BB4F880311F3D84F8F5B053B139
:107A0C0084F8F6C084F87FE107F0CAFD94F87F2172
:107A1C00324484F87F2101214846FEF7FFFE15F120
:107A2C001B0FD4D1019808F180080130082801906F
:107A3C00A6D105B0BDE8F08F01234FF48062294632
:107A4C004020FEF7C5FA002889D105B0BDE8F08FBB
:107A5C00C0220020E00B0020801500202DE9F04F03
:107A6C00C64C0021C64D4FF00117B4F98E3240F2CE
:107A7C000118B4F98C02DA1D48BF03F10E02D210C2
:107A8C002DED048B00FB02F287B0D4F8B00207F0A6
:107A9C0043FCD5F8F061BB49C4F89872A1FB0630E1
:107AAC00D4F8F032A4F89C82DB074FEA904640F100
:107ABC0043816168D4F8F872C81BC82800F234817D
:107ACC00B1499FEDB27AD1F84071D4F8FC2207F09D
:107ADC001F0909EB890A0AEB8A0B0BF52F7007EECD
:107AEC00900AB8EEE70A20EE078A4AB1511E032924
:107AFC0000F26B82DFE811F028017A03F304A9028B
:107B0C00A34D3121A34F05F10D09C4F8942201E0D6
:107B1C0015F8011F3846FCF7B5F8A945F8D19E4D6C
:107B2C004FF4402043219B4F05F10908C4F89402FF
:107B3C0001E015F8011F3846FCF7A4F84545F8D1CB
:107B4C00964D00213046934FFEF7A2FDEE1C2021EE
:107B5C0001E015F8011F3846FCF794F8AE42F8D155
:107B6C008F4D4FF4B01256218A4F05F1090BC4F812
:107B7C00942201E015F8011F3846FCF783F8AB4559
:107B8C00F8D1B7EEC80A0320FFF776FD2021814813
:107B9C00FCF778F856217F48FCF774F8814D4FF4C8
:107BAC0000117C4E05F1090AC4F89412462101E03B
:107BBC0015F8011F3046FCF765F8AA45F8D1D4F842
:107BCC000033002B40F0698530217248FCF75AF8DD
:107BDC00754E20216F481327FCF754F84FF001091C
:107BEC0075216C48A6F1800AFCF74CF8022573212C
:107BFC006848FCF747F880232D2200215046AB46FD
:107C0C00CDE90079694FFBF7E5FC7368B0460335A5
:107C1C00594658F8042B642B1FFA85FBCDF80490B9
:107C2C00A8BF6423642A2DB20BF1030BA8BF6422F6
:107C3C0023EAE37E22EAE27C0EEB0E100CEB0C1234
:107C4C0032303232A7FB0003A7FB0202580952095B
:107C5C00C0F13F0EC2F13F000FFA8EF302B2009357
:107C6C0050462B46FBF764FCD8F804207068294674
:107C7C00642A1FFA8BF50FFA8BFBCDF80490A8BF82
:107C8C006422642805F10305A8BF642022EAE2738C
:107C9C0020EAE07203EB031002EB021232303232B4
:107CAC00A7FB0003A7FB020258095209C0F13F03CE
:107CBC00C2F13F001AB25B46009202B25046FBF78B
:107CCC0037FC56F80C0FD8F80430594664280FFAD4
:107CDC0085FBCDF80490ADB2A8BF6420642B20EADC
:107CEC00E078A8BF642308EB081023EAE372323073
:107CFC0002EB0212A7FB00303232A7FB023243091F
:107D0C005209C3F13F08C2F13F030FFA88F01AB2CF
:107D1C0000905B465046FBF70BFC2549B1427FF4C3
:107D2C0074AF01F1B40551E1FDF7BAFD636884ED60
:107D3C00BD0AC4F8F832C3E6FDF7B2FD012284EDAA
:107D4C00BD0AC4F8F022B4E61A4E00203221114FBD
:107D5C0006F10D08C4F8940201E016F8011F38462C
:107D6C00FBF790FF4645F8D1134E4FF440224321C8
:107D7C00084F06F1090AC4F8942221E0C022002021
:107D8C008015002083DE1B4300800D406F12833A68
:107D9C00B011002044250020C0110020CC1100207F
:107DAC00D4110020E0110020C42500201F85EB51C8
:107DBC0060260020EC110020FC11002016F8011F99
:107DCC003846FBF75FFF5645F8D1D4EDBD9A01203C
:107DDC00C04EB7EEE90AC04FFFF74EFC4FF4B0119E
:107DEC0006F1090BC4F894124D2101E016F8011F9D
:107DFC003846FBF747FFB345F8D194EDE97A0120FB
:107E0C00B64EB7EEC70AB44FFFF736FC4FF400136B
:107E1C0006F109094D21C4F8943201E016F8011F4E
:107E2C003846FBF72FFF4E45F8D10120D5ED7E7A71
:107E3C00DFF8A48213250746B7EEE70A4FF0020AD3
:107E4C00FFF71AFC80232D220021404604F5896996
:107E5C00A34ED346CDE9005704F56B75FBF7BAFB7F
:107E6C0015ED018A594695ED000A0AF1030CFDEE59
:107E7C00C80A0197FDEEC06A10EE900A5028A8BF00
:107E8C0050201428B8BF142000EB001EAEF59B72D6
:107E9C00A6FB0230430916EE900A5028C3F13F0AA4
:107EAC00A8BF50200FFA8AF21428B8BF142000EB98
:107EBC00001BABF59B7E0FFA8CFBA6FB0E0358093F
:107ECC00C0F13F0A40460FFA8AF31FFA8CFA00936E
:107EDC005B46FBF72DFB95ED011A59460197FDEE1C
:107EEC00C11A0AF103001FFA80FA11EE902A502AE7
:107EFC00A8BF5022142AB8BF142202EB0213A3F518
:107F0C009B72A6FB02235A09C2F13F0B0FFA8BF3AB
:107F1C00AB460C35009303B2BBEC012A40460393ED
:107F2C00FDEEC22A12EE902A502AA8BF5022142A23
:107F3C00B8BF142202EB0212A2F59B72A6FB02C27E
:107F4C005209C2F13F0C0FFA8CF2FBF7F1FA9BEDE0
:107F5C00013A9BED006A0AF10300BDEEC34A039996
:107F6C00BDEEC69A019714EE103A502BA8BF5023C1
:107F7C00142BB8BF142303EB031BABF59B72A6FBAE
:107F8C0002235A09C2F13F0A19EE102A502A0FFA9D
:107F9C008AF3A8BF50220093142AB8BF142202EB14
:107FAC00021BABF59B730FFA80FBA6FB0332530944
:107FBC00C3F13F0A5B460FFA8AF21FFA80FA404679
:107FCC00FBF7B6FA4D457FF44BAF464D012754E80D
:107FDC00003F6668A26844E80073002BF7D1424862
:107FEC0041688A1AE7684FF00109A2FB0737B7F519
:107FFC007A7F28BF4FF47A77FFF79AFC54E8003F5A
:10800C006368A06844E800910029F7D1364A5168AA
:10801C00081AE4689E1B9FED355AA0FB04234FF40D
:10802C007A7202FB06F6934294BFF618B618F71B49
:10803C0008EE907AF8EE683A63EE854AC5ED004A90
:10804C0007B0BDEC048BBDE8F08F294D0023352122
:10805C00214F05F10D08C4F8943201E015F8011F09
:10806C003846FBF70FFE4545F8D1224E4FF440221F
:10807C00214D5521D6F884016F1D174EC0F381692F
:10808C00C4F8942201E015F8011F3046FBF7FAFD05
:10809C00BD42F8D1B9F1020F1849194E18BF0E465E
:1080AC00DFF834A00CBF07270627B3461BF8011BCB
:1080BC005046FBF7E7FDCBF101033B44DE42F5D123
:1080CC00104D4FF4B0125321034F6E1DC4F894227F
:1080DC001CE000BF081200204425002014120020D0
:1080EC008988888814270020001000E06F12833ADA
:1080FC009012002000002E40A0120020A811002099
:10810C009C110020A812002015F8011F3846FBF71F
:10811C00B9FDB542F8D100214FF41660FEF7B8FA5C
:10812C006D48202100F5E875FBF7ACFD6B21A5F53A
:10813C00E870FBF7A7FD2021A5F5E870FBF7A2FD81
:10814C00D5ED000AF5EEC00AF1EE10FA40F3B1825B
:10815C00DFED626A86EEA01AFDEEC11A11EE909A5E
:10816C005F4E4FF4001041215B4F06F10508C4F837
:10817C00940201E016F8011F3846FBF783FD4645D3
:10818C00F8D1B9F1000FC0F2908200214846554E4B
:10819C00FEF77EFA2021504806F1050AFBF772FD26
:1081AC006B214D48FBF76EFD4FF428114A4FC4F874
:1081BC0094124C2101E016F8011F3846FBF762FDC2
:1081CC00B245F8D195ED002A0320B7EEC20AFFF7AD
:1081DC0053FA20214048FBF755FD6D213E48FBF733
:1081EC0051FD73213C48FBF74DFDEFE63E4D002061
:1081FC003321394F05F10C0AC4F8940201E015F84B
:10820C00011F3846FBF73EFD5545F8D102EE906A4A
:10821C0028EE089A354D4FF44026B8EEE23B4C213F
:10822C00B7EEC99A05F1080B2B4FC4F894629FED79
:10823C00286B23EE064B24EE095BF7EEC58B01E0B1
:10824C0015F8011F3846FBF71DFD5D45F8D1B7EE5B
:10825C00E80A0020FFF710FA20211F48FBF712FD57
:10826C006D211D48FBF70EFD57211B48FBF70AFD3E
:10827C001F4D4FF4B012184E05F108094121C4F8F6
:10828C00942201E015F8011F3046FBF7FBFCA945D1
:10829C00F8D1C8EE883A0020164D0F4F05F10808AA
:1082AC00B7EEE30AFFF7E8F920210B48FBF7EAFCED
:1082BC006D210948FBF7E6FC41210748FBF7E2FC7E
:1082CC004FF40011C4F89412562117E0AFF300805C
:1082DC00666666666666D63F442500200010244616
:1082EC00B0120020B8120020201200203012002002
:1082FC003C1200204812002015F8011F3846FBF7ED
:10830C00C1FC4545F8D1B0EE490B0320FFF7B4F999
:10831C002021CB480A26FBF7B5FC5621C848FBF7B1
:10832C00B1FC012080232D220021CDE90060C4483E
:10833C00FBF750F9F5EEC08AF1EE10FA3FF545AEB9
:10834C00DFEDC04AF4EEE48AF1EE10FA00F3BA81E4
:10835C00FDEEE85ABC4A15EE90CACCEB8C135D00CE
:10836C0005F5FA7782FB072EF917002FC1EBAE1A31
:10837C0080F2AA810AF1FF3637B20237022F7FF75B
:10838C0024AEFA1E0126DFF8B8B2032502F0070965
:10839C0006232F22022158460096FCF733FBBD42E0
:1083AC00BFF613AE0FFA89F3B9F1000F4CD0012BC5
:1083BC003ED0022B33D0032B28D0042B1DD0052B01
:1083CC0012D0062B07D0294606232F22584600969A
:1083DC000425FCF717FB2946013506232F222DB265
:1083EC0058460096FCF70EFB2946013506232F2232
:1083FC002DB258460096FCF705FB2946013506239D
:10840C002F222DB258460096FCF7FCFA294601356E
:10841C0006232F222DB258460096FCF7F3FA294674
:10842C00013506232F222DB258460096FCF7EAFAA6
:10843C002946013506232F222DB258460096FCF70B
:10844C00E1FABD42BFF6C1AD2946013506232F2204
:10845C002DB258460096FCF7D5FA2946013506236D
:10846C002F2258462DB20096FCF7CCFA062329464B
:10847C0001352F2258462DB20096FCF7C3FA06237D
:10848C00294601352F2258462DB20096FCF7BAFA30
:10849C000623294601352F2258462DB20096FCF7AB
:1084AC00B1FA0623294601352F2258462DB20096E3
:1084BC00FCF7A8FA0623294601352F2258462DB27F
:1084CC000096FCF79FFA0623294601352F225846C1
:1084DC002DB20096FCF796FABD42B5DB75E55B4E06
:1084EC0000233421564F06F10F0BC4F8943201E0EF
:1084FC0016F8011F3846FBF7C5FB5E45F8D1544E04
:10850C004FF4402246214E4F06F10609C4F894223E
:10851C0001E016F8011F3846FBF7B4FB4E45F8D1C5
:10852C00002006F0D7FF0DF117010B1A002B18468F
:10853C00B8BF03F2FF3013F5806F4FEAA02040F371
:10854C00BE800021FEF7A4F820213D48FBF79AFBE2
:10855C004B213B48FBF796FB42213948FBF792FB3A
:10856C003C4E4FF4B0124D2106F10608344FC4F8BE
:10857C00942201E016F8011F3846FBF783FBB04547
:10858C00F8D1D5F8FC51002D2946B8BF05F2FF31C2
:10859C0015F5806F4FEAA12040F38E800021FEF785
:1085AC0077F820212648FBF76DFB4B212448FBF77D
:1085BC0069FB42212248FBF765FB274D4FF4001362
:1085CC001F4EAF1D4421C4F8943201E015F8011F71
:1085DC003046FBF757FBAF42F8D10021D4F84804E2
:1085EC00FEF756F81D4D4FF42810154FAE1D4C21BB
:1085FC00C4F8940201E015F8011F3846FBF742FB62
:10860C00AE42F8D10021D4F84C04FEF741F82021F9
:10861C000B48FBF737FB75210948FBF733FB73213C
:10862C000748FBF72FFB0E4D4FF450110022AF1DE6
:10863C00034EC4F894125221C4F84C2414E000BF29
:10864C004425002000007A44D34D621054120020BF
:10865C006812002070120020781200208012002076
:10866C008812002015F8011F3046FBF70BFBAF42B8
:10867C00F8D10021D4F85004FEF70AF81448202150
:10868C0000F5E875FBF7FEFA4221A5F5E870FBF75B
:10869C00F9FA0023C4F8503498E40E480021B0FBDA
:1086AC00F3F0FDF7F5FFFFF793BAC9F100092D219F
:1086BC006CE54FF0000953E540422D216FE7404235
:1086CC002D213FE780275CE60FFA8AF0871C55E6E0
:1086DC004425002040420F002DE9F0414368274C0F
:1086EC00C669C3F30E40B4F800522D1A002D29DDD3
:1086FC0094F83A2094F83910D3B28A420AD0E71889
:10870C0097F83CC004EB4C08B8F80872C7F5007039
:10871C0085421CD90133002104EB4602082BA2F838
:10872C00481094BFD9B20B46A2F8085284F83A10FC
:10873C002344D4F8047283F83C603D44C4F80452DA
:10874C00BDE8F0813046BDE8F041FDF761BA07EBBA
:10875C004C200B4B2A462F4403EB4621184406F0C1
:10876C001FFF3046D4F80462A8F808722E44C4F8EF
:10877C000462BDE8F041FDF74BBA00BFC0220020F7
:10878C00802020202DE9F04F4FF0E0234FF40032F1
:10879C002E4D83B0C3F88C218B4695F83960002997
:1087AC0052D08246F6B2002795F83A40711C5046DA
:1087BC00ABEB0702B44245D0092934BF0E46002664
:1087CC00AB1993F83C80224B05EB4809B9F848C02B
:1087DC00B9F808E20CEB4821AEEB0C041944A242A8
:1087EC001ED219460CEB482650460192314406F035
:1087FC00D7FED5F80432B9F848A05846A3EB0B01C4
:10880C00019A39445244C5F80412A9F848204FF093
:10881C00E0254FF40037C5F80C7103B0BDE8F08FBC
:10882C002246274406F0BCFED5F80412F2B2A2444C
:10883C000C1B4046C5F8044285F83920FDF7E8F9D1
:10884C00BB45B1D83846E2E70846E0E7C022002035
:10885C008020202000B583B001210DF10700FFF727
:10886C0091FF20B19DF8070003B05DF804FB4FF0B9
:10887C00FF30F9E72DE9F04F83B0894600900029CD
:10888C0000F02181914C4FF0000B012704F1800A7C
:10889C0094F86D50B4F86A106B0184F86C700AEBA4
:1088AC0045160193002940F00A810D460A46884678
:1088BC001EE0BFF34F8F84F86C8002B9656894F8A2
:1088CC005824002A40F0E8806168481B782800F2A0
:1088DC00E78094F86830002B00F0DE80FDF7F6FAA4
:1088EC00B4F86A10012284F86C70002940F0DF8023
:1088FC00736813F08000DCD14FF4006294F86D5073
:10890C0084F858041146A4F86A2000EBC520DFF85F
:10891C00CC8191454FEAC525404418D24A46019175
:10892C00009906F03DFE019E694A4FF04043A6EBCC
:10893C000900A4F86A00C2F88430BFF34F8F0027F7
:10894C000BEB090084F86C7003B0BDE8F08F009954
:10895C0006F026FE05EB08025E49019D02F58050EB
:10896C0002F500534AF8057002F54055716002F5A6
:10897C008041F0600020B26033617561B161F061DB
:10898C00BFF34F8F02F1200302F500659D4234BF07
:10899C000121402102EB41184FF0E021A8EB03002C
:1089AC0010F0E00FC0F3421500F08780012DC1F8E4
:1089BC00702F1A4603F120037FD0022D1BD0032DFC
:1089CC0015D0042D0FD0052D09D0062D03D0C1F8DC
:1089DC00702F1A462033C1F8702F1A462033C1F875
:1089EC00702F1A462033C1F8702F1A462033C1F865
:1089FC00702F1A462033C1F8702FC4461A46203304
:108A0C0017E0C1F8703FC1F8700F03F18000C1F896
:108A1C00705F03F1C005C1F8702F03F1A002C1F81B
:108A2C00700FC1F8702F03F1E00203F58073C1F8E9
:108A3C00705F9C45C1F8702F03F1200003F14005D5
:108A4C0003F16002DDD1BFF34F8FBFF36F8F4FF493
:108A5C00801132462048FCF74BFF94F86D60B4F857
:108A6C006A80002001360099194DA9EB0809F3B270
:108A7C004144A4F86A00C344032B009188BF00232F
:108A8C0084F86D30C5F88400BFF34F8F84F86C0008
:108A9C00B9F1000F7FF4FCAE584603B0BDE8F08F7F
:108AAC000127584684F8587403B0BDE8F08F94F849
:108ABC006D500A46C1F5006027E7C446B9E70A467F
:108ACC00C1F5006021E70846E7E700BFC02200209F
:108ADC0000002E4080000008400200208000202072
:108AEC00054B0846114693F8683003F0FF0203B1BA
:108AFC00C0E61046704700BFC02200200A4B00B5EC
:108B0C0083B093F868008DF8071038B101210DF18E
:108B1C000700FFF7AFFE03B05DF804FB00F0FF00A9
:108B2C0003B05DF804FB00BFC0220020F8B50D4671
:108B3C0072B6534A00235349022440F206464FF4BE
:108B4C00702791610121D461841CC2F8A030C2F855
:108B5C00F062C2F8F432C2F8F832C2F8FC3220F0FB
:108B6C001F03C2F8A470C2F8B010BFF34F8F4FF0C0
:108B7C00E02CDA43CCF85C3F203322449C42C2F315
:108B8C00421642D9FEB1012E18D0022E13D0032E5C
:108B9C000ED0042E09D0052E04D0062E6BD1CCF8A5
:108BAC005C3F2033CCF85C3F2033CCF85C3F203367
:108BBC00CCF85C3F2033CCF85C3F2033CCF85C3FE6
:108BCC0020339C4221D903F1200703F1400103F12A
:108BDC006002CCF85C3F03F18006CCF85C7FCCF8EB
:108BEC005C1F03F1A007CCF85C2F03F1C00103F16B
:108BFC00E00203F58073CCF85C6F9C42CCF85C7F90
:108C0C00CCF85C1FCCF85C2FDDD8BFF34F8FBFF3D3
:108C1C006F8F1B4E7369DC07FCD501271A4C20F0B3
:108C2C007F4042F20121194A7761C6F8F042C6F83A
:108C3C00F412134CC6F8BC70C6F8A0000220C6F89B
:108C4C00A420C6F8B0704026114F01E0590608D494
:108C5C006369DA07FAD541256561BDE8F840FCF790
:108C6C0037BD2946024618B10544384606F098FC33
:108C7C0000206661ECE7CCF85C3F20338FE700BF47
:108C8C0000802A40F05AF05A3204180802000F00F3
:108C9C0080812A4010B504460CF048FC204610BDDB
:108CAC000CF044BC0CF03ABC7E4B2DE9F04F93F821
:108CBC000012BFB0DFF8F4A10A90002940F06D85D6
:108CCC00002301211F22784C4FF0FF080DF14809B9
:108CDC0009930B910893049206938AF85C840DF126
:108CEC003408DFF8CCB1C4460FCCA9E80F0004F16E
:108CFC00080E94E80300C9E90001BEE80F00D14654
:108D0C00ACE80F00DEF80000CCF80000D9F86C6479
:108D1C0056B17068002120B1776907EB470206F065
:108D2C00FBFAB668002EF4D112AD9DF84740CDF891
:108D3C001C90029505940299069BB1F802A00A7941
:108D4C000AF1FF3A5345A8BF53460AB1AAEB0303F5
:108D5C000498002800F0D6809A45C0F2D380DC0F2E
:108D6C0040F0D080049E5F1E02999D1B0A880095DE
:108D7C000A2501922EE0002940F0CD81002E00F052
:108D8C0027824FF0FF0C1E464FF48F709E46E14633
:108D9C001946042C00F0D181019938460A4402EBA3
:108DAC0042020BF802305A44567082F802C0002D71
:108DBC0070D10122032C01D8002A7BD1009BBB422D
:108DCC0000F0A080002807F1FF37C0F29B8082459D
:108DDC00C0F2988008EB840918F824307A1C99F8B2
:108DEC00011099F80260002BC5D01BB2C3EB032015
:108DFC00031201335FFA83FE41B9002E40F0DE818D
:108E0C00042C00F0E981B446FF23C5E7C1EB012334
:108E1C00181201305FFA80F9002E40F095810EEBAC
:108E2C00DE03B44609EBD901FF2BE1460E46604642
:108E3C0028BFFF23FF2928BFFF269E46DBB20396DF
:108E4C00F6B2042CA8D15A2606FB0EF31E120136DC
:108E5C005FFA86FE002900F0948303995A2606FBDC
:108E6C0001F10B1201335FFA83FC002840F076838A
:108E7C000EEBDE060CEBDC09F3B25FFA89F1019E16
:108E8C00324402EB42020BF802305A4490703846DE
:108E9C00517095B3013D15F0FF050CBF0122002266
:108EAC0088E700BF80150020E80B0020C0220020BE
:108EBC00BC710020621CD2B2042A00F003833EABCA
:108ECC0003EB820111F8C15C002D40F04583A61C18
:108EDC00F2B2042A00F0F6820DF1F80C0CEB820EC3
:108EEC001EF8C15C002D40F03783012C04D09DF896
:108EFC004350002D40F08683059D009B0424BB420B
:108F0C007FF460AF029C18AF0634A74202947FF442
:108F1C0012AFDDF81C90D9F8700499F85CA410F02D
:108F2C00010500F08A83AF4918A8FEF7F9F89DF8FF
:108F3C006060002E00F033833A9E002E6FD03C9B75
:108F4C00354606EBC304A64266D0A71BA7F1080062
:108F5C00C108013111F0070230D0012A27D0022AB2
:108F6C0020D0032A19D0042A12D0052A0BD0062AA5
:108F7C0004D056F8080B03689F68B84756F8080BDE
:108F8C0001688A68904756F8080B03689F68B847D1
:108F9C0056F8080B01688A68904756F8080B036866
:108FAC009F68B84756F8080B01688A68904756F8CE
:108FBC00080B03689F68B847A6422AD0374640364C
:108FCC0057F8080B02689368984756F8380C0168F4
:108FDC008A689047B8680768BB68984756F8280CA9
:108FEC0001688A68904756F8200C0768BB68984758
:108FFC0056F8180C01688A68904756F8100C0768E8
:10900C00BB68984756F8080C03689F68B847A64297
:10901C00D4D100263C9615B12846FFF741FED9F86D
:10902C00603401254FF47A74FBB159E8003FD9F84C
:10903C000400D9F8081049E80052002AF5D16A4B0F
:10904C005F687E1A04FB00F0D9F80C10D9F80C25D7
:10905C00A6FB0137D9F86034801AB7F57A7F94BF34
:10906C00C01900F57A709842DED3012559E8003F0B
:10907C00D9F80440D9F8086049E800510029F5D125
:10908C00594F7A68901BD9F80C304FF47A76A0FBC4
:10909C00033506FB04F4B54294BF6419A419C9F84E
:1090AC000C45D9F8684424B15046D9F86414A0474B
:1090BC008246D9F86C44002C00F0B78000254B4B4D
:1090CC004B4E15E04B4A6169974220D1A07C46F883
:1090DC00040B0135B9F85E04632802D84FF0000187
:1090EC00A174A468002C00F0F0813F2D00F3ED81F9
:1090FC00E07C0028EBD02768F9697F6A9942E1D0BF
:10910C00204688473B4A0146384B9742DED02046E2
:10911C00B847364BDBE7C1EB0120011201315FFA96
:10912C0081FC8EBBB446B1463046042C4FF0FF0692
:10913C004FF48F71B6467FF42FAE00295CD1002816
:10914C0000F05B82FF209AE609EBD901C6EB062002
:10915C00FF290B464FEA202628BFFF230136039335
:10916C005FFA86FCDEB20EEBDE030CEBDC00FF2BB1
:10917C00814628BFFF23FF2828BF4FF0FF099E46DA
:10918C00DBB25FFA89FC5CE6C6EB06260CEBDC0175
:10919C003012FF298E4600F1010028BF4FF0FF0E60
:1091AC00C0F3C4095FFA8EF659FA80F0FF288146A5
:1091BC0028BF4FF0FF095FFA89FCEAE5C6EB0620F1
:1091CC000E460112039601315FFA81FC3146CAE763
:1091DC00042C02D0B446DFE5FF26002033460146BE
:1091EC004DE600BF34270020001000E0DD01000038
:1091FC00D0270020890100005A2101FB0EF6311204
:10920C0001315FFA81FE002800F0C7815A2000FB73
:10921C0009F60EEBDE0930125FFA89F10130C0F36A
:10922C00C40C5CFA80F6F0B229E6D9F81466771C07
:10923C00182EC9F8147616DDD9F804204FF47A7379
:10924C00D9F81006002507FB03F3D9F80460111AAE
:10925C00C9F81456C9F81066012938BF0121B3FBAF
:10926C00F1F4A9F85E44D9F8707417F0010500F018
:10927C00CC81A648FEF7F8F8D9F8700410F0010478
:10928C0000F0F381A14918A8FDF74AFF9DF8603062
:10929C00002B00F0A9813A9E002E70D03C9A3546E6
:1092AC0006EBC204A64267D0A01BA0F10801CB08B4
:1092BC00013313F0070730D0012F27D0022F20D015
:1092CC00032F19D0042F12D0052F0BD0062F04D04A
:1092DC0056F8080B0268D168884756F8080B0368E3
:1092EC00DF68B84756F8080B0268D168884756F80B
:1092FC00080B0368DF68B84756F8080B0268D1689A
:10930C00884756F8080B0368DF68B84756F8080B0F
:10931C000268D1688847A6422BD0B24640365AF82C
:10932C00080B0368D968884756F8380C0768FA6840
:10933C009047DAF808000368D968884756F8280C73
:10934C000768FA68904756F8200C0368D968884774
:10935C0056F8180C0768FA68904756F8100C036812
:10936C00D968884756F8080C0268D1688847A64225
:10937C00D3D100263C9615B12846FFF791FC089CEA
:10938C00002C00F01581624B4FF41644614D624A7B
:10939C006F68D3F8F001A2FB00318E0C04FB06F6CB
:1093AC005C4D6B68D81B8642FAD8049F7A1E012A42
:1093BC00049240F37C81DDE909C262453FF6A6AC1C
:1093CC000026CA46D9F860144FF0010E514D4FF4E7
:1093DC007A79ADF860608DF86260F1B15AE8003FBF
:1093EC00DAF80440DAF808104AE800E3002BF5D16B
:1093FC006868DAF80C70461A09FB04F4DAF80C25E4
:10940C00A6FB0710DAF86014A31AB0F57A7F94BFA4
:10941C001B1803F57A738B42DFD301255AE8003F02
:10942C00DAF80470DAF808604AE800500028F5D140
:10943C00384C6268931BDAF80C104FF47A76A3FB65
:10944C00012506FB07F7B54294BF7F19BF19CAF86F
:10945C000C75DAF868741FB1DAF86414B84707466B
:10946C00DAF86C44002C00F02C81DFF8B890002561
:10947C00DFF8B4B04E4612E0284B616998451ED116
:10948C00A07C013546F8040BA4683F2DCCBF00230B
:10949C000123002C00F04C81002B00F04981E37C6F
:1094AC001846002BEDD02068C269D0F824805A45AC
:1094BC00E2D020469047194B01469845E0D0204613
:1094CC00C047DEE71446059D78E4D9F86C64002E9D
:1094DC003FF4ABAE002703E03F2FB6680EDC6EB155
:1094EC00F57C0137002DF7D033683046726971680E
:1094FC005C685346A0473F2FB668F0DDD9F86C4442
:10950C00002C3FF492AE0027054D18E034270020C4
:10951C0080150020001000E083DE1B438901000051
:10952C0085010000D0270020DD010000A174A46893
:10953C000137002C3FF479AE3F2F3FF776AEE27C3B
:10954C00002AF4D02068B449836A51F82710AB4242
:10955C00ECD020469847EAE714462FE45A200CEB4F
:10956C00DC0100FB09F3C9B21E1201365FFA86FC5E
:10957C000EEBDE0E0CEBDC095FFA8EF35FFA89F072
:10958C007DE400283FF428AE4FF05A0C0CFB09F098
:10959C00031201335FFA83FCEAE7FF216FE419AE93
:1095AC00399A3A9D06EBC204B4427FF4CEAC30E556
:1095BC009A4B4FF4C8549A4D9A4A6868D3F8F07194
:1095CC00A2FB07318E0C04FB06F6954D6B681F1A37
:1095DC00BE42FAD806980B9A1044411E06905329A5
:1095EC005BD901240894E6E619AE399F3A9D06EB47
:1095FC00C704B4427FF458AEBBE60646002033469F
:10960C0001463CE40324FFF7D9BB2946802289F8A4
:10961C007454854805F080FE01228449C9F87024F1
:10962C00C9F8F854824AC9F8FC54C9F80055C9F86D
:10963C000455804805F018F91BE62946802289F864
:10964C007454794805F068FE0121794AC9F8701400
:10965C00C9F8F8547549C9F8FC54C9F80055C9F84B
:10966C000455744805F000F95DE42146802289F820
:10967C0074446D4805F050FE01216D4AC9F8701410
:10968C00C9F8F8446949C9F8FC44C9F80045C9F857
:10969C000445684805F0E8F8F4E5049E1F2E3FF4F5
:1096AC008AAE0498002701300897049083E6099944
:1096BC0001230B9E013104937442CDB20B94099596
:1096CC00EFE7DAF814164E1C1829CAF8146616DDE2
:1096DC00DAF804704FF47A75DAF81006002305FBFB
:1096EC0006F6DAF804403A1ACAF81436CAF81046E4
:1096FC00012A38BF0122B6FBF2F1AAF85E14DAF89F
:10970C00706416F001076FD04A48FDF7ADFEDAF829
:10971C006C4454B16068002120B1626902EB4202D2
:10972C0005F0FAFDA468002CF4D13FB0BDE8F08F31
:10973C00DAF86C44002CC4D0BBB1002501E0A4685D
:10974C008CB1BAF85E14E67C632998BFA574002E20
:10975C00F5D02168204662693B460E6818A9B047CF
:10976C00A468002CEDD1DAF86C44002CA9D00027A9
:10977C00314D06E0A174A4680137002CA1D03F2F15
:10978C009FDCE07C0028F6D0226859F82710936AF9
:10979C00AB42EFD020469847EDE7BAF98E2240F263
:1097AC000225264F0021D01D254E48BF02F10E0088
:1097BC00BAF98C22C410DAF8B00204FB02F2FC1DD8
:1097CC0005F0AAFDAAF89C524C211E4DCAF89462D1
:1097DC0001E017F8011F2846FAF754FABC42F8D1F9
:1097EC00FEF7A6F8FFF76CBA3946802201258AF8F5
:1097FC0074740D4805F090FD0D4A0C49CAF8F874C4
:10980C00CAF8FC74CAF80075CAF804750948CAF895
:10981C00705405F029F877E7D02700208015002038
:10982C00001000E083DE1B4338270020BD1B000026
:10983C00101800203427002085010000C0120020E1
:10984C0014001800442500202DE9F04F994C83B0EA
:10985C00D4F8448118F0010FC4F844814FD0D4F8E7
:10986C00AC31002B46D0944D944E05F5027A05F19F
:10987C004809D6E90A20C4F8AC31D4F8403143F495
:10988C000051C4F84011D4F84071BF04F5D5D4F898
:10989C0040314FF0011723F40051C4F84011C4F8C3
:1098AC00B471D4F8B43113F00111FAD193B2C5F8F4
:1098BC008012B3F5086F00F0578200F2E38040F29B
:1098CC00023B5B4500F0728200F2A080822B00F01C
:1098DC005482B3F5817F40F08F8010F0780F87B2FF
:1098EC0000F0BA824FF00112C4F8C021D4F8AC31A8
:1098FC00002BBED16F4FD7F8BC31002B47D118F0DD
:10990C00400F15D06B4DD5F8AC31C5F8AC31D5F84E
:10991C00BC11C5F8BC11D5F8B061002EFBD14FF0CD
:10992C00FF376548C5F8B471D5F88421C0F81C66BA
:10993C0018F0807F04D0604AD2F8204604B1A047CA
:10994C0018F0040F09D05B4DD5F8843113F4007175
:10995C0019D0594F012087F81806564CD4F84821D5
:10996C0012060DD518F0800F0AD0534D95F85136CC
:10997C0033B1591ECEB285F85166002E00F04E83DD
:10998C0003B0BDE8F08F4C4E86F81816E5E74A4C4C
:10999C00C7F8BC31D4F880522B4240F08782D4F8FF
:1099AC001C4613EA040AAAD05FEA1A4610D0DFF864
:1099BC000C914FF0010B96FAA6F3B3FA83F509EB71
:1099CC00C5104030FBF7D8FF0BFA05F18E43F2D1EE
:1099DC001FFA8AF4002C92D0384F4FF0010A94FAF7
:1099EC00A4F2B2FA82F907EBC910FBF7C5FF0AFA29
:1099FC0009F08443F3D182E7802B7FF473AFA5F891
:109A0C00241602212E48FCF7F7FC6FE7B3F5A06F84
:109A1C0000F08A81A3F5D063012B3FF663AF1FFAE8
:109A2C0080FE4FEA124C274B4FF48072264F05E014
:109A3C001F69002F3FF456AF33F80C2F9445F7D124
:109A4C00B3F802B0F345F3D14FEA1C21032900F01F
:109A5C006282B3F808B0000C834528BF8346BCF57E
:109A6C00007F40F05E82194B5A4695F818E603F1D8
:109A7C0064011748164FBEF1000F08BF194605F0D8
:109A8C008FFD6CE242F22127BB4277D022D942F201
:109A9C002137BB427BD04FF6C007BB427FF422AFCD
:109AAC0010F47F4F1FFA80FE7FF41CAF4EF46E4E05
:109ABC00B7E700BF00002E40C022002000000020AD
:109ACC00E4280020140C002084170020281D0060BE
:109ADC0000002020B3F5106F74D042F2210C6345C6
:109AEC007FF400AF030C072B7FF4FCAEC74F0123B0
:109AFC00F160C749C5F84872C5F8441207F58051A2
:109B0C0047E90220D4F8B02142F0010007F50052D9
:109B1C00C4F8B00107F54050C5F8403207F5804352
:109B2C00A7F58067C5F84C12C5F85022C5F8540249
:109B3C00C5F85832B760D4F8B0110029FBD148F2FF
:109B4C0080024FF00110C5F86812F1640121C5F8CC
:109B5C006422C4F8BC014FF48030D4F8B031AD4A63
:109B6C0043F48037C4F8B071C5F86012B264C5F81C
:109B7C008002D4F8B031002BFBD1B7E680B230B9FB
:109B8C006B68C2F30741C5F82C3685F83016802275
:109B9C004FF001100027C5F864220122C4F8BC0163
:109BAC00D4F8B0119B4841F48033C4F8B031C5F8F7
:109BBC006872F764C5F86022B064D4F8B01100295B
:109BCC00FBD193E6C2F307439348944A4FF0010B41
:109BDC0085F86830924BC4F8C8218022C4F8CC01B7
:109BEC00C4F8D03195F818368E48002B00910BBF75
:109BFC0040234FF400734FF001574FF00857A5F86E
:109C0C001A36A5F800320CBF4FF480034FF00073E6
:109C1C00019305F081FB00994FF48072824885F81E
:109C2C006D10A5F86A1005F077FB00993C227F486F
:109C3C00CAF80010CAF80C1085F83A1085F83910DB
:109C4C00C5F80412CAE90111C9E90011C9E90211E8
:109C5C0005F062FB76493C227648C6F84011C6F8FE
:109C6C0048B1009905F058FBC6F88071D5F81C7600
:109C7C00714847F008020099C6F8B801C5F81C26CF
:109C8C003C226E480F46C6F888B105F045FB019B97
:109C9C00C6F848B2C6F8403238460137FBF7B8FF71
:109CAC00082FF9D100214A22654BC4F88410C4F85E
:109CBC008020D4F84801634940F08077C4F848719B
:109CCC00C5F8203629B195F8382042F0010085F806
:109CDC003800802700215C483A4605F01DFB5B4BA1
:109CEC004FF00110C5F8647203F13C4BC6F8A0307C
:109CFC000BF56C2101F56F720021C6F8E0200122F2
:109D0C00C4F8BC01D4F8B071424847F48033C4F8AD
:109D1C00B031C5F86812F164C5F86022B064D4F8AB
:109D2C00B071002FFBD1E1E5C5F868124FF00110BE
:109D3C00F1648021C5F864120121C4F8BC01D4F887
:109D4C00B031344843F48037C4F8B071C5F86012B0
:109D5C00B064D4F8B031002BFBD1120C570647F08D
:109D6C008071C4F85411C1E595F868200121384878
:109D7C0085F82426FCF740FBB8E510F0780C87B288
:109D8C007FF4B0AD07F07F00324A390652F820302C
:109D9C00A5F824C600F1D980DF0702D5012185F88A
:109DAC00241602212A48FCF727FB9FE510F0780FB8
:109DBC0087B27FF497AD07F07F0C264917F0800F20
:109DCC004FF0800051F82C204FF0011314BF42F4D7
:109DDC00803242F0010241F82C200022C5F86402C6
:109DEC000120C4F8BC31D4F8B0710A4B47F480316F
:109DFC00C4F8B011C5F86822F264C5F86002B36407
:109E0C00D4F8B071002FFBD170E500BF0029002001
:109E1C008000070020250020C80002000200CC00B2
:109E2C000200C80040230020C02300204401002071
:109E3C000000102084010020496000004402002032
:109E4C00F136000000000000800000205DCFC6B895
:109E5C00E4280020C0012E4007F07F00774A17F05D
:109E6C00800F4FF0800152F820304FF0011714BFD3
:109E7C0023F4803323F0010342F820300023C5F88B
:109E8C0064120121C4F8BC71D4F8B0016C4F40F4D9
:109E9C008032C4F8B021C5F86832F364C5F860129A
:109EAC00B764D4F8B0010028FBD11FE542F22101C0
:109EBC00B4F83826002604F5C8698A42D4F83C0662
:109ECC00C4F880627FF46BAD85B2002D7FF467AD72
:109EDC00D9E900010E0C8628C4F84806A4F84C16E3
:109EEC0084F84E667FF45BAD72B694F850A64AF0D7
:109EFC00080B84F850B6D7F84811080606D441F080
:109F0C0080028020C7F84401C7F8482162B6502768
:109F1C0084F8517643E5020C97F800B0934528BFBE
:109F2C009346BCF5E06F14D1464B5A4695F818C6CB
:109F3C00454FA3F164013846BCF1000F08BF194628
:109F4C0005F02EFB0721797009E0DB033FF526AF06
:109F5C0027E739463C4F5A46384605F021FB07EBBC
:109F6C000B00394FBFF34F8F4FF0E02EFA43CEF872
:109F7C00707F20370244B842C2F3421345D913B361
:109F8C00012B1BD0022B16D0032B11D0042B0CD081
:109F9C00052B07D0062B02D0CEF8707F2037CEF8D9
:109FAC00707F2037CEF8707F2037CEF8707F203747
:109FBC00CEF8707F2037CEF8707F2037CEF8707FC8
:109FCC002037B84221D907F12001CEF8707F07F174
:109FDC00400207F16003CEF8701F07F18001CEF844
:109FEC00702F07F1A002CEF8703F07F1C003CEF836
:109FFC00701F07F1E00107F58077CEF8702FCEF8CF
:10A00C00703FB842CEF8701FDDD8BFF34F8FBFF34F
:10A01C006F8F0D485946FCF7EFF967E495F85076C9
:10A02C0007F0F70085F8500628B9D4F8482122F03B
:10A03C008005C4F848510BF0D3FA00BFC0012E4084
:10A04C00202500208C1D00600000202072B6EFF34C
:10A05C0005836E4CC4F884301EF0040F0CBFEFF374
:10A06C000882EFF309824FF0E025D5F8280DD5F8DA
:10A07C002C1DC4E92201D5F8346DD5F8383DC4E95E
:10A08C0024639569C4F89850D269C4F89C20FBF7F6
:10A09C0007FC5F4984ED280A4C6A886A8646A44608
:10A0AC004C6A886A7045F9D16445F7D1C30B0B260D
:10A0BC00564D4FF0FF3E43EA444256493446C5F8EC
:10A0CC008060C5F8A420544E544A8EEA040E081D34
:10A0DC0020240EF00103CEF34005083C02FB03F3F1
:10A0EC0002FB05F583EA5E0C85EA5C05CCF34003C4
:10A0FC00C5F3400E02FB03F302FB0EFC83EA55058D
:10A10C008CEA550EC5F34003CEF3400502FB03F376
:10A11C0002FB05F583EA5E0C85EA5C05CCF3400393
:10A12C00C5F3400E02FB03F302FB0EFC83EA55055C
:10A13C008CEA550ECDD1B04202D04C680146C4E732
:10A14C003249C1F8A8E0BFF34F8F4FF0E0263148F9
:10A15C00334AC6F8700FC6F8702FBFF34F8FBFF39A
:10A16C006F8F304E02253048F36E304943F4405225
:10A17C00F2660560F5692E4825F07F0C4CF0400323
:10A18C00F361D1F8F06186423DD84FF0E02E4FF0EC
:10A19C00FF30254D0021274A01262960C5F80811FA
:10A1AC00C5F80021C5F80861CEF88001CEF884010D
:10A1BC00CEF88801CEF88C01CEF8900101E0FFF7C3
:10A1CC0043FBD5F80C31002BF9D00134C5F80C61E8
:10A1DC004F2CF4D9184C022018494FF00042C4F807
:10A1EC0040014A63D5F80C513DB9154E154C0E483B
:10A1FC003463D0F80C31002BFAD04FF0E02C12491C
:10A20C00CCF80C1DFEE7FBF7B1F8BEE700FF2720EA
:10A21C0000400D4080FF2720A8FF27202083B8EDA9
:10A22C00A0FF272000C00F400040084080150020F0
:10A23C00803DCD0B009F240000002E4000900D406F
:10A24C0000800F40F100AD0B0400FA05FFF7FEBED5
:10A25C000EB400B582B00549054804AA019205F078
:10A26C001BF802B05DF804EB03B07047CC12002071
:10A27C00981700202DE9F04FBC4B4126BC49002714
:10A28C00BC484FF05408BC4DBC4CBD4ADFF860A331
:10A29C00DFEDBC5A9FEDBC6ADFEDBC6ADFF854E31E
:10A2AC009FEDBB7ADFF850932DED088BADF51F7D3C
:10A2BC00069158210E900DF5EC7BB648039307934D
:10A2CC000B930F9313931793B34B08954C258DF861
:10A2DC0024601893B14EB24B8DF864101A90B149AA
:10A2EC00B14802940A974527B04C8DF8745000255C
:10A2FC001E964D26129304911C915221149020907D
:10A30C004920AB4B0C941B92AA4C8DF834801F92B5
:10A31C008AF89F528DF81460A74D8DF8441026A929
:10A32C0010938DF854004EA88DF88470A34F169599
:10A33C0022945C46249723924422DAF85476A04D5A
:10A34C00A04EDFF8B8828DF89420002F00F0C68163
:10A35C0086FB073CFB179C4ABC44C3EB2C4302FB1B
:10A36C00137C9A4F44F2A71207FB03F302FB0C3346
:10A37C00002B02DA03F10043013BAEFB03724FF0FA
:10A38C00C70C92090CFB1237013707EE907AB8EE26
:10A39C00E70A84ED000A002B40F03C822A4681ED4E
:10A3AC00007A17468A4BA3FB0723DA0902EB820CCF
:10A3BC00A7EB4C13A3F1500203EE102AF8EEC31ACC
:10A3CC00E0EC011A584501F1040104F10404BCD17C
:10A3DC00CAF8547640F214599FED7E9A0BF1A007FF
:10A3EC00DFED7D8ADFED7DAA9FED698ABAF98E4299
:10A3FC00B0EE04AABAF98C024EAEE11D26ADDFED2B
:10A40C00849A48BF04F10E01DFF8F4815C46CA104F
:10A41C00002100FB02F2DAF8B00204F07DFF2CE020
:10A42C00B0EE0C1AD4ED001AF5EC012A31EECA2A62
:10A43C00B6EC013AF4EE411A62EEA83A23EE284A41
:10A44C00F1EE10FA98BFB0EE492AC3EE824AA4ECA2
:10A45C00012A84EE025A34EEAABAFDEECB5A75EEFE
:10A46C0029BA15EE901ABDEEEB6A7F2916EE102A6A
:10A47C0001D83F2A53D9BC426CD0F0EE0C3A94ED83
:10A48C00004AB5EC015A74EE4A4AB6EC01BAB4EE85
:10A49C00634A65EE28BA6BEE285AF1EE10FA98BFB3
:10A4AC00F0EE494A8BEEA46AE4EC014AC5EEA46ACC
:10A4BC0076EE2A7ABDEEE70A36EEA97A10EE101A7D
:10A4CC00FDEEC70A7F2910EE902AA9D83F2AA7D8FB
:10A4DC00A1F14003A2F1200C83EAE370A0EBE37E30
:10A4EC008CEAEC70A0EBEC707045B8BF704600289D
:10A4FC0000F00C814FEA8C0C9B009CFBF0FE93FB54
:10A50C00F0F3A2EB0E00CB1A12B200B209B200901B
:10A51C0001201BB201904046F9F70AF880E7A1F13F
:10A52C004003A2F1200083EAE37CACEBE37E80EAFB
:10A53C00E07CACEBE07CF445B8BFF446BCF1000F1A
:10A54C0040F0EB8012B2012309B24046F9F788FEC5
:10A55C00BC4292D102AC00259FED21AADFED219ADD
:10A56C00DFED21BA9FED21BA93E000BF000038C1A6
:10A57C00000028C1000028410080B0430000A8C1A1
:10A58C0000001041000048420000A84200006CC2CC
:10A59C00000034439A9999BF0080B643CCCC2C412F
:10A5AC000000A8410000AF430000B5430000B243D7
:10A5BC000080B3436666B6410000FC410000BB431B
:10A5CC00FB5EB9015F0B4E831DF30100ECF4FFFF42
:10A5DC00CDCCCCCC0000484300008242000080422D
:10A5EC006666263F3333D33F0000A0420000704222
:10A5FC00C02200208FE7545242CE0C1FD34D621064
:10A60C0044250020CD4C8D429A993A420000B44228
:10A61C000000004294ED000A5FED060A20EE2B1AB2
:10A62C00F4EEE07AC1EE261AF1EE10FA31EE8B2A36
:10A63C00FDEEC22A12EE903A00F182801FED0E3A26
:10A64C00F4EEC37AF1EE10FA4BBF0C20042009266D
:10A65C0003264CBF0321012103F11D02BA2A14D891
:10A66C00D4ED013A1FED174A5FED174A23EE845AD9
:10A67C00C5EE265A35EEA46AFDEEC66A16EE902A91
:10A68C0002F11D08B8F1760F5ED901351034092D91
:10A69C0015D0D4ED027AF4EEE97A77EECA6AF1EECF
:10A6AC0010FAC4ED026AB5DC062D05F1010504F1C2
:10A6BC00100429FE087A092D04ED027AE9D1FDF780
:10A6CC0037F9B9F101097FF491AE01268AF89F623E
:10A6DC000DF51F7DBDEC088BBDE8F08F2A4684ED8F
:10A6EC00006AC1ED006A6F4F44F2A71CB2FBF7F38E
:10A6FC0007FB13276C4A02FB03F30CFB0732002AFF
:10A70C00BFF64FAE6FF0004717444BE612B2012371
:10A71C0009B24046F9F7A4FD82E680009B0090FB4D
:10A72C00FCF093FBFCF3101ACB1A12B200B209B274
:10A73C00009001201BB201904046F8F7F9FE9AE612
:10A74C0008200626022187E79FED587AC9B29B1B89
:10A75C00101AF4EEC77A8AF89C12AAF89432AAF866
:10A76C009602F1EE10FA8AF89D124CDDDAF85436A6
:10A77C00002B45D04E4AD8174A4982FB032E9E44E3
:10A78C00C0EB2E4244F2A71001FB123C464B03FBDC
:10A79C0002F200FB0C23002B03DA03F1004808F152
:10A7AC00FF33444A4FF0640EA2FB031042090EFB28
:10A7BC001231612925D95BB33A4944F2A71C3A4EB0
:10A7CC0093FBF1F001FB103306FB00F00CFB0302D2
:10A7DC00002A03DA02F1004808F1FF323649CAF8C0
:10A7EC005426A1FB0210830903EB4301C1EB41107A
:10A7FC00121A324802F12103D9B2F9F743FA44E7AD
:10A80C002F4BCAF85436217B2C48F9F73BFA3CE71E
:10A81C002B4AE3E7234F44F2A71C93FBF7F207FB09
:10A82C001233214F07FB02F20CFB0322002A22DA1F
:10A83C006FF000434FF4FA771344A8FB03C252099C
:10A84C0007FB123CACF1FA0786FB032CDA179C448D
:10A85C0002EE107A134FC2EB2C42F8EEC22A44F2ED
:10A86C00A71C07FB1233104FC1ED002A07FB02F2A5
:10A87C000CFB032243E7A8FB02734FF4FA774FEA71
:10A88C00531307FB132CACF1FA0300EE903AB8EE1D
:10A89C00E01A81ED001A7FF426AFF0EE651A4F46F0
:10A8AC008EE500BF1DF30100ECF4FFFFCD4CDD4243
:10A8BC005F0B4E831F85EB51030B2CB044250020FE
:10A8CC0042CE0C1F0020704710B50446C06A08B178
:10A8DC000AF02CFE204610BD054B022888BF03460B
:10A8EC0010B41C68184663685DF8044B184700BF29
:10A8FC0098170020F0B54B4C4FF6FF71DFF82CC1C8
:10A90C0004F11E05ACF5805E0023ACF6FE726FEA16
:10A91C000E00BEF800E060448E45C0F3420675D0D0
:10A92C0062454FF0010371D2002E38D09E422ED0DA
:10A93C00022E26D0032E1ED0042E16D0052E0ED09D
:10A94C00062E06D01746ACF6FC72388888425DD0CD
:10A95C001B44178802328F4258D001339BB21688A1
:10A96C0002328E4252D001339BB21088023288429E
:10A97C004CD001339BB2178802328F4246D0013340
:10A98C009BB2168802328E4240D001339BB21088A3
:10A99C00023288423AD0013362459BB236D210461D
:10A9AC005E1C02F10E0730F802EB8E452ED0B2F889
:10A9BC0002E0B3B28E4503F1010627D04088B3B252
:10A9CC00884203F1010621D0D088B3B2884203F14A
:10A9DC0001061BD01089B3B2884203F1010615D0D1
:10A9EC005089B3B2884203F101060FD09089B3B2FB
:10A9FC001032884203F1010608D03F88B3B28F426F
:10AA0C0003F1010002D0624583B2C8D324F8023F9F
:10AA1C00AC420CF5805C7FF475AF0349012281F8E0
:10AA2C007626F0BD16290020C022002000101F60E1
:10AA3C00B0F5876F80F0A38038B5524D044695F879
:10AA4C007636002B00F09680A0084F4A04F0030CD9
:10AA5C00A2FB0014E108C1EB01124CEA81034B4943
:10AA6C00801A05EB40050144B5F858460A0360000E
:10AA7C0000EB0134B4EB013F7FD9D14332F8025BD8
:10AA8C00FF205FFA85FC21449C45C1F342016DD047
:10AA9C0094426AD9002936D001292DD0022925D01B
:10AAAC0003291DD0042915D005290DD0062905D060
:10AABC0011880232CDB29D4208BF080A11880232B9
:10AACC00CDB29D4208BF080A11880232CDB29D4218
:10AADC0008BF080A11880232CDB29D4208BF080A8D
:10AAEC0011880232CDB29D4208BF080A1188023289
:10AAFC00CDB29D4208BF080A11880232CDB29D42E8
:10AB0C002FD0944231D9114631F8022B5FFA82FCD6
:10AB1C009C4508BF100A0A88D5B29D4228D04A88A5
:10AB2C005FFA82FC9C4508BF100A8A88D5B29D4208
:10AB3C0008BF100ACA885FFA82FC9C4508BF100A3D
:10AB4C000A89D5B29D4208BF100A4A895FFA82FC75
:10AB5C009C4508BF100A01F10E028989CDB29D42B5
:10AB6C00CFD194424FEA1120CDD838BD280A8FE7B7
:10AB7C00100AD4E7FFF7BEFE66E7FF2038BDFF20C2
:10AB8C00704700BFC022002089888888F001060029
:10AB9C00B0F5876F80F07D822DE9F04FDFF8F091F2
:10ABAC00C3B00646884699F87636002B00F06E82C4
:10ABBC00B708754806F00301744BA0FB0724E208A4
:10ABCC00C2EB021541EA820B7E1B09EB460A3344A9
:10ABDC007700BAF858461D03600000EB0330B0EB69
:10ABEC00033F7AD92E46E94336F8023B01445FFA1B
:10ABFC0083FEC1F34202FF21DE4500F04B82B042DE
:10AC0C006CD9002A36D0012A2DD0022A25D0032A4D
:10AC1C001DD0042A15D0052A0DD0062A05D032885D
:10AC2C000236D3B25B4508BF110A32880236D3B262
:10AC3C005B4508BF110A32880236D3B25B4508BFA8
:10AC4C00110A32880236D3B25B4508BF110A32882A
:10AC5C000236D3B25B4508BF110A32880236D3B232
:10AC6C005B4508BF110A32880236D3B25B452FD040
:10AC7C00B04233D936F8023BDAB25A4508BF190A4A
:10AC8C003388DAB25A4500F0078273880E36DAB28E
:10AC9C005A4508BF190A36F80A3CDAB25A4508BFB9
:10ACAC00190A36F8083CDAB25A4508BF190A36F8C0
:10ACBC00063CDAB25A4508BF190A36F8043CDAB237
:10ACCC005A4536F8022C08BF190AD3B25B45CFD1CE
:10ACDC00B0424FEA1221CDD800E0FF21884500F0A8
:10ACEC00C481B4F5006FC0F0C38102AC4FF4807224
:10ACFC00FF21AE1C204604F00FFB05F580502B46BF
:10AD0C00B04234BF01214FF400614A0005EB410110
:10AD1C00023A5208013212F007023BD0012A2DD020
:10AD2C00022A24D0032A1BD0042A12D0052A09D0C7
:10AD3C00062A40F0B7811E8802335FFA86FC320A7D
:10AD4C0004F80C201E8802335FFA86FA320A04F8E3
:10AD5C000A201E8802335FFA86FE320A04F80E209F
:10AD6C001E8802335FFA86FC320A04F80C201E8817
:10AD7C0002335FFA86FA320A04F80A209C46023340
:10AD8C00BCF800603DE000BF89888888F0010600AF
:10AD9C00C02200209E4603F10E0C10333EF8026BCD
:10ADAC005FFA86FA320A04F80A2033F80E6C5FFA5E
:10ADBC0086FA320A04F80A20BEF802605FFA86FEB0
:10ADCC00320A04F80E2033F80A6C5FFA86FA320A5B
:10ADDC0004F80A2033F8086C5FFA86FE320A04F88D
:10ADEC000E2033F8066C320A5FFA86FA04F80A2051
:10ADFC0033F8046C5FFA86FE320A04F80E20BCF8B5
:10AE0C0000605FFA86FE8B424FEA162204F80E2091
:10AE1C00C0D104F80B8072B6A64C0023A6490226BA
:10AE2C0040F20642A1610121E661C4F8F022C4F8A7
:10AE3C00F432C4F8F832C4F8FC32C4F8A0304FF441
:10AE4C007023C4F8A430C4F8B010BFF34F8F05F1D1
:10AE5C0020082B464FF0E02B404534BF084680209D
:10AE6C00440105EB4016A4F120025109013111F007
:10AE7C00070020D0012819D0022814D003280FD0A5
:10AE8C0004280AD0052805D0062840F00781CBF805
:10AE9C005C3F2033CBF85C3F2033CBF85C3F203356
:10AEAC00CBF85C3F2033CBF85C3F2033CBF85C3FD6
:10AEBC002033B34221D003F1200403F1400203F10B
:10AECC006001CBF85C3F03F18000CBF85C4FCBF812
:10AEDC005C2F03F1A004CBF85C1F03F1C00203F15B
:10AEEC00E00103F58073CBF85C0FB342CBF85C4FF9
:10AEFC00CBF85C2FCBF85C1FDDD1BFF34F8FBFF3CA
:10AF0C006F8F6C4E7369D907FCD56C4A01246C4861
:10AF1C004FF470212A407461C6F8F002C6F8A020E4
:10AF2C00C6F8A410C6F8B040624E7369DB07FCD5B6
:10AF3C0001240DF207184FF0000A74610DF1070699
:10AF4C00FAF7C6FBB3469BF801200BF10104FF2A6C
:10AF5C000DD0ABEB060040EA022105EB4A000AF1EA
:10AF6C00010AADF806100DF10601FDF7DFFD63785F
:10AF7C00FF2B0CD0A21B0DF1060142EA0320ADF809
:10AF8C00060005EB4A000AF1010AFDF7CFFDA17896
:10AF9C00FF290DD0631C9A1B42EA01200DF106011A
:10AFAC00ADF8060005EB4A000AF1010AFDF7BEFDFB
:10AFBC00E178FF290DD0A31C9A1B42EA01200DF168
:10AFCC000601ADF8060005EB4A000AF1010AFDF78F
:10AFDC00ADFD2179FF290DD0E31C9A1B42EA01201B
:10AFEC000DF10601ADF8060005EB4A000AF1010A65
:10AFFC00FDF79CFD6179FF290DD0231D9A1B42EAB8
:10B00C0001200DF10601ADF8060005EB4A000AF12E
:10B01C00010AFDF78BFDA179FF290DD0631D9A1B49
:10B02C0042EA01200DF10601ADF8060005EB4A00DD
:10B03C000AF1010AFDF77AFDE17904F1070BFF290A
:10B04C000DD0063405EB4A000AF1010AA31B43EAB2
:10B05C0001220DF10601ADF80620FDF767FDC34591
:10B06C007FF471AF4F44A7F858A643B0BDE8F08FFA
:10B07C004BEA082502A94F440134ADF80850FDF7FE
:10B08C0055FDA7F8584643B0BDE8F08FFFF732FCEA
:10B09C008EE57047190AB2E5190AF6E54346CBF876
:10B0AC005C5FF4E633462E885FFA86FE320A04F8BB
:10B0BC000E2040E600802A40F05AF05A00F0FF00C3
:10B0CC00200418082DE9804889B00024FCF714F8F6
:10B0DC00C94E4FF0011240F20113C8480125A6F8E1
:10B0EC009C322746DFF848A3C6E9A542FCF7B4FA20
:10B0FC0009228023214606F521700295CDE9002511
:10B10C00F8F716FA4FF46021BD48C6F89412FCF714
:10B11C00A3FABC48FCF7A0FABB48FCF79DFABB4D60
:10B12C00FCF706FCB6F878060594A042039406F5E5
:10B13C00217408BF64200490B54A9368029A13F0F6
:10B14C001003D6F8049002F0010216BF0022012170
:10B15C000021002A40F08181002B00F06D81039BBF
:10B16C00002B00F06981049901311FFA81F8B8F5C0
:10B17C00FA6FCDE903284FF0010240F26C81049282
:10B18C000292D5F8A01172B6B5F8DA31B5F8DCC177
:10B19C009AB21FFA8CF39A423CBFD5F8C801121828
:10B1AC00D31ACA6A62B6C2F30262DA4205D099486F
:10B1BC00F9F7EEFE532800F0D280D6F80422002ACC
:10B1CC0000F05281052A1DDD96F8390096F83AC038
:10B1DC00C1B2604512D001318F4B092928BF002123
:10B1EC00314491F83CE006EB4E0803EB4E2BB8F8DB
:10B1FC0048201BF80200412800F03981012106A8E3
:10B20C00FDF7C0FAA9EB0702642A95D90027B846C6
:10B21C0007F1010B39B2182328222046CDF8008003
:10B22C00F9F7F0FB182328220FFA8BF12046CDF802
:10B23C000080F9F7E7FBB81C1823282201B2CDF8DF
:10B24C0000802046F9F7DEFBF91C1823282209B2EE
:10B25C002046CDF80080F9F7D5FB3B1D282220466F
:10B26C0019B2CDF800801823F9F7CCFB7A1D1823FE
:10B27C00204611B2CDF800802822F9F7C3FBB81D87
:10B28C001823282201B2CDF800802046F9F7BAFB2A
:10B29C00F91D0837182309B228222046CDF8008062
:10B2AC00F9F7B0FB802FB3D140F202275B4B4C2156
:10B2BC00A6F89C72C6F89432594F01E017F8011F9A
:10B2CC002046F8F7DFFCBA45F8D100210498FBF7CB
:10B2DC00DFF940F2011253484121DFF85881C6F8DA
:10B2EC0094022046A6F89C2208F1010BF8F7CAFC40
:10B2FC0098F8011028E09BF80110F8F7C3FC9BF8B4
:10B30C0002102046F8F7BEFC9BF803102046F8F715
:10B31C00B9FC9BF804102046F8F7B4FC9BF8051018
:10B32C002046F8F7AFFC9BF806102046F8F7AAFC6D
:10B33C009BF807102046F8F7A5FC9BF80810204650
:10B34C00F8F7A0FC1BF8091F2046F8F79BFC3649C0
:10B35C0020468B45CFD14F46FCF7EAFAECE6D5F800
:10B36C00A00172B6B5F8DA11B5F8DCE18BB21FFAB0
:10B37C008EF29342A3EB020103D2D5F8C8110B4411
:10B38C00991AC06A62B6C0F302630B44012BE6DD66
:10B39C002048F9F7FDFD80461E48F9F7F9FD5FFAE4
:10B3AC0080FB4BEA0822511E8BB2B3F5FA6FBFF447
:10B3BC0004AF42210020FFF7EBFB01205FFA88F17C
:10B3CC004FF0E029FFF7E4FB59460220174DFFF739
:10B3DC00DFFB01210320FFF7DBFBFF210420FFF73C
:10B3EC00D7FB01210520FFF7D3FB04210920FFF730
:10B3FC00CFFBC9F80C5DFEE7C0220020F012002044
:10B40C0000130020141300202413002080150020AA
:10B41C0000C0004210170020802020200A002800C5
:10B42C004813002004003800631300200400FA05C0
:10B43C004D13002050130020039A12EA010B3FF425
:10B44C00A0AE059BA9EB0301642900F28F808BF061
:10B45C000102CDF80CB0029293E682F00101039246
:10B46C00CDF8149002918CE6FAF730FDCAE6D6F8C6
:10B47C0004804FF0000B06E07368D5F82022A3EB94
:10B48C00080E96456DD20DF1180CCBF106010CEBA4
:10B49C000B00FDF777F98344BBF1050FECD9BBF139
:10B4AC00060F7FF4AFAE9DF81830412B7FF4AAAE97
:10B4BC009DF81920642A7FF4A5AE9DF81A30612BF3
:10B4CC007FF4A0AE9DF81B109DF81C20BDF81B301E
:10B4DC00514081F0550B9DF81D1059457FF492AEEB
:10B4EC005ABA93B2B3F5FA6FBFF48CAE0133422162
:10B4FC00002040F202259FB24FF4A014FFF748FB46
:10B50C000120390A4FF0E02AFFF742FB0220F9B282
:10B51C00FFF73EFB01210320FFF73AFBFF2104203C
:10B52C00FFF736FB01210520FFF732FB0421092030
:10B53C00FFF72EFBFBF7E0FD2948A6F89C52C6F856
:10B54C009442FCF71DF8274E00213846FBF7A0F873
:10B55C00FCF7EEF94FF47A70FAF7FAFECAF80C6DB4
:10B56C00FEE74FF0010885F824824BE642210020CB
:10B57C00FFF70EFB049F012040F20225390A4FF41D
:10B58C00A014FFF705FB0220F9B2FFF701FB012124
:10B59C000320FFF7FDFAFF210420FFF7F9FA012140
:10B5AC000520FFF7F5FA04210920FFF7F1FAFBF764
:10B5BC00A3FD0D48A6F89C52C6F894424FF0E02625
:10B5CC00FBF7DEFF00213846FBF762F8FCF7B0F919
:10B5DC004FF47A70FAF7BCFE024BC6F80C3DFEE74E
:10B5EC00401300200400FA05381300200B49D1F851
:10B5FC004C2240B108B513180948834205D81046AF
:10B60C00C1F84C3208BD1046704703F031FF0C21D5
:10B61C004FF0FF320160104608BD00BF80150020BE
:10B62C0000002820002070474FF0FF30704700BF0B
:10B63C004FF4005300204B60704700BF012070474F
:10B64C004FF0FF30704700BF30BFFDE70000000037
:10B65C002DE98048D04FBBB0D04BD7F8F0219A429F
:10B66C0000F2EA80CE4E0220D6F8403123F01F02C1
:10B67C0042F01801C6F84011FAF76AFEC948F9F70A
:10B68C0075FEDFF85CA340F2EE28DAF80430DAF845
:10B69C000440FAF71BFC9AF86800002800F0BC8004
:10B6AC009AF83066F30740F1B780DAF80430DAF82C
:10B6BC002C26991A0E2940F2AF800525BA48C7F8F6
:10B6CC00205209F095FF02210846F9F7DDFF012110
:10B6DC000320F9F7D9FF00210320F9F7B3FFD7F8BE
:10B6EC00C001D7F8A41100F58066B04AB1F8580033
:10B6FC00B1F85A1002F58063D7F8BC41C7F8B421F1
:10B70C00321AC7F8C861761AA94804F58065A949A8
:10B71C00C7F8B831C7F8C451C7E973260022A7F897
:10B72C00DA21A7F8DC21A7F8D621A7F8D821F9F758
:10B73C00CBF9A0F5A07009F05BFF9F499A48F7F789
:10B74C000BFCDAF8B032002B00F08680FBF7D4FC4F
:10B75C00BAF98E22202A00F34981BAF98C92A2F10F
:10B76C00200B20267323A9F1730C0BEBDB74934A8B
:10B77C000CEBDC7E44F34F0100964EF34F00FAF7CE
:10B78C0093FE0224DAF8AC028AF8B542002800F0E5
:10B79C0075839AF9BB324FF03C0C002B8AF8B4C27B
:10B7AC0080F29C83DAF8DC12F7F7D6FB042184488C
:10B7BC00FBF7A6FABAF88EB282488F250BF1FF3848
:10B7CC005FFA88F1FBF750F904217F48FBF798FAF0
:10B7DC009AF9B5127B4801290CBF10211421FBF7F3
:10B7EC0043F904217948FBF78BFADAF88C32784A62
:10B7FC008AF8E45293420CD002F50016B34200F0E2
:10B80C009F82744CA34202F052877348834202F029
:10B81C0042874FF002099DE2DAF804009AF868605A
:10B82C00031B36B1B3F5FA6F3FF647AFFAF74EFB91
:10B83C002FE74345FAD940E75A48F9F797FD02201C
:10B84C00FAF786FD5648D0F8401121F01F0444F059
:10B85C001805C0F8405114E7BAF98E42BAF98C02B7
:10B86C00E51D48BF04F10E05E91001FB00F009F0DD
:10B87C0055FECAF8B00200287FF468AF00254FF0DF
:10B88C00FF393220DFF85C81FAF762FD4C460A235F
:10B89C000922CDF81CA02846DFF84CB1AA464F4926
:10B8AC0003930292022310E040F0B680B14580F081
:10B8BC00B3808246CDE9023EBEF13F0F0EF1010589
:10B8CC003AD10133402B00F0D9801D1D0226854052
:10B8DC0003EB060CBBFBF5F28A4240F2BF80551A13
:10B8EC009E422CBFC3F102069E1EA54280F0AE8084
:10B8FC002C4682460225CDE902354FF0030E0CEBA7
:10B90C000E0808FA00F8BBFBF8F888458CBFA8EBCA
:10B91C000105A1EB08059E4534BFA3EB0E09AEEB68
:10B92C000309A542C0D2BEF13F0F2C4682460EF150
:10B93C000105CDE9023EC4D00CEB05028240BBFBF5
:10B94C00F2FE8E456BD9AEEB01029D422CBFEE1A76
:10B95C005E1BA242059671D214468246CDE9023591
:10B96C0005F101080CEB08028240BBFBF2F28A42A3
:10B97C0004925FD8A1EB020998452CBFA8EB0306F3
:10B98C00A3EB0806A1454DD24C468246CDE90238C0
:10B99C0005F1020E049AB2E780150020FF2BA330AC
:10B9AC0000800D40002CA330D01500203C29002035
:10B9BC0010170020404B4C00801A0600B02000608D
:10B9CC0090220060442500209422006098220060A0
:10B9DC00800020006000100040002000009F240028
:10B9EC00C022002040420F0000366E01A2F1400838
:10B9FC00BAF98C024023A0F15202C8F3C03500936F
:10BA0C00522302EBD27605FA88F11B4A491046F311
:10BA1C004F00FAF749FDB4E6B14690464CE7A1EB6E
:10BA2C000E0292E71CD1059A964219D28246CDE9B4
:10BA3C000238ADE7049AA2EB01099DE714D1059AEF
:10BA4C004A4511D28246CDE9023589E710D14E45DF
:10BA5C000ED202258246CDE902354EE78D1A3FE71C
:10BA6C00059ECDF810E093E7C646CDF8149077E725
:10BA7C004E46424641E700BFF01D006001300828E9
:10BA8C007FF410AF029ED646039A029B022E0398B7
:10BA9C0014BF740801241D02022A00F03F060EF0A8
:10BAAC00070018BF510805F47C52BF4D08BF012197
:10BABC003243DDF81CA0A845434642EA04648CBF1F
:10BACC000025012544EA0146B84900240C618E6426
:10BADC0048622804B64E40EA05694FF0011549F456
:10BAEC0016628A620122CE62886C08650C62B148CB
:10BAFC008D650A61B04AB149FEF7AAFBDAF88C32BF
:10BB0C008AF89E42CAF89032FBF7F6FAAC4DFBF776
:10BB1C000FFF2146A022AB4803F0FEFB2146A022DA
:10BB2C00A94803F0F9FB02233F227F21A748F8F72D
:10BB3C0097FBF6F79FFE0446FBF7FAFE9FEDA47AFF
:10BB4C00F6F798FE061BA34907EE906AB8EE670A53
:10BB5C0060EE070AC1ED000AFBF7CEFAFBF7E8FE30
:10BB6C00FBF7CAFAFBF7E4FEA86810F0100B00F024
:10BB7C003D810020FEF75CFF422842F0D485012075
:10BB8C00FEF756FF80460220FEF752FF40EA0823DC
:10BB9C0003201FFA83F909F1FF34B4F5FA6F28BFBB
:10BBAC004FF00009AAF87896FEF742FF08B987F81B
:10BBBC0000020420FEF73CFF0146052087F82812FE
:10BBCC00FEF736FF08B987F8290209204FF0011556
:10BBDC00FEF72EFF65284FF0000640F2011B0346CE
:10BBEC0028BF0A237C48AAF89CB287F82A32CAE9F3
:10BBFC00A565F7F7EDF9DAF87C0EBAF8785610F07F
:10BC0C00010400F079857448F7F7E2F9DAF870046A
:10BC1C00724B10F00104CAF8945ECAF8843E00F02E
:10BC2C0052850DF1500B6E495846FBF779FA9DF889
:10BC3C005010002900F08A81369C002C00F0948171
:10BC4C00389B04EBC306B44200F08B81301BDFF849
:10BC5C009881A0F10802D108013111F0070339D005
:10BC6C00012B2DD0022B24D0032B1BD0042B12D054
:10BC7C00052B09D0062B42F0058554F8080B2A46F3
:10BC8C00414603685B69984754F8080B2A464146BD
:10BC9C0003685B69984754F8080B2A4641460368C9
:10BCAC005B69984754F8080B2A46414603685B6960
:10BCBC00984754F8080B2A46414603685B69984735
:10BCCC0054F8080B03682A4641465B699847B4420E
:10BCDC0000F04381A14640342A46414659F8080BEE
:10BCEC0003685B69984754F8380C2A464146036848
:10BCFC005B699847D9F808002A46414603685B6996
:10BD0C00984754F8280C2A46414603685B699847C3
:10BD1C0054F8200C2A46414603685B69984754F84E
:10BD2C00180C2A46414603685B69984754F8100C76
:10BD3C002A46414603685B69984754F8080CC1E7EA
:10BD4C009AF9B5324FF01209012B0CBF9F23CF2368
:10BD5C008AF8E4321D48DA21FAF786FE49461B4878
:10BD6C00FAF782FE81211948FAF77EFE9AF8E4125E
:10BD7C001648FAF779FED9211448FAF775FE9AF9A4
:10BD8C00B5221248012A0CBF2221F121FAF76CFED0
:10BD9C0014480621FAF7B4FFDAF8AC02C8B3DAF8A3
:10BDAC00E012F7F7D9F869E580841E0000003F40E7
:10BDBC00007F050098170020009F2400CC12002063
:10BDCC0000C0004268260020C42500204425002025
:10BDDC006F12833A1427002080150020BC710020BC
:10BDEC00342700209C22006040310020FBF784F9AE
:10BDFC00534A5448CAF89422FBF7C2FBFBF798FD50
:10BE0C005846FF21FEF7C4FE4FF47A70FAF7A0FAF9
:10BE1C00AFE6DAF8C862DAF8D8423068DAF8A83255
:10BE2C0020433060002B3FF429ADDA7C002A3FF42C
:10BE3C0025ADD60704D59D6A4FF0E02ECEF8005103
:10BE4C00950704D5DE6A4FF0E02CCCF8046154075A
:10BE5C0004D51C6B4FF0E02BCBF80841100704D530
:10BE6C00586B4FF0E028C8F80C01D1067FF506ADF1
:10BE7C00996B4FF0E029C9F81011FFE401219AF8F1
:10BE8C00B902F9F721FC01219AF8BA02F9F71CFC66
:10BE9C002D4D9AF9B9029AF9BAB205EB0019DAF8F4
:10BEAC00A80205EB0B18D9F81C30D8F81020D8F8DC
:10BEBC001C60CAF8D432CAF8D8621468D9F81010C9
:10BECC002643CAF8C822CAF8C4121660002802F029
:10BEDC00FF839AF9BB32002BC0F23F84D8B2012108
:10BEEC00F9F7F2FB9AF8BB02272802D80121F9F7DF
:10BEFC00A9FB0120FAF72CFA9AF8BB02272802D8E2
:10BF0C000021F9F79FFB0A20FAF722FA9AF8BB02F4
:10BF1C00272802D80121F9F795FBDAF8AC020028A2
:10BF2C007FF440ACDAF8A802002840F01684DAF866
:10BF3C00C852DAF8D8622C6824EA0600286035E486
:10BF4C000A001400681300205004002015AC359E24
:10BF5C0004EBC606A6427FF479AE0025369C3895D4
:10BF6C0014B12046FCF79CFE00217D22C0488AF8C3
:10BF7C00921ECAF8601403F0CFF9F6F77BFC08B1F7
:10BF8C00CAF85406FEF776F9DAF85466002E02F079
:10BF9C00A982B84A44F2A71CB74C96FBF2F002FBFC
:10BFAC00106104FB00F00CFB0103002B82F2658393
:10BFBC006FF000451D4405F03F061496002D42F02D
:10BFCC007C820225AD4E33461595AA4944F2A71939
:10BFDC00A94DB3FBF1F001FB103605FB00F009FB9A
:10BFEC000603002B82F260826FF00040184400F0D0
:10BFFC003F05034616959F4E44F2A7119E4CB3FB8A
:10C00C00F6F206FB123504FB02F201FB0523002BB2
:10C01C0082F241826FF00041194401F03F040B465B
:10C02C001794944944F2A718934DB3FBF1F201FB1A
:10C03C00123005FB02F208FB0023002B82F2228255
:10C04C006FF000441C4404F03F0623461896894DBB
:10C05C0044F2A71C884EB3FBF5F205FB123006FB2D
:10C06C0002F20CFB0023002B82F203826FF00041E2
:10C07C00194401F03F040B4619947E4E44F2A71E5E
:10C08C007D4CB3FBF6F206FB123004FB02F20EFB06
:10C09C000023002B82F2E4816FF000451D4405F073
:10C0AC003F012B461A91734944F2A719724CB3FB0A
:10C0BC00F1F201FB123004FB02F209FB0023002B0E
:10C0CC0082F238826FF000461E4406F03F0533467C
:10C0DC001B95684D44F2A718674CB3FBF5F205FBB2
:10C0EC00123004FB02F208FB0023002B82F21982AF
:10C0FC006FF00041194401F03F060B461C965D4E53
:10C10C0044F2A71C5C4CB3FBF6F206FB123004FBAA
:10C11C0002F20CFB0023002B82F2FA816FF0004537
:10C12C001D4405F03F012B461D91524944F2A71EB8
:10C13C00514CB3FBF1F201FB123004FB02F20EFB8B
:10C14C000023002B82F2DB816FF000461E4406F0C8
:10C15C003F0533461E95474D44F2A719464CB3FB99
:10C16C00F5F205FB123004FB02F209FB0023002B55
:10C17C0082F2F2816FF00041194401F03F060B4648
:10C18C001F963C4E44F2A7183B4CB3FBF6F206FB51
:10C19C00123004FB02F208FB0023002B82F2D38145
:10C1AC006FF000451D4405F03F012B4620913149AD
:10C1BC0044F2A71C304CB3FBF1F201FB123004FB30
:10C1CC0002F20CFB0023002B82F2CF816FF00046B1
:10C1DC001E4406F03F0533462195264D44F2A71E1A
:10C1EC00254CB3FBF5F205FB123004FB02F20EFBFF
:10C1FC000025002D82F22B816FF00041294401F0C3
:10C20C003F060D4622961B4E44F2A7191A4CB5FB5D
:10C21C00F6F206FB125004FB02F209FB0021002986
:10C22C0082F251826FF000430B4403F03F01692509
:10C23C00134E1C4623910295BAF98E320021BAF99D
:10C24C008C0240F20115DA1D0DF14C0948BF03F1C7
:10C25C000E02D21000FB02F2DAF8B00203F05CF826
:10C26C004FF00111AAF89C520025CAF8981272E0FE
:10C27C006C3100201DF30100ECF4FFFF42CE0C1FCB
:10C28C0044250020C84BE017C84983FB043CA44458
:10C29C00C0EB2C4344F2A71001FB134EC44C04FB1F
:10C2AC0003F300FB0E33002B80F202816FF0004190
:10C2BC00194401F0030402341444CAF85416AAF8C1
:10C2CC0096227C21412CAAF89452304605F108059F
:10C2DC00A8BF0024ADB2C8F80040F7F7D3FC23AADE
:10C2EC00424576D0DAF85446D8F80410002C56D1D2
:10C2FC000420B04A0844AAF89612AAF894527C2159
:10C30C00412805F10805CAF8542608F10809A8BF08
:10C31C000020ADB2C8F804003046F7F7B3FCDAF8E9
:10C32C005436D8F80840FBB90423A2492344AAF890
:10C33C0094520835CAF85416412BAAF896424FF07D
:10C34C007C013046A8BF0023ADB2C8F80830F7F71F
:10C35C0099FCDAF8544609F10408D9F80420002CA9
:10C36C0090D104249349A7E78F49DA178F4881FBB2
:10C37C00031E9E44C2EB2E4144F2A71200FB113C5B
:10C38C008B4B03FB01F102FB0C10002880F2958013
:10C39C006FF00041014401F003030233C6E7824A07
:10C3AC00E017824B82FB0429A144C0EB2942804850
:10C3BC0003FB124444F2A71300FB02F203FB042418
:10C3CC00002C7FDA6FF00042224402F003000230AE
:10C3DC0090E740F20220784B784C4D21AAF89C0251
:10C3EC00CAF8943201E014F8011F3046F7F74AFC02
:10C3FC007349A142F7D1734D4C2130464FF00109DE
:10C40C00CAF89452F7F73EFC45213046F7F73AFC50
:10C41C0044213046F7F736FCFBF78AFA5AE8003F1E
:10C42C00DAF80420DAF808004AE80093002BF5D17A
:10C43C00654C61684FF47A740D1ADAF80C004FF001
:10C44C00060904FB02F8A5FB00310125A14294BFAB
:10C45C008844A0445AE8003FDAF80420DAF80800CF
:10C46C004AE80053002BF5D157494B68181ADAF8F3
:10C47C000C1004FB02F2A0FB0130B0F57A7F94BFE4
:10C48C00121802F57A72A2EB0802B2F57A7F05D384
:10C49C00B9F1010905D008F57A78DBE7F9F716FD53
:10C4AC00D8E7029B591E029111D0DAF85446C3E624
:10C4BC0003F0030419460234FEE600F003030146C0
:10C4CC00023333E704F003002246023012E7FAF796
:10C4DC0013FE40F202243D48B7EE008AAAF89C42B3
:10C4EC004FF00108CAF894023948FBF749F89FED60
:10C4FC0039AAFBF71DFA40F27E40F9F729FFDFED70
:10C50C00368AFAF7F9FD354A3548CAF89422AAF862
:10C51C009C42FBF735F8334DFBF70AFA40F24650D4
:10C52C00F9F716FF284CDFED301A9FED1D9BB0EE8E
:10C53C00001ABAF98E62F0EE4AAABAF98C22F31DEF
:10C54C004FF00001DAF8B002E8EE01AA48BF06F19C
:10C55C000E03B0EE688ADE10A1EE818A06FB02F2B1
:10C56C0002F0DAFE40F20221FDEEEA1A4FF0011061
:10C57C00AAF89C1244211D4E11EE909ACAF898020A
:10C58C00BDEEC82AA9F1180212EE103AAAF89422AC
:10C59C00A3F10809AAF896922CE000BFAFF3008033
:10C5AC00399D52A246DF913F5F0B4E831DF3010074
:10C5BC00ECF4FFFF42CE0C1F1C0018007813002077
:10C5CC007D1300202E002A00001000E02800180027
:10C5DC00801300200000804200000042160018006A
:10C5EC008813002044250020000000009013002038
:10C5FC0016F8011F2846F7F745FB5B4B9E42F7D117
:10C60C00FBF796F95AE8003FDAF80420DAF808103C
:10C61C004AE80086002EF5D163684FF47A70DAF898
:10C62C000C60591A4FF0120900FB02F2A1FB0636FE
:10C63C00864294BF961916185AE8003FDAF804207F
:10C64C00DAF808104AE80083002BF5D163685B1A0E
:10C65C00DAF80C1000FB02F2A3FB013CBCF57A7F6C
:10C66C0094BF624402F57A72921BB2F57A7F05D3BD
:10C67C00B9F1010907D006F57A76DDE7F9F726FC62
:10C68C004FF47A70D8E7029B0133322B02937FD0A0
:10C69C000AEE903AF3EE0E7AB8EEEA8A68EE270AC2
:10C6AC00B7EEE04A24EE095BB7EEC5BBB0EE4B0A21
:10C6BC0002F0E6F9B0EE408AB0EE4B0A02F0DCF87C
:10C6CC00F0EE401A33E7214680228AF8744427485A
:10C6DC0002F022FE01222649CAF87024CAF8F84456
:10C6EC00244ACAF8FC44CAF80045CAF80445224852
:10C6FC0002F0BAF8FFF795BA4FF0FF321F49DAF89B
:10C70C006C3402F18176CAF8844ECAF8884ECAF8A5
:10C71C00944ECAF88C2ECAF8981ECAF8906E002B4C
:10C72C0001F0A6871648DAF8A84E04B1A0600022E2
:10C73C0014490126CAF8A80ECAF8801ECAF89C2E05
:10C74C00CAF8A02ECAF8A42E0F490A4A0C48CAF8F7
:10C75C007C6E02F089F8FFF756BA0C4AD2E9001247
:10C76C00F5F7CAFFFFF7E3BB93130020382700202F
:10C77C00BD1B000010180020342700207017030088
:10C78C0040310020A00C0020A1040000A8250020AE
:10C79C00FAF7B2FC40F20221CB48AAF89C12CAF874
:10C7AC009492FAF759FFC948FAF756FFC848FAF7B6
:10C7BC0053FFC848FAF750FFFBF7BAF840F2DC50C9
:10C7CC00F9F7C6FD02208AF8298FFCF76DFADAF822
:10C7DC00042097F80002CAF82C2F002801F01E86BE
:10C7EC00DFF8048301210320F8F72CFF9FEDB08BB9
:10C7FC009FEDB19B9FEDB2AB01265AE8003FDAF8F2
:10C80C000400DAF808104AE80063002BF5D1B24AAC
:10C81C0081465668711ADAF80C30DAF80460A1FB1C
:10C82C00033EDAF8301FDAF80430BEF57A7F724630
:10C83C00029628BF4FF47A7204925A1AB2F5FA7F14
:10C84C0000F28087A54E9AF8353FB16811F0100FB1
:10C85C0000F0D786ABB3DAF8386F0023029A8AF867
:10C86C00353F911B32292CD9B1F5487F41F25484C4
:10C87C009AF8290F022801F0BD8497F800220320B2
:10C88C0082F0010487F80042FEF7D2F8844203D00C
:10C89C0021460320FEF77CF9002C41F0BE84BAF946
:10C8AC008E12BAF98C22CB1DDAF8B00248BF01F116
:10C8BC000E030021DC1004FB02F202F02DFDFBF74D
:10C8CC0037F89AF83E3F002B40F0AF869AF8294F84
:10C8DC00022C00F08F869AF83C3F5BB9DAF82C1FDB
:10C8EC0045F6C05E029E731A734540F283860122A0
:10C8FC008AF83C2F9AF83D1F002940F0DE83DAF8C5
:10C90C002C6F029B764A991B91423ED901208AF8E2
:10C91C003D0FBAF87806A8B38600E022331FD7F88B
:10C92C002C62990806EB8000013111F007031BD033
:10C93C00012B15D0022B11D0032B0DD0042B09D0B9
:10C94C00052B05D0062B01D046F8042B46F8042BFA
:10C95C0046F8042B46F8042B46F8042B46F8042B17
:10C96C0046F8042BB0420DD0B4464CF8042B726040
:10C97C00CCF80420F261C6E90322C6E90522203670
:10C98C00B042F1D101218AF8481F9AF83C6F002E71
:10C99C0040F093839AF8292F012A00F03D85D7F8AF
:10C9AC00A06172B6B7F8DA11B7F8DCC18AB2F66AD0
:10C9BC001FFA8CF39A423CBFD7F8C8011218D01A50
:10C9CC0062B6C6F30261C14240F00187DAF8D41FA7
:10C9DC00CA0708D4BAF878E601260EEB4E04CAF85A
:10C9EC00D46FCAF8D84FDAF80422002A00F0EB868C
:10C9FC0007DDDAF80402002801F0CD817F2841F32D
:10CA0C00CC81DAF80442002C00F0D986DAF85034E4
:10CA1C00A34201DACAF85044DAF8041231B30529FA
:10CA2C0026DD9AF839009AF83A20C6B2904210D016
:10CA3C000136092E28BF0026564496F83CC00AEB56
:10CA4C004C0E08EB4C23BEF84810585C412800F003
:10CA5C00AB8001215846FBF795FEDAF84804DAF86A
:10CA6C0004120130CAF848040029D8D1F9F72EFA7B
:10CA7C009AF8481F002940F00B82DAF80460DAF8C3
:10CA8C00F43FF21A642A00F2C087DAF8F80F029A1F
:10CA9C00161AB6F57A7F5FD3DAF8DC3F4FF47A706A
:10CAAC00104900FB03F3D1ED004ACAF8F82F1DE042
:10CABC00CDCCCCCCCCCC00409A9999999999E13FAA
:10CACC00000000000000503F981300207813002055
:10CADC00A0130020A4130020001000E000C00042AE
:10CAEC0020A1070090320020802020200022F5EEAB
:10CAFC00404ACAF8DC2FB3FBF6FEF1EE10FA05EE55
:10CB0C0090EACAF800E3F8EEE57A0DD0F4EEE74AC5
:10CB1C00F1EE10FA01F23581B7EE042AFDEE000AAF
:10CB2C0067EE827AE4EEA07AD049DAF8E03FD0489A
:10CB3C00C1ED007AA0FB03120023D1089AF8292F2B
:10CB4C00CAF8E03F022AB1FBF6F68AF8346F01F01E
:10CB5C00E880012A00F084874FF0010C5AE8003F6E
:10CB6C00DAF80400DAF808104AE800C3002BF5D113
:10CB7C00C04E7268DAF80C30511AA0EB09004FF471
:10CB8C007A72A1FB0316049902FB00F0DAF84C341C
:10CB9C00964294BF80198018401A984288BFCAF8F0
:10CBAC004C04F9F793F927E6DAF80442002C00F06C
:10CBBC008182DAF8D86FB21DA2423FF759AFDAF88A
:10CBCC000450002407E0DAF80430D7F82002591B8F
:10CBDC00814280F05581C4F106010BEB0400FBF798
:10CBEC00D1FD0444052CEED9062C7FF441AF9DF801
:10CBFC005020412A7FF410AF9DF85130642B7FF404
:10CC0C000BAF9DF8521061297FF406AFDAF804508F
:10CC1C00002407E0DAF80420D7F82012531B8B42CB
:10CC2C0081F0D8819448311B2044FBF7ABFD0444C0
:10CC3C00A642EFD87FF4F0AE01255AE8002FDAF8BF
:10CC4C000410DAF808004AE80052002AF5D1894BA2
:10CC5C005E68351A8AF83C2F8AF83D2F4FF47A76A5
:10CC6C00DAF80C20029806FB01FCA5FB023EDAF870
:10CC7C00DC3F97F82822BEF57A7F03F10103D7F841
:10CC8C002C5228BF4FF47A7EFF2ACAF82C0FCAF810
:10CC9C00DC3F01F07384BAF87846002C00F0C080B9
:10CCAC00A100764B05EB8404081F29468608013643
:10CCBC0016F0030050D0012833D0022818D013F8F6
:10CCCC00036C0431033316FB02F00612300613F822
:10CCDC00056C16FB02F6361240EA064013F8046C9B
:10CCEC0016FB02F606F47F46304340F0FF00286046
:10CCFC0013F8035C033315FB02F613F8055C3012D2
:10CD0C00060615FB02F0051213F8040C46EA05465C
:10CD1C0010FB02F505F47F40064346F0FF0641F890
:10CD2C00046B13F8035C033315FB02F013F8055C7A
:10CD3C000612300615FB02F6351213F8046C40EAA5
:10CD4C00054016FB02F505F47F45284340F0FF0033
:10CD5C0041F8040BA14263D013F8036C0C3316FB9F
:10CD6C0002F5281213F80E5C060615FB02F00512EC
:10CD7C0013F80D0C46EA054610FB02F505F47F404E
:10CD8C000D461031064346F0FF0645F8046B13F8C8
:10CD9C000C0C10FB02F6301213F80B6C16FB02F69F
:10CDAC000006361240EA064013F80A6C16FB02F62F
:10CDBC0006F47F46304340F0FF0041F80C0C13F8AA
:10CDCC00096C16FB02F00612300613F8086C16FB01
:10CDDC0002F6361240EA064013F8076C16FB02F610
:10CDEC0006F47F46304340F0FF00686013F8065CA1
:10CDFC0015FB02F613F8055C3012060615FB02F063
:10CE0C00051213F8040C46EA054610FB02F505F46E
:10CE1C007F452E4346F0FF0641F8046CA1429BD19E
:10CE2C0001268AF8486F5AE8002FDAF80410DAF86D
:10CE3C0008004AE80063002BF5D10E4A5668321AF6
:10CE4C00DAF8E03F4FF47A7000FB0131DAF80C307D
:10CE5C00A1EB0C06A2FB032C844594BF6644361848
:10CE6C00A6EB0E02CAF8E02F02E600BF90320020BB
:10CE7C00CDCCCCCC001000E02C8900202F890020D8
:10CE8C0001269AF8481F87F8246200293FF4F5AD73
:10CE9C0001225AE8003FDAF80460DAF808504AE850
:10CEAC000024002CF5D1CA4841684B1BDAF80C5011
:10CEBC004FF47A71A3FB053EDAF8E43F01FB06F66A
:10CECC00BEF57A7F7446D7E98B5028BF4FF47A743D
:10CEDC00DB070394BAF87846C7E98B0507D407201B
:10CEEC00CAF8E42FBB4ACAF8EC0FCAF8E82FBA49C3
:10CEFC00BA48D1E90012F5F7FFFBB94904220846FC
:10CF0C00F9F792FB5CB129462846A20004F10F0503
:10CF1C00F9F78AFBB3492A090846F9F785FBFB7C2C
:10CF2C0013B3DC0704D5BC6A4FF0E02CCCF80041FD
:10CF3C00980704D5F86A4FF0E02ECEF80401590793
:10CF4C0004D5396B4FF0E022C2F808111A0704D54A
:10CF5C007D6B4FF0E024C4F80C51DB0604D5B86BA4
:10CF6C004FF0E023C3F81001002101258AF8481F77
:10CF7C005AE8003FDAF80420DAF808004AE80054CE
:10CF8C00002CF5D1924B59684FF47A7CDAF8E03FDB
:10CF9C000D1ADAF80C000CFB0232A5FB00150399F4
:10CFAC00961B58465422654594BF76196644731AED
:10CFBC002146CAF8E03F02F0AFF9BAF8781613949C
:10CFCC0001EB410ECDE90D44CDE90F44CDE91144FF
:10CFDC00002900F04285224683493DE001EE906A2B
:10CFEC0002EE905AB8EEE15BB8EEE26B25EE097BEF
:10CFFC00B4EEC76BF1EE10FA80F28F8303EE900A59
:10D00C00B8EEE30BB4EEC07BF1EE10FA94BF4FF028
:10D01C00050C4FF0000C3AAC0CEB4C030332033113
:10D02C0004EB8C0C04EB830372455CF8B44C04F1F8
:10D03C0001044CF8B44C53F8984C344453F8946CA9
:10D04C002E4453F8905C43F8984C054443F8946C88
:10D05C0043F8905C80F206844D7888782C460E78E4
:10D06C00854238BF0446A642B8D28642334638BF02
:10D07C0003469D42C0F0548307EE905A00EE906A2E
:10D08C00B8EEE71BB8EEE03B21EE092BB4EEC23B49
:10D09C00F1EE10FA80F241830BEE100AB8EECB4B96
:10D0AC00B4EEC42BF1EE10FA94BF4FF0030C4FF01A
:10D0BC00020CB0E7F8F70AFF7BE597F80032002B7B
:10D0CC003FF46DAC9AF8495F002D59D1DAF854262B
:10D0DC0044F2A714DFF830C16FF00046DFF82CE102
:10D0EC00424D4348002A41F06680BBEE0E4A414B4C
:10D0FC006246A2EC014A002B00F00B833E4981FBF7
:10D10C00031CD9179C44C1EB2C410EFB113C05FBB5
:10D11C0001F304FB0C33002B81F211803344A0FB90
:10D12C00031C4FEA5C11C1EB0111A3EB810CACF1B8
:10D13C003C0105EE101AF8EEC55AE2EC015A002B30
:10D14C0040F0C982FBEE0E6A2A4BC2ED006A002B3E
:10D15C0040F0A382FBEE0E7A264BC2ED017A002B37
:10D16C0040F07D82FBEE0E0A224BC2ED020A0C321D
:10D17C0022499142BFD10124CAF854368AF8494F4A
:10D18C00BAF98E520021BAF98C22EE1D48BF05F176
:10D19C000E06F01000FB02F2DAF8B00202F0BCF856
:10D1AC00DAF8A422002A00F0C38740F201151449D2
:10D1BC004FF001149FED13BAAAF89C520125124EA0
:10D1CC00CAF8A412CAF89842CDF8149046E000BFF1
:10D1DC00001000E080B14F01A83200208015002023
:10D1EC00D40C00206C3100202C890020ECF4FFFFC3
:10D1FC008988888842CE0C1F5F0B4E8390320020AA
:10D20C00A42200600000BC420C3200201DF301007F
:10D21C00452CA4F106093FD9B9F1450FA4F10C0234
:10D22C0050D9452AA4F1120963D9B9F1450F75D922
:10D23C0016ED012AB7EEC23A33EE087BF7EEC72B98
:10D24C00F4EECB2A46ED012AF1EE10FA00F39680AB
:10D25C00CB4B04359E42ADB200F0C480B6EC011A43
:10D26C00FDEEC11A11EE904AA01D4528D0D8621DC2
:10D27C00DAF85436AAF89452AAF89622002B40F009
:10D28C0002816121BF4BC048A4F10609CAF854368B
:10D29C00F6F7F8FC452CBFD8631EDAF85426AAF82A
:10D2AC009452AAF89632002A40F017816121B54AAF
:10D2BC00B548CAF85426F6F7E5FCB9F1450FA4F1C8
:10D2CC000C02AED8E11FDAF85436AAF89452AAF838
:10D2DC009612002B40F066816121AA4BAA48A4F15A
:10D2EC0012090392CAF85436F6F7CCFC039A452A75
:10D2FC009BD8A4F10D03DAF85426AAF89452AAF894
:10D30C009632002A40F0148161219E4A9E48CAF848
:10D31C005426F6F7B7FCB9F1450F89D8133CDAF867
:10D32C005436AAF89452AAF89642002B00F0D280F8
:10D33C00964AD91744F2A71C82FB0329944A9944B4
:10D34C00C1EB294002FB103E924B03FB00F00CFB9F
:10D35C000E01002980F205856FF000435E220B441C
:10D36C008D49A1FB0301880902FB10322132D1B295
:10D37C008548CAF85436F6F785FC59E7DAF85406AE
:10D38C00002800F0D1808149814B81FB002EC2170F
:10D39C0080498644C2EB2E4203FB120044F2A713D1
:10D3AC0001FB02F203FB0020002880F2C7846FF01F
:10D3BC00004202447949A1FB0213580900EB800199
:10D3CC00A2EBC10CACF1280903EE909AB8EEE34A3B
:10D3DC006B4B0435CAF854269E42ADB206ED014A99
:10D3EC007FF43CAFDDF81490FAF7A2FADAF8A462F5
:10D3FC002EB1BAF896E2AEF10600AAF896029AF8A7
:10D40C00292F0021012ACAF8A4127FF4C8AA9AF87D
:10D41C003C3F002B7FF4C3AADAF82C6F02998A1BCD
:10D42C00B2F57A7F7FF6BBAADAF80033002B3FF413
:10D43C00B6AA00260021524A97F80032CAF80063B7
:10D44C001160002B3FF4ABAABAF98E02BAF98C2208
:10D45C00C61D48BF00F10E06DAF8B002F11001FB50
:10D46C0002F2002101F058FF40F205524C4B3021E2
:10D47C00AAF89C22CAF894324348F6F703FCFAF750
:10D48C0057FAFFF78CBA4149D81744F2A71C81FB15
:10D49C0003293F499944C0EB294201FB123E3D4B05
:10D4AC0003FB02F20CFB0E20002880F26484ACF12A
:10D4BC00A3416FF000434FF05E09A1F5501E0344E9
:10D4CC00AEF14A02A2FB0302900909FB1031213193
:10D4DC00C9B2D8E661212B4B4AE72C482C4B80FB78
:10D4EC00021CD11744F2A7109444C1EB2C4103FB4E
:10D4FC00112E284A02FB01F100FB0E11002980F2CB
:10D50C002084A3F1A34C6FF000424FF05E0EACF5FB
:10D51C0056100A44A0F54753A3FB02C18B090EFB1E
:10D52C0013202130C1B2C3E6BBEE0E4A154A4FE7B9
:10D53C001648174B80FB021ED11744F2A7109644D5
:10D54C00C1EB2E4103FB112C124A02FB01F100FB33
:10D55C000C11002980F2FB83A3F1A34C6FF0004265
:10D56C004FF05E0EACF556100A44A0F54753A3FBE2
:10D57C0002C18B090EFB13202130C1B2C6E600BFDD
:10D58C009032002042CE0C1F442500205F0B4E83AE
:10D59C001DF30100ECF4FFFF5D414CAECDCCCCCCC7
:10D5AC0031000C00A64844F2A71C80FB0319D917C4
:10D5BC00A4489944C1EB294100FB113EA24B03FB4B
:10D5CC0001F10CFB0E11002980F2B6836FF00043C1
:10D5DC000B449E484FF05E09A0FB03C1880909FB70
:10D5EC0010312131C9B279E6012B00F0D286002628
:10D5FC008AF83E6F9AF83D1F00297FF4C6A9FFF701
:10D60C007EB9002B7FF45DA9029C01268AF83C3F71
:10D61C008AF83D3F9AF83E3FCAF8384FCAF82C4F6B
:10D62C008AF8356F002B3FF451A9DAF8402F029994
:10D63C009AF8294F8E1AB6F5E17F7FF649A9022C8C
:10D64C00D2D0012B00F06A86022B00F0FF85052B4F
:10D65C0000F0EA8500228AF83E2FFFF739B97849A5
:10D66C0081FB031CD9179C44C1EB2C410EFB1133DD
:10D67C0005FB01F104FB0313002BB8BF9B19A0FBA6
:10D68C0003C14909C1EB011CA3EB8C01A1F13C0CBA
:10D69C0000EE10CAF8EEC00A67E5694981FB031C6D
:10D6AC00D9179C44C1EB2C410EFB113305FB01F146
:10D6BC0004FB0313002BB8BF9B19A0FB03C1490942
:10D6CC00C1EB011CA3EB8C01A1F13C0C07EE10CAC1
:10D6DC00F8EEC77A41E55A4981FB031CD9179C44E3
:10D6EC00C1EB2C410EFB113305FB01F104FB0313C1
:10D6FC00002BB8BF9B19A0FB03C14909C1EB011C4E
:10D70C00A3EB8C01A1F13C0C06EE10CAF8EEC66A34
:10D71C001BE5FBEE0E5A4E4B0FE54FF0010C7AE475
:10D72C0004EE900AB8EEE45B25EE097B05EE905A08
:10D73C00B8EEE56BB4EEC76BF1EE10FA70DB4FF0A0
:10D74C00030C68E4F8F7ACF8DAEDE92A97ED7E3AC9
:10D75C00B0EE40BAB4EEE20AF1EE10FAB4EE430ABF
:10D76C00C8BF8AEDE90AF1EE10FA06D5B5EE400A0B
:10D77C00F1EE10FAC8BF87ED7E0A002001F0AAFE78
:10D78C00D7F8FC61ABEB000032499C22B042B8BF29
:10D79C00C7F8FC01081F07F0C3FC2F499C22081F87
:10D7AC0007F0BEFC2D499AF8343FDAF8042081EDDD
:10D7BC0000BACAF8A033CAF8302FFFF743B8F8F70D
:10D7CC0085FBFFF723B9F8F781FBFFF71AB924485B
:10D7DC00F7F7DEFBC2B2302A00F0C084532A00F007
:10D7EC00088400F2C580312A00F0B885442A7FF401
:10D7FC00EDA89AF8292F022A00F0FA8502220020BF
:10D80C0001238AF8292FCAF8FC0287F80032DAF8CB
:10D81C0004100024CAF82C1F8AF83C4FFFF7D6B826
:10D82C0006EE906AB8EEE60BB4EEC07BF1EE10FAA1
:10D83C0094BF4FF0050C4FF0040CFFF7ECBB00BF8E
:10D84C005F0B4E831DF30100ECF4FFFF5D414CAE0A
:10D85C0042CE0C1F6C260020C82500200427002077
:10D86C00101700200D99002900F0F78040F3F48088
:10D87C0000240E9B8B4202D040F3438401240F9A68
:10D88C009A4200F0AD8340F3B2830224109D95427E
:10D89C0002D040F3398403241198A84202D001DD50
:10D8AC0005460424129EAE4202D001DD3546052405
:10D8BC001398A84202D0D4BF2846062400218C42DB
:10D8CC000A91C0F24982884240F3468204EB44023A
:10D8DC000DF1E80C0CEB820E5EF8943C5EF8906C4B
:10D8EC005EF8985C93FBF0F396FBF0F2934209938D
:10D8FC000A9295FBF0F1C0F277839C4609A861452A
:10D90C00B4BF00680846062C06D097F82A42844219
:10D91C0002DAFE2840F30D85C8B25FFA83FC5FFA89
:10D92C0082FE97F8295244F642564221C44C8DF897
:10D93C0031500BAD8AF8F00F8DF82E008AF8F1CF2C
:10D94C008DF82FC08AF8F2EF8DF830E0ADF82C602E
:10D95C0001E015F8011F2046F8F756FC0DF13101D6
:10D96C00A942F6D1DAF80430CAF8F43FFFF78DB8C3
:10D97C00722A00F0BF83742A7FF428A8DAF80420F6
:10D98C0004E0DAF80430991A092915D8D7F8A061FF
:10D99C0072B6B7F8DAE1B7F8DC311FFA8EF198B24B
:10D9AC0081423CBFD7F8C84109190B1AF16A62B61B
:10D9BC00C1F30260D842E4D0D7F8A04172B6B7F8F0
:10D9CC00DAC1B7F8DC011FFA8CF2E16A83B29A4231
:10D9DC003CBFD7F8C8619219D61A62B6C1F302647B
:10D9EC00F4423EF4F3AF9648F7F7D2FAC6B20920E8
:10D9FC0087F82A62FDF71CF886423EF4E7AF314601
:10DA0C000920FDF7C5F8FEF7E1BF44F642559AF838
:10DA1C00F04F9AF8F21F9AF8F10F97F82962ADF8C7
:10DA2C0050508DF852405C468DF854104221844D74
:10DA3C008DF853008DF8556001E014F8011F28464D
:10DA4C00F8F7E2FB0DF15503A342F6D1DAF80430F6
:10DA5C00CAF8F43FFFF719B800214FF0FF3408E77C
:10DA6C009AF83C1F00297FF477A897F80062002EE3
:10DA7C003FF472A8DAF8443F029898427FF66CA8FB
:10DA8C00704CB6EE003A704A0C2194ED00BA0DA819
:10DA9C0040F205543BEE034AFCEEC41A11EE903AE8
:10DAAC0007F058FDBAF98E220546DAF8B002D11DFE
:10DABC0048BF02F10E01BAF98C22CE10002106FBF0
:10DACC0002F201F029FC0C21C5EB0513AAF89C42CB
:10DADC00DFF89CA15800AAF89612D0F180050DA889
:10DAEC0048BF01356A10AAF8942201F011FE48B122
:10DAFC000DAD564E2C1815F8011B3046F6F7C2F832
:10DB0C00A542F8D140F2011C0023514C43214F4D4A
:10DB1C00AAF89CC2CAF8943201E014F8011F2846F6
:10DB2C00F6F7B0F84B488442F7D1F7F7B9FEBDEEE3
:10DB3C00C05A15EE100A0028C0F281840021F8F7B3
:10DB4C00A7FD43214148F6F79DF820213F48F6F701
:10DB5C0099F84C213D48F6F795F83A213B48F6F7F1
:10DB6C0091F800219AF8340FF8F792FD25213748E7
:10DB7C00F6F788F8BAF878269AEDC00A02EB42015B
:10DB8C00DFED352AF8EE404A9FED347A06EE101A96
:10DB9C00F8EEC63A63EEA45AF4EEE25A25EE871A72
:10DBAC00F1EE10FAC0F24084B7EEC12A2C4A0C21D7
:10DBBC00584622EE0A3B8DED003B07F0CBFC584655
:10DBCC00002601F0A5FD00EB4003AAF896625C006C
:10DBDC00C4F17C05AAF8945250B10BEB00045D46DD
:10DBEC001A4E15F8011B3046F6F74CF8AC42F8D13A
:10DBFC004FF460101B4C4621144DCAF8940201E0FE
:10DC0C0014F8011F2846F6F73DF8174A9442F7D14D
:10DC1C00002001F05FFC0BA90E1A002E3346B8BF92
:10DC2C0006F2FF3316F5806F4FEAA32040F30B8406
:10DC3C000021F8F72DFD0D4C6B21044D1CE000BFAD
:10DC4C001017002090320020C8130020442500201B
:10DC5C00CC130020CF130020000080490000803A34
:10DC6C00D4130020E8130020EC130020F013002044
:10DC7C00C022002014F8011F2846F6F703F8CC4800
:10DC8C00A042F7D100211620F8F702FD4D21C9481A
:10DC9C000126F5F7F7FF4821C648F5F7F3FF7A217F
:10DCAC00C448F5F7EFFF5AE8002FDAF80450DAF819
:10DCBC0008204AE800610029F5D1BF4B5C68A01A26
:10DCCC00DAF80C604FF47A72A0FB063402FB05F50F
:10DCDC00B4F57A7F28BF4FF47A74F9F729FE012343
:10DCEC005AE8002FDAF80410DAF808004AE800368F
:10DCFC00002EF5D1B04A53684FF47A7EDAF8E02F53
:10DD0C001E1ADAF80C300EFB0121A6FB0326481B69
:10DD1C00764594BF80197044021BCAF8E02FFEF7B9
:10DD2C001BBF97F8000200283EF416AFF9F796FED9
:10DD3C009AF8292FFEF70DBF0B464AE40246FFF76F
:10DD4C0039BB0A464FF05E0E9C4BFFF7E5BB0A460B
:10DD5C004FF05E0E994B0AE44FF0000EF4467046FD
:10DD6C00DFE5ACF1A3490B465E22A9F55010A0F1FA
:10DD7C004A01FFF7F6BA03464FF05E098F4AFFF7E8
:10DD8C00A1BB9FED8F1ADFED8F6A67EE817AE4EE0F
:10DD9C00A67AFEF7C9BEF8F799F89AF839409AF8BE
:10DDAC003AC0E3B264453EF42CAE0133092B28BFD4
:10DDBC000023534493F83C100AEB410E08EB412628
:10DDCC00BEF84820B05C77287EF41BAE0024CDF85A
:10DDDC00149026460394DAF8045001215846FAF7B9
:10DDEC00D1FCA0B39DF850200A2A18BF002A0CBF02
:10DDFC000125002570D05E4504F101098DF85020F5
:10DE0C008DF851505FD83019584540F28081039BF2
:10DE1C00ABEB06059945069512D90125A11C304698
:10DE2C0007F08CFB01460028D5D004B90470081902
:10DE3C00002D00F0EF82069C0E46CDF80C900A5D8A
:10DE4C0002704FF000004C4606F80900C3E7F8F7E3
:10DE5C003DF8DAF80430D7F82022591B9142BCD394
:10DE6C000120DDF8149087F82402002C38D0CDF86E
:10DE7C000C900025A14610E04FF0000E8DF850E0FC
:10DE8C00202C22465946504828BF2022A41A15445B
:10DE9C00F4F710FD002C00F03E824D45ECD2A9EBBE
:10DEAC00050271195846202A28BF2022059204F039
:10DEBC009BFB059B4FF0000003F1E8010DEB010209
:10DECC0002F8980CDCE7039B9945A7D83019594602
:10DEDC004C4601F007FB7EE7DDF81490002CC6D110
:10DEEC000A213948F8F790F9BAF98E52BAF98C220E
:10DEFC00EB1DDAF8B002354C48BF05F10E032D4D81
:10DF0C00D91001FB02F2002101F006FA4FF4A01225
:10DF1C005321CAF8942201E014F8011F2846F5F7A2
:10DF2C00B1FE2B48A042F7D1F9F702FD01235AE8C4
:10DF3C00002FDAF80420DAF808104AE80034002C34
:10DF4C00F5D11D4D68684FF47A75431ADAF80C1048
:10DF5C0005FB02F2A3FB0134AC4294BF1219521917
:10DF6C0001245AE8003FDAF80410DAF808004AE80D
:10DF7C000043002BF5D1104B5B684FF47A7C181AD8
:10DF8C000CFB01F3DAF80C10A0FB010EBEF57A7F46
:10DF9C0094BF734403F57A73981AB0F57A7FC0F086
:10DFAC00B081013D00F0B28102F57A72D9E700BF71
:10DFBC00F513002044250020001000E05D414CAE1C
:10DFCC003333B33E6666263F10170020B81300208B
:10DFDC00C61300204FF0010687F82462FEF71CBD23
:10DFEC00002BC8BF022451E494460AA887E41A46C1
:10DFFC004CE4DAF8046004E0DAF804309A1B632A83
:10E00C0015D8D7F8A00172B6B7F8DA31B7F8DC2119
:10E01C0099B293B299423CBFD7F8C8410919CA1AB0
:10E02C00C16A62B6C1F3026E7244012AE4DDD7F80C
:10E03C00A04172B6B7F8DA61B7F8DCC1B1B2E26AE6
:10E04C001FFA8CF399423CBFD7F8C8010918C81ABB
:10E05C0062B6C2F3026E704401287EF7B7ACD948A1
:10E06C00F6F796FF0446D748F6F792FFC6B246EA93
:10E07C000425ADB2691EB1F5FA6FBEF4A7AC42210E
:10E08C000020FCF785FD0120E1B2FCF781FD314653
:10E09C000220FCF77DFD97F800325BB3BAF98E02D3
:10E0AC0040F202260021C21D48BF00F10E02DAF830
:10E0BC00B002D410BAF98C2204FB02F2C24C01F06B
:10E0CC002BF94FF4A011AAF89C62C04ECAF8941216
:10E0DC0014F8011B3046F5F7D5FDBD4B9C42F7D12A
:10E0EC0028460021F8F7D4FAF9F722FC4FF47A709D
:10E0FC00F8F72EF94FF0E02CB648CCF80C0DFEF7E3
:10E10C0065BC0B46FFF7BBBB1546FFF7C5BB0399B8
:10E11C0089457FF6DCAE81E69AF83E6F029C0136AB
:10E12C00CAF8404F8AF83E6F9AF8294FFEF7D0BBD9
:10E13C00BAF896320633AAF89632FFF736B8A0FB37
:10E14C0003C14909C1EB011CA3EB8C01A1F13C0CEF
:10E15C0004EE90CAF8EEE45AFEF7EFBF0126002455
:10E16C0003208AF8296F87F80042FCF761FC18B18C
:10E17C0021460320FCF70CFD0026052087F82962B8
:10E18C00FCF756FC18B131460520FCF701FDBAF935
:10E19C008E220021D01D48BF02F10E00BAF98C224C
:10E1AC00C310DAF8B00203FB02F201F0B5F8F9F78C
:10E1BC00BFFBFEF70BBC884981FB0231D31711441E
:10E1CC00C3EB21410EFB112205FB01F104FB0213F1
:10E1DC00002BB8BF9B19A0FB03125109C1EB011214
:10E1EC00A3EB8201A1F13C0203EE902AB8EEE34AC4
:10E1FC00FEF77EBFBAF98E020126C21D8AF8296F7E
:10E20C0048BF00F10E02DAF8B002D110BAF98C2234
:10E21C0001FB02F2002101F07FF89AF83E3F002B3F
:10E22C007FF403AAFEF757BB01210023022287F8D3
:10E23C0000129AF83D1FCAF8FC328AF83E3F8AF861
:10E24C00292F00297EF4A1ABFEF759BB97F82802C1
:10E25C00C72854D8642834BFFF252825042087F804
:10E26C002852FCF7E5FBA84203D029460420FCF712
:10E27C008FFC97F80062002E3FF4ECA9BAF98E528D
:10E28C000021BAF98C22EC1DDAF8B002534E48BFCB
:10E29C0005F10E044D4DE31003FB02F201F03CF8C6
:10E2AC004F4940F20222CAF894124421AAF89C2247
:10E2BC0001E016F8011F2846F5F7E4FC49488642B0
:10E2CC00F7D14FF07F0C97F828426426464B16FB8B
:10E2DC0004C2A3FB0231C8090021F8F7D9F92521A2
:10E2EC003A48F5F7CFFCF9F723FBDAF8040000F213
:10E2FC00EE24CAF8444F9AF8294FFFF7ABB97F25A3
:10E30C00ACE70392F7F7E2FD039A2AE6304607F0F2
:10E31C000DF9FEF776BBDDF80C90E1E50520FAF778
:10E32C00C3FCDAF804609AF8294FCAF82C6FFFF78F
:10E33C0091B9D4F1FF066BD07510B5FBF6F4FF3430
:10E34C0004FB01F104FB03F304FB02F291FBF0F17B
:10E35C0093FBF0F392FBF0F2FFF7DEBA01240320FB
:10E36C0087F80042FCF764FBA04203D0214603204F
:10E37C00FCF70EFC0126052087F82962FCF758FBF8
:10E38C00B0423EF423AB31460520FCF701FCFEF70E
:10E39C001DBBDAF8FC32154A013382FB032CD9176A
:10E3AC000022C1EB6C0E9AF83D1F8AF83E2F0EEB43
:10E3BC008E069B1BCAF8FC3200297EF4E6AAFEF7F7
:10E3CC009EBA00BF101700203813002044250020EF
:10E3DC003F1300200400FA055F0B4E83B01300209E
:10E3EC000A001800B413002081808080676666667E
:10E3FC00DAF8FC02CD4B013083FB002EC117C1EBC8
:10E40C006E0C0CEB8C04061BCAF8FC62FFF7FFB910
:10E41C00FF2495E70E46CDF80C9058E5F8F76CFE06
:10E42C00F9F786FAFEF7DCB9FDEEC16AC04A0C2199
:10E43C00584616EE903A07F08DF8FFF7C0BB4042F5
:10E44C002D21FFF77CBB40422D21FFF7F2BB05F0DD
:10E45C003F0622967DF4D7AE0221B64BFDF7E7BE00
:10E46C0003F03F011A917DF41EAE0225B14EFDF76B
:10E47C002EBE03F03F0419947DF4FFAD0221AD4D87
:10E48C00FDF70FBE03F03F0618967DF4E0AD0224B5
:10E49C00A849FDF7F0BD03F03F0017907DF4C1AD26
:10E4AC000226A44CFDF7D1BD03F03F0216927DF479
:10E4BC00A2AD02249F49FDF7B2BD9F4A44F2A71EAC
:10E4CC009E4C95FBF2F002FB105104FB00F00EFB8E
:10E4DC000103002B09DA6FF000461E4406F03F05DD
:10E4EC00FDF771BD0222964B149203F03F04159474
:10E4FC00002B7DF46AAD02258E48FDF77ABD03F042
:10E50C003F051E957DF427AE02268A49FDF737BEDE
:10E51C0003F03F011D917DF408AE0225854EFDF7F9
:10E52C0018BE03F03F061C967DF4E9AD0221814D27
:10E53C00FDF7F9BD03F03F051B957DF4CAAD02262E
:10E54C007C49FDF7DABD03F03F0120917DF42FAE3D
:10E55C000225784EFDF73FBE03F03F061F967DF473
:10E56C0010AE0221734DFDF720BE03F03F0521953F
:10E57C007DF433AE02266F49FDF743BEBAF8783608
:10E58C00002B3EF44DAC9C002E4605EB83006D4BEE
:10E59C00221F9108013111F0030427D0012C12D055
:10E5AC00022C40F0D38013F8031C033313F8044CF3
:10E5BC000A0642EA042113F8052C41EA024444F00D
:10E5CC00FF0146F8041B13F8032C033313F8044C17
:10E5DC00110641EA042213F8054C42EA044141F0C9
:10E5EC00FF0246F8042BB0423EF41AAC13F8035C5D
:10E5FC000C3313F80D4C290613F80E5C41EA042277
:10E60C003446103642EA054141F0FF0244F8042B2F
:10E61C0013F80C5C13F80A2C290613F80B5C41EA6E
:10E62C00022141EA054242F0FF0146F80C1C13F8A6
:10E63C00095C13F8071C2A0613F8085C42EA01224D
:10E64C0042EA054141F0FF02626013F8064C13F8F0
:10E65C00042C210613F8054C41EA022141EA04423C
:10E66C0042F0FF0146F8041CB042BFD1FEF7D8BB04
:10E67C003548CAF86C04FEF756B81D4603F03F0641
:10E68C00FDF79BBC54F8080B2A46414603685B69AE
:10E69C009847FDF7F2BA9AF9B5124FF01209012911
:10E6AC000CBF1021CF218AF8E412FDF753BB9AF965
:10E6BC00B5524FF00209012D0CBF1025AF258AF879
:10E6CC00E452FDF747BB0B4601F03F01FDF7AFBD30
:10E6DC0001219AF8B702F6F7F7FF01219AF8B80270
:10E6EC00F6F7F2FF9AF9B7029AF9B82205EB00197E
:10E6FC0005EB0215D9F81C302E69EC69CAF8CC323E
:10E70C00D9F81010CAF8D0423068CAF8BC1220EA06
:10E71C000401CAF8C06231609AF9BB32002BFDF6D5
:10E72C0006ACFDF7DBBBFCF7CDFC00BF676666668D
:10E73C00E013002042CE0C1F1DF30100ECF4FFFF90
:10E74C00FB5EB9012F8900204031002013F8032C07
:10E75C00043613F8014C0333110641EA042213F872
:10E76C00051C42EA014444F0FF022A601BE700BF8B
:10E77C0030BFFDE7F8B5FF222E4B00244FF0FF35DC
:10E78C001A609D602C4E5C60DC60FCF7B3F82B4883
:10E79C002B492C4B2C4F2D4A80F833504563076086
:10E7AC00826544602A4A0461C4622A4FC0E9055656
:10E7BC00C0E90211284D072628494566C1658666C1
:10E7CC002749C0E90943C0E9074400F04DF8254B3F
:10E7DC001C709D1D5C7003F1090E9C7003F10C0CF8
:10E7EC00DC7003F10F001C7103F112015C7103F179
:10E7FC001502183303F8124CBB426C70AC7003F862
:10E80C000F4C8EF801408EF8024003F80C4C8CF83B
:10E81C0001408CF8024003F8094C4470847003F8F2
:10E82C00064C4C708C7003F8034C54709470CFD120
:10E83C00F8BD00BF1C270020010100014425002069
:10E84C0080004000D01500205C0E0020801A0600CD
:10E85C00101800202C89002000093D00A086010022
:10E86C0039820000BC71002003460846194600F0AE
:10E87C00BDBB00BF0000000030B510EE104AC4F361
:10E88C000A53B3F57D7FB7EEC06A83B01BD226EE78
:10E89C00065BB3F5667F6ED326EE052B25EE021BC9
:10E8AC00734B93ED1A3B93ED187B93ED164BA5EE42
:10E8BC00037BA2EE046BB0EE460BA7EE010BB7EE9A
:10E8CC00C00B03B030BD40F22E4293425ED8684973
:10E8DC0091ED087B26EE077BFDEEC77B91ED0A5B85
:10E8EC0017EE903A03F500031B1613F0020F07EE18
:10E8FC00903A01F1700208BF0A46D807B8EEE77BE0
:10E90C00A7EE456B26EE067B1BD403F0030301EB4D
:10E91C00C30192ED1A4B91ED002B92ED185B26EE94
:10E92C00026B92ED163BA7EE045B26EE074B27EE2F
:10E93C00047BA4EE036BA5EE076BB7EEC60B03B01E
:10E94C0030BD92ED142B27EE075B92ED126B92ED1E
:10E95C000E3BA7EE026B92ED0C0B92ED104BA7EE5B
:10E96C00030B27EE057BA5EE040BA6EE070BB7EE0B
:10E97C00C00B03B030BD220D12F4FF6FDFD1B7EE28
:10E98C00C55B00EE104A8DED015AD8E7B3F5FF6F69
:10E99C004BD2384BC4F3836203EB820053F8222032
:10E9AC000569C4F31603C4F3C25143F400038B404E
:10E9BC00016A03FB02F2A3FB0110E3FB050202F167
:10E9CC0000518D0F01F04041511A00F0E1FA2A4B31
:10E9DC009FED257B05EBD47441EC160B14F0020F64
:10E9EC00A3F1700208BF1346E90726EE077B27EE5A
:10E9FC00076B1FD404F0030402EBC40293ED1A4B13
:10EA0C0092ED002B93ED185B27EE027B93ED163BFA
:10EA1C00A6EE045B27EE064B26EE046BA4EE037BFE
:10EA2C00A5EE067BB7EEC70B89E703B0BDE8304017
:10EA3C0000F010B993ED142B26EE065B93ED127BD0
:10EA4C0093ED0E3BA6EE027B93ED0C0B93ED104B6E
:10EA5C00A6EE030B26EE056BA5EE040BA7EE060B3C
:10EA6C00B7EEC00B6BE700BF182D4454FB21193CCB
:10EA7C0070030020EC0E0020E003002000000000DA
:10EA8C0038B510EE104AC4F30A53B3F57D7FB7EED8
:10EA9C00C07A1ED227EE077BB3F5667F6FD327EEC5
:10EAAC00071B634B93ED142B93ED125B93ED0E3B15
:10EABC00A7EE025B93ED0C0B93ED104BA7EE030B43
:10EACC0027EE017BA1EE040BA5EE070BB7EEC00BF6
:10EADC0038BD40F22E42934254D8554991ED086B03
:10EAEC0027EE066BFDEEC66B91ED0A5B16EE903AC7
:10EAFC0003F500031B1613F0020F06EE903A01F11A
:10EB0C00700208BF0A46D807B8EEE66BA6EE457B46
:10EB1C0027EE076B1AD503F0030301EBC30191ED4C
:10EB2C00002B92ED1A4B92ED185B92ED163BA6EE74
:10EB3C00045B27EE027B27EE064B26EE046BA4EE5D
:10EB4C00037BA5EE067BB7EEC70B38BD92ED142BFD
:10EB5C0092ED127B92ED0E3B92ED0C0B92ED104B65
:10EB6C0026EE065BA6EE027BA6EE030B26EE056BED
:10EB7C00A5EE040BA7EE060BB7EEC00B38BDB7EE37
:10EB8C00000A38BDB3F5FF6F3DD22A4BC4F3836244
:10EB9C0003EB820053F822200569C4F31603C4F377
:10EBAC00C25143F400038B40016A03FB02F2A3FB46
:10EBBC000110E3FB050202F100518D0F01F0404101
:10EBCC00511A00F0E5F91C4B9FED177B05EBD47443
:10EBDC0041EC160B14F0020FA3F1700208BF1346A0
:10EBEC00E90726EE077B27EE076B10D504F003042C
:10EBFC0002EBC40292ED002B93ED1A4B93ED185BD4
:10EC0C0093ED163B93E7BDE8384000F023B893ED45
:10EC1C00142B93ED127B93ED0E3B93ED0C0B93EDBC
:10EC2C00104B9DE7AFF30080182D4454FB21193C89
:10EC3C0070030020EC0E0020E003002010B582B021
:10EC4C008DED010A044600F013FC9DED010A0460F1
:10EC5C0002B010BD70EE407AB4EE400A87EEA77A8F
:10EC6C00F1EE10FAB0EE470A02D62120FFF7E6BF0C
:10EC7C00704700BF81F0004102E000BF83F0004309
:10EC8C0030B54FEA41044FEA430594EA050F08BF3B
:10EC9C0090EA020F1FBF54EA000C55EA020C7FEAFF
:10ECAC00645C7FEA655C00F0E2804FEA5454D4EB7C
:10ECBC005555B8BF6D420CDD2C4480EA020281EA46
:10ECCC00030382EA000083EA010180EA020281EA7E
:10ECDC000303362D88BF30BD11F0004F4FEA0131D0
:10ECEC004FF4801C4CEA113102D0404261EB4101DF
:10ECFC0013F0004F4FEA03334CEA133302D0524265
:10ED0C0063EB430394EA050F00F0A780A4F1010420
:10ED1C00D5F1200E0DDB02FA0EFC22FA05F280185A
:10ED2C0041F1000103FA0EF2801843FA05F3594140
:10ED3C000EE0A5F120050EF1200E012A03FA0EFCBF
:10ED4C0028BF4CF0020C43FA05F3C01851EBE371E9
:10ED5C0001F0004507D54FF0000EDCF1000C7EEB06
:10ED6C0000006EEB0101B1F5801F1BD3B1F5001F44
:10ED7C000CD349085FEA30004FEA3C0C04F1010463
:10ED8C004FEA445212F5800F80F09A80BCF1004F8C
:10ED9C0008BF5FEA500C50F1000041EB045141EA0E
:10EDAC00050130BD5FEA4C0C404141EB0101013CD7
:10EDBC0028BFB1F5801FE9D291F0000F04BF0146C6
:10EDCC000020B1FA81F308BF2033A3F10B03B3F198
:10EDDC0020020CDA0C3208DD02F1140CC2F10C0228
:10EDEC0001FA0CF021FA02F10CE002F11402D8BF86
:10EDFC00C2F1200C01FA02F120FA0CFCDCBF41EA52
:10EE0C000C019040E41AA2BF01EB0451294330BD20
:10EE1C006FEA04041F3C1CDA0C340EDC04F11404FD
:10EE2C00C4F1200220FA04F001FA02F340EA0300D4
:10EE3C0021FA04F345EA030130BDC4F10C04C4F11A
:10EE4C00200220FA02F001FA04F340EA03002946FA
:10EE5C0030BD21FA04F0294630BD94F0000F83F444
:10EE6C00801306BF81F480110134013D4EE77FEA27
:10EE7C00645C18BF7FEA655C29D094EA050F08BF73
:10EE8C0090EA020F05D054EA000C04BF1946104654
:10EE9C0030BD91EA030F1EBF0021002030BD5FEA98
:10EEAC00545C05D14000494128BF41F0004130BDC0
:10EEBC0014F580043CBF01F5801130BD01F0004514
:10EECC0045F0FE4141F470014FF0000030BD7FEA87
:10EEDC00645C1ABF194610467FEA655C1CBF0B4682
:10EEEC00024650EA013406BF52EA033591EA030F99
:10EEFC0041F4002130BD00BF90F0000F04BF002191
:10EF0C00704730B54FF4806404F132044FF00005C3
:10EF1C004FF0000150E700BF90F0000F04BF00213C
:10EF2C00704730B54FF4806404F1320410F00045A2
:10EF3C0048BF40424FF000013EE700BF42004FEA9D
:10EF4C00E2014FEA31014FEA02701FBF12F07F431A
:10EF5C0093F07F4F81F06051704732F07F4208BFD1
:10EF6C00704793F07F4F04BF41F40021704730B5D8
:10EF7C004FF4607401F0004521F000411CE700BF24
:10EF8C0050EA010208BF704730B54FF000050AE0A7
:10EF9C0050EA010208BF704730B511F0004502D5A8
:10EFAC00404261EB41014FF4806404F132045FEAAA
:10EFBC00915C3FF4D8AE4FF003025FEADC0C18BF53
:10EFCC0003325FEADC0C18BF033202EBDC02C2F145
:10EFDC00200300FA03FC20FA02F001FA03FE40EAD7
:10EFEC000E0021FA02F11444BDE600BF13460A4696
:10EFFC000146022000F0FABB024A0349034800F024
:10F00C00BBB800BF901D00200DFD00006014002057
:10F01C000C4B4168994210B5044601D003F0BEF97F
:10F02C00A168094B994202D0204603F0B7F9E16878
:10F03C00064B994204D02046BDE8104003F0AEB90F
:10F04C0010BD00BF70A20020D8A2002040A3002059
:10F05C002DE9F8432A4C2B4B2B48DFF8C090DFF8F6
:10F06C00C0802A4F1860002504230822294604F189
:10F07C005C00274E6566C4E90253C4E90055C4E937
:10F08C000455A56100F048F9224B63670822294614
:10F09C0004F1C400C4E90749C4E90987C4E91A5555
:10F0AC00C4E91E55C4F8CC502567C4F88050E662FC
:10F0BC0000F032F9184BC4F8DC30294604F168032F
:10F0CC00082204F59670C4F88430C4E92298C4E987
:10F0DC002476C4E93455C4E93855C4F83451C4F81D
:10F0EC00D850C4F8E85000F017F904F1D003C4E983
:10F0FC003C98C4E93E76C4F8EC30BDE8F88300BF18
:10F10C0070A20020A8A3002069C9000095CB0000C4
:10F11C00B5CB0000090001001200020031CB000049
:10F12C0055CB000010B504460A4800F0CFF9636BCC
:10F13C0023B9094B094A1B68626323B1BDE810402F
:10F14C00044800F0C5B9FFF783FFBDE81040014843
:10F15C0000F0BEB938A20020A8A3002081C900008D
:10F16C00014800F0B3B900BF38A20020014800F0FC
:10F17C00AFB900BF38A200202DE9F84380460F46F6
:10F18C0016464FF00009D6E90154013D11D4A3896C
:10F19C00012B05F1FF3508D9B4F90E3001332146A6
:10F1AC0003D04046B84749EA00096B1C04F16804D7
:10F1BC00EDD13668002EE6D14846BDE8F88300BF95
:10F1CC0010B50C46B1F90E1000F026F9002803DB3F
:10F1DC00236D0344236510BDA38923F48053A381BD
:10F1EC0010BD00BF2DE9F0410C46B1F90C101F46C3
:10F1FC00CB05054616460BD421F48051A1813B4624
:10F20C00B4F90E1032462846BDE8F04100F01AB9A8
:10F21C00B4F90E100223002200F0E8F8B4F90C1037
:10F22C00EAE700BF10B50C46B1F90E1000F0DEF89D
:10F23C00A389421C0EBF23F4805343F480532065F2
:10F24C00A38110BDB1F90E1000F0BEB8F0B5ADF54C
:10F25C00057D04AF009313464FF400720E460392E3
:10F26C00394603AA054600F025F888B10446024643
:10F27C00039B3146284600F0E5F8BC42039004D0CD
:10F28C002846214600F046FB03980DF5057DF0BDA0
:10F29C004FF0FF30F9E700BF10B4054C844613461D
:10F2AC0020685DF8044B0A466146FFF7CFBF00BFEC
:10F2BC009C1D002030B5146815469BB01A4609B148
:10F2CC00002C19D100214FF42273ADF80C300091B1
:10F2DC0004914FF6FF7302910591ADF80E3069461B
:10F2EC001E9B01F0B9FA002813DB009B286000225A
:10F2FC001A7004981BB030BD4FF4C1630091049197
:10F30C00ADF80C302146E4DA8B23036000201BB0EF
:10F31C0030BD0020EEE700BF830730B548D0541E47
:10F32C00002A3FD0CAB2034601E0013C3AD303F8AD
:10F33C00012B9D07F9D1032C2DD9CDB245EA05251A
:10F34C000F2C45EA054536D9A4F1100222F00F0C1A
:10F35C0003F1200EE6444FEA121C03F1100242E9BD
:10F36C00045542E9025510327245F8D10CF10102F4
:10F37C0014F00C0F03EB021204F00F0C13D0ACF1D1
:10F38C00040323F003030433134442F8045B934255
:10F39C00FBD10CF003042CB1C9B21C4403F8011BC3
:10F3AC009C42FBD130BD64461346002CF4D1F9E7E6
:10F3BC0003461446BFE71A46A446E0E7014B93F810
:10F3CC00280170471418002038B5074D0022044658
:10F3DC0008462A60FCF728F9431C00D038BD2B687E
:10F3EC00002BFBD0236038BDACA3002038B50C46F5
:10F3FC00084D8446114620461A4600232B6064466D
:10F40C00FCF71EF9431C00D038BD2B68002BFBD039
:10F41C00236038BDACA3002038B50C46084D84469B
:10F42C00114620461A4600232B606446FCF7FAF876
:10F43C00431C00D038BD2B68002BFBD0236038BD9B
:10F44C00ACA3002038B50C46084D84461146204626
:10F45C001A4600232B606446FBF73EFA431C00D08F
:10F46C0038BD2B68002BFBD0236038BDACA300202B
:10F47C00014B1868704700BF9C1D002070B50D4EE5
:10F48C000D4D761BB61006D0002455F8043B013404
:10F49C009847A642F9D1094E094D761B06F0A4F8FF
:10F4AC00B61006D0002455F8043B01349847A64208
:10F4BC00F9D170BD101D0060101D0060181D00609A
:10F4CC00101D0060704700BF704700BF704700BF41
:10F4DC00704700BF024B0146186803F0BBB800BF71
:10F4EC009C1D002080EA0102844612F0030F4FD1CC
:10F4FC0011F0030F32D14DF8044D11F0040F51F8F7
:10F50C00043B0BD0A3F101329A4312F0803F04BFAD
:10F51C004CF8043B51F8043B16D100BF51F8044B96
:10F52C00A3F101329A4312F0803FA4F101320BD1C6
:10F53C004CF8043BA24312F0803F04BF51F8043B4B
:10F54C004CF8044BEAD023460CF8013B13F0FF0FA8
:10F55C004FEA3323F8D15DF8044B704711F0010FDB
:10F56C0006D011F8012B0CF8012B002A08BF7047AC
:10F57C0011F0020FBFD031F8022B12F0FF0F16BFA3
:10F58C002CF8022B8CF8002012F47F4FB3D170476B
:10F59C0011F8012B0CF8012B002AF9D1704700BF90
:10F5AC00844641EA000313F003036DD1403A41D382
:10F5BC0051F8043B40F8043B51F8043B40F8043B41
:10F5CC0051F8043B40F8043B51F8043B40F8043B31
:10F5DC0051F8043B40F8043B51F8043B40F8043B21
:10F5EC0051F8043B40F8043B51F8043B40F8043B11
:10F5FC0051F8043B40F8043B51F8043B40F8043B01
:10F60C0051F8043B40F8043B51F8043B40F8043BF0
:10F61C0051F8043B40F8043B51F8043B40F8043BE0
:10F62C0051F8043B40F8043B51F8043B40F8043BD0
:10F63C00403ABDD2303211D351F8043B40F8043B70
:10F64C0051F8043B40F8043B51F8043B40F8043BB0
:10F65C0051F8043B40F8043B103AEDD20C3205D380
:10F66C0051F8043B40F8043B043AF9D2043208D078
:10F67C00D2071CBF11F8013B00F8013B01D30B88EA
:10F68C0003806046704700BF082A13D38B078DD0C8
:10F69C0010F003038AD0C3F10403D21ADB071CBF9A
:10F6AC0011F8013B00F8013B80D331F8023B20F804
:10F6BC00023B7BE7043AD9D3013A11F8013B00F83D
:10F6CC00013BF9D20B7803704B7843708B788370C5
:10F6DC0060467047000000000000000000000000C1
:10F6EC00000000000000000000000000000000000E
:10F6FC0000000000000000000000000000000000FE
:10F70C0000000000000000000000000000000000ED
:10F71C0090F800F06DE9024520F007016FF0000C45
:10F72C0010F0070491F820F040F049804FF00004ED
:10F73C006FF00700D1E9002391F840F000F10800C8
:10F74C0082FA4CF2A4FA8CF283FA4CF3A2FA8CF300
:10F75C004BBBD1E9022382FA4CF200F10800A4FA67
:10F76C008CF283FA4CF3A2FA8CF3E3B9D1E90423BB
:10F77C0082FA4CF200F10800A4FA8CF283FA4CF3F2
:10F78C00A2FA8CF37BB9D1E9062301F1200182FAAC
:10F79C004CF200F10800A4FA8CF283FA4CF3A2FAB2
:10F7AC008CF3002BC6D0002A04BF04301A4612BAC0
:10F7BC00B2FA82F2FDE8024500EBD2007047D1E9C3
:10F7CC00002304F00305C4F100004FEAC50514F052
:10F7DC00040F91F840F00CFA05F562EA05021CBF23
:10F7EC0063EA050362464FF00004A9E72DE9F047F0
:10F7FC00DFF87CA00646DAF8000098460F469146E2
:10F80C00FFF764FE184B1C6824B365681F2D24DCBD
:10F81C005EB96B1C0235DAF80000636044F82570A1
:10F82C00FFF756FE0020BDE8F08704EB85010123AD
:10F83C00C1F88890D4F88821AB401A43022EC4F842
:10F84C008821C1F80881E4D1D4F88C211A43C4F87A
:10F85C008C21DEE7054C1C60D7E7DAF80000FFF7D7
:10F86C0037FE4FF0FF30DEE79CA00020A0A0002068
:10F87C000C180020F8B5244F0C46064600F016FC78
:10F88C00BB685D68C4F57E610F3125F003054B192B
:10F89C0023F47F6323F00F03A3F58054B4F5805F4A
:10F8AC0007DB0021304602F0D5FEBB682B449842A2
:10F8BC0004D0304600F000FC0020F8BD6142304618
:10F8CC0002F0C8FE01300DD0104ABB682D1B45F06C
:10F8DC0001055D60136830461B1B136000F0ECFBE8
:10F8EC000120F8BD0021304602F0B4FEBA68831A3C
:10F8FC000F2BDEDD43F001035360054B03491B68FE
:10F90C00C01A0860D5E700BF801900203CA2002077
:10F91C00881D0020002961D0F8B50C46064600F081
:10F92C00C5FB54F8042C7B4FA4F1080522F001010F
:10F93C0005EB010CB868DCF80430604523F00303D8
:10F94C0000F08B80D207CCF8043032D454F8082C59
:10F95C00AD1A1144AA6807F1080082426AD00CEB78
:10F96C000304D4F804E0EC68D4601EF0010FA2602C
:10F97C0000F0978041F001036B60CCF80010B1F5FA
:10F98C00007F35D27868CB080122490901338A40BF
:10F99C00024357F833107A6007EBC302083AC5E903
:10F9AC00021247F83350CD603046BDE8F84000F005
:10F9BC0083BB0CEB03025268D00710D4194407F137
:10F9CC000800DCF80830834273D0DCF80C20DA60D5
:10F9DC00936041F001036B606950D0E7704741F0D0
:10F9EC000103B1F5007F44F8043CCCF80010C9D3F6
:10F9FC00B1F5206F4FEA512348D28B0903F139003E
:10FA0C0003F13802C300F818FB580838984259D053
:10FA1C005A6822F003028A4202D99B689842F7D1B5
:10FA2C00D868C5E902308560DD603046BDE8F84035
:10FA3C0000F042BB0CEB03025268D20763D40B44B8
:10FA4C00DCE90212CA60916043F001026A60304640
:10FA5C00EB50BDE8F84000F02FBB0B44D10707D4A6
:10FA6C0054F8082CAD1A1344D5E90212CA609160FF
:10FA7C0043F001026A60284ABD6012689A4293D82A
:10FA8C00264B30461968FFF7F5FE8DE7142B0AD983
:10FA9C00542B1FD80B0B03F16F0003F16E02C30044
:10FAAC00B1E719448DE703F15C0003F15B02C3007D
:10FABC00A9E741F00103C7E90455C5E902006B60F1
:10FACC00695071E779689210012404FA02F20A4332
:10FADC007A60A6E7B3F5AA7F06D8CB0B03F17800C2
:10FAEC0003F17702C3008EE740F25452934206D8DA
:10FAFC008B0C03F17D0003F17C02C30083E74FF410
:10FB0C007E737E227FE741F001036B60CCF800101E
:10FB1C004AE700BF801900208C1D00206CA2002039
:10FB2C002DE9F04F01F10B06162E83B0044624D8B4
:10FB3C00102900F2BA8000F0B9FA1026182202201F
:10FB4C00B54F3A44A2F1080153688B4200F0BA80D9
:10FB5C005A68D96822F003021A449D68E9608D60E6
:10FB6C00516841F001012046516003F1080500F095
:10FB7C00A3FA284603B0BDE8F08F36F0070600F173
:10FB8C009480B14200F2918000F090FAB6F5FC7FBF
:10FB9C00C0F09A81730A00F08F80042B00F26F8101
:10FBAC00B30903F1390003F1380CC3009A4F3B44FD
:10FBBC00A3F108055B689D4206D10CE0002980F298
:10FBCC002781DB689D4206D05A6822F00302911B04
:10FBDC000F29F3DD60463D69DFF850C265457CD0E6
:10FBEC006A6822F00302931B0F2B00F37B81002B1E
:10FBFC00C7E904CC80F26C81B2F5007F80F01A81E9
:10FC0C00D308796801334FEA521E012202FA0EF230
:10FC1C000A4357F833E0C5F808E007EBC30108398D
:10FC2C00E9607A6047F83350CEF80C50831001210C
:10FC3C009940914257D8114206D120F00300490057
:10FC4C00114200F10400FAD007EBC0094D4686467C
:10FC5C00D5F80C80454508D11DE1002B80F224819C
:10FC6C00D8F80C80454500F01681D8F8042022F015
:10FC7C000302931B0F2BF0DD2046D8E9025408EB4E
:10FC8C00060146F00106C8F80460EC60A56043F07C
:10FC9C000104C7E90411C1E902CC4C6048F80230F8
:10FCAC0000F00AFA08F1080502E00C232360002595
:10FCBC00284603B0BDE8F08F4FF4007340204FF09E
:10FCCC003F0C73E7D3689A4208BF02307FF440AF11
:10FCDC003D69DFF858C1654582D17A6883100121EE
:10FCEC0099409142A7D9BD686B6823F003094E4532
:10FCFC0003D8A9EB06030F2B7ADCDFF834B1474BA2
:10FD0C00DBF800201B680132334405EB090A00F0D4
:10FD1C00338103F580530F3323F47F6828F00F08E9
:10FD2C004146204602F096FC411C024600F0F3804E
:10FD3C00824500F2EE803A4B19684144196008463E
:10FD4C0000F04E81DBF80010019301311BBFA2EBD8
:10FD5C000A010918CBF80020196012F0070B00F00B
:10FD6C001781CBF108010A44CBF58051904408313E
:10FD7C00A1EB0801C1F30B0A51462046009202F098
:10FD8C0069FC421CDDE9002300F04F81801A00EB76
:10FD9C000A081968BA6048F001005144BD4250602D
:10FDAC00196000F02981B9F10F0F40F227816868C2
:10FDBC00A9F10C0C2CF0070C00F0010040EA0C002F
:10FDCC0068604FF0050E05EB0C00BCF10F0FC0E99D
:10FDDC0001EE00F2328150681546124B1A688A42C5
:10FDEC0038BF1960104B1A688A4238BF196094E00A
:10FDFC00AA1943F0010346F001066E602046BA6072
:10FE0C00536000F059F90835284603B0BDE8F08F6F
:10FE1C00D9681A44A1E600BF801900206CA200200A
:10FE2C003CA2002064A2002068A2002088190020B7
:10FE3C00881D0020B2F5206F4FEA522363D3142B98
:10FE4C0000F2B78003F15C01C9005B3307EB010ED4
:10FE5C007958AEF1080E8E4500F091804B6823F076
:10FE6C000303934202D989688E45F7D1D1F80CE08F
:10FE7C007A68C5E9021ECEF80850CD60D6E6142B80
:10FE8C0059D9542B00F29D80330B03F16F0003F111
:10FE9C006E0CC3008AE60EF1010E1EF0030F05F185
:10FEAC0008057FF4D5AE51E0424445465368D8F876
:10FEBC000C1043F00103536055F8083F2046D960FD
:10FECC008B6000F0F9F8F3E6F00806F1080237E66B
:10FEDC002A442046536843F001035360083500F070
:10FEEC00EBF8E5E6A919204646F0010643F00104BB
:10FEFC006E60C7E90411C1E902CC4C60AB5000F054
:10FF0C00DBF80835D4E6930903F13901C90038331D
:10FF1C009CE7BD425FD0BD68686820F00308464589
:10FF2C00A8EB060302D80F2B3FF762AF204600F078
:10FF3C00C3F80025BCE603F15C0003F15B0CC300C5
:10FF4C0034E659F808394B4540F0968010F0030F11
:10FF5C0000F1FF30F5D17B6823EA01037B60490097
:10FF6C0099423FF6C0AE19B9BDE649000EF1040E38
:10FF7C001942FAD0704667E603F11008D0E69A10E1
:10FF8C004FF001087B6808FA02F21A437A6070E7B6
:10FF9C0002EB08014942C1F30B0A5146204600927C
:10FFAC0002F058FB431CDDE900237FF4EFAEDA4688
:10FFBC00EFE6542B25D8130B03F16F01C9006E33F8
:10FFCC0044E7B3F5AA7F25D8F30B03F1780003F1CE
:10FFDC00770CC300EAE5294B186840441860B1E679
:10FFEC00CAF30B0CBCF1000F7FF4ACAEBD68C84477
:04FFFC0048F00100C8
:02000004600199
:100000006860F0E61546EEE60123536094E7B3F529
:10001000AA7F23D8D30B03F17801C90077331BE7FC
:1000200040F25452934223D8B30C03F17D0003F104
:100030007C0CC300C0E5ABF1080BD844A8EB020868
:100040004FF0000AABE605F1080120460093FFF7E8
:1000500067FCBD68009B68681968C4E640F25451AB
:100060008B420BD8930C03F17D01C9007C33F3E67E
:100070004FF47E737F204FF07E0C9DE54FF47E7130
:100080007E23E9E67B6870E73CA2002082B049B19C
:100090005AB16BB113780B601278101E18BF012093
:1000A00002B0704701A9002AF3D1104602B0704790
:1000B0006FF00100F4E700BF0148FFF70DBA00BF81
:1000C00034A200200148FFF709BA00BF34A2002083
:1000D000436C70B505460C464BB153F8240080B113
:1000E000026843F824200023C0E9033370BD2122B5
:1000F000042102F077FB034668640028EDD100205C
:1001000070BD012101FA04F6721D9200284602F02A
:1001100069FB0028F3D0C0E90146E4E731B1436C44
:100120004A6853F82200086043F82210704700BF65
:100130002DE9F0410E6980460F461D4601F1140E6F
:100140000020DEF800108CB202FB0453090C4FEAC9
:10015000134C02FB01CC01309CB204EB0C448642F0
:100160004EF8044B4FEA1C45EBDC3DB1BB68B34293
:1001700007DD07EB860301365D613E613846BDE869
:10018000F081796840460131FFF7A2FF0446B0B123
:100190003A69023207F10C0192000C30FFF706FABF
:1001A000D8F844307A6853F82210396043F8227046
:1001B000274607EB860301365D613E61DEE7034BB0
:1001C00003482246BA2102F0EDFA00BF4C0F00208E
:1001D000600F0020030C1B04D3B90004102310F09F
:1001E0007F4F04BF0002083310F0704F04BF0001BE
:1001F000043310F0404F04BF80000233002805DBB9
:1002000010F0804F03F1010308BF20231846704708
:100210000023E4E7036813F0070208D0D9071FD4CE
:100220009A0722D55B08036001221046704799B2F5
:1002300009B91B0C1022D9B209B908321B0A1907D7
:1002400004BF1B090432990704BF9B080232D90777
:1002500003D45B0802F1010205D003601046704729
:100260000022104670472022DFE79B08022203602D
:100270001046704738B5436C04460D464BB158687C
:10028000B0B102685A6000220123C0E90435C2609F
:1002900038BD2122042102F0A5FA0346606400283B
:1002A000EDD1094B0948002240F2451102F07AFADB
:1002B0001C220121204602F095FA0028F1D00122EB
:1002C0000223C0E90123DEE74C0F0020600F00206D
:1002D0002DE9F04F0E691569AE4285B08846144687
:1002E00005DB2A46234635460C4616469846A36843
:1002F0006168AF19BB42B8BF0131FFF7E9FE019059
:10030000002800F08780019B03F1140909EB870A9C
:10031000D14505D24B46002243F8042B9A45FBD821
:1003200008F1140808EB860B04F11403D8451A46AB
:1003300003EB85055FD22B1B153B23F0030304332E
:100340001534A54238BF0423CDE902A7AC461F46A9
:10035000924605E0090C29D1C34509F1040948D9A1
:1003600058F8041B8DB2002DF4D056464C4600239D
:1003700056F8041B22681FFA81FE90B2090C05FB97
:100380000E00120C034405FB012202EB13429BB248
:1003900043EA0243B44544F8043B4FEA1243E7D82A
:1003A00049F8073058F8041C090CD5D0D9F80030AA
:1003B00050461A464C4600260588120C01FB0522C1
:1003C00016449BB243EA064344F8043B50F8045BEE
:1003D00022682D0C93B201FB053303EB16438445D1
:1003E0004FEA1346E8D8C34549F8073009F1040934
:1003F000B6D8DDE902A7002F02DC05E0013F03D0FB
:100400005AF8043D002BF9D0019B18461F6105B036
:10041000BDE8F08F034B0448019A4FF4B17102F02C
:10042000C1F900BF4C0F0020600F002012F0030341
:100430002DE9F0411446064632D10D46A41020D0D5
:10044000D6F84080B8F1000F33D0E3074FF0000733
:1004500007D4641015D0D8F80000A8B18046E3078F
:10046000F7D5424629463046FFF732FFB5B16968F5
:10047000736C641053F821202A6043F8215005461C
:10048000E9D12846BDE8F081424641463046FFF7B3
:100490001FFFC8F8000007608046E0E70546D8E780
:1004A000013B0F4A52F823200023FFF741FE054687
:1004B000C4E701213046FFF70BFE804640B101231F
:1004C00040F27122C0E90432002330640360BCE7CB
:1004D000044B0548424640F2451102F063F900BF63
:1004E000901100204C0F0020600F00202DE9F047F4
:1004F0000D4614462F69AB68496807EB62177E1CEE
:100500009E4280464FEA621904DD5B009E4201F183
:100510000101FADC4046FFF7DBFD8446002852D09B
:10052000B9F1000F00F114020EDD09F105014FEAE7
:10053000810E134600EB8101002043F8040B8B422F
:10054000FBD1AEF114031A44296905F1140314F028
:100550001F0E03EB81012ED0CEF1200910464FF083
:10056000000A1C6804FA0EF444EA0A0440F8044B3A
:1005700053F8044B994224FA09FAF2D84B1B153B65
:1005800023F00303043305F11500814238BF04232F
:10059000BAF1000F18BF374642F803A0D8F844302C
:1005A0006A68CCF8107053F822102960604643F84E
:1005B0002250BDE8F087043A53F8040B42F8040FC8
:1005C0009942F9D8EAE7034B034862464FF4EF71CA
:1005D00002F0E8F84C0F0020600F00200B69844601
:1005E0000069C01A16D10CF1140C14310CEB830203
:1005F00010B401EB830301E0944508D252F8044D96
:1006000053F8041D8C42F7D005D24FF0FF305DF84F
:10061000044B7047704701205DF8044B704700BFE2
:100620002DE9F84F0F691369FF1A002F0E46904607
:100630007FD101F11405143202EB830205EB830331
:1006400001E09D4278D253F8041D52F8044DA142B6
:10065000F7D069D37168FFF73BFD8146002877D05A
:100660003569D8F81020C76008F1140E06F114009F
:1006700009F1140A06F110010EEB820200EB850766
:1006800056464FF0000C5EF8044B51F804BFA3B27D
:100690001CFA8BFCACEB03034FEA144CCCEB1B4C69
:1006A0000CEB234C9BB243EA0C43724546F8043BE7
:1006B0004FEA2C4CE7D8A2EB0801153908F11508D0
:1006C000424521F0030404F1040438BF042420440B
:1006D00021F0030238BF002287425244544418D903
:1006E0002646014651F8043B1CFA83FC4FEA2C4293
:1006F00002EB13421FFA8CFC4CEA02438F4246F88D
:10070000043B4FEA224CEDD8013F3F1A27F0030784
:10071000E21923B952F8043D013D002BFAD0C9F883
:1007200010504846BDE8F88F3346012746469846A4
:1007300090E7F9DB00278DE70021FFF7C9FC814630
:1007400068B101220023C9E904234846BDE8F88FB7
:10075000064B07484A4640F2452102F023F8034B76
:1007600003484A4640F2372102F01CF84C0F0020A3
:10077000600F00202DE9F043884683B0012157EC3B
:10078000106B1546FFF7A4FC0446002851D0C7F3B0
:100790000A59C7F31303B9F1000F01D043F48013D2
:1007A000002E019318D101A8FFF734FD019A626170
:1007B000012200F120032261B9F1000F25D0A9F236
:1007C000334909EB03022046C3F13503C8F8002082
:1007D0002B6003B0BDE8F08368460096FFF71AFD72
:1007E000034610B3DDE90002C3F1200102FA01F172
:1007F0000143DA4061610192002AA26114BF022222
:1008000001222261B9F1000FD9D1A3F23243C8F815
:10081000003004EB82031869FFF7DCFCC0EB4213E5
:1008200020462B6003B0BDE8F083009A6261019A14
:10083000E2E7034B0348224640F20F3101F0B2FFDA
:100840004C0F0020600F002049B1FF2A02D80A7027
:10085000012070478A2303604FF0FF30704708463D
:10086000704700BF2DE9F04F2DED088BD1B00C463D
:100870000BEE101A90460893834601F0EDFE0368D4
:1008800012931846FEF74AFF20AF1090082200216D
:100890003846FEF747FDA3891B0603D52369002BC5
:1008A00000F0558700239FED838B9FED849BCDE95E
:1008B0002533CDE91333CDE9153327AA0E932492BE
:1008C0009246119304934446A1467E4BD3F8E450DC
:1008D000FEF77AFD4A4603461CA900975846A847EA
:1008E000002800F0B080C0F2A6801C9A252A03469A
:1008F00001D09944E9E7B9EB0405064640F0A7802A
:1009000000234FF0FF328DF867309846069309F1C7
:10091000010999F8003003922B25202609F10109DD
:10092000A3F120025A2A00F2CF80DFE812F0E80299
:10093000CD00CD00E302CD00CD00CD006A00CD009A
:10094000CD0005028402CD001002C902CD00BD0217
:100950005B005B005B005B005B005B005B005B00BF
:100960005B00CD00CD00CD00CD00CD00CD00CD0091
:100970005301CD0083011A02530153015301CD00ED
:10098000CD00CD00CD001502CD00CD009602CD00EA
:10099000CD00CD00AB01CD00AA02CD00CD00E30615
:1009A000CD00CD00CD00CD00CD00CD00CD00CD00DF
:1009B0005301CD008301DE0153015301530177023E
:1009C000DE017F00CD008902CD005F02E0062F022C
:1009D0007F00CD00AB017C00B806CD00CD00BD0688
:1009E000CD007C00A3F13002002119F8013B01EB9E
:1009F000810102EB4101A3F13002092AF5D90691E8
:100A00008EE7584601F028FE436815931846FEF716
:100A100085FE1690584601F01FFE83681393169BBF
:100A2000002B40F02D8699F8003077E799F80030D8
:100A300048F0200872E7082200213846FEF772FCD1
:100A40000123994441E7B9EB0405064611D0269BE2
:100A50002B442693259B0133072BCAE90045259398
:100A60001CDC0AF1080A049B2B440493002E7FF43B
:100A700047AF269B002B41F00B821BEE103AB3F9D7
:100A80000C3013F0400F049B18BF4FF0FF3304935A
:100A9000049851B0BDEC088BBDE8F08F1BEE101A26
:100AA00024AA584603F016F80028E6D10DF19C0A56
:100AB000D9E700BF0000000000000000FFFFFFFFBB
:100AC000FFFFEF7F141800200B93002BD1D00021E3
:100AD000CDE90C118DF8DC3001238DF867100293FD
:100AE0000791059303910F9137AC18F00203099316
:100AF00002D0029B0233029318F084030A9305D1BB
:100B0000069B029A9D1A002D00F36983269A89B1EB
:100B100025990DF1670001310132CAF8000007295B
:100B20004FF0010026922591CAF8040000F3A28339
:100B30000AF1080A099B83B1259B1AA901330232E5
:100B4000CAF80010072B4FF0020126922593CAF82D
:100B5000041000F3A3830AF1080A0A9B802B00F01B
:100B60006C82039B05995D1A002D00F3A58218F491
:100B7000807F40F00D82059BCAF804301A44259B03
:100B8000CAF800400133072B2692259300F31B83FC
:100B90000AF1080A18F0040F05D0069B02995C1AA6
:100BA000002C00F38883049B069902988142ACBF15
:100BB0005B181B180493002A40F0B0820023259391
:100BC000079B1BB107995846FEF7AAFE0DF19C0A38
:100BD0004C4679E60B93089B073323F00703B3ECED
:100BE000028BB0EEC87BB4EE497BF1EE10FA0893AD
:100BF00040F3E984B5EEC08BF1EE10FA01F15980B3
:100C00009DF86710AB4CAC4B28F080080B9A472A34
:100C1000C8BF1C460023CDE90C3303220793029280
:100C2000059203930F9300293FF45FAF029B0133BA
:100C300002935AE7432B0B9303D018F0100F00F0E8
:100C40005D85089D0822002122A837ACFEF76AFBCB
:100C500022AB55F8042B2146584602F0F5FE034618
:100C60000133059001F0EE82059B089523EAE373BA
:100C700002930021CDE90C118DF8671007910391C3
:100C80000F9132E70B93089B1A4600238DF86730CB
:100C9000134653F8044B0893002C00F048850B9B37
:100CA000532B00F0EC8618F010030C9340F0E7860D
:100CB000039B5D1C01F0E5800C991A46204601F06B
:100CC000E5FC0790002801F02883079B1A1B05927A
:100CD0000C9B039322EAE2720F930D930793732305
:100CE0009DF8671002920B939DE718F0200F0B936D
:100CF000089B3DD0073323F007031A4611465B6873
:100D000051F8082B08911946002BC0F20C84039B64
:100D1000013300F09E8228F0800052EA0103029025
:100D200040F09982039B002B40F09A82804600237A
:100D30000393059350AC06E1089B53F8042B0692ED
:100D4000002A80F21984069A08935242069299F872
:100D5000003048F00408E1E599F8003048F0080850
:100D6000DCE548F0100818F0200F0B93089BC1D168
:100D700018F0100F40F00B8418F0400F00F00384BF
:100D800033F9042B0893D1170B46BDE7089B48F0B5
:100D90000202029253F8042B089347F63003ADF891
:100DA00068307820454B1193002102230B900020DE
:100DB000039C8DF86700601C00F0AD80029820F065
:100DC000800852EA010040F0A480002C40F0AE867A
:100DD000002BACD1029B13F00103059300F0D183EB
:100DE00030238DF83F310DF23F14ACE018F0200FA6
:100DF00040F0D48318F0100F40F09F8618F0400F99
:100E000040F0978718F4007F00F09786089B0499BC
:100E100053F8042B089311704C4655E599F80030AF
:100E2000682B03BF99F8013048F4007809F10109F3
:100E300048F0400872E599F800308DF867506DE58C
:100E400099F800306C2B03BF99F8013048F0200866
:100E500009F1010948F0100860E50B9348F010080B
:100E600018F0200100F05183089B073323F007039B
:100E7000596853F8082B089328F4806302930023E1
:100E800095E70B9348F010030293029B13F02001A7
:100E900000F02983089B073323F00703596853F8B0
:100EA000082B0893012382E799F8003048F0800866
:100EB00034E500BF2C110020301100203C1100202F
:100EC000494611F8013B2A2B01F04982A3F1300277
:100ED000092A894698BF002101F2448119F8013B93
:100EE00001EB810102EB4101A3F13002092AF5D99E
:100EF000039115E599F8003048F001080EE59DF8DA
:100F00006730002B7FF48FAD99F800308DF8676063
:100F100004E5CDF80880012B00F09D81022B50AC38
:100F200020D1119802F00F031209C35C04F8013DAF
:100F300042EA0172090952EA0103F3D150AB1B1BCB
:100F4000DDF808800593059A03989DF867108242A2
:100F50004FF00003B8BF0246CDE90C33079302926D
:100F60000F9360E602F00703D20842EA4172C90813
:100F7000303352EA0105204604F8013DF2D1029ACD
:100F8000D10700F14D8250AB1B1B90460593DAE769
:100F90000B9B652B40F3D480B5EE408BF1EE10FA3D
:100FA00040F0C181259BBA49CAF8001001330132D3
:100FB0000121072B26922593CAF8041000F35185CE
:100FC0000AF1080A1B9B0E998B4280F2D082109B7B
:100FD00012991A44CAE90013259B26920133072B64
:100FE000259300F397830AF1080A0E9B5C1E002CE0
:100FF0007FF7D0AD102C259B40F36E851BEE106A59
:10100000102505E00AF1080A103C102C40F3648515
:101010000133A0491032072BCAE90015CDE925326A
:10102000F0DD24AA3146584602F054FD00287ED156
:10103000DDE925320DF19C0AE6E7069B02995D1A6F
:10104000002D7FF78EAD102D259B21DD09941026F4
:101050001BEE104A04E0103D102D0AF1080A16DDBF
:1010600001338C491032072BCAE90016CDE925322D
:10107000F1DD24AA214658460DF19C0A02F02AFD12
:10108000002854D1103D102DDDE92532E8DC099C03
:101090008049CAF8045001332A44072BCDE9253290
:1010A000CAF8001000F32685039B05995D1A002DF0
:1010B0000AF1080A7FF75BAD102D259B1FDD514615
:1010C00010261BEE10AA04E0103D102D01F10801BE
:1010D00014DD01336F481032072BC1E90006CDE95A
:1010E0002532F1DD24AA5146584602F0F3FCF0B94E
:1010F000103D102DDDE9253227A9EADC8A460133AF
:101100006449CAF804502A44072BCDE92532CAF8AD
:10111000001000F3DA810AF1080A28E51BEE101A24
:1011200024AA584602F0D6FC00283FF447AD079B9E
:10113000002B3FF4A2AC07995846FEF7F1FB9CE464
:101140000E9B012B40F37A81259BCAF800400133A6
:1011500001320121072B26922593CAF8041000F3CF
:10116000F8810AF1080A1099129801330A44072BF2
:10117000CAE90001CDE9253200F3DD810AF1080A50
:10118000B5EE408BF1EE10FA00F077810E99013345
:10119000013901340A44072BCAF800402593CAF8E4
:1011A0000410269200F35B810AF1080A1499CAF828
:1011B000041001330A44072B1EA9CDE92532CAF8D1
:1011C00000107FF7E5AC1BEE101A24AA584602F077
:1011D00081FC0028ABD1269A0DF19C0ADAE4102D8F
:1011E000DDE925122C4E24DD179410231BEE104A46
:1011F000084604E0103D102D0AF1080A17DD013001
:1012000010320728CAE90063CDE92502F2DD24AADD
:10121000214658460DF19C0A02F05CFC002886D15C
:10122000103D102DDDE925024FF01003E7DC179C7F
:10123000014601312A440729CDE92512CAF8006088
:10124000CAF8045000F3BD839DF867100AF1080A3C
:101250005DE4CDF808800A2A71F1000380F045832F
:1012600030320123DDF808808DF83F2105930DF21F
:101270003F1468E61BEE101A24AA584602F02AFC16
:1012800000287FF454AF269A0DF19C0A52E400BF67
:101290006C1100203C140020701100201BEE101A6D
:1012A00024AA584602F016FC00287FF440AF269A84
:1012B0000DF19C0A51E4102C259BBE4E1FDD1BEE48
:1012C000108A102504E0103C102C0AF1080A16DDE3
:1012D00001331032072BCAE90065CDE92532F2DD72
:1012E00024AA414658460DF19C0A02F0F3FB00285F
:1012F0007FF41DAF103C102CDDE92532E8DC013312
:101300002244072BCAE90064CDE925327FF74BACB4
:101310001BEE101A24AA584602F0DCFB00287FF4CA
:1013200006AF269A3FE41B99002940F35A830C9E8E
:101330000E9B9E42A8BF1E46002E0BDD259B01334F
:101340003244072BCAE900462692259300F389868A
:101350000AF1080A0C9D002EA8BFAD1B002D00F35A
:1013600003820C9B18F4806F2344059340F01F8286
:101370001B9B0E998B4203DB18F0010F00F0CF840A
:10138000109912980A44CAE9000125992692013160
:101390000729259100F3A5860AF1080A0E99651818
:1013A000CC1A059BED1AA542A8BF2546002D0DDDE0
:1013B000CAF80030259BCAF8045001332A44072B91
:1013C0002692259300F3BB860AF1080A002DA8BFD8
:1013D000641B002C7FF7DEAB102C259B40F37C8335
:1013E0001BEE106A102505E00AF1080A103C102CCB
:1013F00040F37283013370491032072BCAE900159C
:10140000CDE92532F0DD24AA3146584602F062FBD0
:1014100000287FF48CAEDDE925320DF19C0AE5E76A
:10142000302B3FF48BAD3023023804F8013C50AB35
:101430001B1ADDF808800593044684E518F0010FB7
:101440007FF482AE259BCAF80040013301320121AE
:10145000072B26922593CAF804107FF7A5AE1BEE42
:10146000101A24AA584602F035FB00287FF45FAE1C
:10147000DDE925320DF19C0A98E60E994C1E002CF0
:101480007FF794AE102C40F361831BEE106A102599
:1014900005E00AF1080A103C102C40F35783013391
:1014A00045491032072BCAE90015CDE92532F0DD98
:1014B00024AA3146584602F00DFB00287FF437AECF
:1014C000DDE925320DF19C0AE5E71BEE101A24AA8E
:1014D000584602F0FFFA00287FF429AE269A0DF153
:1014E0009C0AFFF744BB029B13F0100340F0C1803D
:1014F000029A12F0400200F07A83089850F8042B08
:101500000890194692B2012351E418F0100355D106
:1015100018F0400200F05D83089850F8042B089002
:10152000194692B2A8E4524261EB4101CDF808801D
:101530002D2001233CE41BEE101A24AA584602F089
:10154000C9FA00287FF4F3ADDDE925320DF19C0ADC
:1015500016E61BEE101A24AA584602F0BBFA002821
:101560007FF4E5ADDDE925320DF19C0AFBE518F0CD
:10157000010F3FF40FAB2AE5089399F80030FFF70D
:10158000CDB950ACDFE418F4007F40F0DB8353F8B2
:10159000042B0893D1170B46FFF7B6BB089B0498A2
:1015A00053F8041B0893C217C1E900024C46FFF729
:1015B0008BB900BF701100203C140020089B53F829
:1015C000042B089358E4B4EE488BF1EE10FA80F146
:1015D00094860B9B612B00F05285412B00F0C08557
:1015E000039B01330B9B23F0200500F08084472DE3
:1015F00004D1039B002B08BF0123039318EE903AFC
:10160000002B48F480724646C0F21886B0EE48AB14
:1016100000239046099307930B9B413B252B00F237
:101620009883DFE813F06F0496039603960368042B
:101630006C0496039603960396039603960396030B
:1016400096039603960396039603960396039603D2
:1016500096039603960396039603960396039603C2
:1016600096039603960396039603960396036804DF
:101670006C04089B53F8042B08930123FFF797BBD6
:10168000139B002B3FF4CFA9139B1B78002B3FF437
:10169000CAA999F8003048F48068FFF73FB90B9366
:1016A000CDF80880FFF7F1BB0B939A4B119318F01C
:1016B000200100F00581089B073323F007035968D8
:1016C00053F8082B089318F0010F0AD052EA0103CF
:1016D00007D00B9B8DF86930302348F002088DF855
:1016E000683028F4806302930223FFF760BB0B93FA
:1016F000FFF7B6BB0B93884B1193D8E7089B0121EA
:1017000053F8042B02918DF8DC200893059137AC37
:10171000FFF7AFBA1BEE101A24AA584602F0DAF906
:1017200000287FF404AD269A0DF19C0A5DE4039B2A
:101730000794062B224628BF062303942146CDE9B1
:101740000C22764C029305930F92FFF76CBA40215E
:101750005846FEF7EBF920602061002800F00F8664
:1017600040236361FFF79EB8102D259B40F35D82F7
:10177000514610261BEE10AA04E00831103D102D32
:1017800040F35282013366481032072BC1E900064C
:10179000CDE92532F1DD24AA5146584602F09AF9E6
:1017A00000287FF4C4ACDDE9253227A9E6E70E9BCB
:1017B000CDF82490E31803930D9BCDF82880139E59
:1017C000059DDDF85890DDF83C800B941BEE101A57
:1017D0005046002B34D0B8F1000F35D10D9B013BA2
:1017E000013E0D93159BC0E90039259B01334A4406
:1017F000072B269225936CDC0830039B96F800C0DB
:101800005B1B6345A8BF6346002B9A460CDD259CF5
:1018100001341A44072CC0E900532692259400F3A2
:10182000778196F800C00830BAF1000FACBFACEB7E
:101830000A046446002C0ADC65440D9B002BCAD1C7
:10184000B8F1000F00F0AC8308F1FF38CAE7102CA4
:10185000DDF894C024DD05954FF0100A63460D466F
:1018600004E0103C102C00F1080016DD01332C4977
:101870001032072BC0E9001ACDE92532F1DD24AA88
:101880002946584602F026F900287FF450AC103C57
:10189000102CDDE9253227A8E8DC2946059D9C4669
:1018A0000CF1010322444460072B1D4C0460CDE978
:1018B000253200F3C68396F800C008306544BCE7C3
:1018C00018F0100300F0C280089B53F8042B089313
:1018D000F9E624AA5846059102F0FCF800287FF4A6
:1018E00026AC269A059927A887E70298CDF81CA070
:1018F00050AC00F4806000250AEE10BA094BDDF808
:101900004CA0CDF81490A3464FF00508AC46044611
:1019100010E000BF3C110020501100206411002095
:101920003C140020CDCCCCCC0A2A71F1000136D376
:101930004A463146501840F10000A3FB005626F0FD
:10194000030505EB9605401B151A4FF0CC3661F1E7
:10195000000E06FB05F6A5FB039503FB0E6609F0DA
:10196000010E2E44AEFB085E2D184FEA59093035A2
:101970000BF8015C49EAC6790CF1010C0BF1FF3B55
:101980007608002CD0D09AF800008445CCD1BCF168
:10199000FF0FC9D00A2A71F1000180F08F815C46E7
:1019A00050AB1B1BDDF81490CDF84CA01AEE10BA0A
:1019B000DDF81CA0DDF80880CDF838C00593FFF7EE
:1019C000C2BA1BEE101A24AA584602F083F8002867
:1019D0007FF4ADAB9DF86710269A0DF19C0AFFF7D6
:1019E00096B8259BBE48CAF8000001330132012099
:1019F000072B26922593CAF8040000F377810AF199
:101A0000080A002940F0AF800E9908F001030B434B
:101A10003FF4C0A8109B12991A44CAE90013259BF1
:101A200026920133072B259300F352820AF1080A0C
:101A30000E99CAF8004001330A44072BCDE925323C
:101A4000CAF804107FF7A4A8FFF7BDBB18F0400246
:101A500000F0DD80089850F8042B0890194692B2E7
:101A600031E61BEE101A24AA584602F033F800287B
:101A70007FF45DAB269A0DF19C0AFFF7A3BA22AE64
:101A80000822002130461D94FDF74CFC039B5A1C94
:101A900000F0DB800025CDF80890CDF81C80994639
:101AA000A8460CE037A9584601F0CEFF431C40443D
:101AB00000F0C883484508DC00F0188480461D9A71
:101AC000525933460435002AECD1CDF81480DDF8A4
:101AD0000890DDF81C80C5E001338249CAF8044053
:101AE0002244072BCAF80010CDE925327FF750A811
:101AF000FFF769BB1BEE101A24AA584601F0EAFF53
:101B000000287FF414AB269A0DF19C0AFFF729B840
:101B100024AA5846059101F0DDFF00287FF407ABA9
:101B200096F800C0269A059927A87DE6012BCDF8E6
:101B300008807FF4F3A9FFF793BB089B049953F83F
:101B4000042B4C4611600893FEF7BEBE0133654975
:101B5000CAF804402244072BCDE92532CAF8001008
:101B60007FF722AB7BE4109B12981A44CAE900036A
:101B7000259B26920133072B259300F3A9810AF1B7
:101B8000080A0029BFF654AF4D42103180F20F838E
:101B90001BEE101A102605E00AF1080A103D102D60
:101BA00040F3058301334F481032072BCAE9000682
:101BB000CDE92532F0DD24AA5846039101F08AFFD1
:101BC00000287FF4B4AADDE9253203990DF19C0ABF
:101BD000E4E7089B18F400711ABF114653F8042B70
:101BE00053F8042B089318BFD2B2FFF745B9029BF4
:101BF00013F40071089B1ABF114653F8042B53F8D5
:101C0000042B089318BFD2B20123FFF7D0B8089B6A
:101C100018F400711ABF114653F8042B53F8042B23
:101C2000089318BFD2B24EE58A4601332D49CAF84F
:101C300004502A44072BCDE92532CAF8001000F3DE
:101C400039810AF1080AFFF78CBB00231946009678
:101C50001DAA584601F01EFF03460133059000F00F
:101C6000F1821D94059B002B4ED0632B00F318814D
:101C70000023079337AC082200213046FDF752FBC2
:101C8000059D00962B461DAA2146584601F002FFED
:101C9000854240F07C83059A0023A35422EAE27235
:101CA000CDE90C339DF86710039302920F93FEF772
:101CB000BABF2D218DF86710FEF7A4BF169B1599AA
:101CC000ABEB030B1A46584600F094FC9AF801203F
:101CD000054B0AB10AF1010A4FF0000C28E600BFDB
:101CE0006C1100203C140020CDCCCCCC1BEE101A83
:101CF00024AA584601F0EEFE00287FF418AA1B998A
:101D0000269A0DF19C0A7CE6059B9DF867100F93BF
:101D1000CDE90233CDE90C330793FEF784BF0E996A
:101D2000059865182D1ACC1AA542A8BF2546FFF7BD
:101D30004DBB089B049953F8042B089311804C4623
:101D4000FEF7C2BD13F9042B0893D1170B46FEF71B
:101D5000DBBF039A022122AB01931DAB00935846CF
:101D60001BABB0EE4A0B029200F00CFE472D029A1C
:101D7000044600F06181462D104405D12378302BB4
:101D800000F06F821B9A1044B5EE40ABF1EE10FAF2
:101D900040F0468103461B1B0E93472D00F0108137
:101DA000462D00F0B5811B9B0C930C9B412D03F13C
:101DB000FF331B9300F0E5819DF82C200021002BC0
:101DC000B8BF0C9B8DF87820BABFC3F101032D2258
:101DD0002B22092B8DF8792040F3DA810DF18F0544
:101DE000DFF81CC42A4610468CFB0321DA17C2EB2D
:101DF000A10202EB8201A3EB4101303100F8011C8A
:101E000019466329134600F1FF32ECDC3033D9B2B6
:101E1000831E9D4202F8011C40F28B8213460DF195
:101E20007A0201E013F8011B02F8011B9D42F9D16F
:101E30000DF191030DF17A021B1A13441EAA9B1A8D
:101E400014930E9B149A012B1A44059240F30382BB
:101E5000059B109A1344059326F48063059A43F476
:101E600080780023CDE90C3322EAE2720F930292CC
:101E7000099B002B40F0B1809DF867100393FEF79B
:101E8000D2BE2046FDF74AFC02460590FEF720BF71
:101E90001BEE101A24AA584601F01CFEFEF7EDBDF9
:101EA000591C5846FDF742FE0446002800F0CA813E
:101EB0000790E0E61BEE101A24AA584601F00AFE2D
:101EC00000287FF434A9269A0DF19C0AFFF749BA3D
:101ED0001BEE101A24AA584601F0FCFD00287FF4DE
:101EE00026A9DDE925321B990DF19C0A49E6062356
:101EF0000393FFF783BB039B02215A1C2BE7039A32
:101F0000032128E71BA8B0EE4A0B00F00FFCB4EE4B
:101F1000007B20EE070BB5EE400BF1EE10FA01D17D
:101F200001231B93B348039BB3EE005B013B2246A6
:101F300004E0B5EE400BF1EE10FA13D020EE050BE5
:101F4000FDEEC07BB3F1FF3F17EE901A415CB8EE97
:101F5000E76B944630EE460B02F8011B194603F17D
:101F6000FF33E6D1B6EE006BB4EEC60BF1EE10FA1D
:101F700000F34881B4EE460BF1EE10FA04D117EEEF
:101F8000903ADB0700F13E81002906DB4B1C13442D
:101F9000302102F8011B9342FBD1131B0E93FCE688
:101FA0000B9C0E9BDDF82490DDF828801396E31837
:101FB0009D42294628BF194682460591FFF7D8B9A8
:101FC0001B9B0C93DA1C02DB039A93420CDD0B9BE8
:101FD000023B0B9323F02005E7E62D2100238DF82B
:101FE00067100393FEF722BE0C9B0E9A9342C0F239
:101FF000BD80F0070C9B40F13281109A1344059389
:10200000710503D50C9B002B00F33581059B23EA5A
:10201000E373029367230B9300230F930D9327E73A
:10202000229B8342BFF4B7AE30215A1C2292197012
:10203000229B9842F9D8AEE6F30700F1A780229BD5
:10204000A9E624AA5846059101F044FD00287FF432
:102050006EA896F800C0269A059927A86544FFF750
:10206000ECBB1BEE101A24AA584601F033FD0028E1
:102070007FF45DA8269A0DF19C0AFFF76BB97823CF
:102080008DF8693030238DF86830039B632B48F05E
:10209000020600F3A6800023079337AC18EE903AAF
:1020A000002B48F481782BDBB0EE48AB0B9B23F080
:1020B0002005002309930B9B612B7FF4ADAAB0EEA2
:1020C0004A0B1BA800F032FBB4EE007B20EE070B9E
:1020D000B5EE400BF1EE10FA01D101231B934648F7
:1020E00021E71BEE101A24AA584601F0F3FC002841
:1020F0007FF41DA81B9B269A0DF19C0AFFF74EB991
:102100000B9B23F020052D230993B1EE48ABD2E7BA
:102110001B9A0C92002A06F0010340F30D810399EB
:102120000B4340F0CF800C9B059366230B93720505
:1021300000F1A380059B23EAE37302936CE71BEE97
:10214000101A24AA584601F0C5FC00287EF4EFAF0F
:102150001B9C0E9B269A1C1B0DF19C0AFFF736B99F
:1021600058238DE700220392FEF7DABB0E9B109AEC
:102170009A180C9B0592002B40F3AB8067230B93BE
:10218000D5E70B9A0F32D2B2012118E6A018FBE571
:10219000002940F0A88030228DF87A200DF17B02D2
:1021A000303302F8013B1EABD31A149349E60133D6
:1021B0001249CAF804502A44072BCDE92532CAF83F
:1021C00000107FF733AC1BEE101A24AA584601F01A
:1021D00081FC00287EF4ABAFDDE925320DF19C0ACD
:1021E00026E4591C5846FDF7A1FC044650B307905D
:1021F00054E700BF501100203C1100203C14002087
:1022000067666666CDF888C012F8011C90F80FC0AA
:10221000614513460AD14FF0300E03F801EC229BC2
:10222000591E229113F8011C8C45F6D0392916BF8E
:102230000131817AC9B203F8011CAEE60023904651
:10224000079360E71BEE102AB2F90C3043F040030D
:102250009381FEF716BCF5077FF5FEADF8E5059313
:10226000CEE6B5EE40ABF1EE10FA3FF48BADC2F125
:1022700001021B9287E567230B9313990B78FF2BC1
:1022800079D000250C9A284603E001300131FF2B5C
:1022900008D0934206DAD21A4B78002BF5D10B788E
:1022A0000135F4E70C9213910D900F950F9A0D9B49
:1022B00016991344059A01FB0323059323EAE3735C
:1022C0000293D5E5109BD3181944662305910B930F
:1022D0002DE7C3F101031A4422EAE2730293672354
:1022E00005920B9398E60DF17A0259E7039BDDF80E
:1022F0000890DDF81C800593B4E418EE903A002BAA
:10230000B4BF2D219DF86710254C264BB8BF8DF822
:10231000671028F08008FEF779BC039B02930593B1
:1023200073239DF8671003900F900D900B93FEF7A9
:102330007ABC0223149384E5039A134305D1012345
:10234000662202930B92059366E6109B01331A44B2
:1023500022EAE2730293662305920B935CE6089AE5
:1023600099F80130894652F8041B089241EAE1715C
:102370000391FEF7D3BA00230F930D9396E70C2336
:10238000CBF800304FF0FF330493FEF781BB1BEE18
:10239000102A938943F040039381FEF7C8BE00BF23
:1023A000341100203811002070B500294BD00646AA
:1023B0000C4610B1436B002B48D0636ED80734D560
:1023C000B4F90C30002B3ED02146304600F050F8D6
:1023D000E36A054633B1E169304698470028B8BF43
:1023E0004FF0FF35A3891A063CD4216B41B104F1AB
:1023F0004003994202D03046FDF792FA002323634E
:10240000616C21B13046FDF78BFA00236364FCF761
:10241000ADFE636E0022DB07A2811FD5A06DFDF724
:1024200059F8FCF7A9FE284670BDA3899905CBD4BD
:10243000A06DFDF751F8B4F90C30002BC4D1656ED6
:1024400015F0010505D00025284670BDFCF770FE8B
:10245000B3E7A06DFDF742F8284670BDA06DFDF70B
:102460003DF8DBE721693046FDF75AFABDE700BFCA
:10247000B1F90C202DE9F0410C461107804647D4F4
:10248000636842F40062002BA2815EDDA56A002D24
:1024900058D00023D8F80060C8F8003093B212F486
:1024A000805256D10123E1694046A847431C67D0BA
:1024B000A389A56A5F0705D56368C01A236B0BB1B2
:1024C000E36BC01AE169024600234046A847411C5D
:1024D00041D1D8F80030002B3DD01D2B01D0162B58
:1024E00056D1A3892269226023F400630021616030
:1024F000A381216BC8F8006021B304F14003994225
:1025000002D04046FDF70CFA00202063BDE8F081C0
:102510002669BEB193B2256826609A070CBF63692D
:102520000023AD1BA3600BE02B463246E169676ACE
:102530004046B847B0F1000CA5EB0C05664417DD2A
:10254000002DF1DC0020BDE8F081E36B002B9DDC69
:10255000F8E7206DAEE7B4F90C302269226023F46D
:102560000063A3810022DB046260C2D52065C0E75E
:10257000A38943F040034FF0FF30A381BDE8F08111
:10258000D8F80030002B93D01D2B06D0162B04D08A
:10259000A38943F04003A381D5E7C8F80060D1E7E1
:1025A00038B50C46054608B1436B03B3B4F90C00CB
:1025B00088B1636EDB0701D481050FD5284621461B
:1025C000FFF756FF636EDA07054602D4A3899B0521
:1025D00008D5284638BD0546284638BDA06DFCF70D
:1025E0007BFFEBE7A06DFCF779FF284638BDFCF7D1
:1025F0009FFDDBE740EA01039B0730B501D1032AC9
:102600000FD8844601F1FF3E07E01EF8011F03F8D2
:10261000011B541EC1B19C4622466346002AF4D1D8
:1026200030BD0B468446194653F8045BA5F10134CE
:1026300024EA050414F0803FE4D1043A032A4CF85C
:10264000045B1946EFD8DDE79444002CE8D003F88A
:10265000011B6345FBD130BD0048704704190020C1
:1026600038B5074D0022044608462A60F8F7C4FF33
:10267000431C00D038BD2B68002BFBD0236038BD35
:10268000ACA30020000000000000000001F0FF01EA
:10269000102A2BDB10F0070F08D010F8013B013A8D
:1026A0008B422DD010F0070F42B3F6D1F0B441EABF
:1026B000012141EA014122F007047FF000070023D5
:1026C000F0E80256083C85EA010586EA010685FA2B
:1026D00047F5A3FA87F586FA47F6A5FA87F68EB985
:1026E000EED1F0BC01F0FF0102F0070232B110F8A8
:1026F000013B013A83EA010313B1F8D1002070478E
:1027000001387047002D06BF35460338073815F0ED
:10271000010F07D1013015F4807F02BF013015F49D
:10272000C03F0130F0BC0138704700BF30B482B008
:102730008DED000B019A194C22F000430021A342B9
:10274000016021DC009C1C431ED0154C144054B980
:102750009FED107B20EE077B8DED007B019A6FF0E3
:10276000350122F0004322F0FF42DDE9004522F46A
:10277000E00242F07F551B1545F40015A3F2FE332D
:10278000CDE900450B4403609DED000B02B030BC69
:10279000704700BF0000000000005043FFFFEF7FC4
:1027A0000000F07F00B50B4C25681446EE681A4611
:1027B00085B003460D464CB107490095CDE901149B
:1027C0003046064901F072F9FBF7D8FF04490C4680
:1027D000F3E700BF9C1D0020AC0E0020BC0E0020C3
:1027E000B80E002038B5A1FB02148CBBFDF79EF992
:1027F0000546E0B150F8042C22F00302043A242AE2
:1028000017D8132A1AD91B2AC0E900441DD9242A33
:1028100014BF00F1100200F118024FF00003C0E9EC
:10282000024404BF04614461C2E900339360284656
:1028300038BD2146FCF776FD284638BD0246002308
:10284000C2E900339360284638BD00F10802F6E77C
:10285000FCF714FE0C2300250360E8E72DE9F04F98
:1028600003690C69A34283B0C0F28780013C01F187
:102870001405A30000F11408009355F8243058F80B
:102880002420013381469A4208EB840005EB84073B
:102890000190B2FBF3F63BD34FF0000CAE4640463E
:1028A000E24663465EF804BB02681FFA8BFC06FB37
:1028B0000C334FEA134C4FEA1B4B06FB0BCC9BB27D
:1028C000AAEB03031FFA8CFA13FA82F3CAEB124243
:1028D00002EB23429BB243EA0243774540F8043BB4
:1028E0004FEA224A4FEA1C43DCD2009B58F80330DF
:1028F00073B9019B043B984504D307E0984504F164
:10290000FF3403D253F80429002AF7D0C9F8104045
:102910004846FDF763FE00282BDB013641460023C5
:1029200055F8040BD1F800C082B29A1A030C12FABF
:102930008CF2C3EB1C4303EB224392B242EA034204
:10294000AF4241F8042B4FEA2343E9D258F8242040
:1029500008EB84036AB9043B984504D307E0984523
:1029600004F1FF3403D253F80429002AF7D0C9F840
:102970001040304603B0BDE8F08F002003B0BDE842
:10298000F08F00BF2DE9F04F2DED028B8FB08DED54
:10299000020B0191816B1A9D059357EC106B044655
:1029A000934641B1C26B4A60012393408B60FDF7AF
:1029B000B5FB0023A363B7F10008B4BF01230023D4
:1029C0002B60BE4BBCBF28F00048CDF80C8033EA2A
:1029D000080300F09F809DED028BB5EE408BF1EE79
:1029E00010FA11D1059A012313601B9B002B00F0F4
:1029F0003F82B34B1B9A1360013B009300980FB0CA
:102A0000BDEC028BBDE8F08F0CAA0DA92046B0EEFC
:102A1000480BFDF7AFFE5FEA1853054640F0928081
:102A2000DDE90C130B4403F23242202A40F3FA8210
:102A3000C2F1400208FA02F803F21242D64048EA14
:102A4000060207EE102AB8EE477B581E17EE906A72
:102A500053EC172B4FF0010AA6F1F8739FED913B51
:102A60009FED927B9FED935B06EE900A43EC122B59
:102A7000B8EEE64BB7EE086B32EE466BA6EE037B84
:102A8000A4EE057BFDEEC76BB5EEC07BF1EE10FA50
:102A900016EE907A08D5B8EEE66BB4EE476BF1EE21
:102AA00010FA18BF07F1FF37162F00F24581854B4A
:102AB00003EBC70393ED007BB4EEC78BF1EE10FA86
:102AC00057D5091A0023B1F1010807F1FF370A931E
:102AD00000F1398100230693002F52DA069B0497F8
:102AE000DB1B06937B420893019B092B4FF00007E9
:102AF0004ED8052B40F39D82043B01930026019B99
:102B00009A1E032A00F22581DFE812F0AA03A70328
:102B10009D037E03059AC8F3130842F20F7358EA27
:102B2000060813601ED11B9B002B00F09185664B9D
:102B3000009308331B9A009813600FB0BDEC028B12
:102B4000BDE8F08F18EE906AC6F31306A3F2FF30CB
:102B500053EC182B46F07F530C994FF0000A43F4C6
:102B600040137BE71B9B002B40F03B83574B0093AC
:102B700044E7091A0023B1F101080A9300F1E38048
:102B8000069300230893019B0497092BB844B0D9FE
:102B900000230126019307964FF0FF399B46002141
:102BA000E163CDF82C902046FDF792FA00900028C2
:102BB00000F04085009BA363B9F10E0F00F2DC80AA
:102BC000002E00F0D980049B002B40F3DE833D4AA9
:102BD00003F00F0102EBC10292ED007B1A11DB053D
:102BE00040F182833A4991ED086B02F00F02032015
:102BF00088EE065B5AB13649D60704D591ED006BD5
:102C0000013027EE067B521001F10801F4D185EE68
:102C1000076B0A9B3BB1B7EE007BB4EEC76BF1EEDE
:102C200010FA00F1AE8407EE900AB8EEE75BB1EE61
:102C30000C7BA5EE067B17EE902A51EC170BA2F148
:102C40005071B9F1000F00F08883049E4A46079B3B
:102C5000002B00F04784B6EE003B1A4BFDEEC64B4E
:102C600003EBC20CB8EEE47B36EE477B1CED026B47
:102C700083EE065B41EC160B14EE900A35EE465BD4
:102C80000099B4EEC75B3030F1EE10FA01F8010B99
:102C900000F3AC84B7EE002BB2EE044B4FF0000C07
:102CA00031E000BF61436F63A787D23FB3C8608B39
:102CB000288AC63FFB799F501344D33F0000F07F22
:102CC0006D110020A8020020C0100020CC100020B0
:102CD000800200200CF1010C94454DDA27EE047BB4
:102CE00025EE045BFDEEC76B16EE903AB8EEE63BC0
:102CF000303337EE437BB4EEC57BF1EE10FA01F8CA
:102D0000013B00F1738432EE476BB4EEC56BF1EE1C
:102D100010FADFD5009A049602E08A4200F050844F
:102D2000894611F8013D392BF7D00133DBB20B7026
:102D3000049B0133049355E1091A0123B1F1010801
:102D40000A937FF5C7AEC1F1010306934FF0000867
:102D5000C2E60026E66331462046FDF7B9F9009049
:102D6000002800F06784009BA3634FF0FF330B93B0
:102D700099460123B34607930D9A002A55DB04991F
:102D80000E2952DCB74BBBF1000F03EBC10393EDEF
:102D9000006B15DAB9F1000F12DC40F0F282B1EEEF
:102DA000047B26EE077BB4EEC78BF1EE10FACA4621
:102DB0004E4600F26D82DDF800806FEA0B0B70E288
:102DC00088EE067BBDEEC77B009917EE103AB9F18D
:102DD000010F03F13003B8EEC75B01F8013BA5EE2C
:102DE000468B00F03483B2EE044B012311E088EEF1
:102DF000067BBDEEC77B013317EE102A4B4502F16F
:102E00003002B8EEC75B01F8012BA5EE468B00F04F
:102E10001E8328EE048BB5EE408BF1EE10FAE6D15E
:102E2000049B013304938946DCE0079B43B3019B79
:102E3000012B40F37682089B09F1FF3A534580F25B
:102E40003F82089BCDF820A0AAEB030217444FF065
:102E5000000AB9F1000FC0F22583069B09934B4489
:102E6000C844069301212046FDF704FA06460CE00B
:102E70007D4B009300980FB0BDEC028BBDE8F08F46
:102E8000069BDDF820A0079E0993099B6BB1B8F162
:102E9000000F0ADD434506991A46A8BF4246891A23
:102EA0009B1A06910993A8EB0208089B63B1079B44
:102EB000002B00F0A782BAF1000F00F30482089BF8
:102EC000B3EB0A0240F0FF8201212046FDF7D2F960
:102ED000002F824600F3AF80019B012B40F38781D6
:102EE000002308930120002F40F0B180404410F0EF
:102EF0001F0000F07A81C0F12002042A00F38880CC
:102F000040F0F681069B002B05DD29461A46204637
:102F1000FDF7ECFA0546B8F1000F05DD51464246D3
:102F20002046FDF7E3FA82460A9B002B40F03F81E2
:102F3000B9F1000F40F32581079B002B40F0A380DF
:102F4000049B01330493DDF80080012707E0294644
:102F500000230A222046FDF7EBF8013705465146CB
:102F60002846FFF77BFCB94500F1300008F8010B5B
:102F7000EDDCB9F1000F009ACCBFCB464FF0010B4E
:102F80000346934400272946012220460193FDF77A
:102F9000ADFA51460546FDF721FB002840F3AF810D
:102FA0001BF8013C009A0BF1FF3B04E05A4500F08E
:102FB000B1811BF8013D392B0BF10109F6D001332A
:102FC0008BF8003051462046FDF7A8F856B12FB1D6
:102FD000B74203D039462046FDF7A0F831462046D7
:102FE000FDF79CF829462046FDF798F8002389F85C
:102FF0000030DDE904231A601B9B002B3FF4FEAC7C
:103000000098C3F800900FB0BDEC028BBDE8F08FC4
:10301000C0F11C00069B03440693099B03440993DB
:1030200080446FE7C2F1200206FA02F207EE102A8E
:1030300009E5012663E501463A462046FDF7F6F923
:10304000019B012B824640F3C58100230893DAF8E7
:1030500010200AEB82021069FDF7BCF8C0F12000D5
:1030600044E700BFA80200206C1100203146002375
:103070000A222046FDF75CF80B9B002B064640F326
:10308000CE8204979946099B002B05DD31461A46EE
:103090002046FDF72BFA0646089B002B40F0EB81FB
:1030A000B046029B009F03F001027B1E4B44089335
:1030B000019B0A921343099351462846FFF7CEFB22
:1030C000314683462846FDF789FA424651468146F5
:1030D0002046FDF7A5FAC26801460BF13003002A2D
:1030E00042D1CDE906032846FDF778FA0699029009
:1030F0002046FDF713F8029A079B1AB9099900298F
:1031000000F07E82B9F1000FC0F28381019949EA93
:1031100001090A9951EA090900F07B81002A00F3AC
:10312000C681089A3B7007F101099742CB4600F02F
:10313000C481294600230A222046FCF7F9FF4645B0
:10314000054631464FF000034FF00A02204612D0E8
:10315000FCF7EEFF4146064600230A222046FCF714
:10316000E7FF4F468046A7E720460293FCF7D6FFCD
:10317000029B0122C6E7FCF7DBFF4F46064680466E
:103180009AE7019B022B71DC079B002B7FF47BAF3E
:10319000049B5146013328460493FFF75FFBDDF89B
:1031A00000B000F130030BF8013B0027EBE651467D
:1031B0002846FDF713FA0028BFF6BAAE29460023C9
:1031C0000A222046FCF7B4FF049B5F1E079B0546BE
:1031D000002B7FF44BAF0B9B002B40F318829946DA
:1031E000B1E6BC4B00930333A4E41C2012E7DDE9F5
:1031F000020100287FF474AEC1F31302002A00F02C
:10320000F480029B08936DE601230793049B5B44C3
:1032100003F10109B9F1010FCC460B93B8BF4FF090
:10322000010C0021BCF1170FE1637FF7BCAC01205A
:103230000422520002F114036345014600F101002B
:10324000F7D9E163AFE401230793BBF1000F52DD2F
:10325000CDF82CB0D946DC46E3E700230793D5E749
:1032600000230793F1E7DDF82C900497B9F1000FE4
:103270007FF4A1AD51464B4605222046FCF758FF8E
:10328000014682462846FDF7A9F900287FF793AD4D
:10329000049B03F1010B009B3122984603F8012B9C
:1032A000009351462046FCF739FF0BF10103DDF88E
:1032B00000900493CDF80080002E7FF48FAE91E64D
:1032C000A3EB0A0AC5E5314652462046FDF7AEF8A3
:1032D0002A46014606462046FCF7FAFF29460546DF
:1032E0002046FCF71BFFEAE50220B0EE485B81E4D4
:1032F000C0F13C008EE64FF0010BD9464FE403D1FC
:10330000019BDB073FF54CAED9461BF8013D302B46
:10331000FAD057E6049B009A0133049331231370CB
:1033200050E6BAF1000F00F0238102F23342069B0F
:1033300009931344DDF820A00693904492E507EE2C
:10334000900AB1EE0C5BB8EEE77BA6EE075B15EEDC
:10335000902A51EC150BA2F1507141EC150BB1EE16
:10336000047B36EE477BB4EEC57BF1EE10FA00F33A
:103370003781B1EE455BB4EEC57BF1EE10FA7FF517
:10338000FBAC4FF0000A564615E500F0F580049BB3
:1033900051495A4202F00F0001EBC00191ED006B60
:1033A000121128EE066B00F04281B0EE467B4B49CD
:1033B00000260220D30705D591ED005B01300126E0
:1033C00027EE057B521001F10801F3D1002E06FE15
:1033D000076B1EE4029B002B7FF437AEDDE9020190
:1033E000C1F31302002A40F037813D4A0A40002A07
:1033F00000F0FA80069B01330693012308F10108CF
:1034000008936FE52946089A2046FDF70FF8054610
:103410005AE5002A12DD2946012220460193FDF7D4
:1034200065F851460546FDF7D9F80028019B40F3A1
:10343000E180392B00F0CA800BF13103B94609F85D
:10344000013B049B0133374604934646BAE538EE08
:10345000088BB4EEC68BF1EE10FA0ADCB4EE468BA4
:10346000F1EE10FA7FF4DCAC17EE103AD8077FF5D6
:10347000D7AC009A54E471682046FCF729FE074651
:10348000002800F0DE80336902339A0006F10C0157
:103490000C30FCF78BF8394601222046FDF726F860
:1034A0008046FEE5069BA3EB09030993DAE4392B7A
:1034B00000F08C80B9460133C1E7049A01323746E7
:1034C000049246465FE529462046FCF7AFFF0546D5
:1034D000FAE400BFCC100020A802002080020020E7
:1034E0000000F07F5E4BFDEEC65B03EBC20C1CEDF3
:1034F000023BB8EEE57B36EE477B41EC160B15EE52
:10350000901A23EE063B00983031012A00F8011B87
:1035100000F08380B2EE044B009B991827EE047BE9
:10352000FDEEC76B16EE903A303300F8013B814256
:10353000B8EEE65B37EE457BF0D1B6EE006B33EECE
:10354000065BB4EEC75BF1EE10FA3FF5E3AB36EE87
:10355000436BB4EEC76BF1EE10FA7FF70DAC894602
:10356000013919F8013C302BF9D0731C049339E56B
:103570000C9AC2F13602DAE60220B0EE486BFFF791
:1035800048BBB9F1000F3FF4DAAE0B9A002A7FF77F
:10359000F3ABB2EE044B26EE046B013007EE900A5B
:1035A000049BB8EEE75BB1EE0C7BA6EE057B17EE55
:1035B00090CA51EC170B5E1EACF15071FFF747BB80
:1035C000049B013304933123FFF7B1BB049BBB463B
:1035D00001330493392337460BF8013B4646E1E4B7
:1035E0004FF0000A564653E608927BE4731C04939E
:1035F0008946F7E47FF422AFDA077FF51FAF18E7BB
:10360000392BE3D0B9F1000F3FF716AF16E7019B56
:10361000022B3FF728AE0497BAE501468DE7019BE0
:10362000022B3FF720AEDDF82C9004972BE502200B
:10363000FFF7EFBA0B4B0C48002240F2AF11FFF737
:10364000B1F8084B08483A4640F2EF21FFF7AAF8D4
:10365000064B0093FFF7D2B9029B0893F7E400BF33
:10366000A80200204C0F0020D0100020C010002025
:103670002DE9F84F1746002900F098800C4607F115
:103680000B058046FCF718FD162D54F8041C5BD87A
:1036900010252A46AF425CD821F003069642A4F1D9
:1036A000080962DABC4BD3F808C009EB0600844570
:1036B00000F09780D0F804C02CF0010303445B684D
:1036C000DB0768D42CF0030C06EB0C03934247DABB
:1036D000CB0710D454F8083CA9EB030ADAF80430FD
:1036E00023F003018C44B444944580F21181731893
:1036F000934280F2E88039464046FCF717FA0746C5
:10370000E0B154F8043C23F001034B44A0F108025B
:10371000934200F0D280321F242A00F2F580132A4F
:1037200000F2AC8003462246116819605168596066
:1037300092689A6021464046FCF7F2F84046FCF752
:10374000C1FC3846BDE8F88F25F00705002D2A4654
:10375000A0DA0C23C8F8003000273846BDE8F88FFF
:103760001E46D0E90223D3609A60731B0F2B22D828
:10377000D9F8043003F0010333434E44C9F8043050
:10378000736843F00103736040462746FCF79AFCD8
:103790003846BDE8F88FC907ADD454F8083CA9EB0A
:1037A000030ADAF8041021F00301A0E7BDE8F84F9E
:1037B0001146FCF7BBB9D9F8042009EB050102F06A
:1037C00001024E4443F001032A43C9F804204B6030
:1037D000736843F00103083173604046FCF7A0F8BA
:1037E000D2E7DCF8040020F0030B06EB0B0C05F12C
:1037F000100084454DDAC9073FF57DAF54F8081C29
:10380000A9EB010ADAF8041021F003018B44B34458
:1038100058453FF76CAF5746DAF80C1057F8080FC9
:10382000321F242AC160886000F2DB80132A40F234
:10383000D6802168CAF808106168CAF80C101B2AE3
:1038400000F2DF8008340AF110022168116061681B
:103850005160A16891600AEB0501ABEB050242F0F3
:10386000010299604A60DAF8043003F001032B4347
:103870004046CAF80430FCF725FC6EE72368036075
:10388000636843601B2A68D804F1080200F108034A
:103890004AE709EB05029A60ACEB050343F001032C
:1038A000536054F8043C03F001032B43404644F8B2
:1038B000043CFCF707FC27464FE750F8043C23F094
:1038C00003031E4451E75746DAF80C1057F8080F67
:1038D000321F242AC16088604CD8132A48D9216835
:1038E000CAF808106168CAF80C101B2A56D80834A8
:1038F0000AF110021E462368136063685360A368D0
:103900009360D1463C4630E7214601F00FFC11E7B9
:10391000D0E902135746CB60996057F8081FDAF8D0
:103920000C30CB60321F242A99602DD8132A29D954
:103930002368CAF808306368CAF80C301B2A42D8DA
:1039400008340AF1100322681A6062685A60A2689B
:103950009A606646D1463C4607E7A3688360E36801
:10396000C360242A26D004F1100200F11003DBE624
:103970003A46BFE7214638461E46D14601F0D6FBFF
:103980003C46F2E63B46DEE7214638466646D146EF
:1039900001F0CCFB3C46E8E680190020A168CAF89B
:1039A0001010E168CAF81410242A20D010340AF14B
:1039B00018029FE7236903616169416104F11802FC
:1039C00000F11803B0E6A368CAF81030E368CAF83B
:1039D0001430242A21D010340AF11803B3E73A46F0
:1039E00033E72146384601F0A1FB164B33E7226945
:1039F000CAF818206269CAF81C2018340AF120029B
:103A000078E7A168CAF81010E168CAF81410242AEF
:103A10000DD010340AF1180217E72369CAF81830DC
:103A20006369CAF81C3018340AF120038BE7226955
:103A3000CAF818206269CAF81C2018340AF120025A
:103A400003E700BF8019002070B5054684B05BB164
:103A50001C4669B10E4B2846D3F8E0602346B047B8
:103A6000431C0FD004B070BD00F582740029F1D161
:103A7000074A2346D2F8E06028460A4601A9B04723
:103A8000431CEFD100228A2322602B6004B070BD5A
:103A90001418002010B582B0049CCDE900344FF01A
:103AA000FF3301F043FC02B010BD00BF0EB410B5EF
:103AB00083B005AB064C53F8042B019301462068F4
:103AC00000F0C4F803B0BDE8104003B0704700BF79
:103AD0009C1D00202DE9F04F9368176883B0924633
:103AE000002B70D081468A6808680C46083743E08E
:103AF000A38913F4906F2ED0D4E90416A0EB01082B
:103B000006EB460606EBD67608F10100761028444F
:103B1000B042324684BF064632465B0537D5114671
:103B20004846FCF703F8019000283AD04246216944
:103B3000FBF73CFDA289019B22F4906242F08002D7
:103B4000A281A6EB080203EB08006661A260236174
:103B500020602E46A8464246594601F0E7FADAF8B8
:103B60000830A2682068921B40445B1BA260206062
:103B7000CAF808303BB3083757E902B5002DFAD030
:103B8000AA4216469046B3D92E46A846E3E74846D1
:103B9000FFF76EFD03460028D3D121694846FBF7A5
:103BA000BFFEA3890C2243F04003C9F800204FF068
:103BB000FF30A38100220023CAF80820CAF804308D
:103BC00003B0BDE8F08F00200023CAF8043003B032
:103BD000BDE8F08F2DE9F84F4B6E9C0490462DD533
:103BE0009368126843B38B46064602F1080959E907
:103BF000025A5FEA9A0715D0043D002401E0A7426B
:103C00000ED055F8041F5A46304601F05BFA431CAB
:103C100004F10104F3D10023C8E90133BDE8F88FB2
:103C2000D8F808302AF0030AA3EB0A03C8F80830D2
:103C300009F10809002BDAD10020ECE701F00CF8BB
:103C40000023C8E90133BDE8F88F00BF2DE9F04F2C
:103C50002DED028BC5B00DF1500A834608EE101A07
:103C600016460021082250461C460793FBF75AFBD4
:103C7000BBF1000F04D0DBF83430002B00F0A0863D
:103C800018EE102A536EDB0740F11385B2F90C10C1
:103C90008AB295040BD418EE103A41F40051998180
:103CA0005B6E8AB218EE101A23F400534B661007AD
:103CB00040F1058118EE103A1B69002B00F0FF80DF
:103CC00002F01A030A2B00F00A810023CDE9193310
:103CD000CDE90D331BAA0C93189291460B930593D3
:103CE000B0464446A84BD3F8E450FBF76DFB2246A0
:103CF000034612A9CDF800A05846A847002800F0B6
:103D00004581C0F23981129A252A034601D01C440C
:103D1000E8E7B4EB0806054640F03C8100236178F3
:103D20008DF8433004F1010806934FF0FF371E462B
:103D30002B2408F10108A1F120035A2B00F278810D
:103D4000DFE813F0B50276017601B0027601760164
:103D500076016A00760176017D028D027601880285
:103D60009702760192025B005B005B005B005B00E8
:103D70005B005B005B005B007601760176017601FB
:103D8000760176017601760176015C028400760187
:103D9000760176017601760176017601760176016B
:103DA0007601E80076017601760133027601DA02C7
:103DB000760176018B057601760176017601760132
:103DC000760176017601760176015C028600760145
:103DD00076017601CD0286007F007601C002760171
:103DE000FD02EA00ED027F00760133027C006905E6
:103DF000760176016B0576017C00A1F1300300228B
:103E000018F8011B02EB820203EB4202A1F130031E
:103E1000092BF5D906928EE75846FEF71DFC43683C
:103E20000D931846FBF77AFC0E9005465846FEF7B0
:103E300013FC83680B93002D40F0D68498F8001093
:103E400077E798F8001046F0200672E746F0100673
:103E5000B40640F18E81079B073323F007031A460F
:103E6000596852F8083B07920A460029C0F270844C
:103E7000791C00F0A28526F08001039153EA02012B
:103E800000F03F840A2B72F1000180F0418530334D
:103E90008DF80F31039E012304930DF20F14049B40
:103EA000BB42B8BF3B460393002308939DF84330C1
:103EB000002B00F0CB80039B01330393C6E018EE88
:103EC000101A584618EE105A01F040F8002840F039
:103ED0005286AA8902F01A030A2B7FF4F6AE18EE76
:103EE000101AB1F90E30002BFFF6EFAE4B6EDB0768
:103EF00002D4970540F1128618EE101A2346324676
:103F0000584600F069FE0590059845B0BDEC028B5F
:103F1000BDE8F08F46F0100616F0200200F0368162
:103F2000079B073323F0070319465A6851F8083BEB
:103F3000079126F480610391002100208DF8430051
:103F4000781C00F01082039820F0800653EA0200EB
:103F500040F00882002F40F03885002940F0D583DA
:103F6000039B13F00103049300F0118430238DF8B8
:103F70000F310DF20F1492E7082200215046FBF793
:103F8000D1F901231C44ADE614180020B4EB080657
:103F900005461BD0199B1A9A01333244072BC9E9F5
:103FA00000861A9219931CDD002A00F0A68318EEF1
:103FB000101A18AA5846FFF70DFE20BB0DF16C0928
:103FC000059B33440593002D7FF4A8AE1A9B002B6C
:103FD00040F0C18518EE103A0022B3F90C30199266
:103FE00015E009F10809EBE718EE101A18AA58466F
:103FF000FFF7F0FD002800F0A680089B1BB1089990
:104000005846FBF78DFC18EE103AB3F90C3018EE59
:10401000102A526E12F0010F9AB200F0A0805006E2
:1040200000F1B285059845B0BDEC028BBDE8F08F7C
:104030000029CBD000238DF843300123CDE9033391
:104040008DF8AC102BAC002308931F4616F002032A
:10405000099302D0039B0233039316F084030A935F
:1040600005D1069B039A9D1A002D00F37B82DDE9A2
:104070001903411C9DF8432082B101220133C9F884
:10408000042007290DF14302CDE91913C9F80020D6
:1040900000F34A82084609F108090131099AE2B1A0
:1040A00011AA0233C9F8002007294FF00202CDE916
:1040B0001913C9F8042040F35082002B00F0438309
:1040C00018EE101A18AA5846FFF784FD002894D15C
:1040D000DDE919030DF16C09411C0A9A802A00F0F0
:1040E0008481049ABD1A002D00F3D781049AC9F87F
:1040F000004013440729CDE91913C9F8042040F3FF
:104100006E81002B00F0758218EE101A18AA58461E
:10411000FFF760FD00287FF470AF1A9B0DF16C096A
:10412000750705D5069A0399541A002C00F36B8283
:10413000DDE9052103988142ACBF5218121805929F
:10414000002B7FF451AF089900231993002900F048
:1041500049815846FBF7E4FB0DF16C09C1E59C056C
:104160003FF55DAF18EE104AA06DFBF7B7F9A289D5
:1041700055E7F006079A00F11F83710640F1198395
:1041800032F9043B0792DA1711466EE616F0100377
:10419000079940F0098316F0400000F001831A46A9
:1041A00051F8043B07919BB2C3E6079B1A460023D4
:1041B0008DF84330134653F8044B0393002C00F062
:1041C0001284532900F0658316F0100540F06183D6
:1041D0007B1C00F0B3843A4629462046FEF756FA87
:1041E0000890002800F09F84031B039A049323EA9D
:1041F000E3732F4607920393089557E6432902D0AD
:10420000F50640F12D83079D0822002116A82BAC4E
:10421000FBF788F816AB55F8042B21465846FFF7F4
:1042200013FC03460133049000F0B384049B07950C
:1042300023EAE373039300238DF8433003E7079BDE
:1042400053F8042B0692002A80F29C82069A52426E
:10425000CDE9062398F8001046F0040669E598F8C1
:1042600000108DF8434064E598F8001046F0800691
:104270005FE5424612F8011B2A2900F09684A1F15D
:104280003003092B90464FF000073FF654AD18F865
:10429000011B07EB870703EB4707A1F13003092B4D
:1042A000F5D948E598F8001046F0010641E59DF87B
:1042B0004330002B7FF4C2AD202398F800108DF816
:1042C000433036E598F800106C2903BF98F80110C8
:1042D00046F0200608F1010846F0100629E598F896
:1042E0000010682903BF98F8011046F4007608F121
:1042F000010846F040061CE546F010030393039BBB
:1043000013F0200200F00682079B073323F0070317
:1043100019465A6851F8083B079101210DE6079AA2
:1043200046F00203039352F8043B079247F630022B
:10433000ADF84420B84A0C9202210022FDE5B706F0
:1043400000F14882F50600F14683740600F1D5833A
:10435000B00540F14083079B059953F8042B079360
:104360001170BEE4039601293FF48CAD022944ACE0
:1043700011D10C9803F00F011B09415C04F8011DD9
:1043800043EA0273120953EA0201F3D1039E44ABDC
:104390001B1B049383E503F00701DB0843EA427328
:1043A000D208303153EA0205204604F8011DF2D14B
:1043B000039EF307EBD53029E8D03023023804F808
:1043C000013C44AB1B1A039E0493044667E5049B1F
:1043D0001B9401221C931A9319920DF16C0909F197
:1043E00008099DE60DF16C097BE4069A039D551BB7
:1043F000002D7FF776AE102D40F3BB83099418EEA5
:10440000104A07E000F1020C09F108091046103DBE
:10441000102D1EDD8149C9F80010421C10331021F7
:10442000072ACDE91923C9F80410EBDD18AA002BDF
:1044300074D0214658460DF16C09FFF7CBFB0028DC
:104440007FF4DBADDDE91903103D102D00F1010C07
:10445000E0DC099C714AC9F804502B44BCF1070FF9
:10446000CDE919C3C9F8002040F39481002B00F076
:104470001F8318EE101A18AA5846FFF7ABFB002846
:104480007FF4BBAD049ADDE91903BD1A002D00F1DC
:1044900001010DF16C097FF729AE102D29DD09947A
:1044A000102718EE104A07E000F1020C09F1080984
:1044B0001046103D102D1ADD421C58491033072AB2
:1044C000C9E90017CDE91923EEDD18AA03B3214687
:1044D00058460DF16C09FFF77DFB00287FF48DAD88
:1044E000DDE91903103D102D00F1010CE4DC099CFD
:1044F00061464A4AC9F804502B440729CDE91913EB
:10450000C9F8002000F3E78009F108090131EDE561
:104510004FF0010C18460DF16C09CAE74FF0010C81
:1045200018460DF16C0972E7002B00F0048118EEBB
:10453000101A18AA5846FFF74DFB00287FF45DAD0E
:10454000DDE919030DF16C09411CA7E5022311AA4D
:104550001C931B9201210DF16C09084609F1080911
:10456000411CBAE5102D40F3E582DDE919130F94E3
:10457000084618EE104A07E000F1020C09F108099C
:104580001046103D102D1DDD2549C9F80010421CB4
:1045900010331021072ACDE91923C9F80410EBDDE7
:1045A00018AA03B3214658460DF16C09FFF712FB18
:1045B00000287FF422ADDDE91903103D102D00F134
:1045C000010CE1DC0F9C6046154AC9F804502B44ED
:1045D0000728CDE91903C9F8002000F3C18009F1CB
:1045E0000809411C46E518464FF0010C0DF16C0915
:1045F000C7E77607199353D5069A0399541A002CE6
:104600004EDD0DF16C09102C40F3B082199918EEB3
:10461000106A10250DE000BF3C1100204C14002052
:1046200080110020881C09F108091146103C102C4B
:104630001ADD4A1CB3481033072AC9E90005CDE941
:104640001923EFDD18AA33B331465846FFF7C2FAF3
:1046500000287FF4D2ACDDE91913103C102C01F1D5
:1046600001000DF16C09E4DCA64AC9F804402344BA
:104670000728CDE91903C9F800207FF759AD7BB1B0
:1046800018EE101A18AA5846FFF7A4FA00287FF46B
:10469000B4AC1A9B4CE5012019460DF16C09C5E735
:1046A000DDE9053203998A42ACBF9B185B1805937C
:1046B00049E5B2F90C108F0518EE103A8AB23FF5B1
:1046C000E8AA18EE105A986DFAF706FFB5F90C1023
:1046D0008AB2FFF7DEBA002B3FF479AE18EE101A5B
:1046E00018AA5846FFF776FA00287FF486AC199985
:1046F0001A9B01310DF16C09F8E419920DF16C0966
:104700005EE4002F7FF4C3AB039E0027049744AC04
:10471000FFF7C5BB039B13F0100354D1039A12F0AB
:10472000400000F06B8107991A4651F8043B07914D
:104730009BB2012101E4099A002A64D118460121A3
:104740000DF16C09C9E4012118460DF16C09C4E4AE
:104750005B4262EB420203962D200121FFF7EEBB84
:10476000002B00F0888018EE101A18AA5846FFF7A0
:1047700031FA00287FF441ACDDE919030DF16C0931
:10478000411C77E498F800100793FFF7D2BA44ACC5
:10479000FFF785BB09F108090CF101016046A0E4AF
:1047A00016F4007240F0978151F8043B0791FFF72F
:1047B000C0BBB30500F1888152F8043B0792DA17B9
:1047C0001146FFF752BB079951F8043B07910121AD
:1047D000FFF7B3BB079B059853F8041B0793C21759
:1047E000C1E90002FFF77DBA0B9B002B3FF426AB1B
:1047F0000B9B1B78002B3FF421AB98F8001046F47C
:104800008066FFF796BA022311AA1C931B9201201F
:104810000DF16C09A2E6039671E53B4B0C9316F083
:10482000200259D0079B073323F0070318465A6824
:1048300050F8083B0790F40709D553EA020006D068
:104840008DF84510302146F002068DF8441026F40C
:10485000806103910221FFF770BB2C4B0C93DEE7C4
:10486000079B012153F8042B03918DF8AC2007938B
:1048700004912BACDFE49DF84320002A40F0328104
:10488000099A002A7FF462AE184601210DF16C09E5
:1048900027E40021082216A81394FAF743FD791C97
:1048A00000F0BC80002507942C460CE02BA958464C
:1048B000FFF7CAF8421C204400F06B81B84208DCC4
:1048C00000F070810446139A525916AB0435002A41
:1048D000ECD10494079CAFE016F0100307980CD1BC
:1048E00016F0400405D01A4650F8043B07909BB2DE
:1048F000A1E716F4007240F0E18050F8043B079005
:1049000099E700BF801100203C11002050110020C9
:104910000399049744AC9E4608EE90BA01F4806671
:104920004FF0000C234606E0BEF10A0F72F10002C0
:1049300039D3A6462A46A6491EEB020040F10000E4
:104940000F46A1FB001424F0030101EB9401401A6F
:10495000BEEB00014FF0CC3562F1000405FB01F520
:1049600007FB0455A1FB07410D44052704F0010195
:10497000A1FB071B09186408303103F8011C44EA45
:10498000C5740CF1010C013B6D08002ECCD00B99C5
:1049900009786145C8D1BCF1FF0FC5D0BEF10A0F3F
:1049A00072F100026CD21C4644AB1B1B049F039E99
:1049B000049318EE90BAFFF772BA0396FFF762BA43
:1049C0005846FAF7B5FBFFF75BB9012903967FF468
:1049D000CDACFFF75CBA079B059953F8042B116027
:1049E0000793FFF77EB9062F3B46039A794C07924F
:1049F00028BF062304930393FFF725BB039B079966
:104A000013F4007214BF51F8043B51F8043B0791B2
:104A10001CBF0246DBB20121FFF78FBA16AB009331
:104A20000023194613AA5846FFF734F8034601330A
:104A3000049000F0AE801394049B002B30D0632BC5
:104A400063DC002308932BAC0822002116A8FAF798
:104A500069FC049D16AB009313AA2B4621465846C9
:104A6000FFF718F8854240F0AB80039B049A079348
:104A70000023A3541F4622EAE2730393FFF716BAFA
:104A80000E9A0D999B1A18460893FDF7B3FD0B99E2
:104A9000089B4A780AB101310B914FF0000C48E7AE
:104AA000039B0793049B03931F460893FFF7FEB9EC
:104AB000012118460DF16C09FFF713BB50F8043BB8
:104AC00007902246DBB2B6E612F9043B0792DA17EA
:104AD0001146FFF7CAB951F8043B07910246DBB211
:104AE000FFF727BA01231C9301210DF143031B9308
:104AF0000DF16C090B46FFF7CDBA079B059953F8EA
:104B0000042B07931180FFF7ECB8591C5846FBF7AC
:104B10000DF8044600283CD0089095E7886DFAF718
:104B2000DDFCFFF7E9B9039B0793CDE90377089F05
:104B3000FFF7BCB919981A9B013045E5039B079311
:104B40002046FAF7EBFD20EAE0732F46049003932A
:104B50000895FFF7ABB918EE101A18AA5846FFF7D8
:104B600039F800283FF436AAFFF74DBA19980130FA
:104B70007AE58C466EE46B6ED90705D4AB899A054D
:104B800002D4A86DFAF7AAFC4FF0FF330593FFF7A4
:104B900049BA18EE102AB2F90C3043F04003938161
:104BA000FFF735BA079C049746E7079B98F8011072
:104BB00053F8047B0793904647EAE777FFF7B9B8C5
:104BC00018EE102A938943F040039381FFF715BA3A
:104BD000CDCCCCCC6411002070B50C468989ADF5E4
:104BE0008E6D21F00201ADF81410616E1B91E18908
:104BF000ADF81610E1690991616A0B911CA9029147
:104C000006914FF4806106460491079118A800218F
:104C1000CDE900320891FAF75BFCDDE9003202A928
:104C20003046FFF713F8051E07DB02A93046FDF7F3
:104C3000B7FC002818BF4FF0FF35BDF814305B06F5
:104C400003D5A38943F04003A3811898FAF742FCE7
:104C500028460DF58E6D70BD9368002B00F08580A1
:104C60002DE9F04FB1F90C300C461907804683B09E
:104C7000174698B225D523691BB310F002033D688F
:104C80002DD04FF0000ADFF8C0B25646B9465E4557
:104C90003346524628BF5B464046002E52D0E1695B
:104CA000676AB847002856DDD9F808301B1A8244D5
:104CB000361AC9F80830002BE9D1002003B0BDE84E
:104CC000F08F2146404600F041F9002840F038813D
:104CD000B4F90C303D6898B210F00203D1D110F055
:104CE000010944D14E46009746B38205D4F808B076
:104CF00040F18580B3455A4600F2B48010F4906FBD
:104D000040F0C18020680192494600F00FFAA36884
:104D1000019AA3EB0B012368A1601344B246236000
:104D20000026009A9368A3EB0A03D1449360002BFA
:104D3000C3D0B4F90C0080B2002ED6D1D5E90096CC
:104D40000835D1E7D5E900A60835A0E72146404659
:104D5000FDF726FC88B3B4F90C3043F040034FF064
:104D6000FF30A38103B0BDE8F08F002070471E46DE
:104D7000BA469946184600951F4666B3002832D0B9
:104D80004A46D4E904132068A568B24228BF3246D7
:104D9000884204D905EB030B5A4500F3A7809342E0
:104DA00064DCE169656A3A464046A847B0F1000B09
:104DB000D1DDB9EB0B09C9D00120DAF80830A3EB3B
:104DC0000B035F44A6EB0B06CAF80830002B3FF438
:104DD00074AF002ED2D1009A566813460832009262
:104DE000002EF8D01F6832460A213846FDF74EFCE7
:104DF000002800F09C800130A0EB0709C0E7206884
:104E00002369984216D86269B24213D86FF0004302
:104E1000B34228BF3346E16993FBF2F3676A02FBB2
:104E200003F340464A46B847B0F1000A93DDA6EBCB
:104E30000A0676E7B345DA4628BFB24652464946E7
:104E400000F074F9A3682268A3EB0A035244A3603C
:104E50002260002BEBD121464046FDF7A1FB002844
:104E6000E5D078E72068B34632464CE739460192F0
:104E700000F05CF9019AA3689B1AA36023681344AD
:104E80002360934695E723682169A3EB010B6369CF
:104E900003EB430A0AEBDA7A0BF101034FEA6A0AE1
:104EA00033445345524684BF9A46524643052CD557
:104EB00011464046FAF73AFE00283BD05A4621698F
:104EC0000190FAF773FBA289019B22F4906242F0F1
:104ED0008002A28103EB0B002361AAEB0B03C4F851
:104EE00014A0A3602060B34632460CE739465A4608
:104EF00000F01CF923685B44236021464046FDF71F
:104F00004FFB00283FF455AF25E74046FEF7B0FBC6
:104F100003460028DED121694046FAF701FDB4F9C5
:104F20000C300C2223F08003C8F8002015E7721C17
:104F3000914626E70C22B4F90C30C8F800200CE7A3
:104F40004FF0FF30BAE600BF00FCFF7F38B5314BB1
:104F50001B6805460C4613B15A6B002A4ED0B4F9B3
:104F60000C3018079AB21CD5216929B312F0010040
:104F700007D00020A06060694042A06139B10020E4
:104F800038BD950758BF6069A0600029F7D11206A7
:104F900058BF0846F4D543F04003A3814FF0FF30DB
:104FA00038BDD1062ED5520714D4216943F0080329
:104FB000A3819AB20029D9D102F42070B0F5007F04
:104FC000D4D02146284600F0C3F9B4F90C30216949
:104FD0009AB2CBE7216B51B104F14002914204D067
:104FE0002846FAF79DFCB4F90C30002222632169AF
:104FF0000022C4E9001223F02403D7E71846FAF789
:1050000097F8ACE7092243F040032A604FF0FF30E5
:10501000A38138BD9C1D00202DE9F04782B0824657
:1050200088461446FAF7D0F9012803D108F1FF3376
:10503000FE2B36D90DF10409424604F15C034946C2
:105040005046FEF701FD421C064632D020B39DF8C3
:1050500004C0002509E023685A1C226083F800C0C0
:105060000135B54218D219F801CFA368013B002BD6
:10507000A360F0DAA769BB4261462246504602DBD4
:10508000BCF10A0FE7D100F0CFF9431CE8D1064686
:10509000304602B0BDE8F0874646304602B0BDE873
:1050A000F0875FFA88FC8DF804C006460DF104090C
:1050B000CFE7A389304643F04003A38102B0BDE8A7
:1050C000F08700BF30B5536E13F0010FB2F90C300A
:1050D000144683B005469AB201D198051CD59004B8
:1050E00006D4626E43F4005342F40052A381626618
:1050F00022462846FFF790FF636EDA07054602D482
:10510000A3899B0502D5284603B030BDA06DFAF7F0
:10511000E5F9284603B030BDA06D0191FAF7DCF93E
:10512000B4F90C3001999AB2D9E700BF88420DD981
:105130008B1883420AD900EB020CBAB1624613F80D
:1051400001CD02F801CD9942F9D170470F2A0ED84E
:10515000034602F1FF3C4AB10CF1010C013B8C44C7
:1051600011F8012B03F8012F6145F9D1704740EA8E
:1051700001039B0750D1A2F1100370B501F1200C7F
:1051800023F00F0501F1100E00F11004AC441B09CF
:105190005EF8105C44F8105C5EF80C5C44F80C5C43
:1051A0005EF8085C44F8085C5EF8045C44F8045C53
:1051B0000EF1100EE64504F11004E9D1013312F0AE
:1051C0000C0F01EB031102F00F0400EB031327D0C7
:1051D000043C24F003064FEA940C1E441C1F8E4628
:1051E0005EF8045B44F8045FB442F9D10CF10104A9
:1051F00002F0030203EB840301EB840102F1FF3CA4
:105200004AB10CF1010C013B8C4411F8012B03F85D
:10521000012F6145F9D170BD02F1FF3C03469BE7C8
:105220002246EBE72DE9F04F8BB0DDE9158A149F9C
:105230000391814605921E46B8F1000F5CD0039B96
:10524000002B5ED0059B1D68002F6AD0741E4EB3E4
:10525000039B0493043D002601950BE0039B2BBBAD
:10526000019B1A68002A3AD0BC455CD2013C631C01
:10527000664617D0D8F800300293019BDAF8E05068
:1052800053F8042F019307A943464846D8F804B0C1
:10529000A847421C3AD000EB060CBC45DED9029B65
:1052A000C8E9003B30460BB0BDE8F08F00280EDDAA
:1052B000049B019D18445A1E07A900F1FF3E11F8F6
:1052C000013B02F8013F7245F9D101950490059B1D
:1052D0001A6804321A60019B1A68002AC4D1039B21
:1052E0000BB1059B1A600CF1FF3600223046C8F85E
:1052F00000200BB0BDE8F08F039B00F58678002BF3
:10530000A0D1059B4FF0FF371D689FE706468A2115
:1053100000223046C9F80010C8F800200BB0BDE8E4
:10532000F08F3E46BEE76646BCE700BF10B584B0CE
:10533000054C069800900798019004480068029474
:10534000FFF770FF04B010BD141800209C1D002052
:105350002DE9F0418B890C46990796B008D504F1E8
:1053600043030122C4E90432236016B0BDE8F08192
:10537000B4F90E100029064625DB6A4600F0ACF8A9
:1053800000281FDB019D05F47045A5F50055B5FA11
:1053900085F54FF480686D094FF40067414630464B
:1053A000FAF7C4FBE0B1B4F90C30C4F8148043F050
:1053B000800320602061A38135BB3B43A38116B0ED
:1053C000BDE8F081A38913F0800519D04FF04008A3
:1053D0000025414630462F46FAF7A8FB0028E2D1C7
:1053E000B4F90C309A05C0D423F0030304F143024E
:1053F00043F002030121C4E90421A3812260B4E740
:105400004FF480682F46C9E7B4F90E10304600F01B
:1054100079F810B9B4F90C30CFE7A38923F003036E
:1054200043F001031BB2C8E7F8B50D461446064623
:1054300010B1436B002B4CD0B4F90C20A369A360CE
:10544000170790B21BD52369CBB1EDB281042F466B
:1054500022D522686169D31A994229DD0133A168F6
:105460000139A160511C2160157062699A4227D0F0
:10547000A389DB0701D50A2D22D03846F8BD214685
:105480003046FFF763FD08BBB4F90C20236990B2E6
:10549000EDB281042F46DCD442F40052A281626E48
:1054A000616922F4005262662268D31A9942D5DCFF
:1054B00021463046FDF774F840B922680123CEE753
:1054C00021463046FDF76CF80028D6D04FF0FF3764
:1054D000D3E7F9F72DFEAFE770B50C46084D03464C
:1054E0000026204611461C462E60F6F7A7F8431CFE
:1054F00000D070BD2B68002BFBD0236070BD00BFB7
:10550000ACA3002038B5074D0022044608462A60A7
:10551000F6F79AF8431C00D038BD2B68002BFBD05F
:10552000236038BDACA30020024B01461868FAF78F
:10553000FDBA00BF9C1D0020024B01461868FAF717
:10554000EFB900BF9C1D002010B4044C03460A466E
:1055500020685DF8044B1946FEF78AB89C1D0020B0
:105560000CB410B51F4B00291C689CB035DB4FF400
:105570000273ADF81430029006901FAB18D00139B9
:105580004FF6FF7204910791ADF8162002A91E9AFA
:1055900001932046FBF766F9421C01DA8B23236056
:1055A000029B00221A701CB0BDE8104002B0704788
:1055B0004FF6FF7204910791ADF8162002A91E9ACA
:1055C00001932046FBF74EF9431C01DA8B2323603D
:1055D0001CB0BDE8104002B070478B2323604FF031
:1055E000FF30F5E79C1D0020000000005FF800F090
:1055F000711C00605FF800F0C51C00605FF800F0EF
:0C560000E11B0060000000000000000042
:04560C00F8B500BF2E
:085610006492FF7F010000001D
:105618000000000000000000000000000000000082
:105628000000000000000000000000000000000072
:105638000000000000000000000000000000000062
:105648000000000000000000000000000000000052
:105658000000000000000000000000000000000042
:105668000000000000000000000000000000000032
:105678000000000000000000000000000000000022
:105688000000000000000000000000000000000012
:105698000000000000000000000000000000000002
:1056A80000000000000000000000000000000000F2
:1056B80000000000000000000000000000000000E2
:1056C80000000000000000000000000000000000D2
:1056D80000000000000000000000000000000000C2
:1056E80000000000000000000000000000000000B2
:1056F80000000000000000000000000000000000A2
:105708000000000000000000000000000000000091
:105718000000000000000000000000000000000081
:105728000000000000000000000000000000000071
:105738000000000000000000000000000000000061
:105748000000000000000000000000000000000051
:105758000000000000000000000000000000000041
:105768000000000000000000000000000000000031
:105778000000000000000000000000000000000021
:105788000000000000000000000000000000000011
:105798000000000000000000000000000000000001
:1057A80000000000000000000000000000000000F1
:1057B80000000000000000000000000000000000E1
:1057C80000000000000000000000000000000000D1
:1057D80000000000000000000000000000000000C1
:1057E80000000000000000000000000000000000B1
:1057F80000000000000000000000000000000000A1
:105808000000000000000000000000000000000090
:105818000000000000000000000000000000000080
:105828000000000000000000000000000000000070
:105838000000000000000000000000000000000060
:105848000000000000000000000000000000000050
:105858000000000000000000000000000000000040
:105868000000000000000000000000000000000030
:105878000000000000000000000000000000000020
:105888000000000000000000000000000000000010
:105898000080E03779C34143176E05B5B5B8934624
:1058A800F5F93FE9034F384D321D30F94877825AF0
:1058B8003CBF737FDD4F1575000000000000F03F0E
:1058C80000000000000024400000000000005940D3
:1058D8000000000000408F40000000000088C34026
:1058E80000000000006AF8400000000080842E419B
:1058F80000000000D01263410000000084D79741E7
:105908000000000065CDCD41000000205FA00242EC
:10591800000000E876483742000000A2941A6D4261
:10592800000040E59C30A2420000901EC4BCD64254
:1059380000003426F56B0C430080E03779C34143FF
:1059480000A0D8855734764300C84E676DC1AB4375
:10595800003D9160E458E143408CB5781DAF154493
:1059680050EFE2D6E41A4B4492D54D06CFF080446E
:10597800F64AE1C7022DB544B49DD9794378EA4483
:10598800000000000000F03F000000000000F0BF31
:10599800000000000000F0BF000000000000F03F21
:1059A80083C8C96D305F6441182D4454FB21F93F09
:1059B800000000000000F03F1C620CFDFFFFDFBF8D
:1059C800198F06E15355A53F9D359AE887C056BF04
:1059D800C3F87B024393F93E03A695595455C5BFB6
:1059E800C40B23057610813F24CF7437EB9429BF6D
:1059F800000000000000F03F000000000000F0BFC1
:105A0800000000000000F0BF000000000000F03FB0
:105A180083C8C96D305F6441182D4454FB21F93F98
:105A2800000000000000F0BF1C620CFDFFFFDF3F1C
:105A3800198F06E15355A5BF9D359AE887C0563F93
:105A4800C3F87B024393F9BE03A695595455C5BFC5
:105A5800C40B23057610813F24CF7437EB9429BFFC
:105A6800D8399D270054EA2A00A4781F007B9A178A
:105A780000000042C8801F40B8821F400800000094
:105A880000000042C4801F40B4821F400400000090
:105A980000C0004224801F4014821F4010000000F4
:105AA80000C0004228801F4018821F4020000000CC
:105AB80000C000422C801F401C821F404000000094
:105AC80000C0004234801F4024821F4000010000B3
:105AD8000040004264811F4054831F4000040000BE
:105AE8000040004280811F4070831F400000020078
:105AF800004000427C811F406C831F400000010071
:105B08000040004268811F4058831F400008000081
:105B1800004000423C811F402C831F4001000000D0
:105B28000040004244811F4034831F4004000000AD
:105B38000040004240811F4030831F4002000000A7
:105B48000040004248811F4038831F400800000081
:105B58000000004204811F40F4821F40000004003E
:105B68000000004208811F40F8821F400000080022
:105B78000000004218811F4008831F400000800079
:105B88000000004214811F4004831F4000004000B1
:105B98000000004200811F40F0821F400000020008
:105BA80000000042FC801F40EC821F400000010002
:105BB8000000004224811F4014831F40000000049D
:105BC8000000004228811F4018831F400000000881
:105BD800000000421C811F400C831F400000000190
:105BE8000000004220811F4010831F400000000277
:105BF80000000042EC801F40DC821F4000100000C3
:105C080000000042F0801F40E0821F40002000009A
:105C18000000004234811F4024831F4000000040E0
:105C28000000004238811F4028831F400000008088
:105C38000080004294801F4084821F4000000400BE
:105C480000C0004290801F4080821F4000000080FA
:105C580000800042A8801F4098821F4000008000FA
:105C680000800042A4801F4094821F400000400032
:105C7800004000426C811F405C831F400010000000
:105C880000C0004230801F4020821F40800000007A
:105C980000800042C8811F40B8831F400080000078
:105CA80000800042C4811F40B4831F4000400000B0
:105CB80000800042C0811F40B0831F4000200000C8
:105CC80000800042BC811F40AC831F4000100000D0
:105CD80000800042D0811F40C0831F4000000200A6
:105CE80000800042CC811F40BC831F40000001009F
:105CF80000000000003E5B4F5B3E3E6B4F6B3E1C5E
:105D08003E7C3E1C183C7E3C181C577D571C1C5E74
:105D18007F5E1C00183C1800FFE7C3E7FF0018244B
:105D28001800FFE7DBE7FF30483A060E26297929F5
:105D380026407F050507407F05253F5A3CE73C5A2A
:105D48007F3E1C1C08081C1C3E7F14227F22145F07
:105D58005F005F5F06097F017F006689956A606062
:105D680060606094A2FFA29408047E040810207E5C
:105D7800201008082A1C08081C2A08081E101010E1
:105D8800100C1E0C1E0C30383E3830060E3E0E0627
:105D9800000000000000005F00000007000700147A
:105DA8007F147F14242A7F2A122313086462364939
:105DB8005620500008070300001C22410000412221
:105DC8001C002A1C7F1C2A08083E08080080703026
:105DD8000008080808080000606000201008040295
:105DE8003E5149453E00427F40007249494946219B
:105DF80041494D331814127F1027454545393C4A0F
:105E08004949314121110907364949493646494925
:105E1800291E00001400000040340000000814226D
:105E280041141414141400412214080201590906DB
:105E38003E415D594E7C1211127C7F494949363EDC
:105E4800414141227F4141413E7F494949417F09C2
:105E58000909013E414151737F0808087F00417FCD
:105E680041002040413F017F081422417F404040CB
:105E7800407F021C027F7F0408107F3E4141413E63
:105E88007F090909063E4151215E7F0919294626E5
:105E98004949493203017F01033F4040403F1F20E9
:105EA80040201F3F4038403F6314081463030478C0
:105EB80004036159494D43007F41414102040810E0
:105EC80020004141417F040201020440404040401B
:105ED800000307080020545478407F284444383889
:105EE80044444428384444287F38545454180008FB
:105EF8007E090218A4A49C787F0804047800447DD5
:105F080040002040403D007F1028440000417F4071
:105F1800007C047804787C080404783844444438C5
:105F2800FC1824241818242418FC7C0804040848A5
:105F38005454542404043F44243C4040207C1C20F6
:105F480040201C3C4030403C44281028444C909051
:105F5800907C4464544C44000836410000007700AB
:105F680000004136080002010204023C2623263CB8
:105F78001EA1A161123A4040207A38545455592143
:105F8800555579412254547842215554784020542B
:105F98005579400C1E527212395555555939545479
:105FA800545939555454580000457C410002457DE8
:105FB800420001457C407D1211127DF0282528F011
:105FC8007C545545002054547C547C0A097F49323E
:105FD800494949323A4444443A324A4848303A41B5
:105FE80041217A3A42402078009DA0A07D3D42425E
:105FF800423D3D4040403D3C24FF2424487E4943E7
:10600800662B2FFC2F2BFF0929F620C0887E090359
:1060180020545479410000447D413048484A323880
:106028004040227A007A0A0A727D0D19317D2629AC
:10603800292F28262929292630484D4020380808A4
:10604800080808080808382F10C8ACBA2F102834D8
:10605800FA00007B000008142A142222142A1408CB
:106068005500550055AA55AA55AAFF55FF55FF00DA
:106078000000FF00101010FF00141414FF0010108F
:10608800FF00FF1010F010F0141414FC001414F7A3
:1060980000FF0000FF00FF1414F404FC1414171090
:1060A8001F10101F101F1414141F00101010F000E0
:1060B8000000001F101010101F10101010F010001A
:1060C8000000FF101010101010101010FF1000002A
:1060D80000FF140000FF00FF00001F10170000FC65
:1060E80004F414141710171414F404F40000FF0037
:1060F800F714141414141414F700F71414141714C0
:1061080010101F101F141414F4141010F010F000C5
:10611800001F101F0000001F14000000FC140000E6
:10612800F010F01010FF10FF141414FF14101010CA
:106138001F00000000F010FFFFFFFFFFF0F0F0F07D
:10614800F0FFFFFF0000000000FFFF0F0F0F0F0F11
:106158003844443844FC4A4A4A347E02020606025D
:106168007E027E0263554941633844443C04407EC4
:10617800201E2006027E020299A5E7A5991C2A493D
:106188002A1C4C7201724C304A4D4D3030487848C8
:1061980030BC625A463D3E494949007E0101017EB4
:1061A8002A2A2A2A2A44445F444440514A44404007
:1061B800444A51400000FF0103E080FF0000080846
:1061C8006B6B083612362436060F090F06000018C6
:1061D800180000001010003040FF0101001F0101ED
:1061E8001E00191D1712003C3C3C3C00000000003A
:1061F800200021007F220007000056000000560002
:106208002E000100840056000000DA002E00010074
:1062180000FF000A0000FF07FF000007FFFFFF075D
:106228000000000000010000841700201200000098
:1062380000060000E82200600A00000000020000DA
:106248008C1D00606200000000070000281D00602F
:1062580062000000EE030000F817002012000000A2
:10626800000004EED0170020280000000003000002
:10627800E42200600000000001030904CC22006051
:106288000000000002030904B422006000000000BE
:1062980003030904B41700200000000000000000F8
:1062A80000000000000000000000000000000000E6
:1062B800D5190000D5170000A104000005660000EC
:1062C8009D0A0000E14900008D010000DD01000089
:1062D800A50400008901000085010000E10100001B
:1062E800C9070000000000006CC00F40C00000009B
:1062F800504F0000A50A00000C0000001300000029
:106308000000000024851F400B000000130000005F
:106318000000000028851F400D0000001300000049
:106328000000000020851F400A0000001300000044
:10633800010000001C851F40000000000000000054
:106348006D6400005164000015350000CD33000075
:106358004D3D0000C56100009D2C00009D360000E9
:1063680000190000952900000000000074C00F40CB
:10637800C0000000000000000200000050851F401F
:1063880001000000FF000000FF0000000000000006
:1063980000000000010000000200000054851F40BA
:1063A80001000000FF000000FF00000000000000E6
:1063B80000000000FF004000260018007C000000DC
:1063C8000000000000000000BD3C000025020000A5
:1063D800592800005D3B00007904000001290000F5
:1063E8007D28000039240000F13A0000352400001F
:1063F80070C00F40C0000000120000001300000031
:10640800D0841F4001000000FF000000FF000000D2
:10641800000000000000000013000000130000004E
:10642800CC841F4001000000FF000000FF000000B6
:1064380000000000000000001C0000001908000017
:1064480000000000000000004D040000655200003C
:10645800CD07000015080000D1070000DD07000087
:10646800FD0700000000000000000000F515000016
:1064780025020000CD07000015080000D11B000010
:10648800D1020000610B0000B90D0000D502000028
:10649800A50D0000710B0000D102000031170000AB
:1064A800D145000075230000FD220000E90200002C
:1064B800810E0000A10E0000450F00002C2066751B
:1064C8006E6374696F6E3A20000000006173736533
:1064D8007274696F6E2022257322206661696C656B
:1064E800643A2066696C6520222573222C206C6929
:1064F8006E65202564257325730A0000A20000003C
:10650800F9A2000083F9A2006E83F9A24E6E83F906
:10651800444E6E8315444E6E2915444EFC2915448D
:1065280027FC29155727FC29D15727FCF5D15727D0
:1065380034F5D157DD34F5D1C0DD34F5DBC0DD34B9
:1065480062DBC0DD9562DBC0999562DB3C999562A0
:10655800433C999590433C994190433C42616C6C13
:106568006F6320737563636565646564000000008C
:106578002F646174612F6A656E6B696E732F776F14
:10658800726B73706163652F474E552D746F6F6C16
:10659800636861696E2F61726D2D31312F7372637B
:1065A8002F6E65776C69622D63796777696E2F6ED8
:1065B80065776C69622F6C6962632F7374646C69A8
:1065C800622F6D707265632E63000000002020202A
:1065D800202020202020282828282820202020208B
:1065E800202020202020202020202020208810105B
:1065F80010101010101010101010101010040404B7
:106608000404040404040410101010101010414174
:106618004141414101010101010101010101010162
:106628000101010101010101101010101010424276
:106638004242424202020202020202020202020232
:1066480002020202020202021010101020000000D2
:106658000000000000000000000000000000000032
:106668000000000000000000000000000000000022
:106678000000000000000000000000000000000012
:106688000000000000000000000000000000000002
:1066980000000000000000000000000000000000F2
:1066A80000000000000000000000000000000000E2
:1066B80000000000000000000000000000000000D2
:1066C80000000000000000000000000000000000C2
:1066D800496E66696E697479000000004E614E006B
:1066E8002F646174612F6A656E6B696E732F776FA3
:1066F800726B73706163652F474E552D746F6F6CA5
:10670800636861696E2F61726D2D31312F73726309
:106718002F6E65776C69622D63796777696E2F6E66
:1067280065776C69622F6C6962632F7374646C6936
:10673800622F64746F612E6300000000494E4600AA
:10674800696E66004E414E006E616E003031323324
:106758003435363738396162636465660000000095
:10676800303132333435363738394142434445467F
:1067780000000000286E756C6C29000030000000D5
:106788002020202020202020202020202020202001
:1067980020202020202020202020202020202020F1
:1067A80005000000190000007D0000004853202863
:1067B800343830290000000046532028313229009F
:1067C800313A20504552464F524D414E4345000004
:1067D800434C4F434B2020203A200000204D487A5C
:1067E80000000000564F4C54202020203A20000082
:1067F8004652414D452054203A200000323A205458
:106808004845524D414C20284329000043555252D7
:10681800454E54203A2000004D4158494D414C20E6
:106828003A2000004D494E494D414C203A20000085
:10683800333A20504F574552204553542E000000FC
:106848004C4F41442020203A20000000414D505335
:106858002020203A20000000564F4C545E32203A47
:1068680020000000343A2053595354454D204845E0
:10687800414C54480000000046524545203A20004B
:106888004D494E20203A200044524F50203A2000D3
:106898004C414720203A200052582020203A20001E
:1068A800353A2053595354454D20494E464F000020
:1068B800555342203A200000534554203A20000006
:1068C800414354203A2000004C4154203A20000013
:1068D8004C45442054455354000000005B49324362
:1068E8005D207265713D256C7520487A207C206199
:1068F80070706C6965643D256C7520487A0D0A00D6
:106908004D414E55414C20434F4E464947000000EB
:1069180042544E20434C49434B3A202B31204C459E
:106928004400000042544E20484F4C44203A205323
:10693800415645005745422020202020203A205328
:106948004554204C4544530053415645443A200091
:106958004155544F3A2000004C4544733A200000FA
:106968004155544F3A20737461727420736F667482
:106978007761726500000000524553455420434F2B
:106988004E4649472E2E2E004D415452495800007C
:10699800424F4F54000000004C4F4144494E4700BD
:1069A800444F4E45000000006433726227730000B4
:1069B8004C45440076332E312E352E6D7875000007
:1069C80044494D3A2000000053454E44494E472063
:1069D800574946492E2E2E00256C75004350553ACE
:1069E80000000000252E31664D422F730000000084
:1069F80025644B422F730000467265653A0000001B
:106A08006B205350493A00004C435F434F4C4C4174
:106A1800544500004C435F43545950450000000062
:106A28004C435F4D4F4E4554415259004C435F4EC5
:106A3800554D4552494300004C435F54494D45006C
:106A48004C435F4D45535341474553003030303038
:106A5800303030303030303030303030303030302E
:106A680030303030303030303030303000000000DE
:106A78000000000070A20020D8A2002040A300203F
:106A880000000000000000000000000000000000FE
:106A980000000000000000000000000000000000EE
:106AA80000000000000000000000000000000000DE
:106AB80000000000000000000000000000000000CE
:106AC80000000000000000000000000000000000BE
:106AD80000000000000000000000000000000000AE
:106AE800000000000000000000000000000000009E
:106AF800000000000000000000000000000000008E
:106B0800000000000000000001000000000000007C
:106B18000E33CDAB34126DE6ECDE05000B00000041
:106B2800000000000000000000000000000000005D
:106B3800000000000000000000000000000000004D
:106B4800000000000000000000000000000000003D
:106B5800000000000000000000000000000000002D
:106B6800000000000000000000000000000000001D
:106B7800000000000000000000000000000000000D
:106B880000000000000000000000000000000000FD
:106B980000003A40D80C002000000000000000006F
:106BA80000000000000000000000000000000000DD
:106BB80000000000000000000000000000000000CD
:106BC80000000000000000000000000000000000BD
:106BD80000000000000000000000000000000000AD
:106BE800380E002000000000E8030000000000004C
:106BF80000003F40E00D0020000000000000000001
:106C0800000000000000000000000000000000007C
:106C1800000000000000000000000000000000006C
:106C2800000000000000000000000000000000005C
:106C3800000000000000000000000000000000004C
:106C4800000000000000000000000000000000003C
:106C5800000000000000000000000000000000002C
:106C6800000000000000000000000000000000001C
:106C7800000000000000000000000000000000000C
:106C880000000000000000000000000000000000FC
:106C980000000000000000000000000000000000EC
:106CA80000000000000000000000000000000000DC
:106CB80000000000000000000000000000000000CC
:106CC80000000000000000000000000000000000BC
:106CD80000000000000000000000000000000000AC
:106CE800000000000000000000000000000000009C
:106CF800000000000000000000000000000000008C
:106D0800000000000000000000000000000000007B
:106D1800000000000000000000000000000000006B
:106D2800B80D002000000000E8030000000000008B
:106D380000801940500D0020000000007C710020E8
:106D48003C7100200000000000000000400000002E
:106D5800400000004000000040000000000000006B
:106D6800000000000000000000000000000000001B
:106D7800000000000000000000000000000000000B
:106D8800007B9A170029DE070000C84200000800AF
:106D98000100000012010002EF020140C016830446
:106DA8007902010203010000300D002000000000FC
:106DB800E803000000000000FF010A00FC51002069
:106DC800BC3200200C03000000000000000000009E
:106DD80000000000000000000000000080302020BB
:106DE800280000000001040001000000000000006D
:106DF800020157494E5553420000000000000000B0
:106E0800000000000000000012034D00530046007F
:106E18005400310030003000F800000030A200209B
:106E28000000000043000000000000000000000017
:106E3800000000000000000000000000000000004A
:106E480000000000430000000000000000000000F7
:106E5800000000000000000000000000000000002A
:106E680000000000430000000000000000000000D7
:106E7800000000000000000000000000000000000A
:106E880000000000430000000000000000000000B7
:106E980000000000000000000000000000000000EA
:106EA8000000000043000000000000000000000097
:106EB80000000000000000000000000000000000CA
:106EC8000000000043000000000000000000000077
:106ED80000000000000000000000000000000000AA
:106EE8000000000043000000000000000000000057
:106EF800000000000000000000000000000000008A
:106F080000000000ADE10000F1D900000000000021
:106F1800BC0F00202C120020B80E0020B80E002054
:106F2800B80E0020B80E0020B80E0020B80E0020C1
:106F3800B80E0020B80E0020B80E0020FFFFFFFF9B
:106F4800FFFFFFFFFFFFFFFFFFFF000001004153AE
:106F58004349490000000000000000000000000054
:106F68000000000000000000000000000000415385
:106F78004349490000000000000000000000000034
:106F880000000000000000000000000000000000F9
:106F98000000000000000000801900208019002077
:106FA80088190020881900209019002090190020C5
:106FB8009819002098190020A0190020A019002075
:106FC800A8190020A8190020B0190020B019002025
:106FD800B8190020B8190020C0190020C0190020D5
:106FE800C8190020C8190020D0190020D019002085
:106FF800D8190020D8190020E0190020E019002035
:10700800E8190020E8190020F0190020F0190020E4
:10701800F8190020F8190020001A0020001A002092
:10702800081A0020081A0020101A0020101A002040
:10703800181A0020181A0020201A0020201A0020F0
:10704800281A0020281A0020301A0020301A0020A0
:10705800381A0020381A0020401A0020401A002050
:10706800481A0020481A0020501A0020501A002000
:10707800581A0020581A0020601A0020601A0020B0
:10708800681A0020681A0020701A0020701A002060
:10709800781A0020781A0020801A0020801A002010
:1070A800881A0020881A0020901A0020901A0020C0
:1070B800981A0020981A0020A01A0020A01A002070
:1070C800A81A0020A81A0020B01A0020B01A002020
:1070D800B81A0020B81A0020C01A0020C01A0020D0
:1070E800C81A0020C81A0020D01A0020D01A002080
:1070F800D81A0020D81A0020E01A0020E01A002030
:10710800E81A0020E81A0020F01A0020F01A0020DF
:10711800F81A0020F81A0020001B0020001B00208D
:10712800081B0020081B0020101B0020101B00203B
:10713800181B0020181B0020201B0020201B0020EB
:10714800281B0020281B0020301B0020301B00209B
:10715800381B0020381B0020401B0020401B00204B
:10716800481B0020481B0020501B0020501B0020FB
:10717800581B0020581B0020601B0020601B0020AB
:10718800681B0020681B0020701B0020701B00205B
:10719800781B0020781B0020801B0020801B00200B
:1071A800881B0020881B0020901B0020901B0020BB
:1071B800981B0020981B0020A01B0020A01B00206B
:1071C800A81B0020A81B0020B01B0020B01B00201B
:1071D800B81B0020B81B0020C01B0020C01B0020CB
:1071E800C81B0020C81B0020D01B0020D01B00207B
:1071F800D81B0020D81B0020E01B0020E01B00202B
:10720800E81B0020E81B0020F01B0020F01B0020DA
:10721800F81B0020F81B0020001C0020001C002088
:10722800081C0020081C0020101C0020101C002036
:10723800181C0020181C0020201C0020201C0020E6
:10724800281C0020281C0020301C0020301C002096
:10725800381C0020381C0020401C0020401C002046
:10726800481C0020481C0020501C0020501C0020F6
:10727800581C0020581C0020601C0020601C0020A6
:10728800681C0020681C0020701C0020701C002056
:10729800781C0020781C0020801C0020801C002006
:1072A800881C0020881C0020901C0020901C0020B6
:1072B800981C0020981C0020A01C0020A01C002066
:1072C800A81C0020A81C0020B01C0020B01C002016
:1072D800B81C0020B81C0020C01C0020C01C0020C6
:1072E800C81C0020C81C0020D01C0020D01C002076
:1072F800D81C0020D81C0020E01C0020E01C002026
:10730800E81C0020E81C0020F01C0020F01C0020D5
:10731800F81C0020F81C0020001D0020001D002083
:10732800081D0020081D0020101D0020101D002031
:10733800181D0020181D0020201D0020201D0020E1
:10734800281D0020281D0020301D0020301D002091
:10735800381D0020381D0020401D0020401D002041
:10736800481D0020481D0020501D0020501D0020F1
:10737800581D0020581D0020601D0020601D0020A1
:10738800681D0020681D0020701D0020701D002051
:10739800781D0020781D0020FFFFFFFF000002007D
:1073A800000000000300000070A20020601400200C
:1073B80000000000000000000000000000000000C5
:1073C80000000000000000000000000000000000B5
:1073D80000000000000000000000000000000000A5
:1073E8000000000000000000000000000000000095
:1073F8000000000000000000000000000000000085
:107408000000000000000000000000000000000074
:107418000000000000000000000000000000000064
:107428000000000000000000000000000000000054
:107438000000000000000000000000000000000044
:107448000000000000000000000000000000000034
:107458000000000000000000000000000000000024
:107468000000000000000000000000000000000014
:107478000000000000000000000000000000000004
:1074880000000000000000000000000000000000F4
:1074980000000000000000000000000000000000E4
:1074A80000000000000000000000000000000000D4
:1074B80000000000000000000000000000000000C4
:1074C80000000000000000000000000000000000B4
:1074D80000000000000000000000000000000000A4
:1074E8000000000000000000000000000000000094
:1074F8000000000000000000000000000000000084
:107508000000000000000000000000000000000073
:107518000000000000000000000000000000000063
:107528000000000000000000000000000000000053
:107538000000000000000000000000000000000043
:107548000000000000000000000000000000000033
:107558000000000000000000000000000000000023
:107568000000000000000000000000000000000013
:107578000000000000000000000000000000000003
:1075880000000000000000000000000000000000F3
:1075980000000000000000000000000000000000E3
:1075A80000000000000000000000000000000000D3
:1075B80000000000000000000000000000000000C3
:1075C80000000000000000000000000000000000B3
:1075D80000000000000000000000000000000000A3
:1075E8000000000000000000000000000000000093
:1075F8000000000000000000000000000000000083
:107608000000000000000000000000000000000072
:107618000000000000000000000000000000000062
:107628000000000000000000000000000000000052
:107638000000000000000000000000000000000042
:107648000000000000000000000000000000000032
:107658000000000000000000000000000000000022
:107668000000000000000000000000000000000012
:107678000000000000000000000000000000000002
:1076880000000000000000000000000000000000F2
:1076980000000000000000000000000000000000E2
:1076A80000000000000000000000000000000000D2
:1076B80000000000000000000000000000000000C2
:1076C80000000000000000000000000000000000B2
:1076D80000000000000000000000000000000000A2
:1076E8000000000000000000000000000000000092
:1076F8000000000000000000000000000000000082
:107708000000000000000000000000000000000071
:107718000000000000000000000000000000000061
:107728000000000000000000000000000000000051
:107738000000000000000000000000000000000041
:107748000000000000000000000000000000000031
:107758000000000000000000000000000000000021
:107768000000000000000000000000000000000011
:107778000000000000000000000000000000000001
:1077880000000000000000000000000000000000F1
:1077980000000000000000000000000000000000E1
:1077A80000000000000000000000000000000000D1
:1077B80000000000000000000000000000000000C1
:1077C80000000000000000000000000000000000B1
:1077D80000000000000000000000000000000000A1
:1077E8000000000000000000000000000000000091
:1077F8000000000000000000000000000000000081
:107808000000000000000000000000000000000070
:107818000000000000000000000000000000000060
:107828000000000000000000000000000000000050
:107838000000000000000000000000000000000040
:107848000000000000000000000000000000000030
:107858000000000000000000000000000000000020
:107868000000000000000000000000000000000010
:107878000000000000000000000000000000000000
:1078880000000000000000000000000000000000F0
:1078980000000000000000000000000000000000E0
:1078A80000000000000000000000000000000000D0
:1078B80000000000000000000000000000000000C0
:1078C80000000000000000000000000000000000B0
:1078D800FFFFFFFFFFFFFFFFFFFFFFFFFFFFFFFFB0
:1078E800FFFFFFFFFFFFFFFFFFFFFFFFFFFFFFFFA0
:1078F800FFFFFFFFFFFFFFFFFFFFFFFFFFFFFFFF90
:10790800FFFFFFFFFFFFFFFFFFFFFFFFFFFFFFFF7F
:10791800FFFFFFFFFFFFFFFFFFFFFFFFFFFFFFFF6F
:10792800FFFFFFFFFFFFFFFFFFFFFFFFFFFFFFFF5F
:10793800FFFFFFFFFFFFFFFFFFFFFFFFFFFFFFFF4F
:10794800FFFFFFFFFFFFFFFFFFFFFFFFFFFFFFFF3F
:10795800FFFFFFFFFFFFFFFFFFFFFFFFFFFFFFFF2F
:10796800FFFFFFFFFFFFFFFFFFFFFFFFFFFFFFFF1F
:10797800FFFFFFFFFFFFFFFFFFFFFFFFFFFFFFFF0F
:10798800FFFFFFFFFFFFFFFFFFFFFFFFFFFFFFFFFF
:10799800FFFFFFFFFFFFFFFFFFFFFFFFFFFFFFFFEF
:1079A800FFFFFFFFFFFFFFFFFFFFFFFFFFFFFFFFDF
:1079B800FFFFFFFFFFFFFFFFFFFFFFFFFFFFFFFFCF
:1079C800FFFFFFFFFFFFFFFFFFFFFFFFFFFFFFFFBF
:1079D800FFFFFFFFFFFFFFFFFFFFFFFFFFFFFFFFAF
:1079E800FFFFFFFFFFFFFFFFFFFFFFFFFFFFFFFF9F
:1079F800FFFFFFFFFFFFFFFFFFFFFFFFFFFFFFFF8F
:107A0800FFFFFFFFFFFFFFFFFFFFFFFFFFFFFFFF7E
:107A1800FFFFFFFFFFFFFFFFFFFFFFFFFFFFFFFF6E
:107A2800FFFFFFFFFFFFFFFFFFFFFFFFFFFFFFFF5E
:107A3800FFFFFFFFFFFFFFFFFFFFFFFFFFFFFFFF4E
:107A4800FFFFFFFFFFFFFFFFFFFFFFFFFFFFFFFF3E
:107A5800FFFFFFFFFFFFFFFFFFFFFFFFFFFFFFFF2E
:107A6800FFFFFFFFFFFFFFFFFFFFFFFFFFFFFFFF1E
:107A7800FFFFFFFFFFFFFFFFFFFFFFFFFFFFFFFF0E
:107A8800FFFFFFFFFFFFFFFFFFFFFFFFFFFFFFFFFE
:107A9800FFFFFFFFFFFFFFFFFFFFFFFFFFFFFFFFEE
:107AA800FFFFFFFFFFFFFFFFFFFFFFFFFFFFFFFFDE
:107AB800FFFFFFFFFFFFFFFFFFFFFFFFFFFFFFFFCE
:107AC800FFFFFFFFFFFFFFFFFFFFFFFFFFFFFFFFBE
:107AD800FFFFFFFFFFFFFFFFFFFFFFFFFFFFFFFFAE
:107AE800FFFFFFFFFFFFFFFFFFFFFFFFFFFFFFFF9E
:107AF800FFFFFFFFFFFFFFFFFFFFFFFFFFFFFFFF8E
:107B0800FFFFFFFFFFFFFFFFFFFFFFFFFFFFFFFF7D
:107B1800FFFFFFFFFFFFFFFFFFFFFFFFFFFFFFFF6D
:107B2800FFFFFFFFFFFFFFFFFFFFFFFFFFFFFFFF5D
:107B3800FFFFFFFFFFFFFFFFFFFFFFFFFFFFFFFF4D
:107B4800FFFFFFFFFFFFFFFFFFFFFFFFFFFFFFFF3D
:107B5800FFFFFFFFFFFFFFFFFFFFFFFFFFFFFFFF2D
:107B6800FFFFFFFFFFFFFFFFFFFFFFFFFFFFFFFF1D
:107B7800FFFFFFFFFFFFFFFFFFFFFFFFFFFFFFFF0D
:107B8800FFFFFFFFFFFFFFFFFFFFFFFFFFFFFFFFFD
:107B9800FFFFFFFFFFFFFFFFFFFFFFFFFFFFFFFFED
:107BA800FFFFFFFFFFFFFFFFFFFFFFFFFFFFFFFFDD
:107BB800FFFFFFFFFFFFFFFFFFFFFFFFFFFFFFFFCD
:107BC800FFFFFFFFFFFFFFFFFFFFFFFFFFFFFFFFBD
:107BD800FFFFFFFFFFFFFFFFFFFFFFFFFFFFFFFFAD
:107BE800FFFFFFFFFFFFFFFFFFFFFFFFFFFFFFFF9D
:107BF800FFFFFFFFFFFFFFFF000000000000000085
:107C0800000000000000000000000000000000006C
:107C1800000000000000000000000000000000005C
:107C2800000000000000000000000000000000004C
:107C3800000000000000000000000000000000003C
:107C4800000000000000000000000000000000002C
:107C5800000000000000000000000000000000001C
:107C6800000000000000000000000000000000000C
:107C780000000000000000000000000000000000FC
:107C880000000000000000000000000000000000EC
:107C980000000000000000000000000000000000DC
:107CA80000000000000000000000000000000000CC
:107CB80000000000000000000000000000000000BC
:107CC80000000000000000000000000000000000AC
:107CD800000000000000000000000000000000009C
:107CE800000000000000000000000000000000008C
:107CF800000000000000000000000000000000007C
:107D0800000000000000000000000000000000006B
:107D1800000000000000000000000000000000005B
:107D2800000000000000000000000000000000004B
:107D3800000000000000000000000000000000003B
:107D4800000000000000000000000000000000002B
:107D5800000000000000000000000000000000001B
:107D6800000000000000000000000000000000000B
:107D780000000000000000000000000000000000FB
:107D880000000000000000000000000000000000EB
:107D980000000000000000000000000000000000DB
:107DA80000000000000000000000000000000000CB
:107DB80000000000000000000000000000000000BB
:107DC80000000000000000000000000000000000AB
:107DD800000000000000000000000000000000009B
:107DE800000000000000000000000000000000008B
:107DF800000000000000000000000000000000007B
:107E0800000000000000000000000000000000006A
:107E1800000000000000000000000000000000005A
:107E2800000000000000000000000000000000004A
:107E3800000000000000000000000000000000003A
:107E4800000000000000000000000000000000002A
:107E5800000000000000000000000000000000001A
:107E6800000000000000000000000000000000000A
:107E780000000000000000000000000000000000FA
:107E880000000000000000000000000000000000EA
:107E980000000000000000000000000000000000DA
:107EA80000000000000000000000000000000000CA
:107EB80000000000000000000000000000000000BA
:107EC80000000000000000000000000000000000AA
:107ED800000000000000000000000000000000009A
:107EE800000000000000000000000000000000008A
:107EF800000000000000000000000000000000007A
:107F08000000000000000000000000000000000069
:107F18000000000000000000000000000000000059
:107F28000000000000000000000000000000000049
:107F38000000000000000000000000000000000039
:107F48000000000000000000000000000000000029
:107F58000000000000000000000000000000000019
:107F68000000000000000000000000000000000009
:107F780000000000000000000000000000000000F9
:107F880000000000000000000000000000000000E9
:107F980000000000000000000000000000000000D9
:107FA80000000000000000000000000000000000C9
:107FB80000000000000000000000000000000000B9
:107FC80000000000000000000000000000000000A9
:107FD8000000000000000000000000000000000099
:107FE8000000000000000000000000000000000089
:107FF8000000000000000000000000000000000079
:108008000000000000000000000000000000000068
:108018000000000000000000000000000000000058
:108028000000000000000000000000000000000048
:108038000000000000000000000000000000000038
:108048000000000000000000000000000000000028
:108058000000000000000000000000000000000018
:108068000000000000000000000000000000000008
:1080780000000000000000000000000000000000F8
:1080880000000000000000000000000000000000E8
:1080980000000000000000000000000000000000D8
:1080A80000000000000000000000000000000000C8
:1080B80000000000000000000000000000000000B8
:1080C80000000000000000000000000000000000A8
:1080D8000000000000000000000000000000000098
:1080E8000000000000000000000000000000000088
:1080F8000000000000000000000000000000000078
:108108000000000000000000000000000000000067
:108118000000000000000000000000000000000057
:108128000000000000000000000000000000000047
:108138000000000000000000000000000000000037
:108148000000000000000000000000000000000027
:108158000000000000000000000000000000000017
:108168000000000000000000000000000000000007
:1081780000000000000000000000000000000000F7
:1081880000000000000000000000000000000000E7
:1081980000000000000000000000000000000000D7
:1081A80000000000000000000000000000000000C7
:1081B80000000000000000000000000000000000B7
:1081C80000000000000000000000000000000000A7
:1081D8000000000000000000000000000000000097
:1081E8000000000000000000000000000000000087
:1081F8000000000000000000000000000000000077
:108208000000000000000000000000000000000066
:108218000000000000000000000000000000000056
:108228000000000000000000000000000000000046
:108238000000000000000000000000000000000036
:108248000000000000000000000000000000000026
:108258000000000000000000000000000000000016
:108268000000000000000000000000000000000006
:1082780000000000000000000000000000000000F6
:1082880000000000000000000000000000000000E6
:1082980000000000000000000000000000000000D6
:1082A80000000000000000000000000000000000C6
:1082B80000000000000000000000000000000000B6
:1082C80000000000000000000000000000000000A6
:1082D8000000000000000000000000000000000096
:1082E8000000000000000000000000000000000086
:1082F8000000000000000000000000000000000076
:108308000000000000000000000000000000000065
:108318000000000000000000000000000000000055
:108328000000000000000000000000000000000045
:108338000000000000000000000000000000000035
:108348000000000000000000000000000000000025
:108358000000000000000000000000000000000015
:108368000000000000000000000000000000000005
:1083780000000000000000000000000000000000F5
:1083880000000000000000000000000000000000E5
:1083980000000000000000000000000000000000D5
:1083A80000000000000000000000000000000000C5
:1083B80000000000000000000000000000000000B5
:1083C80000000000000000000000000000000000A5
:1083D8000000000000000000000000000000000095
:1083E8000000000000000000000000000000000085
:1083F8000000000000000000000000000000000075
:108408000000000000000000000000000000000064
:108418000000000000000000000000000000000054
:108428000000000000000000000000000000000044
:108438000000000000000000000000000000000034
:108448000000000000000000000000000000000024
:108458000000000000000000000000000000000014
:108468000000000000000000000000000000000004
:1084780000000000000000000000000000000000F4
:1084880000000000000000000000000000000000E4
:1084980000000000000000000000000000000000D4
:1084A80000000000000000000000000000000000C4
:1084B80000000000000000000000000000000000B4
:1084C80000000000000000000000000000000000A4
:1084D8000000000000000000000000000000000094
:1084E8000000000000000000000000000000000084
:1084F8000000000000000000000000000000000074
:108508000000000000000000000000000000000063
:108518000000000000000000000000000000000053
:108528000000000000000000000000000000000043
:108538000000000000000000000000000000000033
:108548000000000000000000000000000000000023
:108558000000000000000000000000000000000013
:108568000000000000000000000000000000000003
:1085780000000000000000000000000000000000F3
:1085880000000000000000000000000000000000E3
:1085980000000000000000000000000000000000D3
:1085A80000000000000000000000000000000000C3
:1085B80000000000000000000000000000000000B3
:1085C80000000000000000000000000000000000A3
:1085D8000000000000000000000000000000000093
:1085E8000000000000000000000000000000000083
:1085F8000000000000000000000000000000000073
:108608000000000000000000000000000000000062
:108618000000000000000000000000000000000052
:108628000000000000000000000000000000000042
:108638000000000000000000000000000000000032
:108648000000000000000000000000000000000022
:108658000000000000000000000000000000000012
:108668000000000000000000000000000000000002
:1086780000000000000000000000000000000000F2
:1086880000000000000000000000000000000000E2
:1086980000000000000000000000000000000000D2
:1086A80000000000000000000000000000000000C2
:1086B80000000000000000000000000000000000B2
:1086C80000000000000000000000000000000000A2
:1086D8000000000000000000000000000000000092
:1086E8000000000000000000000000000000000082
:1086F8000000000000000000000000000000000072
:108708000000000000000000000000000000000061
:108718000000000000000000000000000000000051
:108728000000000000000000000000000000000041
:108738000000000000000000000000000000000031
:108748000000000000000000000000000000000021
:108758000000000000000000000000000000000011
:108768000000000000000000000000000000000001
:1087780000000000000000000000000000000000F1
:1087880000000000000000000000000000000000E1
:1087980000000000000000000000000000000000D1
:1087A80000000000000000000000000000000000C1
:1087B80000000000000000000000000000000000B1
:1087C80000000000000000000000000000000000A1
:1087D8000000000000000000000000000000000091
:1087E8000000000000000000000000000000000081
:0887F800000000000000000079
:040000056000100087
:00000001FF
