:0200000460009A
:100000004643464200000156000000000103030081
:1000100000000000000000000000000000000000E0
:1000200000000000000000000000000000000000D0
:1000300000000000000000000000000000000000C0
:1000400000000000010408000000000000000000A3
:100050000000200000000000000000000000000080
:100060000000000000000000000000000000000090
:100070000000000000000000000000000000000080
:10008000EB04180A063204260000000000000000FD
:10009000050404240000000000000000000000002F
:1000A0000000000000000000000000000000000050
:1000B0000604000000000000000000000000000036
:1000C0000000000000000000000000000000000030
:1000D00020041808000000000000000000000000DC
:1000E0000000000000000000000000000000000010
:1000F0000000000000000000000000000000000000
:10010000D8041808000000000000000000000000F3
:100110000204180804200000000000000000000095
:1001200000000000000000000000000000000000CF
:10013000600400000000000000000000000000005B
:1001400000000000000000000000000000000000AF
:10015000000000000000000000000000000000009F
:10016000000000000000000000000000000000008F
:10017000000000000000000000000000000000007F
:10018000000000000000000000000000000000006F
:10019000000000000000000000000000000000005F
:1001A000000000000000000000000000000000004F
:1001B000000000000000000000000000000000003F
:1001C000000100000010000001000000000000001D
:1001D000000001000000000000000000000000001E
:1001E000000000000000000000000000000000000F
:1001F00000000000000000000000000000000000FF
:10020000FFFFFFFFFFFFFFFFFFFFFFFFFFFFFFFFFE
:10021000FFFFFFFFFFFFFFFFFFFFFFFFFFFFFFFFEE
:10022000FFFFFFFFFFFFFFFFFFFFFFFFFFFFFFFFDE
:10023000FFFFFFFFFFFFFFFFFFFFFFFFFFFFFFFFCE
:10024000FFFFFFFFFFFFFFFFFFFFFFFFFFFFFFFFBE
:10025000FFFFFFFFFFFFFFFFFFFFFFFFFFFFFFFFAE
:10026000FFFFFFFFFFFFFFFFFFFFFFFFFFFFFFFF9E
:10027000FFFFFFFFFFFFFFFFFFFFFFFFFFFFFFFF8E
:10028000FFFFFFFFFFFFFFFFFFFFFFFFFFFFFFFF7E
:10029000FFFFFFFFFFFFFFFFFFFFFFFFFFFFFFFF6E
:1002A000FFFFFFFFFFFFFFFFFFFFFFFFFFFFFFFF5E
:1002B000FFFFFFFFFFFFFFFFFFFFFFFFFFFFFFFF4E
:1002C000FFFFFFFFFFFFFFFFFFFFFFFFFFFFFFFF3E
:1002D000FFFFFFFFFFFFFFFFFFFFFFFFFFFFFFFF2E
:1002E000FFFFFFFFFFFFFFFFFFFFFFFFFFFFFFFF1E
:1002F000FFFFFFFFFFFFFFFFFFFFFFFFFFFFFFFF0E
:10030000FFFFFFFFFFFFFFFFFFFFFFFFFFFFFFFFFD
:10031000FFFFFFFFFFFFFFFFFFFFFFFFFFFFFFFFED
:10032000FFFFFFFFFFFFFFFFFFFFFFFFFFFFFFFFDD
:10033000FFFFFFFFFFFFFFFFFFFFFFFFFFFFFFFFCD
:10034000FFFFFFFFFFFFFFFFFFFFFFFFFFFFFFFFBD
:10035000FFFFFFFFFFFFFFFFFFFFFFFFFFFFFFFFAD
:10036000FFFFFFFFFFFFFFFFFFFFFFFFFFFFFFFF9D
:10037000FFFFFFFFFFFFFFFFFFFFFFFFFFFFFFFF8D
:10038000FFFFFFFFFFFFFFFFFFFFFFFFFFFFFFFF7D
:10039000FFFFFFFFFFFFFFFFFFFFFFFFFFFFFFFF6D
:1003A000FFFFFFFFFFFFFFFFFFFFFFFFFFFFFFFF5D
:1003B000FFFFFFFFFFFFFFFFFFFFFFFFFFFFFFFF4D
:1003C000FFFFFFFFFFFFFFFFFFFFFFFFFFFFFFFF3D
:1003D000FFFFFFFFFFFFFFFFFFFFFFFFFFFFFFFF2D
:1003E000FFFFFFFFFFFFFFFFFFFFFFFFFFFFFFFF1D
:1003F000FFFFFFFFFFFFFFFFFFFFFFFFFFFFFFFF0D
:10040000FFFFFFFFFFFFFFFFFFFFFFFFFFFFFFFFFC
:10041000FFFFFFFFFFFFFFFFFFFFFFFFFFFFFFFFEC
:10042000FFFFFFFFFFFFFFFFFFFFFFFFFFFFFFFFDC
:10043000FFFFFFFFFFFFFFFFFFFFFFFFFFFFFFFFCC
:10044000FFFFFFFFFFFFFFFFFFFFFFFFFFFFFFFFBC
:10045000FFFFFFFFFFFFFFFFFFFFFFFFFFFFFFFFAC
:10046000FFFFFFFFFFFFFFFFFFFFFFFFFFFFFFFF9C
:10047000FFFFFFFFFFFFFFFFFFFFFFFFFFFFFFFF8C
:10048000FFFFFFFFFFFFFFFFFFFFFFFFFFFFFFFF7C
:10049000FFFFFFFFFFFFFFFFFFFFFFFFFFFFFFFF6C
:1004A000FFFFFFFFFFFFFFFFFFFFFFFFFFFFFFFF5C
:1004B000FFFFFFFFFFFFFFFFFFFFFFFFFFFFFFFF4C
:1004C000FFFFFFFFFFFFFFFFFFFFFFFFFFFFFFFF3C
:1004D000FFFFFFFFFFFFFFFFFFFFFFFFFFFFFFFF2C
:1004E000FFFFFFFFFFFFFFFFFFFFFFFFFFFFFFFF1C
:1004F000FFFFFFFFFFFFFFFFFFFFFFFFFFFFFFFF0C
:10050000FFFFFFFFFFFFFFFFFFFFFFFFFFFFFFFFFB
:10051000FFFFFFFFFFFFFFFFFFFFFFFFFFFFFFFFEB
:10052000FFFFFFFFFFFFFFFFFFFFFFFFFFFFFFFFDB
:10053000FFFFFFFFFFFFFFFFFFFFFFFFFFFFFFFFCB
:10054000FFFFFFFFFFFFFFFFFFFFFFFFFFFFFFFFBB
:10055000FFFFFFFFFFFFFFFFFFFFFFFFFFFFFFFFAB
:10056000FFFFFFFFFFFFFFFFFFFFFFFFFFFFFFFF9B
:10057000FFFFFFFFFFFFFFFFFFFFFFFFFFFFFFFF8B
:10058000FFFFFFFFFFFFFFFFFFFFFFFFFFFFFFFF7B
:10059000FFFFFFFFFFFFFFFFFFFFFFFFFFFFFFFF6B
:1005A000FFFFFFFFFFFFFFFFFFFFFFFFFFFFFFFF5B
:1005B000FFFFFFFFFFFFFFFFFFFFFFFFFFFFFFFF4B
:1005C000FFFFFFFFFFFFFFFFFFFFFFFFFFFFFFFF3B
:1005D000FFFFFFFFFFFFFFFFFFFFFFFFFFFFFFFF2B
:1005E000FFFFFFFFFFFFFFFFFFFFFFFFFFFFFFFF1B
:1005F000FFFFFFFFFFFFFFFFFFFFFFFFFFFFFFFF0B
:10060000FFFFFFFFFFFFFFFFFFFFFFFFFFFFFFFFFA
:10061000FFFFFFFFFFFFFFFFFFFFFFFFFFFFFFFFEA
:10062000FFFFFFFFFFFFFFFFFFFFFFFFFFFFFFFFDA
:10063000FFFFFFFFFFFFFFFFFFFFFFFFFFFFFFFFCA
:10064000FFFFFFFFFFFFFFFFFFFFFFFFFFFFFFFFBA
:10065000FFFFFFFFFFFFFFFFFFFFFFFFFFFFFFFFAA
:10066000FFFFFFFFFFFFFFFFFFFFFFFFFFFFFFFF9A
:10067000FFFFFFFFFFFFFFFFFFFFFFFFFFFFFFFF8A
:10068000FFFFFFFFFFFFFFFFFFFFFFFFFFFFFFFF7A
:10069000FFFFFFFFFFFFFFFFFFFFFFFFFFFFFFFF6A
:1006A000FFFFFFFFFFFFFFFFFFFFFFFFFFFFFFFF5A
:1006B000FFFFFFFFFFFFFFFFFFFFFFFFFFFFFFFF4A
:1006C000FFFFFFFFFFFFFFFFFFFFFFFFFFFFFFFF3A
:1006D000FFFFFFFFFFFFFFFFFFFFFFFFFFFFFFFF2A
:1006E000FFFFFFFFFFFFFFFFFFFFFFFFFFFFFFFF1A
:1006F000FFFFFFFFFFFFFFFFFFFFFFFFFFFFFFFF0A
:10070000FFFFFFFFFFFFFFFFFFFFFFFFFFFFFFFFF9
:10071000FFFFFFFFFFFFFFFFFFFFFFFFFFFFFFFFE9
:10072000FFFFFFFFFFFFFFFFFFFFFFFFFFFFFFFFD9
:10073000FFFFFFFFFFFFFFFFFFFFFFFFFFFFFFFFC9
:10074000FFFFFFFFFFFFFFFFFFFFFFFFFFFFFFFFB9
:10075000FFFFFFFFFFFFFFFFFFFFFFFFFFFFFFFFA9
:10076000FFFFFFFFFFFFFFFFFFFFFFFFFFFFFFFF99
:10077000FFFFFFFFFFFFFFFFFFFFFFFFFFFFFFFF89
:10078000FFFFFFFFFFFFFFFFFFFFFFFFFFFFFFFF79
:10079000FFFFFFFFFFFFFFFFFFFFFFFFFFFFFFFF69
:1007A000FFFFFFFFFFFFFFFFFFFFFFFFFFFFFFFF59
:1007B000FFFFFFFFFFFFFFFFFFFFFFFFFFFFFFFF49
:1007C000FFFFFFFFFFFFFFFFFFFFFFFFFFFFFFFF39
:1007D000FFFFFFFFFFFFFFFFFFFFFFFFFFFFFFFF29
:1007E000FFFFFFFFFFFFFFFFFFFFFFFFFFFFFFFF19
:1007F000FFFFFFFFFFFFFFFFFFFFFFFFFFFFFFFF09
:10080000FFFFFFFFFFFFFFFFFFFFFFFFFFFFFFFFF8
:10081000FFFFFFFFFFFFFFFFFFFFFFFFFFFFFFFFE8
:10082000FFFFFFFFFFFFFFFFFFFFFFFFFFFFFFFFD8
:10083000FFFFFFFFFFFFFFFFFFFFFFFFFFFFFFFFC8
:10084000FFFFFFFFFFFFFFFFFFFFFFFFFFFFFFFFB8
:10085000FFFFFFFFFFFFFFFFFFFFFFFFFFFFFFFFA8
:10086000FFFFFFFFFFFFFFFFFFFFFFFFFFFFFFFF98
:10087000FFFFFFFFFFFFFFFFFFFFFFFFFFFFFFFF88
:10088000FFFFFFFFFFFFFFFFFFFFFFFFFFFFFFFF78
:10089000FFFFFFFFFFFFFFFFFFFFFFFFFFFFFFFF68
:1008A000FFFFFFFFFFFFFFFFFFFFFFFFFFFFFFFF58
:1008B000FFFFFFFFFFFFFFFFFFFFFFFFFFFFFFFF48
:1008C000FFFFFFFFFFFFFFFFFFFFFFFFFFFFFFFF38
:1008D000FFFFFFFFFFFFFFFFFFFFFFFFFFFFFFFF28
:1008E000FFFFFFFFFFFFFFFFFFFFFFFFFFFFFFFF18
:1008F000FFFFFFFFFFFFFFFFFFFFFFFFFFFFFFFF08
:10090000FFFFFFFFFFFFFFFFFFFFFFFFFFFFFFFFF7
:10091000FFFFFFFFFFFFFFFFFFFFFFFFFFFFFFFFE7
:10092000FFFFFFFFFFFFFFFFFFFFFFFFFFFFFFFFD7
:10093000FFFFFFFFFFFFFFFFFFFFFFFFFFFFFFFFC7
:10094000FFFFFFFFFFFFFFFFFFFFFFFFFFFFFFFFB7
:10095000FFFFFFFFFFFFFFFFFFFFFFFFFFFFFFFFA7
:10096000FFFFFFFFFFFFFFFFFFFFFFFFFFFFFFFF97
:10097000FFFFFFFFFFFFFFFFFFFFFFFFFFFFFFFF87
:10098000FFFFFFFFFFFFFFFFFFFFFFFFFFFFFFFF77
:10099000FFFFFFFFFFFFFFFFFFFFFFFFFFFFFFFF67
:1009A000FFFFFFFFFFFFFFFFFFFFFFFFFFFFFFFF57
:1009B000FFFFFFFFFFFFFFFFFFFFFFFFFFFFFFFF47
:1009C000FFFFFFFFFFFFFFFFFFFFFFFFFFFFFFFF37
:1009D000FFFFFFFFFFFFFFFFFFFFFFFFFFFFFFFF27
:1009E000FFFFFFFFFFFFFFFFFFFFFFFFFFFFFFFF17
:1009F000FFFFFFFFFFFFFFFFFFFFFFFFFFFFFFFF07
:100A0000FFFFFFFFFFFFFFFFFFFFFFFFFFFFFFFFF6
:100A1000FFFFFFFFFFFFFFFFFFFFFFFFFFFFFFFFE6
:100A2000FFFFFFFFFFFFFFFFFFFFFFFFFFFFFFFFD6
:100A3000FFFFFFFFFFFFFFFFFFFFFFFFFFFFFFFFC6
:100A4000FFFFFFFFFFFFFFFFFFFFFFFFFFFFFFFFB6
:100A5000FFFFFFFFFFFFFFFFFFFFFFFFFFFFFFFFA6
:100A6000FFFFFFFFFFFFFFFFFFFFFFFFFFFFFFFF96
:100A7000FFFFFFFFFFFFFFFFFFFFFFFFFFFFFFFF86
:100A8000FFFFFFFFFFFFFFFFFFFFFFFFFFFFFFFF76
:100A9000FFFFFFFFFFFFFFFFFFFFFFFFFFFFFFFF66
:100AA000FFFFFFFFFFFFFFFFFFFFFFFFFFFFFFFF56
:100AB000FFFFFFFFFFFFFFFFFFFFFFFFFFFFFFFF46
:100AC000FFFFFFFFFFFFFFFFFFFFFFFFFFFFFFFF36
:100AD000FFFFFFFFFFFFFFFFFFFFFFFFFFFFFFFF26
:100AE000FFFFFFFFFFFFFFFFFFFFFFFFFFFFFFFF16
:100AF000FFFFFFFFFFFFFFFFFFFFFFFFFFFFFFFF06
:100B0000FFFFFFFFFFFFFFFFFFFFFFFFFFFFFFFFF5
:100B1000FFFFFFFFFFFFFFFFFFFFFFFFFFFFFFFFE5
:100B2000FFFFFFFFFFFFFFFFFFFFFFFFFFFFFFFFD5
:100B3000FFFFFFFFFFFFFFFFFFFFFFFFFFFFFFFFC5
:100B4000FFFFFFFFFFFFFFFFFFFFFFFFFFFFFFFFB5
:100B5000FFFFFFFFFFFFFFFFFFFFFFFFFFFFFFFFA5
:100B6000FFFFFFFFFFFFFFFFFFFFFFFFFFFFFFFF95
:100B7000FFFFFFFFFFFFFFFFFFFFFFFFFFFFFFFF85
:100B8000FFFFFFFFFFFFFFFFFFFFFFFFFFFFFFFF75
:100B9000FFFFFFFFFFFFFFFFFFFFFFFFFFFFFFFF65
:100BA000FFFFFFFFFFFFFFFFFFFFFFFFFFFFFFFF55
:100BB000FFFFFFFFFFFFFFFFFFFFFFFFFFFFFFFF45
:100BC000FFFFFFFFFFFFFFFFFFFFFFFFFFFFFFFF35
:100BD000FFFFFFFFFFFFFFFFFFFFFFFFFFFFFFFF25
:100BE000FFFFFFFFFFFFFFFFFFFFFFFFFFFFFFFF15
:100BF000FFFFFFFFFFFFFFFFFFFFFFFFFFFFFFFF05
:100C0000FFFFFFFFFFFFFFFFFFFFFFFFFFFFFFFFF4
:100C1000FFFFFFFFFFFFFFFFFFFFFFFFFFFFFFFFE4
:100C2000FFFFFFFFFFFFFFFFFFFFFFFFFFFFFFFFD4
:100C3000FFFFFFFFFFFFFFFFFFFFFFFFFFFFFFFFC4
:100C4000FFFFFFFFFFFFFFFFFFFFFFFFFFFFFFFFB4
:100C5000FFFFFFFFFFFFFFFFFFFFFFFFFFFFFFFFA4
:100C6000FFFFFFFFFFFFFFFFFFFFFFFFFFFFFFFF94
:100C7000FFFFFFFFFFFFFFFFFFFFFFFFFFFFFFFF84
:100C8000FFFFFFFFFFFFFFFFFFFFFFFFFFFFFFFF74
:100C9000FFFFFFFFFFFFFFFFFFFFFFFFFFFFFFFF64
:100CA000FFFFFFFFFFFFFFFFFFFFFFFFFFFFFFFF54
:100CB000FFFFFFFFFFFFFFFFFFFFFFFFFFFFFFFF44
:100CC000FFFFFFFFFFFFFFFFFFFFFFFFFFFFFFFF34
:100CD000FFFFFFFFFFFFFFFFFFFFFFFFFFFFFFFF24
:100CE000FFFFFFFFFFFFFFFFFFFFFFFFFFFFFFFF14
:100CF000FFFFFFFFFFFFFFFFFFFFFFFFFFFFFFFF04
:100D0000FFFFFFFFFFFFFFFFFFFFFFFFFFFFFFFFF3
:100D1000FFFFFFFFFFFFFFFFFFFFFFFFFFFFFFFFE3
:100D2000FFFFFFFFFFFFFFFFFFFFFFFFFFFFFFFFD3
:100D3000FFFFFFFFFFFFFFFFFFFFFFFFFFFFFFFFC3
:100D4000FFFFFFFFFFFFFFFFFFFFFFFFFFFFFFFFB3
:100D5000FFFFFFFFFFFFFFFFFFFFFFFFFFFFFFFFA3
:100D6000FFFFFFFFFFFFFFFFFFFFFFFFFFFFFFFF93
:100D7000FFFFFFFFFFFFFFFFFFFFFFFFFFFFFFFF83
:100D8000FFFFFFFFFFFFFFFFFFFFFFFFFFFFFFFF73
:100D9000FFFFFFFFFFFFFFFFFFFFFFFFFFFFFFFF63
:100DA000FFFFFFFFFFFFFFFFFFFFFFFFFFFFFFFF53
:100DB000FFFFFFFFFFFFFFFFFFFFFFFFFFFFFFFF43
:100DC000FFFFFFFFFFFFFFFFFFFFFFFFFFFFFFFF33
:100DD000FFFFFFFFFFFFFFFFFFFFFFFFFFFFFFFF23
:100DE000FFFFFFFFFFFFFFFFFFFFFFFFFFFFFFFF13
:100DF000FFFFFFFFFFFFFFFFFFFFFFFFFFFFFFFF03
:100E0000FFFFFFFFFFFFFFFFFFFFFFFFFFFFFFFFF2
:100E1000FFFFFFFFFFFFFFFFFFFFFFFFFFFFFFFFE2
:100E2000FFFFFFFFFFFFFFFFFFFFFFFFFFFFFFFFD2
:100E3000FFFFFFFFFFFFFFFFFFFFFFFFFFFFFFFFC2
:100E4000FFFFFFFFFFFFFFFFFFFFFFFFFFFFFFFFB2
:100E5000FFFFFFFFFFFFFFFFFFFFFFFFFFFFFFFFA2
:100E6000FFFFFFFFFFFFFFFFFFFFFFFFFFFFFFFF92
:100E7000FFFFFFFFFFFFFFFFFFFFFFFFFFFFFFFF82
:100E8000FFFFFFFFFFFFFFFFFFFFFFFFFFFFFFFF72
:100E9000FFFFFFFFFFFFFFFFFFFFFFFFFFFFFFFF62
:100EA000FFFFFFFFFFFFFFFFFFFFFFFFFFFFFFFF52
:100EB000FFFFFFFFFFFFFFFFFFFFFFFFFFFFFFFF42
:100EC000FFFFFFFFFFFFFFFFFFFFFFFFFFFFFFFF32
:100ED000FFFFFFFFFFFFFFFFFFFFFFFFFFFFFFFF22
:100EE000FFFFFFFFFFFFFFFFFFFFFFFFFFFFFFFF12
:100EF000FFFFFFFFFFFFFFFFFFFFFFFFFFFFFFFF02
:100F0000FFFFFFFFFFFFFFFFFFFFFFFFFFFFFFFFF1
:100F1000FFFFFFFFFFFFFFFFFFFFFFFFFFFFFFFFE1
:100F2000FFFFFFFFFFFFFFFFFFFFFFFFFFFFFFFFD1
:100F3000FFFFFFFFFFFFFFFFFFFFFFFFFFFFFFFFC1
:100F4000FFFFFFFFFFFFFFFFFFFFFFFFFFFFFFFFB1
:100F5000FFFFFFFFFFFFFFFFFFFFFFFFFFFFFFFFA1
:100F6000FFFFFFFFFFFFFFFFFFFFFFFFFFFFFFFF91
:100F7000FFFFFFFFFFFFFFFFFFFFFFFFFFFFFFFF81
:100F8000FFFFFFFFFFFFFFFFFFFFFFFFFFFFFFFF71
:100F9000FFFFFFFFFFFFFFFFFFFFFFFFFFFFFFFF61
:100FA000FFFFFFFFFFFFFFFFFFFFFFFFFFFFFFFF51
:100FB000FFFFFFFFFFFFFFFFFFFFFFFFFFFFFFFF41
:100FC000FFFFFFFFFFFFFFFFFFFFFFFFFFFFFFFF31
:100FD000FFFFFFFFFFFFFFFFFFFFFFFFFFFFFFFF21
:100FE000FFFFFFFFFFFFFFFFFFFFFFFFFFFFFFFF11
:100FF000FFFFFFFFFFFFFFFFFFFFFFFFFFFFFFFF01
:10100000D1002043491600600000000000000000ED
:101010002010006000100060004C02600000000022
:10102000000000600058020000000000FFFFFFFF0A
:10103000FFFFFFFFFFFFFFFFFFFFFFFFFFFFFFFFC0
:10104000FFFFFFFFFFFFFFFFFFFFFFFFFFFFFFFFB0
:10105000FFFFFFFFFFFFFFFFFFFFFFFFFFFFFFFFA0
:10106000FFFFFFFFFFFFFFFFFFFFFFFFFFFFFFFF90
:10107000FFFFFFFFFFFFFFFFFFFFFFFFFFFFFFFF80
:10108000FFFFFFFFFFFFFFFFFFFFFFFFFFFFFFFF70
:10109000FFFFFFFFFFFFFFFFFFFFFFFFFFFFFFFF60
:1010A000FFFFFFFFFFFFFFFFFFFFFFFFFFFFFFFF50
:1010B000FFFFFFFFFFFFFFFFFFFFFFFFFFFFFFFF40
:1010C000FFFFFFFFFFFFFFFFFFFFFFFFFFFFFFFF30
:1010D000FFFFFFFFFFFFFFFFFFFFFFFFFFFFFFFF20
:1010E000FFFFFFFFFFFFFFFFFFFFFFFFFFFFFFFF10
:1010F000FFFFFFFFFFFFFFFFFFFFFFFFFFFFFFFF00
:10110000FFFFFFFFFFFFFFFFFFFFFFFFFFFFFFFFEF
:10111000FFFFFFFFFFFFFFFFFFFFFFFFFFFFFFFFDF
:10112000FFFFFFFFFFFFFFFFFFFFFFFFFFFFFFFFCF
:10113000FFFFFFFFFFFFFFFFFFFFFFFFFFFFFFFFBF
:10114000FFFFFFFFFFFFFFFFFFFFFFFFFFFFFFFFAF
:10115000FFFFFFFFFFFFFFFFFFFFFFFFFFFFFFFF9F
:10116000FFFFFFFFFFFFFFFFFFFFFFFFFFFFFFFF8F
:10117000FFFFFFFFFFFFFFFFFFFFFFFFFFFFFFFF7F
:10118000FFFFFFFFFFFFFFFFFFFFFFFFFFFFFFFF6F
:10119000FFFFFFFFFFFFFFFFFFFFFFFFFFFFFFFF5F
:1011A000FFFFFFFFFFFFFFFFFFFFFFFFFFFFFFFF4F
:1011B000FFFFFFFFFFFFFFFFFFFFFFFFFFFFFFFF3F
:1011C000FFFFFFFFFFFFFFFFFFFFFFFFFFFFFFFF2F
:1011D000FFFFFFFFFFFFFFFFFFFFFFFFFFFFFFFF1F
:1011E000FFFFFFFFFFFFFFFFFFFFFFFFFFFFFFFF0F
:1011F000FFFFFFFFFFFFFFFFFFFFFFFFFFFFFFFFFF
:10120000FFFFFFFFFFFFFFFFFFFFFFFFFFFFFFFFEE
:10121000FFFFFFFFFFFFFFFFFFFFFFFFFFFFFFFFDE
:10122000FFFFFFFFFFFFFFFFFFFFFFFFFFFFFFFFCE
:10123000FFFFFFFFFFFFFFFFFFFFFFFFFFFFFFFFBE
:10124000FFFFFFFFFFFFFFFFFFFFFFFFFFFFFFFFAE
:10125000FFFFFFFFFFFFFFFFFFFFFFFFFFFFFFFF9E
:10126000FFFFFFFFFFFFFFFFFFFFFFFFFFFFFFFF8E
:10127000FFFFFFFFFFFFFFFFFFFFFFFFFFFFFFFF7E
:10128000FFFFFFFFFFFFFFFFFFFFFFFFFFFFFFFF6E
:10129000FFFFFFFFFFFFFFFFFFFFFFFFFFFFFFFF5E
:1012A000FFFFFFFFFFFFFFFFFFFFFFFFFFFFFFFF4E
:1012B000FFFFFFFFFFFFFFFFFFFFFFFFFFFFFFFF3E
:1012C000FFFFFFFFFFFFFFFFFFFFFFFFFFFFFFFF2E
:1012D000FFFFFFFFFFFFFFFFFFFFFFFFFFFFFFFF1E
:1012E000FFFFFFFFFFFFFFFFFFFFFFFFFFFFFFFF0E
:1012F000FFFFFFFFFFFFFFFFFFFFFFFFFFFFFFFFFE
:10130000FFFFFFFFFFFFFFFFFFFFFFFFFFFFFFFFED
:10131000FFFFFFFFFFFFFFFFFFFFFFFFFFFFFFFFDD
:10132000FFFFFFFFFFFFFFFFFFFFFFFFFFFFFFFFCD
:10133000FFFFFFFFFFFFFFFFFFFFFFFFFFFFFFFFBD
:10134000FFFFFFFFFFFFFFFFFFFFFFFFFFFFFFFFAD
:10135000FFFFFFFFFFFFFFFFFFFFFFFFFFFFFFFF9D
:10136000FFFFFFFFFFFFFFFFFFFFFFFFFFFFFFFF8D
:10137000FFFFFFFFFFFFFFFFFFFFFFFFFFFFFFFF7D
:10138000FFFFFFFFFFFFFFFFFFFFFFFFFFFFFFFF6D
:10139000FFFFFFFFFFFFFFFFFFFFFFFFFFFFFFFF5D
:1013A000FFFFFFFFFFFFFFFFFFFFFFFFFFFFFFFF4D
:1013B000FFFFFFFFFFFFFFFFFFFFFFFFFFFFFFFF3D
:1013C000FFFFFFFFFFFFFFFFFFFFFFFFFFFFFFFF2D
:1013D000FFFFFFFFFFFFFFFFFFFFFFFFFFFFFFFF1D
:1013E000FFFFFFFFFFFFFFFFFFFFFFFFFFFFFFFF0D
:1013F000FFFFFFFFFFFFFFFFFFFFFFFFFFFFFFFFFD
:10140000814205D051F8043B40F8043B8242F9D8B0
:10141000704700BF044A05494FF0000342F8043BFF
:101420009142FBD8704700BFC0420020C0DC0020C2
:101430002DE98848BFF34F8F00BF00BF00BF00BF3A
:1014400000F0FEF9674B0822C3F8542100BF00BF2B
:1014500000BF00BF00BF00BF00BF00BF00BF00BF94
:1014600000BF00BF00BF00BF00BF00BF5E4A5F49B2
:101470005F48FFF7C5FF5F4A5F496048FFF7C0FF5D
:101480005F4CFFF7C7FF4FF470004FF0E0210023DF
:101490005C4AC1F8880D44F823200133B02BFAD1FF
:1014A000594B8021594A03F8011B9342FBD14FF05D
:1014B000E0254C4E4FF08039DFF880B1DFF880A195
:1014C0004FF0FF31C5F8084D0027C6F80491C6F863
:1014D00000B1C6F8F490C6F8F0A0D5F8243DDFF8C6
:1014E000648143F4E0234A4AC5F8243DD8F81C300F
:1014F00023F07F0343F04003C8F81C30D8F82430B1
:1015000023F07F0343F04003C8F824309166D1668E
:101510001167516700F09CF93E4B3F49A3633F4B75
:10152000E36363236B610323AF612B613C4BC5F81D
:10153000203DD5F8FC3D43F08073C5F8FC3D394BA8
:101540001A6842F001021A605B680B6000F008FA4A
:10155000C6F804913448C6F800B1C6F8F490C6F84D
:10156000F0A000F07DFBD8F86C10304B304A41F40D
:101570004051C8F86C101F60C3F80871C3F81871A7
:10158000C3F82871C3F83871936BDB0708D442F6AF
:101590001563284951651365936B43F00103936309
:1015A000234A254C936843F00113936000F01EF921
:1015B00000F052FB00F002FA00F044F92368132B0C
:1015C000FCD900F093FA2368B3F5967FFBD300F0C3
:1015D0003DF900F039F900F02FFB00F035FB30BF8A
:1015E000FDE700BF00800D4048E101002C240060B1
:1015F00000000000C04200207805026000000020CA
:101600000040002025E5000000E400E0A0E400E048
:1016100000C00A4051CC0000A0DB002055CC0000E7
:1016200000002020001000E0001E7C29004008403F
:1016300000400D400000C056A4DB00201B10182005
:101640000C0D111300C00F40054B4FF42A01054A41
:1016500005485A641864054A99639546FFF7E8FE01
:1016600000C00A40FFAAAAAA070020000000062026
:1016700043690A4A03EB011010B4037A084C02EBE9
:101680000313D3E901321460C2681A6003690BB115
:1016900042691A605DF8044B704700BF602A002061
:1016A00061F801004369027E03EB021292F808C060
:1016B0008C451CD01A7AFF2A19D0914210B50446E5
:1016C00016D01A7EFF2A06D00121D3E90023126822
:1016D0001A4201D1217610BD064B0522204603EBAC
:1016E0000C135B681A60FFF7C3FF2176F3E77047BE
:1016F0000021EAE7602A002043690A4A03EB01104F
:1017000010B490F82830084C02EB0313D3E90132EF
:101710001460C26A1A60036B0BB1426B1A605DF809
:10172000044B7047602A002061F801004369427E43
:1017300003EB021292F828C08C451ED093F82820A3
:10174000FF2A1AD0914210B5044617D093F83820DA
:10175000FF2A06D00121D3E9002312681A4201D1E1
:10176000617610BD064B0522204603EB0C135B6827
:101770001A60FFF7C1FF6176F3E770470021EAE7DF
:10178000602A0020164942698B6B23F47C0343F4E2
:10179000802370B58B630446124DD2E900130A68AA
:1017A0001A4303690A60022200211A610E4A196174
:1017B0009A6401225A629D624FF43035DD624FF027
:1017C00001159E6C1E6519629D651A61017EFFF709
:1017D0004FFF617E2046BDE87040FFF78DBF00BF20
:1017E00000C00F40B80B05053B372819104BA0204F
:1017F000104AD96E41F4403110B4D96640F23764D2
:10180000D96E41F44071D96654649064936C1B06A0
:10181000FCD4094A40F23761A02351649364936C6D
:1018200013F08003FBD1054A13705DF8044B704739
:1018300000C00F4000400C4000800C407EDC0020C7
:10184000704700BF704700BF704700BF00BF7047C0
:1018500010B44FF0E023002110243148C3F8941D48
:10186000C3F89C4D1124C3F8A00D2E48C3F89C4D1D
:101870001224C3F8A00D2C48C3F89C4D2B4AC3F882
:10188000A00D2B4C42F015022A48C3F89C4DC3F81A
:10189000A00D294C2948C3F89C4DC3F8A00D284C35
:1018A000C3F89C2D2748284AC3F8A04DC3F89C0DC7
:1018B000C3F8A02D02F5A022244C0C322448C3F812
:1018C0009C4DC3F8A02D234AC3F89C0D224CC3F8AD
:1018D000A02D02F14062C3F89C4D2048C3F8A02D12
:1018E0000C32C3F89C0DC3F8A02D00BF00BF00BF91
:1018F00000BF00BF0122C3F8942DBFF34F8FBFF389
:101900006F8FC3F8501FBFF34F8FBFF36F8FD3F8A4
:10191000142D5DF8044B42F44032C3F8142D704787
:101920003F0000102500080709001000C0DC00205F
:1019300013002000210002071400002025000813D6
:10194000090000101600202027000B13170000408C
:10195000180000602F000B07190000701A000080AB
:10196000F0B4154A40274FF480314FF480564FF4BD
:1019700000554FF4404443F24200136913F0020F44
:101980000ED113F4005F0FD013F4805F0ED0002B44
:10199000F3DA13F4803F0BD15B060BD5F0BC704734
:1019A000946151619061E8E75561E6E75661E4E7CB
:1019B0009161E2E75761E0E700800D403F4A032074
:1019C0003F49F3EE095AD2F880304FF0000C9FEDFA
:1019D0003D6A23F001039FED3C5A30B4C2F88030D9
:1019E000C2F89000D1F8E010384DCBB2384C3948ED
:1019F0002B6007EE903A0B0DC1F30B21F8EEE77A5E
:101A000006EE903A07EE101A334BB8EEC77A216013
:101A1000F8EEE66A314937EEC66A37EEC55A76EE19
:101A2000C76A77EEE57A26EE266AC3ED006A25EEF0
:101A3000265AD2F8803067EEA64AC0ED007AC6EE8C
:101A4000275A274885EE276AC4EEA76A75EE875A9B
:101A5000FCEEE55A36EE076A15EE904ABCEEC66A11
:101A600043EA045376EE877AC2F8803016EE103AD5
:101A7000D2F89041FCEEE77A01EA0341214317EEE8
:101A8000903AC2F89011C3F30B03D2F890110B43B4
:101A90001449C2F89031D2F8803043F00203C2F802
:101AA0008030114B80F840C0C1F840314FF0E02346
:101AB000012230BCC3F80821704700BF00810D40EF
:101AC00000441F400000AA420000B442D0DA0020C7
:101AD000CCDA0020D4DA0020D8DA00200000FF0F92
:101AE00000E400E00040002011E70000314B40F628
:101AF000617210B5C3F8202140F2044400F0B4F83C
:101B00002D4A2E49D2F880302D4843F00303C2F805
:101B100080302C4BC1F8604102681A4203D1D1F8E1
:101B2000A8319A071BD0254A4FF00041244B596336
:101B3000D2F8403143F00203C2F84031D2F84031CC
:101B40009B07FBD44FF400304FF0E0211C4B4FF0CB
:101B50000042C1F88C0219209A6300F071F8184A0B
:101B60004FF08040154C002190630A20164B116005
:101B70004FF42072C4F8A801184600F069F84FF439
:101B8000800203464FF4810040F243111860C4F80C
:101B900058311A640D4B0E4AC4F84811C3F8042298
:101BA0004FF0E0224FF400310123C2F80C11C4F8C9
:101BB000403110BD00800D4000C00F4000002E409D
:101BC00000900D40001C1E0000000020004000207E
:101BD000F9E8000008B50E4B1B6E9B0700D4FBBE56
:101BE00072B60C4B00200C4AC3F8400103F160436D
:101BF0000A49A3F55F2311649D46BFF34F8F4FF44D
:101C000000130748074ADB6902609B68984700BFDA
:101C100000441F4000002E4000C00A400300200086
:101C200000802020000012EBF8B500BFF8BC08BC13
:101C30009E467047000000005FF800F0358D0100FF
:101C40005FF800F039DC00005FF800F005E200000A
:101C50005FF800F0BD8A01005FF800F031E4000099
:101C60005FF800F049D900005FF800F069F000006B
:101C7000C5000000C910000039590000558400005B
:101C800089C8000099D3000045440100D1440100F7
:0C1C9000E9440100014501001945010074
:101C9C00A41F0060AC1C006020007E000600000049
:101CAC00000001010200FB00010001050200FB0025
:101CBC00020003020400FB00030003050400FB0008
:101CCC00050003050400FB00070003050400FB00EE
:101CDC00090003050400FB000B0001020200FB00DD
:101CEC000C0002050300FB000E0002050300FB00C4
:101CFC00100003030400FB00120003030400FC00AB
:101D0C00140002020300FE00150003010400FD0094
:101D1C00160001010200FF00170003050400FB0080
:101D2C00190003050400FB001B0002050300FB0067
:101D3C001D0003050400FB001F0003050400FB004D
:101D4C00210003050400FB00230003050400FB0035
:101D5C00250003050400FB00270003050400FB001D
:101D6C00290003050400FB002B0003050400FB0005
:101D7C002D0001030200FC002E0002040300FC00F5
:101D8C002F0003050400FB00310003030400FC00DA
:101D9C00330003050400FB00350003050400FB00C1
:101DAC00370003050400FB00390003050400FB00A9
:101DBC003B0003050400FB003D0003050400FB0091
:101DCC003F0003050400FB00410003050400FB0079
:101DDC00430003050400FB00450003050400FB0061
:101DEC00470003050400FB00490003050400FB0049
:101DFC004B0003050400FB004D0003050400FB0031
:101E0C004F0003050400FB00510003050400FB0018
:101E1C00530003050400FB00550003050400FB0000
:101E2C00570003050400FB00590003050400FB00E8
:101E3C005B0003050400FB005D0003050400FB00D0
:101E4C005F0003050400FB00610003050400FB00B8
:101E5C00630003050400FB00650003050400FB00A0
:101E6C00670003050400FB00690003050400FB0088
:101E7C006B0003050400FB006D0003050400FB0070
:101E8C006F0003030400FC00710003050400FB0059
:101E9C00730003020400FB00740003010400FF0044
:101EAC00750002020300FB00760003040400FC0032
:101EBC00780003050400FB007A0003040400FC0016
:101ECC007C0003050400FB007E0003040400FC00FE
:101EDC00800003050400FB00820003050400FC00E5
:101EEC00840003050400FB00860001050200FB00D2
:101EFC00870003060400FB008A0003050400FB00B6
:101F0C008C0003050400FB008E0003040400FC009D
:101F1C00900003040400FC00920003040400FC0085
:101F2C00940003050400FC00960003050400FC006B
:101F3C00980003040400FC009A0003040400FC0055
:101F4C009C0003050400FB009E0003040400FC003D
:101F5C00A00003040400FC00A20003040400FC0025
:101F6C00A40003040400FC00A60003050400FC000C
:101F7C00A80003040400FC00AA0003050400FB00F5
:101F8C00AC0001050200FB00AD0003050400FB00E2
:101F9C00AF0003020400FB0000E8B4BEFA79E4854C
:101FAC0042DBD6C06A409580AA805D0060E0802547
:101FBC004876DC7540C54EC51CB792F31C73DEE544
:101FCC0048F7DEF79CA0462A22E38088A8E5045750
:101FDC00C657DAD75C7246D6DCF3CEF3C873D6B7E5
:101FEC00DAE92E24D4B75A924EBFDABFFA56D4D7B8
:101FFC004856F6D7EA711CE924B6D6B6A4B7FAB59A
:10200C005AB524E54EF24E8880E49E54E090CEF012
:10201C009ADC72302ED677302BA477949ADAB820CB
:10202C009A80976AC92EFFD0D6D056A0D6E876B241
:10203C00724079E05D26B6B0B7A0BFF0A950B59458
:10204C00EF706A26D8C8AC7880C00F40000000033F
:10205C001900000010000000E8841F40010000007F
:10206C00FF000000FF000000000000000000000066
:10207C001800000010000000E4841F400100000064
:10208C00FF000000FF000000000000000000000046
:10209C001F000000F53B000070C00F40000C00005A
:1020AC001100000011000000E0841F40020000003D
:1020BC002400000012000000E0841F40010000001A
:1020CC001000000011000000DC841F400200000022
:1020DC002500000012000000DC841F4001000000FD
:1020EC001E000000E93B000070C00F40C000000063
:1020FC001200000013000000D0841F4001000000FB
:10210C00FF000000FF0000000000000000000000C5
:10211C001300000013000000CC841F4001000000DD
:10212C00FF000000FF0000000000000000000000A5
:10213C001C000000DD3B00000000600000000000FF
:10214C00000000000000000000E0000000000000A3
:10215C000000000000000001E00000000000000092
:10216C0000000000000001F0000000000000000072
:10217C00000000000003F000000000000000000060
:10218C000000000007F0000000000000000000004C
:10219C0000000007F8000000000000000000000034
:1021AC0000000FF800000003C0007E000001E000FA
:1021BC007F0FF800000003C000FE000001E000FFEC
:1021CC00EFF800000003C000FE000001E000FFFF7C
:1021DC00F800000003C000F00000000F007FFE7F3D
:1021EC00C0000003C000F00000000F003FFE7FF8AD
:1021FC003FF1FBCFFCFEF3BC3DEFE01FFE7FFF7F0A
:10220C00FBFFDFFEFEFFBC3DEFE01FC6FFFF7FFBC9
:10221C00FFDFFEFEFFBC3DEFE00FE3C7FE787BC3A4
:10222C00DE1EF0FFBC3DEF0007FF87FC787BC3DEB2
:10223C001EF0F83C3DEF0001FFFFF0007BC3C01E19
:10224C00F0F03C3DEF0001F37FE03FFBC3CFFEF02D
:10225C00F03C3DEF0003E33F807FFBC3DFFEF0F07B
:10226C003C3DEF0007E73C00787BC3DE1EF0F03C02
:10227C003DEF0007FFBE00787BC3DE1EF0F03C3D57
:10228C00EF0007FFFE00787BC3DE1EF0F03C3DEF55
:10229C00000FFFFE007FFBFFDFFEF0F03FFDEFE0E5
:1022AC000FFFFF007FFBFFDFFEF0F03FFDEFE00FC5
:1022BC00F9FF003E79F9CF9EF0F01F3DE7E01FF1EA
:1022CC00FF0000000000000000000000001F80FF65
:1022DC00007FFFFFFFFFFFFFFFFFFFE01C007F0001
:1022EC007FFFFFFFFEB46D888D18E000001F007F9C
:1022FC00FFFFFFFE95AD7DB577E000000F007FFF7F
:10230C00FFFFFEA5AD9D8D19E0000006007FFFFFCD
:10231C00FFFEB5ADEDB57EE016035500530042004F
:10232C002000530065007200690061006C00000021
:10233C0018035400650065006E007300790064009A
:10234C00750069006E006F00040309040902620045
:10235C00030100C032080B00020202010009040054
:10236C0000010202010005240010010524010101F5
:10237C000424020605240600010705820310001040
:10238C0009040100020A00000007050302400000D6
:10239C00070584024000000904020002FF6AFF00E6
:1023AC000705810240000107050102400001000001
:1023BC0009026200030100C032080B000202020194
:1023CC0000090400000102020100052400100105AF
:1023DC0024010101042402060524060001070582DC
:1023EC000310000509040100020A000000070503A0
:1023FC000200020007058402000200090402000228
:10240C00FF6AC700070581020002010705010200EF
:10241C00020100000A060002EF0201400100000068
:10242C0000000000000000000000000000000000A0
:10243C000000000000000000000000000000000090
:10244C001E4BFF2A1B8810B520D0F3B1033001EBD3
:10245C00830E10F8033C033010F8054C13FB02F309
:10246C0010F804CC14FB02F41CFB02FC1B1224120B
:10247C001B060CF47F4C43EA044343EA0C0343F081
:10248C00FF0341F8043B8E45E3D110BD002BFCD07B
:10249C00033001EB830C10F8033C033010F8044CB0
:1024AC001B0610F8052C43EA042343EA024343F0CD
:1024BC00FF0341F8043B8C45EDD110BD62DC0020DC
:1024CC000548064B1B1AD90F01EBA301491002D08A
:1024DC00034B03B118477047C0420020C042002094
:1024EC000000000008B5054B1BB105490548AFF3CA
:1024FC000080BDE80840FFF7E3BF00BF000000000C
:10250C0078DA00200058026080687047807D704740
:10251C00817570470020704701207047436823B1D4
:10252C00C26819680A431A6070470121007C0DF0DB
:10253C0011BE00BF416829B1C2680B6823EA0203CF
:10254C000B607047007C0DF005BE00BF10B5134B3F
:10255C000446806A236010B194F826309BB9E06A77
:10256C0020B10C210EF002F90023E3620023206B52
:10257C00A36308B106F0E2FD094B2046236005F089
:10258C00F1F9204610BD616A0BF024F84FF6FF728A
:10259C000023A28484F82630E1E700BFA8220020A3
:1025AC003C24002070B590F8406082B00EB102B0AF
:1025BC0070BD044608F04CFE194B0B2204F12405A7
:1025CC00A0620D21009509F0CBFDC0F3072384F820
:1025DC002400C0F3074084F82530C3B284F82600E9
:1025EC00002BE4D0A06A0CF031FB94F82410A06A04
:1025FC0008F0B0FD10B14378012B04D0012384F80E
:10260C00403002B070BD0C200EF0AEF80346054809
:10261C00E3629E60C3E9006603F056FEEEE700BF7E
:10262C00808D5B009032002069B170B5054608467C
:10263C000C4618F075FE2B680246214628465B684E
:10264C00BDE870401847704702682DE9F041536AA5
:10265C000D46104904468B4211D1867D94F82030EA
:10266C0033B157682B462046D4E90112B84722688B
:10267C00936A094A934207D1A675BDE8F081816837
:10268C00984722680646E9E731462046BDE8F04106
:10269C00184700BFED000000F100000010B5154B0D
:1026AC000446806A236010B194F82630BBB9E06A06
:1026BC0020B10C210EF05AF80023E3620023206BAA
:1026CC00A36308B106F03AFD0B4B2046236005F0DE
:1026DC0049F9204644210EF049F8204610BD616AA4
:1026EC000AF078FF4FF6FF720023A28484F826309C
:1026FC00DDE700BFA82200203C24002070B5044672
:10270C0005F002F9164923689A698A421DD15A6A62
:10271C0014498A421ED1A57D94F820202AB99B6ABF
:10272C00114A93420CD1A57570BD5E6820460023FA
:10273C00D4E90112B04723680B4A9B6A9342F2D04A
:10274C0029462046BDE87040184720460021BDE8C8
:10275C0070401047A1682046904723680546DBE788
:10276C0029020000ED000000F100000038B504461D
:10277C0049B108460D4618F0D3FD23680246294698
:10278C005B68204698472046BDE838400DF0C8B835
:10279C0030B482B00C4602AB03E90600C37C002BBC
:1027AC0030D072B6C37CDA0708D54FF0E02145690A
:1027BC00D1F880212A408262C1F880219D0708D57A
:1027CC004FF0E0218569D1F884212A40C262C1F81A
:1027DC008421590708D54FF0E021C569D1F888212B
:1027EC002A400263C1F888211A0708D54FF0E0216E
:1027FC00056AD1F88C212A404263C1F88C21DB0692
:10280C002FD462B683689C4235D0224B84609B697E
:10281C00214AC3F30111C3F3826352F8211001332F
:10282C00B1FBF3F2CCB1944227D8B2FBF4F3B2FB78
:10283C00F3F294422CD3B3F5817F20D3174CC460B0
:10284C00036803220020019918615A6201221C645A
:10285C0019661A6102B030BC70479942EFD3531C11
:10286C00E9E74FF0E022416AD2F890310B408363E4
:10287C00C2F89031C5E7C468E2E70024DFE7022B19
:10288C00FBD9023B5A08140244EA02441C43D6E723
:10289C001A46E4E700C00F4078270020FF7F7F0036
:1028AC0038B5144B0D461B68834214D2124A0446A9
:1028BC0001210220D2F8403123F01F032B43C2F830
:1028CC00403107F03FFD20460DF04EFA0B4A0C4B01
:1028DC0012681A6038BD0DF047FA0121022007F08A
:1028EC0031FD054AD2F8403123F01F032B43C2F8C7
:1028FC004031EBE78C32002000800D40A4DB00203F
:10290C00F0C200202DE9F041244D254C2B682268A3
:10291C009B1AB3F5FA7F2DED028B03D8BDEC028B1D
:10292C00BDE8F0810EF006F91E491F4AB0EE408A50
:10293C001E4B0E68D2ED007AA3FB06361C4BB4EE90
:10294C00E70AD3ED007AB60CF1EE10FAB4EEE70A12
:10295C00C8BF82ED000AF1EE10FA06D5B5EEC00A3A
:10296C00F1EE10FAC8BF83ED000ADFF84C809C2210
:10297C00104F08F10401404618F034FA9C22391D1E
:10298C00384618F02FFA2B6888ED278AC7F89C6018
:10299C002360BDEC028BBDE8F08100BFA4DB0020FE
:1029AC00F4C200208C32002074DA002083DE1B433A
:1029BC00A83D002000DB0020ACDB00202DE9F0411D
:1029CC00D0E9016304460F465A1CB2420BD8B342FD
:1029DC0007D22268DA4202D03978D154A368013385
:1029EC00A360BDE8F08106EB460800684FEA580882
:1029FC00904538BF9046B8F1000F12D0414606F012
:102A0C005DFC0546A0B1464504D3A3684646C4E91F
:102A1C000058DCE7A8EB06023044002106F04CFC21
:102A2C00F3E70028D3D006F089FBD4E90163CEE7A5
:102A3C00404606F07DFB0646C8B14246294606F0E4
:102A4C003BFCA3684BB12846721E23681B5C01300B
:102A5C0002F8013FA3689842F7D3206810B106F042
:102A6C006DFBA36826604646C4F80480AFE7D4E942
:102A7C000163ACE790F840202DE9F04F814683B01C
:102A8C000C4692462AB301260023C56A80F84160A1
:102A9C008363F5B10723B64FB648CDE9007302AB9B
:102AAC0013E90600FFF774FE2868002800F0A383E2
:102ABC000368B14A9B68934240F09C834368002BA7
:102ACC0000F00A84C1681A68114399F840209246B4
:102ADC00196094F81EB0A949CBEB4B13A1FB03135F
:102AEC00DB0900F064831FFA83FB00238DF80030B0
:102AFC00002A00F0688399F84110F9B1D9F82C50EC
:102B0C00002D00F0C4836E68002E00F078839C4882
:102B1C0007369C4FD0F860C0C6F30B06AB680CEAC6
:102B2C0007071B023E4306664366036F13F002035E
:102B3C00FBD147F007070766406F6B6000238DF8E9
:102B4C000030F9B1D9F82C50002D00F086836E6856
:102B5C00002E00F06C838A4807368A4FD0F860C08C
:102B6C00C6F30B06AB680CEA07071B023E4306666E
:102B7C004366036F13F00203FBD147F007070766A8
:102B8C00406F6B6000238DF80030F9B1D9F82C50F0
:102B9C00002D00F08D836E68002E00F03C83784889
:102BAC000736784FD0F860C0C6F30B06AB680CEA5A
:102BBC0007071B023E4306664366036F13F00203CE
:102BCC00FBD147F007070766406F6B6000238DF859
:102BDC00003001B3D9F82C50002D00F04F836B68F6
:102BEC00002B00F0308366480733664FD0F860C086
:102BFC00C3F30B03AE680CEA070736023B430366CC
:102C0C004666036F13F00203FBD147F007078A46B1
:102C1C000766406F6B60A168002940F316814FEA8C
:102C2C000B2B2368584A50460FFA8BFB544F9E7857
:102C3C0026B1A57B2E44FF2E28BFFF2694F81AC080
:102C4C005D780CFB066636122DB194F80DC0654408
:102C5C00FF2D28BFFF2594F819C093F800800CFBBA
:102C6C0005552D12B8F1000F07D094F80CC0E044B4
:102C7C00B8F1FF0F28BF4FF0FF084BEA060694F897
:102C8C0018C016430CFB0888C6F3072E4FEA2828F9
:102C9C008DF800E0002800F0AE8099F8411021B3C7
:102CAC00D9F82C00002800F070824368002B00F04B
:102CBC00E08103F1070ADFF8CCC03B6ECAF30B0AC4
:102CCC0003EA0C0C83684AEA0C0A4EEA0323C7F8A1
:102CDC0060A07B663B6F13F00203FBD14CF0070C3A
:102CEC00C7F860C0D7F874C043605FFA86FE8DF8F1
:102CFC0000E001B3D9F82C60002E00F02F8273682D
:102D0C00002B00F0CA81386E0733DFF878C0C3F3AC
:102D1C000B0300EA0C0CB06843EA0C034EEA0020EB
:102D2C003B6678663B6F13F00203FBD14CF0070057
:102D3C003866786F73602D02ADB245EA0805C5F3AD
:102D4C00072CADB28DF800C079B3D9F82C60002EE9
:102D5C0000F0F3817368002B00F09581386E073317
:102D6C00DFF820E0C3F30B0300EA0E0EB0680DE0B1
:102D7C00808D5B0090320020FD00000081808080FF
:102D8C0000003A4000F0FFFF00E0FFFF43EA0E03B3
:102D9C004CEA00203B6678663B6F13F00203FBD1D4
:102DAC004EF007003866786F7360EDB28DF8005006
:102DBC00002944D0D9F82C00002800F0B5814368D4
:102DCC00002B34D03E6E0733816826F47F66C3F344
:102DDC000B0345EA012126F00F0633433B66796667
:102DEC003B6F13F00203FBD146F00706A1683E6669
:102DFC007D6F4360236894F80CC00139607BE67BDF
:102E0C000029257C94F80EE0A6EB0C06A5EB00053A
:102E1C0094F912C0607C63442673A0EB0E006573BA
:102E2C00A160A07323600DDD99F84000FFE6A04B74
:102E3C0019684D66CB6D13F4F81FFBD04B6FA1686E
:102E4C002368D8E799F8402092466768DFF86C82CF
:102E5C00002F984C964EB8BF1F377F11FF238DF86B
:102E6C000030BAF1000F00F0E08099F8411001B386
:102E7C00D9F82C50002D00F031816868002800F042
:102E8C00F080AB680730D4F860C0C0F30B001B02B5
:102E9C000CEA080C43F0FF0340EA0C002066636662
:102EAC00236F13F00203FBD14CF007002066606F18
:102EBC006B6000238DF80030F1B1D9F82C50002D47
:102ECC0000F0FE806B68002B00F0C380206E07338F
:102EDC00D5F808C0C3F30B0300EA080003432366CC
:102EEC004FEA0C236366236F13F00203FBD140F00F
:102EFC0007002066606F6B6000238DF80030F1B125
:102F0C00D9F82C50002D00F000816B68002B00F0DC
:102F1C009880206E0733D5F808C0C3F30B0300EA82
:102F2C000800034323664FEA0C236366236F13F0F8
:102F3C000203FBD140F007002066606F6B6000233A
:102F4C008DF80030F9B1D9F82C50002D00F0D48058
:102F5C006B68002B6CD0A86807334FEA002E206EEC
:102F6C00C3F30B0300EA080C43EA0C032366C4F812
:102F7C0064E0236F13F00203FBD14CF007008A4688
:102F8C002066616F6B60013FBFF468AFBAF1000F50
:102F9C0048D099F84130D9F82C50002B3FD0002D57
:102FAC0000F01481286870B103684349DB688B42D8
:102FBC0040F08E814168002900F09781C0680B6851
:102FCC0023EA00030B603A49CB7C13B3DE0704D52C
:102FDC008C6A4FF0E020C0F800419D0704D5CC6A04
:102FEC004FF0E020C0F804415C0704D50C6B4FF0A7
:102FFC00E020C0F80841180704D54C6B4FF0E020D6
:10300C00C0F80C41DB0604D5896B4FF0E023C3F804
:10301C001011002389F8413022B1D9F82C50002D21
:10302C0000F0D68003B0BDE8F08F4FF0000AAAE79D
:10303C0030684366C36D13F4F81FFBD0436F8A46A8
:10304C00A1E730684366C36D13F4F81FFBD0436FE0
:10305C0075E730684366C36D13F4F81FFBD0436FFC
:10306C004AE730684366C36D13F4F81FFBD0436F17
:10307C001FE70F4B1868C0F864E0C36D13F4F81F1A
:10308C00FBD0436F31E60A4B1868C0F864C0C36DBF
:10309C0013F4F81FFBD0436F87E6054B1868C0F894
:1030AC0064E0C36D13F4F81FFBD0436F43E600BF1D
:1030BC009032002000003A401501000000F0FFFFA4
:1030CC00694609F13000FFF779FC99F840208DF83A
:1030DC000050002AA9D099F8411010E7694609F16F
:1030EC003000FFF76BFC99F840208DF80050002A57
:1030FC009BD099F84110DFE6694609F13000FFF7E3
:10310C005DFC99F8402092463DE7694609F1300094
:10311C00FFF754FC99F840208DF80050002A00F07D
:10312C00EA8099F841100DE7694609F13000FFF784
:10313C0045FCA1682368724A5DE6694609F13000D6
:10314C00FFF73CFC99F84030EDB26D4A8DF8005019
:10315C00002B3FF474AE99F8411029E62D02694614
:10316C0009F13000ADB2FFF729FC99F8403045EA7F
:10317C000805634AC5F3072CADB28DF800C0002BCF
:10318C003FF45DAE99F84110DEE5694609F1300077
:10319C00FFF714FC99F840305FFA86FE584A8DF818
:1031AC0000E0002B3FF44BAE99F84110A1E5BBF1C8
:1031BC00000B4FF0000318BF4FF0010B8DF80030DF
:1031CC00002A7FF498AC4FF0000A24E589F84150AE
:1031DC00D9F83830002B3FF425AFD9F83020D9E995
:1031EC00091008F061F9D9E9091009F0A1F8C9F83A
:1031FC00385017E7984799F84020924669E44148BF
:10320C0000684666C36D13F4F81FFBD0436F0023B0
:10321C008DF8003095E43B4800684666C36D13F4A6
:10322C00F81FFBD0436F00238DF80030D1E43548F4
:10323C0000684666C36D13F4F81FFBD0436F002380
:10324C008DF80030A1E42F4800684366C36D13F479
:10325C00F81FFBD0436F8A46DDE4694609F1300064
:10326C00FFF7ACFB99F840208DF80050002AAAD04B
:10327C0099F8411000297FF489ACA7E4694609F15B
:10328C003000FFF79BFB99F840209246C3E4694657
:10329C0009F13000FFF792FB99F840208DF80050AF
:1032AC00002A90D099F8411000297FF44BAC69E4C6
:1032BC00694609F13000FFF781FB99F840208DF841
:1032CC000050D2B199F8411000297FF483ACA2E4EC
:1032DC00984799F8402076E63146007C0CF03AFF8E
:1032EC0099F840209246FFF7F4BB007C0CF032FFBB
:1032FC0099F8402067E6924645E692468BE400BF7B
:10330C0000E0FFFF9032002008B5FFF7B3FB08BDCB
:10331C00F0B58DB015460F461A466E46014604466A
:10332C00304604F051FB049702ABA27DCDE9055564
:10333C0096E80300012A02904FEA1140ADF80C10F8
:10334C008DF80E0093E803004FEA11430A90ADF894
:10335C002C108DF82E3012D000230793ADF82030AE
:10336C002268002321492046126B8DF822308A42B4
:10337C00099304A937D1FFF77DFB0DB0F0BD1C4AB2
:10338C000DF11F074FF4807C1378013303F0070312
:10339C00D90113709A07C9B248BF41F040015B07CD
:1033AC0007AB48BF41F020011A7B1031C9B2BAB14A
:1033BC00BCFBF2F2D2B2501CC0B200FB0115D870AB
:1033CC00C5F307262D1206F1FF360CBF1D701E70BB
:1033DC0000B1DA7001339F42C2D01A7B002AE7D1C8
:1033EC00DA701A70F6E790470DB0F0BDE90E0000E8
:1033FC0078DC0020F0B58DB0154604461A466E46B2
:10340C000F460146304604F0DFFA049785EAE57270
:10341C0002ABA2EBE572CDE9052296E803000A0C9B
:10342C000290ADF80C108DF80E2093E803000B0CF5
:10343C000A90ADF82C108DF82E30A37D012B18D0EE
:10344C0000230793ADF820302368002D244A4FF059
:10345C0000001B6BB4BF6FF0020103210990934273
:10346C0020468DF8221004A937D1FFF703FB0DB0CD
:10347C00F0BD1C4A0DF11F0C4FF4807E1378013304
:10348C0003F00703D90113709A07C9B248BF41F082
:10349C0040015B0707AB48BF41F020011A7B10319C
:1034AC00C9B2BAB1BEFBF2F2D2B2501CC0B200FB30
:1034BC000116D870C6F30727361207F1FF370CBF79
:1034CC001E701F7000B1DA7001336345BCD01A7BDB
:1034DC00002AE7D1DA701A70F6E798470DB0F0BD04
:1034EC00E90E000078DC002010B584B04FF0FF34FA
:1034FC000CF0D2FE0D480E4B402284210094CDE9F5
:10350C0001000C480BF000FC0B4A0C4909480EF06A
:10351C001BFC0B4B0B4900221A70033303F8022CD3
:10352C0003F8012C8B42F7D104B010BD40420F00C0
:10353C00F033002078C20020C8370020B9C8000042
:10354C0004C3002074DA002070B59FED310A002509
:10355C00304C314E2DED088BF7EE00BA9FED2FBAA3
:10356C00B0EE00AADFED2EAA9FED279B15E007EE2B
:10357C00105AB8EEC70A20EE270AB7EEC00A20EEA2
:10358C00090BB7EEC08BB0EE480A16F0D1FAF0EE8C
:10359C0040BAB0EE480A16F0C7F9F0EE4B8A204656
:1035AC00B0EE6A8A0135EBEE8A8AA0EE0A8A03F045
:1035BC0039FF4FF0011320460221636103F01EFD19
:1035CC0004223146FDEEE87A204617EE90CAFDEE55
:1035DC00C87AACF1180C17EE903AA4F810C0083B5E
:1035EC0063820CF043F920460BF0DAFB0121122028
:1035FC0006F0A8FE322DF3EE0E7AB8D1BDEC088B96
:10360C0070BD00BFAFF30080399D52A246DF913FE1
:10361C000000000078C200206C08002000008042EE
:10362C00000000422DE9F04790B00DF13C08ADF1DF
:10363C00040440200CF09CFA44F8040F4445F8D1E3
:10364C004FF06909384E3046ADF1040503F0EAFE3F
:10365C004FF00113012130460024344F736103F005
:10366C00CDFC0621022055F804AF0CF0B7FA034646
:10367C0001223946304653443482A6F812A008344D
:10368C00412BA4B2A8BF00232B600CF0EFF8A84587
:10369C00E7D10221304603F0B1FC254B0622254927
:1036AC00304633610CF0E2F8234B244903223046B8
:1036BC0033610CF0DBF830460BF072FB0121062075
:1036CC0006F040FEB9F10109BDD1174803F0AAFE7E
:1036DC000221154803F092FC194B04221949124897
:1036EC0033610CF0C3F810480BF05AFB012140F287
:1036FC007E4006F027FE0C4803F094FE02210A4897
:10370C0003F07CFC104B11490722074833610CF085
:10371C00ADF805480BF044FB012140F2465010B0C7
:10372C00BDE8F04706F00EBE78C200204C08002021
:10373C001C001800500800202E002A0058080020F9
:10374C00280018005C0800201600180064080020EF
:10375C00B14B2DE9F04F1B7806462DED028B99B03D
:10376C000A91002B40F0E181FF23AC4AAC4C12AD26
:10377C0013700DF1340A0FCC0FC504F1080C574629
:10378C0094E8030085E80300BCE80F000FC7DCF8E1
:10379C0000303B600A9B002B00F0BA801F2206EB26
:1037AC0046060023DFF87CB20692012209930B92A5
:1037BC0006FA02F208EE102AB20008EE902ACDE9C1
:1037CC0007330021954803F0A9FF12AB0493049A28
:1037DC00538803F1FF381379079A4245A8BF424634
:1037EC000BB1A8EB0202069B002B70D0002A6EDBFB
:1037FC009045ACBF00230123002B68D1069902F140
:10380C00FF390A24521A0192049A1288CDE902282F
:10381C002AE0002940F08580002E00F01D814FF039
:10382C00FF0C3E464FF48F753846E6463946042B5E
:10383C0000F0898002990A44494602EB42020BF8D7
:10384C0002705A44567082F802C054BB0122032BFA
:10385C0000D86ABB019A4A4539D0002909F1FF39D1
:10386C0035DB039A8A4232DB0AEB83001AF82370A9
:10387C0009F101020FFA83F841788678002FC8D03D
:10388C0038B2C0EB002000120130C0B2002962D166
:10389C00002E40F0E580042B00F0EA80B446FF27B0
:1038AC00C8E7013C14F0FF040CBF01220022CEE754
:1038BC000AEB880202E0D478002CCBD1013304321D
:1038CC00DBB2042BF7D1019A00244A45C5D1049BE5
:1038DC0018AA06339A4204937FF479AF4F4B1978A8
:1038EC00184603F039FF089B002B00F0F580069B6F
:1038FC00012118EE900A013B1C46069306F022FDAE
:10390C00012C40F30881DDE909329342FFF459AFF1
:10391C000121424819B0BDEC028BBDE8F04F03F019
:10392C00FDBEC1EB012109120131C9B2002E7BD1C0
:10393C00B446B6463546042B4FF0FF064FF48F7154
:10394C0030467FF477AF002940F09780002D00F0CF
:10395C00D380FF2533E0C1EB012109120131C9B23B
:10396C00002E3BD100EBD000B44601EBD101FF2877
:10397C00E6460D4628BFFF20FF2928BFFF25C7B20A
:10398C002E4605956546F6B2042B7FF453AF5A26A6
:10399C0006FB00F73F120137FFB2002900F09280BE
:1039AC0005995A2000FB01F109120131C9B2002D11
:1039BC0078D107EBD70701EBD101FFB2C9B202985E
:1039CC00024402EB42020BF802705A445170494611
:1039DC009570002C7FF465AF04233BE7C6EB0625FE
:1039EC0001EBD1012D12FF290E4605F1010528BF6F
:1039FC00FF26EDB20596F6B200EBD00005EBD5052F
:103A0C00FF28AE4628BFFF20FF2D28BF4FF0FF0E2A
:103A1C00C7B25FFA8EFCB7E7C43D0020E844002033
:103A2C00B004002004C30020C6EB062501EBD10135
:103A3C002D12FF29084605F1010528BFFF20C5F30B
:103A4C00C40656FA85F5C6B2FF2DAE4628BF4FF018
:103A5C00FF0E5FFA8EFCEAE6042B0AD0B446E9E6C8
:103A6C00C6EB062505910E462D120135EDB2C3E7C6
:103A7C00FF26002537462946A1E75A2101FB00F114
:103A8C0009120131C9B22DB35A2001EBD10100FB4F
:103A9C000EF0C9B200120130C0F3C40555FA80F51E
:103AAC00EDB28CE75A2001EBD10100FB0EF5C9B247
:103ABC002D120135EDB207EBD70705EBD505FFB29B
:103ACC00EDB27CE7002DD3D006FB0EF52D1201359F
:103ADC00EDB2F0E7FF2172E7079B01210B9A18EE7C
:103AEC00100A13441C46079306F02CFC631E532B40
:103AFC0007D90123089306E72E46002537462946A9
:103B0C005DE7069B1F2B3FF4FEAE069B013306932D
:103B1C0000230893F7E6099B0B9A01335242DBB260
:103B2C000B92099301230693EFE70A4C204603F00E
:103B3C0079FC2046022103F061FA4FF4C0130822ED
:103B4C000549204623610BF091FE20460BF028F925
:103B5C000AE600BF78C20020EC060020000000003E
:103B6C002DE9F047874E2DED048B304684B003F0E1
:103B7C0059FC0121304603F041FA83494FF0011200
:103B8C00824B0D687261A3FB05350CF0D3FF804BA3
:103B9C00804AAD0CD3F840319FED7F7A03F01F03C0
:103BAC00146803EB830303EB830303F52F7307EE16
:103BBC00903AF8EEE77AC7EE878A44B1013C032CC1
:103BCC007ED8DFE814F01301A101060296000E2244
:103BDC007249346130460BF049FE4FF44023062203
:103BEC006F49336130460BF041FE234629460A22C9
:103BFC0030466C4D0BF0B0FE04226B4930460BF096
:103C0C0035FE4FF4B01306226849336130460BF091
:103C1C002DFEB7EEE80A032130460BF0B1FE02226E
:103C2C00634930460BF022FE4FF400130622614923
:103C3C00336130460BF01AFE5F49604A234609682F
:103C4C003046126840F2523905F19C085C4F891AD3
:103C5C000A220BF081FE03225A4930460BF006FE75
:103C6C0001201322214602248023CDE900202D229D
:103C7C00304602F0B5FD55F8042F4FF0010C21B27F
:103C8C0002234A45CDF804C0304604F10304A8BF12
:103C9C004A46A4B2962AB8BF962202EB021CACF696
:103CAC00980CA7FB0C2C4FEA1C2CCCF13F020FFA02
:103CBC008CFC12B2CDF800C002F048FDA845DAD158
:103CCC00414D0CF01DFA04462E480BF069F80CF02F
:103CDC0017FA001BDFED306A07EE900AF8EE677AF0
:103CEC0087EEA67A85ED007A04B0BDEC048BBDE8B6
:103CFC00F08700230E223549336122480BF0B6FDC4
:103D0C0033484FF440230622D0F8A441314904F43F
:103D1C00007433611B480BF0A9FD002C2E4B14BF13
:103D2C00082207222D4908BF194616480BF09EFDA4
:103D3C004FF4B01306222A49336112480BF096FD5A
:103D4C004FF47A710F480BF0DFFD042225490D4822
:103D5C000BF08CFD4FF400131B4D062233612249EE
:103D6C0008480BF083FD95ED000A03210548B7EEDA
:103D7C00C00A0BF005FE0322124902480BF076FD37
:103D8C009FE700BF78C200208C32002083DE1B43EB
:103D9C0000800D4074C2002000007A4450070020BF
:103DAC0060070020FCDA0020680700207007002064
:103DBC00780700207C070020A4DB0020F0C2002044
:103DCC0091739F5D84070020ECC200201008002036
:103DDC0000002E40200800203C0700204407002053
:103DEC0028080020300800203808002000240E226B
:103DFC00C349B0EE408A3461C2480BF037FD4FF432
:103E0C0040230622C0493361BE480BF02FFDB7EEAC
:103E1C00C80A0121BB480BF0B3FD4FF4B0130622C6
:103E2C00BA493361B7480BF021FDB94B0121B548B4
:103E3C0093ED000ADFF8CC92B7EEC00AB54D0BF04B
:103E4C009FFD4FF400130622B349336105F1980A24
:103E5C00AC480BF00BFDB14B0121AA4893ED000AC5
:103E6C008846AF4FB7EEC00A0BF08AFD13202146EF
:103E7C00022480232D222646CDE90008484602F074
:103E8C00AFFC55ED017A033495ED007A3146FDEE29
:103E9C00E77A26B2043548463346CDF8048017EE4F
:103EAC0090CAFDEEC77AA4B2BCF1500F17EE902A5F
:103EBC00A8BF4FF0500C502AA8BF5022BCF1140FD1
:103ECC00B8BF4FF0140C142AB8BF14220CEB0C1E04
:103EDC0002EB021CAEF59B72ACF59B7CA7FB022E91
:103EEC00A7FB0C2C4FEA5E124FEA5C1CC2F13F029E
:103EFC00CCF13F0C12B20FFA8CFCCDF800C002F0E2
:103F0C00D3FBAA45BDD1DBE600240D2285497D48B3
:103F1C0034610BF0ABFC28EEA89A06EE905A4FF4E5
:103F2C00402306228049B7EEC99A3361B8EEE66B9E
:103F3C0074489FED717B29EE077B27EE067BB7EE6D
:103F4C00C78B0BF093FC21466E48B7EEC80A0BF0FA
:103F5C0017FD032275496B480BF088FC4FF4B01326
:103F6C0006227349336167480BF080FC88EE280AFF
:103F7C0021466448B7EEC00A0BF002FD03226D49DE
:103F8C0060480BF073FC4FF4001306226A4933614E
:103F9C005C480BF06BFCB0EE490B032159480BF05D
:103FAC00EFFC01200A2180232D22CDE900102146AF
:103FBC00544802F015FCB5EEC08AF1EE10FA79D433
:103FCC00DFED5E7AB4EEE78AF1EE10FA7EDD7E2349
:103FDC0071E000240D225A4934614A480BF046FC2A
:103FEC00204617F0E3F80DF10F03062255491B1A72
:103FFC00444848BF03F2FF339D124FF44023C5F5EC
:10400C00007433610BF032FC3E4821460BF07CFC13
:10401C0003224D493B480BF029FC4FF4B013062208
:10402C004A49336137480BF021FC294635480125B4
:10403C000BF06AFC0322444932480BF017FC4FF496
:10404C0000130622424933612E480BF00FFC414A03
:10405C004148002311680A22A0FB01012948890963
:10406C000BF07AFC02223D4926480BF0FFFB0A219B
:10407C0080232D222348CDE90015002102F0B0FB4E
:10408C00B4F5007F23464FF00600A8BF4FF4007331
:10409C002F22022123EAE373C3EB8313AB4003F516
:1040AC008073CDE9000543F34F2316482C4D02F0E5
:1040BC004DFB06E62346012406202F220221284D23
:1040CC00CDE900040F4802F041FBFAE5FDEEC87A99
:1040DC00214917EE903AC3EB83135A0002F5FA729A
:1040EC0081FB0231D317A242C3EBA113B8BF03F17A
:1040FC00FF331BB2DFE700BF666666666666D63FB7
:10410C008807002078C2002098070020A007002014
:10411C0074DA0020B0DB0020A8070020A83D0020A6
:10412C0089888888B0070020C0070020C8070020B5
:10413C00CC070020D4070020D807002000007A44C8
:10414C00E0070020F0070020F8070020FC07002003
:10415C0004080020A4DB0020D34D62100C080020C2
:10416C00ECC200200000000070B52DED028B48BBA6
:10417C007F2102233F22504802F058FF0BF0C0FF72
:10418C0004464D480AF00CFE0BF0BAFF021BDFEDA3
:10419C004B6A07EE902A4A4B4748F8EE677A87EE4F
:1041AC00A67A83ED007A03F03DF943480AF0F8FD56
:1041BC00414803F037F94048BDEC028BBDE8704034
:1041CC000AF0EEBD3C4C0026204603F02BF94FF0D4
:1041DC00011320460121636102F010FF11223949BD
:1041EC00204626610BF042FB20460AF0D9FD3F2207
:1041FC007F210223204602F019FF0BF081FF0546B8
:10420C0020460AF0CDFD0BF07BFF451B9FED2B7A72
:10421C00204607EE905A2A4BB8EE678AC8EE077A0A
:10422C00C3ED007A03F0FEF8204603F0FBF80B22F6
:10423C002549204626610BF019FBB7EEC88A4FF4CE
:10424C0040230321204623619FED190B88EE000BC0
:10425C000BF096FB03221D4920460BF007FB4FF495
:10426C00C01133460A22216120462946013D0BF03C
:10427C0073FB1749032220460BF0F8FA42F6DE6373
:10428C004FF4101220469D4222614FF00E0294BF53
:10429C00104911490BF0EAFA07480AF081FD012197
:1042AC000020BDEC028BBDE8704006F04BB800BF9F
:1042BC000000000000408F4078C2002000007A44CB
:1042CC00ECC20020F80600200C0700208407002018
:1042DC00180700201C0700202C07002000000000FD
:1042EC002DE9F04F2DED0A8BADF5017DF7EE084A67
:1042FC00B2EE096ADFF8F8825CAF0190DFF8F4E205
:10430C006920DFF8F4C23B46DFEDAB6A802501245F
:10431C0000224D269FEDA65B1DE007EE902AC3F808
:10432C0004E01E73B8EEE77A07EE900AF8EEE77A2F
:10433C0037EE667AC3ED027AB7EEC77A27EE057BC5
:10434C00B7EEC77B83ED007A1CF8016F01320134A4
:10435C0010330C350330052ADFD907EE905A911F24
:10436C00092C1E73B8EEE77A07EE901AC3F8048096
:10437C00F8EEE77A83ED027A77EEE47A67EE867AE6
:10438C00C3ED007AE0D102AE3EAC20ADC8210120D5
:10439C000BF024FC07EE900A64216FF06300F8EE3A
:1043AC00E77AE4EC017A0BF019FC07EE900A502145
:1043BC006FF04F00F8EEE77AE6EC017A0BF00EFCAA
:1043CC0007EE900AA742F8EEE77AE5EC017ADDD128
:1043DC00019B002B40F3BB80DFED789A4FF0000976
:1043EC00DFED778ADFED77AA9FED779ADFF8F8811A
:1043FC004046B1EE00AA20AE02AD3EAC9FED738AF2
:10440C0003F010F801E0A74234D0F4EC017AB7EED7
:10441C00007AF5EC016A77EECA7AB6EC016A66EEC0
:10442C00A86A26EE286AF4EE477AF1EE10FA98BFE5
:10443C00F0EE697A86EEA77A44ED017AC6EE276A29
:10444C0077EE2A7AFDEEE77A36EE887A17EE901A36
:10445C007F29BDEEC77AD6D817EE103A3F2BD2D8AB
:10446C0017EE102A012309B2404612B202F0DEFD0B
:10447C00A742CAD13C4600269FED55AA9FED55CACE
:10448C00DFED55BA9FED55BA3CE094ED007AB4EEF1
:10449C00CB8A27EE0C7AF1EE10FAC7EE087A77EE9B
:1044AC00AB7AFDEEE77A17EE905A56D4DFED4C7AE4
:1044BC00B4EEE78AF1EE10FA4BBF4FF00C0A4FF056
:1044CC00040A092203224CBF0321012105F11D001E
:1044DC00BA2813D8DFED437A94ED017ADFED3B6A0D
:1044EC0027EE277AC7EE087A77EEA67AFDEEE77A02
:1044FC0017EE90BA0BF11D00762833D90136103423
:10450C00092E17D094ED028AF7EE007A38EE4A8A1B
:10451C00B4EEE78A84ED028AF1EE10FAB5DC062ED1
:10452C0006F1010604F1100469FE897A092E44EDA6
:10453C00027AE7D1404609F101090AF031FC012168
:10454C00084605F0FFFE019B4B457FF451AF0DF57E
:10455C00017DBDEC0A8BBDE8F08F4FF0080A0622F6
:10456C000221B3E72048ABEB0A0B009202F046FDA8
:10457C00DFED1E7A009AB4EEE78AA8F812B0AD1AF5
:10458C00F1EE10FAA8F8105004DD64200BF0F0FAEC
:10459C00612804D8217B404602F094FCAEE77E21D2
:1045AC0021200BF01BFBC1B2404602F08BFCA5E7AF
:1045BC0033333333333321403333734000004843B8
:1045CC0000008242000080420000344300000042A0
:1045DC008FC2B53F0000A0420000704200008C4228
:1045EC00000038420000B44278C200200000DC42D7
:1045FC00000070410000E0C0400800202DE9F04FA1
:10460C00414E424D33782DED028B83B0002B67D099
:10461C0005F184093E4F9FED3F8A38463B4E02F030
:10462C0001FF3D49384602F0EFFC0121384602F00B
:10463C00E5FC4FF6FD731A464FF00113521B7B61DC
:10464C000192F6EC017A019BFDEEE77A03EB06088A
:10465C0017EE905A05F1060AA5F1180B5446452C95
:10466C0021D9063CA345FAD1F7EE086A56ED017A3A
:10467C00B3EE0E7A77EEA67A37EEC77A46ED017A6C
:10468C00B4EEC87AF1EE10FA1EDC4E45D9D12048B2
:10469C000AF086FB00211E4803B0BDEC028BBDE87E
:1046AC00F04F02F0B1BC6B1D7F212120A7F81080C8
:1046BC00A3EB0A0323447B820BF090FA01463846A5
:1046CC00C9B202F0FFFBCCE700216FF027000BF022
:1046DC0085FA07EE900AF8EEE77A46ED017AD4E710
:1046EC002C4605F1840900216FF03B000BF076FAA3
:1046FC0007EE900AF8EEE77AE4EC017A4C45F2D139
:10470C000123337086E700BF71DC002084B10020E8
:10471C0078C20020000080429C1C00602DE9F04F04
:10472C00B44C89B0012600252046DFF8F89202F03F
:10473C0079FE4FF0011331462046636102F05EFCB6
:10474C00AD4920462561FEF711F809228023294640
:10475C00204602960395DFF8D0B2DFF8D082CDE97F
:10476C00002601F0A1FF4FF46023A44920462361E9
:10477C00FDF7FCFFA2492046FDF7F8FFA1492046B2
:10478C002E46FDF7F3FF20460AF00AFB9E4B0495DC
:10479C001F88AF4208BF642702200BF005FDB0FA5A
:1047AC0080F3029A5B09D9F800501A4040F08C80D3
:1047BC0000287CD0002E7AD00137BFB2B7F5FA6F43
:1047CC0040F28F8001271646029740460AF074FC8F
:1047DC0020B140460AF0C2FC53282FD00DF04EF900
:1047EC00052877DC039BEB1A642BD5D90021182301
:1047FC00282220460395CDE90031802301F0A6FF45
:10480C002046022102F0FAFB804B0622804920460A
:10481C0023610BF02BF8394620460BF075F8204637
:10482C00012102F0EBFB7B4B14227B4920462361D8
:10483C000BF01CF820460AF0B3FAADE740460AF03C
:10484C003BFC0128FADD40460AF088FC82464046D3
:10485C000AF084FCC0B240EA0A23013B9BB2B3F5D8
:10486C00FA6FBBD24221029000200BF045FE0120D2
:10487C005FFA8AF10BF040FE029A022011460BF00F
:10488C003BFE012103200BF037FEFF2104200BF02F
:10489C0033FE012105200BF02FFE142106200BF016
:1048AC002BFE4FF0E0235D4AC3F80C2DFEE733409E
:1048BC008BD0049AAA1AB2F57A7F00F2B9801E4600
:1048CC0083F00103029380E782F0010316460495FE
:1048DC0002937AE70DF0B0F8412806D00DF012F9EA
:1048EC0080E70123164602936FE74FF0000AD9F8D0
:1048FC000030059555469A4607E0D9F80020DBF8BC
:10490C000810A2EB0A028A426FD206ABC5F106016F
:10491C0058190DF021F80544052DEED9AA46059D30
:10492C00BAF1060F7FF45EAF9DF81820412A7FF490
:10493C0059AF9DF81920642A7FF454AF9DF81A20C2
:10494C00612A7FF44FAF9DF81C209DF81B109DF839
:10495C001D005140BDF81B2081F0550188427FF4A9
:10496C0041AF52BA92B2B2F5FA6FBFF43BAF01321B
:10497C004221002095B20BF0BFFD0120290A0BF05B
:10498C00BBFD0220E9B20BF0B7FD012103200BF0B7
:10499C00B3FDFF2104200BF0AFFD012105200BF02E
:1049AC00ABFD142150460BF0A7FD124802F03AFD66
:1049BC000221104802F022FB4FF4A0130D481849B5
:1049CC002361FDF731FE29460A480AF09DFF09488C
:1049DC000AF0E6F901214FF47A7005F0B3FC4FF0C0
:1049EC00E0230E4AC3F80C2DFEE70123059D8BF83E
:1049FC000C30F7E678C200207408002084080020F0
:104A0C0098080020A808002062DC00200A0028007A
:104A1C00CC08002004003800D40800200400FA055B
:104A2C00C4080020A4DB0020803300209033002039
:104A3C00422100200BF060FDC7F3072101200BF091
:104A4C005BFD0220F9B20BF057FD012103200BF0A6
:104A5C0053FDFF2104200BF04FFD012105200BF02D
:104A6C004BFD142106200BF047FD104802F0DAFC38
:104A7C0002210E4802F0C2FA4FF4A0130B480C4965
:104A8C002361FDF7D1FD394608480AF03DFF074880
:104A9C000AF086F901214FF47A7005F053FC4FF0BF
:104AAC00E023044AC3F80C2DFEE700BF78C20020B7
:104ABC00BC0800200400FA052DE9F047AA4D14218A
:104ACC00AA4840F2EE28FDF7EBFEA94CA94F2E6840
:104ADC00DFF814930DF0BAF82378002B00F0F08077
:104AEC003B78DB0740F1EC802B68D9F800209B1A4F
:104AFC000E2B40F2E580A04B3222A0489A601BF0AE
:104B0C001FFD02219E4C08460BF060FB0121032087
:104B1C000BF05CFB002103200BF01CFB00229949DD
:104B2C0099480AF0A7FB01223C2120460AF000F923
:104B3C000021204601F04EFD204602F073FC204679
:104B4C000AF02EF9A0220021904816F0C7F9A022F5
:104B5C0000218F4816F0C2F90020FFF705FB00205A
:104B6C00FFF702FB02200BF01FFB0646002800F0AB
:104B7C00B88000200BF0B4FB422840F0F2800120FA
:104B8C00844F0BF0ADFB064602200BF0A9FB40EA6C
:104B9C000620814E83B203205A1EB2F5FA6F28BF4D
:104BAC00002333800BF09CFB00B9387004200BF011
:104BBC0097FB7A4B187005200BF092FB002800F045
:104BCC008D800620DFF824920BF08AFB6528744B4D
:104BDC004FF0010128BF142018704FF001136848E2
:104BEC00636102F00BFA00236E48236101F06CFB49
:104BFC00D9F80030B6F800A013F0010600F094804C
:104C0C000026002352466849684802F08DFC324663
:104C1C0031468675664802F039FE7D22314665487C
:104C2C0016F05CF90BF06CFA0AF09CFF4FF48D70E7
:104C3C00FFF756FBFEF7F6FCFEF786FC504802F039
:104C4C00F1FB02214E4802F0D9F906225A494C4890
:104C5C0026610AF00BFE4A480AF062FE062257490A
:104C6C0047480AF003FE46480AF05AFE032254490C
:104C7C0043480AF0FBFD42480AF052FE0822514913
:104C8C003F480AF0F3FD3E480AF04AFE3C480AF061
:104C9C0087F8012140F26C7005F054FB02214A4B5D
:104CAC00012208461A70FEF753FD2968474A3B78E3
:104CBC0011606BB301210320BDE8F0470BF04ABA39
:104CCC002B6822789B1B32B1B3F5FA6F3FF613AF0A
:104CDC000CF0BCFFFEE64345FAD90CE73C4B1870D0
:104CEC006FE7204602F09EFB3A4B0F223A492361B4
:104CFC0020460AF0BBFD20460AF052F83046FF2150
:104D0C000BF0FAFB01214FF47A7005F01BFB30E736
:104D1C001B4802F087FB1A480AF042F801210320D5
:104D2C00BDE8F0470BF016BADFF88080404602F081
:104D3C00C3FD2A4B40462A4AC8F800304FF6FF7391
:104D4C002849C8F824300123C8F83860A8F8406016
:104D5C00C9F80030C8E90A66C8E90C660CF0F4FF23
:104D6C004EE7FFF7DBFC00BFA4DB0020001E7C2914
:104D7C008CDC00208BDC002080330020F033002002
:104D8C0078C2002000093D0090330020ACDB0020ED
:104D9C0000DB0020C43D002062DC0020C63D00206A
:104DAC00C33D00209032002004C3002010BF00201F
:104DBC00E8440020B8A10020582D00205008002005
:104DCC0058080020602D002083DC002000C3002048
:104DDC00C53D00200A001400482D0020A822002008
:104DEC00C83700202D01000054DC0020104A0020A0
:104DFC002DE9F04F564CA7B0D4F80080FDF782FD9A
:104E0C0002200BF0D1F9002800F0FB82514B1A78EC
:104E1C004AB3514A002112681970A8EB0203322BD5
:104E2C0021D9B3F5487F40F22D86DFF868A19AF8B6
:104E3C000030022B00F09286484E0320357885F026
:104E4C00010535700BF04CFA854204D0294603203D
:104E5C000BF052FB3578002D00F0B586404BDFF897
:104E6C003891049305E03E4BDFF82C91DFF824A138
:104E7C0004933C4D2B78002B00F090803A4A12683A
:104E8C00A8EB0202B2F5E17F40F288809AF800208C
:104E9C00022A00F09B85012B00F03D86022B00F0CE
:104EAC002186052B00F042860023022A2B7079D133
:104EBC00049B1B78002B40F01D8502222B4B2C49A8
:104ECC001B68A8EB03038B4240F2F782294B049832
:104EDC0019880123037041B1274BE0201B6803EBB9
:104EEC00810143F8040B9942FBD1244B19460393DF
:104EFC0001230B7099F80030002B40F0E582012A59
:104F0C0060D11A4B1B68A8EB0303B3F57A7F59D910
:104F1C001B4B1A68002A55D00021104A1960002139
:104F2C00184B12781960002A4CD0174D284602F005
:104F3C0079FA2846052102F061F8144B0122144934
:104F4C0028462B610AF092FC284609F029FF39E02B
:104F5C00A4DB002073DC002010B20020C43D002034
:104F6C0082DC002072DC002014B2002000C3002080
:104F7C00C027090062DC0020B037002080DC002054
:104F8C0070C20020E4C2002078C2002031000C0066
:104F9C00EC2C002083DC002086DC00209AF800201A
:104FAC00022A85D099F80030002B00F06981049B0F
:104FBC001B78002B82D0BE4EBE4B03933378002B54
:104FCC0040F08782BC480AF077F8002840F08E82C7
:104FDC00BA4B1A68D10707D4B94ABA49128802EBFE
:104FEC0042020A6001221A60B74B1A68D20701D438
:104FFC0001221A600CF042FD002800F31982B34F15
:10500C000CF03CFD05280ADD0CF016FD412800F0E3
:10501C0044810CF077FD0CF031FD0528F4DC039B8A
:10502C001B78002B40F0F482A94D23682A689B1A48
:10503C00642B00F24284A74B1A68A8EB0202632A85
:10504C0040F21B81A4494FF47A70A44DC3F8008040
:10505C000B6895ED007A00FB03F3A14CB5EE407A9A
:10506C000020B3FBF2F3F1EE10FA07EE903A236056
:10507C00F8EEE77A08600DD0B4EEE77AF1EE10FAAC
:10508C0000F26E849FED976ADFED976A67EE867A81
:10509C00E7EE267A954E964833689649A0FB0303B3
:1050AC00954FC5ED007ADB08B3FBF2F30A683B7051
:1050BC000023A8EB02023360A02A40F2DE809AF8AB
:1050CC000030C1F80080022B00F07584012B40F0F9
:1050DC00D48099F80030002B40F0CF80744B1B78B3
:1050EC00002B00F0CA80854B1B68434580F0C580BF
:1050FC00B6EE007AD5ED007A0AADDFF80882804A68
:10510C000C2177EE877A2846FCEEE77A17EE903A78
:10511C0015F0AEFD8146404602F084F9052140466B
:10512C0001F06CFF2846C9EB09134FF00C095B002A
:10513C00A8F81290D3F1800348BF01335B10A8F894
:10514C00103016F0EDF82946024600256D480AF09D
:10515C008DFB01216B4801F051FF04226A4969481B
:10516C00C8F810500AF082FB0BF0E4FCFDEEC07A9C
:10517C00644817EE901A0AF0C7FB02226349614893
:10518C000AF074FB022262495E480AF06FFB2B4660
:10519C0039780A225B480AF0DFFB01225D49594845
:1051AC000AF064FB464BD4ED007A1B88F8EE677A64
:1051BC009FED596A03EB4303DFED586A07EE103A93
:1051CC00B8EEC77A27EE277A27EE067AB4EEE67A9F
:1051DC00F1EE10FAC0F20385B7EEC77A11AD504A62
:1051EC00494628469FED306B27EE067B8DED007B04
:1051FC0015F03EFD2846002416F092F8294600EBE7
:10520C0040030246A8F812405B003E48C3F17C0301
:10521C00A8F810300AF02AFB4FF46013052241491C
:10522C00C8F8103037480AF021FB204615F0BEFFB5
:10523C0008A9091A334848BF01F2FF3189120AF054
:10524C0063FB062238492F480AF010FB00230A2280
:10525C0010212C480AF080FB0322344929480AF01B
:10526C0005FB0AF04DFF0446264809F099FD0AF0AB
:10527C0047FF326883181B1B336027B0BDE8F08FE3
:10528C002B4B44F620611B68A8EB03038B4240F2C6
:10529C000F81012389F8003089E6D4F800B000258D
:1052AC0011AE4DE0AFF30080000000000000503F55
:1052BC00C43D002080DC002090330020CC4900202D
:1052CC0062DC00200CB20020D0490020803300208A
:1052DC0008B20020FCC20020E8C20020E4C200207A
:1052EC0070C200206666663FD0CCCC3D6CC20020FC
:1052FC00CDCCCCCCF8C200207FDC002090DA002092
:10530C00002D002078C20020042D00200C2D002040
:10531C00102D0020E82C00200000803A00C07944B9
:10532C00142D0020282D0020302D0020382D002099
:10533C0000C300202368BA68A3EB0B0393425DD231
:10534C00C5F1060170190CF007FB0544052DF1D9C8
:10535C00062D7FF455AE9DF84430412B7FF450AEB2
:10536C009DF84530642B7FF44BAE9DF84630612B95
:10537C007FF446AE904B0025CDF81480D3F800B0E6
:10538C0023688E4E98464B46D9469B4605E02368CB
:10539C00B968A3EB08038B422DD2A9EB0501701958
:1053AC000CF0DAFA0544A945F1D8DDF81480D94699
:1053BC007FF426AE0AF0A4FE8149824B0546049880
:1053CC001A780B6801330B607F4B1968002303704C
:1053DC008BF800307D4B7948C3F80080FDF730F82E
:1053EC000123039A13700AF08BFE794A1168431853
:1053FC005B1B136013E6DDF81480D94601233B7365
:10540C00FEE5744A1378002B7FF42DAD0121DFF8F3
:10541C00F891DFF8F8A111706F4A89F80030C2F8E2
:10542C0000806E4A1370694B0492C3F8008020E52B
:10543C000CF024FB7F283FF7E2AD0CF0FDFA772847
:10544C007FF4DDAD11AD00230A2265492846654E77
:10545C000AF04CFB294664480AF030FA0A216248EB
:10546C000AF0E4F8304601F0DDFF4FF4A0130F22F0
:10547C005E49336130460AF0F9F9304609F090FC88
:10548C0001214FF47A7004F05DFF28460AF0F8FB16
:10549C00B5E55748002357492B700368013381FB4E
:1054AC000315D917C1EB650101EB81015B1A036090
:1054BC00049B1B78002B3FF401AD4F4B039399F8E1
:1054CC000030002B3FF41BAD4C4E3378002B3FF4D7
:1054DC0079ADFFF793F89AF80030012B7FF472AD99
:1054EC0099F80030002B7FF46DAD0AE53E4809F0C9
:1054FC0035FEC3B2302B00F09782312B00F0AB821B
:10550C00742B00F06A82722B4FD0532B7FF460AD5A
:10551C002568354E03E023685B1B632B04D83046AB
:10552C0009F0CAFD0128F6DD2F4809F0C5FD012858
:10553C007FF74EAD2C4809F011FE05462A4809F0BC
:10554C000DFEC7B247EA0526B6B2731EB3F5FA6F65
:10555C00BFF43EAD422100200AF0CEFF0120E9B29B
:10556C000AF0CAFF394602200AF0C6FF234B1B780B
:10557C00DBB11C4D284601F055FF0221284601F0F5
:10558C003DFD4FF4A01307221D492B6128460AF05C
:10559C006DF9314628460AF0B7F9284609F000FCA7
:1055AC0001214FF47A7004F0CDFE4FF0E023154A40
:1055BC00C3F80C2D0CE500BF0CB20020C84B00202A
:1055CC00E8C20020C63D0020B037002000C30020F8
:1055DC006CC2002073DC002010B2002082DC0020A2
:1055EC008033002078C2002090330020F02C002063
:1055FC0074C200206766666680DC0020C43D002013
:10560C00BC0800200400FA0586DC002083DC0020A6
:10561C000AF076FDBE4ABF4B1768BF49BF4D0490D8
:10562C0018681F600B682E8813F0010F10604FEA8A
:10563C00860BBB4B06D10722DFF818C3C3E900C2A7
:10564C0001220A60B74E93E806003046FDF7A0F839
:10565C00B54A04233046114600F056FF5B463A46E5
:10566C003946304600F050FF2B88B04A30460F3395
:10567C0011461B0900F048FFF37C13B3DF0704D578
:10568C00B16A4FF0E022C2F80011980704D5F16A14
:10569C004FF0E022C2F80411590704D5316B4FF0DA
:1056AC00E022C2F808111A0704D5716B4FF0E02202
:1056BC00C2F80C11DB0604D5B26B4FF0E023C3F833
:1056CC0010210026039B9A4F1E700AF019FD3B68AF
:1056DC0084460498542231461B1A11A863443B603B
:1056EC0015F0FCFB2A880AAD109602EB4207CDE9B7
:1056FC000A66CDE90C66CDE90E66002A00F09080B2
:10570C0031468C4A9FED805B3BE007EE90EA06EE5B
:10571C0090CAB8EEE77BB8EEE66B27EE057BB4EEED
:10572C00C76BF1EE10FA62DA06EE900AB8EEE66B91
:10573C00B4EEC67BF1EE10FA94BF4FF0050B4FF0B0
:10574C00000B26AE0BEB4B030331033206EB8B0B3A
:10575C0006EB8303B9425BF8706C06F101064BF85B
:10576C00706C53F8546C764443F8546C53F8506C8A
:10577C00664443F8506C53F84C6C064443F84C6C3C
:10578C004DDA92F800E092F801C09078BEF1090F62
:10579C0098BFBCF1090F01D809282BD98445634661
:1057AC0038BF03469E45B0D28645734638BF034684
:1057BC009C4522D307EE90CA06EE90EAB8EEE77B42
:1057CC00B8EEE66B27EE057BB4EEC76BF1EE10FA84
:1057DC000DDA06EE900AB8EEE66BB4EEC67BF1EE8F
:1057EC0010FA94BF4FF0030B4FF0020BA9E74FF0E8
:1057FC00010BA6E74FF0060BA3E707EE900A06EEA7
:10580C0090CAB8EEE77BB8EEE66B27EE057BB4EEFC
:10581C00C76BF1EE10FA42DB4FF0030B91E70A9ADB
:10582C0000234FF0FF36194601E055F8042F914242
:10583C0001DA11461E460133072BF6D100239E4296
:10584C000793C0F29780994240F3948026AB06EB05
:10585C00460203EB820252F8500C52F84C3C52F8C0
:10586C00542C90FBF1F093FBF1F3984206900793C4
:10587C0092FBF1F2C0F2D580014606AD8A42B4BF6C
:10588C002D681546062E06D02B490978A94202DA56
:10589C00FE2D40F31781D2B2C1B2DBB26DE006EE41
:1058AC0090EAB8EEE66BB4EEC67BF1EE10FA94BF5C
:1058BC004FF0050B4FF0040B43E7204B062211A9C8
:1058CC001F481B788DF846301E4B1B788DF84730DF
:1058DC001D4B1B788DF848301C4B1B788DF84930CC
:1058EC0044F64253ADF8443009F0C0FF23682B60F6
:1058FC00FFF7A1BB99F80030002B7FF45CAB144B85
:10590C000393FFF75FBB00BF9A9999999999E13F6F
:10591C00B0370020B4370020D449002062DC0020CE
:10592C0018B2002090320020EC080020B8A1002012
:10593C006CC20020C84B0020C33D002076DC002048
:10594C009033002075DC002074DC0020C53D002065
:10595C0080DC00200024F4008FC2753DD7A3703F7B
:10596C001FED036A5FED036A67EE867AE7EE267A2F
:10597C00FFF790BB002319461A469F488DF822204A
:10598C0000788DF824308DF825009C488DF8231074
:10599C0002709B4A9B48117008A99B4A137044F6ED
:1059AC0042530622ADF8203009F060FF2268974B75
:1059BC001A60FFF740BB964B1B78002B3FF45DAC95
:1059CC00FEF7CEF89AF80030FFF780BB012B3FF4BE
:1059DC0060AD00232B70FFF76BBA2668894D03E08E
:1059EC0023689B1B092B04D8284609F065FB00286B
:1059FC00F6D0844809F060FB00283FF4E9AA8148FE
:105A0C0009F0ACFB834BC5B206201D700AF068FC94
:105A1C0085423FF4DDAA294606200AF06DFDFFF70A
:105A2C00D7BA194607AD29E7794B002503201D701D
:105A3C000AF056FC00283BD16F4B002505201D7049
:105A4C000AF04EFC78BB744801F0ECFC724809F08B
:105A5C00A7F9FFF7BDBA6E4B012503201D700AF0A4
:105A6C003FFCA84229D1644B012505201D700AF08A
:105A7C0037FCA8423FF4ACAA294605200AF03CFDAD
:105A8C00FFF7A6BA654A66491378DFF8C0A101335F
:105A9C00DFF8BC91C1F800801370624B9AF80020BB
:105AAC000493FFF77DBA294605200AF025FDCAE7C5
:105ABC00294603200AF020FDBEE7294603200AF000
:105ACC001BFDD0E7C2EB0222C0EB0021C3EB03238A
:105ADC0092FBF5F291FBF5F193FBF5F3D2B2C9B25F
:105AEC00DBB24AE7504F3B78C72B35D8642B34BF19
:105AFC00FF26282604203E700AF0F2FBB04203D0A9
:105B0C00314604200AF0F8FC414E337893BB9AF8E6
:105B1C000020FFF7C9B905210220FDF719FE226804
:105B2C00424B1A609AF80020FFF7BEB90023404997
:105B3C00374E02222B700B6001238AF80020337041
:105B4C00049B1B78002B3FF4B9A999F80030002B6B
:105B5C003FF4D5AEFFF730BA7F26CBE701232E48B2
:105B6C00DFF8EC908AF8003001F05CFC2D4B0493CC
:105B7C00FFF77FB9284E304601F054FC0221304625
:105B8C0001F03CFA2B4B05222B493361304609F0CE
:105B9C006DFE3A787F236421304611FB0231274B8E
:105BAC00A3FB0131C90909F0AFFE0122244930469B
:105BBC0009F05CFE304609F0F3F82368214A03F241
:105BCC00EE231360A3E7144801F02CFC124809F0F3
:105BDC00E7F8144BDFF878900493FFF74AB9FDEE21
:105BEC00C77A11AD4946184A284617EE903A15F077
:105BFC003FF8FFF7FFBA00BFC53D002076DC002060
:105C0C0075DC00209033002074DC002008B20020EA
:105C1C00C43D0020C33D002078C2002072DC00206F
:105C2C0014B2002082DC0020C63D002000C30020FE
:105C3C0074C200200A001800E02C002081808080B3
:105C4C00E82C002090DA0020202D002083DC00209E
:105C5C0086DC00200020704790F8A32090F8A2006A
:105C6C00101A704790F8A23090F8A3209A4205D9E8
:105C7C005A1C034480F8A220987E70474FF0FF30E6
:105C8C00704700BF90F8A23090F8A3209A4202D936
:105C9C001844807E70474FF0FF307047704700BF4C
:105CAC000346B0F8300178B193F82F21882A03D934
:105CBC00012200205A60704702F1010C01201A44A5
:105CCC0083F82FC182F8A510704700BF38B5B0F823
:105CDC0030410CB9204638BD90F82F310546C3F140
:105CEC008904A2420DD8144605F1A5002246184499
:105CFC000AF0A0FC95F82F312046234485F82F316B
:105D0C0038BD01224260EFE72DE9F04FD0F814A026
:105D1C001524017E8146437E83B00AEB0111384A7B
:105D2C000AEB0313374F097A93F8283002EB01156D
:105D3C000901E86852F8018002EB0311D5F804B0B0
:105D4C001B01CE68D558CBF80040C8F88400D8F8B1
:105D5C0004304A6803432C490192C8F8043014609B
:105D6C00C5F884606B6833436B60284B4C683A68A9
:105D7C00A3FB0232920C02EB820252004B681B1BFB
:105D8C009A42FBD84FF0090C1F4ADFF880E0D8F894
:105D9C000830034202D0AB6833422FD1C5F888607B
:105DAC0054683968AEFB0131890C01EB81015368F1
:105DBC001B1B9942FBD8C5F8846054683968AEFB4C
:105DCC000131890C01EB810153681B1B9942FBD8F3
:105DDC00BCF1010CDBD1604699F81830019A0AEB42
:105DEC000313DB68CBF8003099F819300AEB031A6F
:105DFC00DAF82C30136003B0BDE8F08F0120EBE72C
:105E0C00602A00208C320020001000E083DE1B434F
:105E1C000E4A10B51168046905E0DB0107D413685C
:105E2C005B1A102B08D8636913F0007FF5D14FF47F
:105E3C00FE430120636110BDFFF766FF0028FAD016
:105E4C004FF4FE4301206361F5E700BFA4DB0020A3
:105E5C002DE9F04790F82FA10569BAF1000F4FD04A
:105E6C0081468846FFF7D4FF002849D0374E0024DE
:105E7C00376818E06B69190551D4DA0455D4580504
:105E8C0059D4990441D43268D21B322A3DD8544596
:105E9C0007D9EA6D520704D19B0555D4B8F1000F10
:105EAC0052D00BF0D3FE5445E4D8EA6D500702F003
:105EBC000703DFD413E099F8A5200133022442F440
:105ECC008062042B2A661ED08A4503F1010309EB7C
:105EDC0001020ED992F8A520042B2A66CAD0012102
:105EEC00002CE8D02146013301348A4509EB01022C
:105EFC00F0D8B8F1000FBDD04FF400732B66B9E7A2
:105F0C000420BDE8F0870124B4E72B694FF400723C
:105F1C00042043F440732B612A66BDE8F0872B699B
:105F2C00042043F440732B61EBE72B69052043F409
:105F3C0040732B61E5E72B694FF40072022043F4A8
:105F4C0040732B612A66DCE70020DAE7A4DB002033
:105F5C00F8B506690446D6F8145115F4706301D0EF
:105F6C00C6F81431A8070BD5D6F8702111043DD50D
:105F7C000023012184F8A230234484F8A3109A76DC
:105F8C00EA0710D594F83071F7B194F82E7194F8A3
:105F9C002F31BB4226D97B1C274484F82E3197F82D
:105FAC00A530C6F86031AB050DD594F8A30018B137
:105FBC00D4F83C3103B198470023A4F8A230A4F8DC
:105FCC002E3184F83031F8BDD4F8383103B198470C
:105FDC00002384F82E31012384F8303194F82F31CA
:105FEC00BB42D8D80023C6F86031DCE794F8A33064
:105FFC00872BC5D8591CC9B2BEE700BF0148FFF7B3
:10600C00A7BF00BFF03300200148FFF7A1BF00BFBE
:10601C00303500200148FFF79BBF00BF70360020D1
:10602C0010B4144C00220369A1421A6114D8124C0A
:10603C00012012494FF430329C6458629962DA6242
:10604C009C6C00204FF0011101221C6518625DF858
:10605C00044B99651A6170470948814207D9094C6C
:10606C0009480A499C645A629862D962E8E7084C6C
:10607C000848F6E77F1A06003B372819B80B0505C8
:10608C003F420F000A09070460090101007F050067
:10609C001C1A120C100E020290F81CC04160BCF1CC
:1060AC00020FC26001D18368184708F07DBF00BFA2
:1060BC00F0B4046840F201251E462561A3B121B35A
:1060CC0011F8015B013B6566256FAF0707D41546D8
:1060DC00013E676F1AB105F8017B2A4604686569B1
:1060EC00ED07F1D5002BEAD16EB10368196F890762
:1060FC00FAD41146013E5B6F002AF5D001F8013B42
:10610C000A46002EF1D1F0BC704790F83C50D9E70C
:10611C00324B334930B5D3E911542079C8771A6C16
:10612C0095F804C081F81CC0087752B1B2F5004F45
:10613C0023D32C4911442A4A1964D07682F81BC007
:10614C0030BD19680F24D86C8C6540F20134CA61DB
:10615C000C614FF47C544C6103210468246883F86F
:10616C003D10214B9C4226D1037F4260022BC26022
:10617C0026D18368BDE8304018472D68E98B0904A7
:10618C0022D492B2EA832168EC8BA4B2EC82CC8B41
:10619C00240405D5CC8BC2F3080204F47E442243BC
:1061AC00CA83CA8B92B2CA8200210D4A1964D07676
:1061BC0082F81BC030BD23461146BDE8304018475D
:1061CC00BDE8304008F0F0BEE98BC2F3080E92B285
:1061DC0001F47E4141EA0E01E983D4E790320020BC
:1061EC0000800E400180FFFF793C0000324B3349A8
:1061FC0030B5D3E911542079C8771A6C95F804C0DE
:10620C0081F81CC0087752B1B2F5004F23D32C494A
:10621C0011442A4A1964D07682F81BC030BD196823
:10622C000F24D86C8C6540F20134CA610C614FF4B8
:10623C007C544C6103210468246883F83D10214B85
:10624C009C4226D1037F4260022BC26026D1836818
:10625C00BDE8304018472D68E98B090422D492B26E
:10626C00EA832168EC8BA4B2EC82CC8B240405D598
:10627C00CC8BC2F3080204F47E442243CA83CA8B3B
:10628C0092B2CA8200210D4A1964D07682F81BC0E2
:10629C0030BD23461146BDE830401847BDE83040BC
:1062AC0008F082BEE98BC2F3080E92B201F47E4173
:1062BC0041EA0E01E983D4E7E032002000800E4071
:1062CC000180FFFF793C000043682DE9F04FD3E9D2
:1062DC000041814D4FF0B80A22684FF0020822EAC3
:1062EC0001027E492260AA6911407D4A0A43AA61D3
:1062FC0090F810E07B4A03EB0E0603EB8E0E317C1C
:10630C0002EB01118968C1F800A090F811C003EBF1
:10631C000C0503EB8C0C95F8201002EB011189682D
:10632C00C1F800A0817C03EB010903EB810199F812
:10633C0030B002EB0B1BDBF808B0CBF800A0D4F8A4
:10634C0000A05F684AEA070AC4F800A0347CDEF8B3
:10635C0014E002EB04146468C4F800E095F82040E3
:10636C00DCF824C002EB04146468C4F800C0496B68
:10637C0099F8304002EB041252681160DA6B99F80C
:10638C0038101160DA69317EDB6A116095F82820CB
:10639C001A600F220368C3F810809A65C27C002A29
:1063AC0031D072B6C37CDC0708D54FF0E0214469CC
:1063BC00D1F8802122408262C1F88021990708D54A
:1063CC004FF0E0218469D1F884212240C262C1F8E7
:1063DC0084215A0708D54FF0E021C469D1F88821EF
:1063EC0022400263C1F888211F0708D54FF0E02135
:1063FC00046AD1F88C2122404263C1F88C21DE065C
:10640C0055D462B60368384C8268A24259D0324ADD
:10641C00846092693549C2F30116C2F38262344D2D
:10642C0051F826100132B1FBF2F2AA4231D8002207
:10643C00C260002403211C610724596201211A64E3
:10644C001C661961C37C13B3DD0704D5816A4FF058
:10645C00E022C2F800119C0704D5C16A4FF0E0227B
:10646C00C2F80411590704D5016B4FF0E022C2F8B1
:10647C0008111A0704D5416B4FF0E022C2F80C1139
:10648C00DB0604D5826B4FF0E023C3F81021BDE886
:10649C00F08F1849A1FB0251090DB2FBF1F2A24297
:1064AC0088BF0131B1F5817F0DD3134AC0E74FF09E
:1064BC00E022416AD2F890310B408363C2F89031EC
:1064CC009FE7C268B5E70229B1D902394C0822020C
:1064DC0042EA04420A43ABE700C00F40CFFFFFE3A0
:1064EC0010000008602A002000093D0078270020D9
:1064FC00FF083D0083DE1B43FF7F7F00704700BF1A
:10650C00704700BF704700BF0BB1FFF7D1BD70479C
:10651C004368D3E900120968114200D1704710B5E5
:10652C0002680446002005211061227C1344187C6B
:10653C0009F04CFE627C63680521134493F820003B
:10654C0009F044FE6368A27C05211344BDE81040A9
:10655C0093F8300009F03ABE704700BF704700BF97
:10656C0010B404682469A4465DF8044B604700BF6E
:10657C0030B40468BDF808500295A46BA44630BC36
:10658C00604700BF30B40468BDF808500295E46B56
:10659C00A44630BC604700BF30B4BDF90850046855
:1065AC000295BDF80C500395246CA44630BC604792
:1065BC0030B5002283B00468B0F90E500191114639
:1065CC000095B0F90C30246CA04703B030BD00BF6F
:1065DC00704700BF01F003038376CB0705D4028913
:1065EC00B0F90A308281C38170474289B0F9083012
:1065FC008281C381704700BF2DE9F0411C460B46D8
:10660C00016884B0114E05464F69BDF82880B74229
:10661C0010D1013CCDF804802846144424B20094D7
:10662C008C6A1946A0472B68DB6AB34209D104B0C7
:10663C00BDE8F081CDE90232B8472968DDE90232C4
:10664C00E7E7284604B0BDE8F04118473D4100009B
:10665C002DE9F043056885B0124E04466F699946E2
:10666C00BDF83080B74210D109F1FF33CDF804806A
:10667C00009220460B44AD6A1BB2A8472368DB6A24
:10668C00B34209D105B0BDE8F083CDE90212B84799
:10669C002568DDE90212E7E7204605B0BDE8F043C6
:1066AC00184700BF3D4100002DE9F043994287B0E7
:1066BC000546BDF93840BDF83C6022D0A24212D04C
:1066CC000768DFF88480D7F81490C14533D1284689
:1066DC00CDE90046BC6AA0472B68DB6A434525D14F
:1066EC0007B0BDE8F08399421CDC0E9601332C6890
:1066FC0028465B1AE46B1BB2A44607B0BDE8F04316
:10670C006047A24202DD134622461C460E96631CCD
:10671C002C6828469B1AA46B1BB2A44607B0BDE894
:10672C00F0436047084619460346DEE7284607B0A3
:10673C00BDE8F0431847CDE904230391C8472F68FF
:10674C000399DDE90423C2E73D410000D0F800C005
:10675C002DE9F04F90461F461F4A83B0DCF81430E9
:10676C0005460C46BDF930909342BDF834A029D1B2
:10677C002744A7421EDDDFF864B00AE00134CDF8EF
:10678C0000A0DCF8386024B2B047D5F800C0BC4299
:10679C0010DADCF820604B46424621465E4528461E
:1067AC00ECD00134CDF800A0B047D5F800C024B22D
:1067BC00BC42EEDBDCF82C30074A934206D103B026
:1067CC00BDE8F08F9847D5F800C0D1E7284603B054
:1067DC00BDE8F04F184700BF3D410000514100009B
:1067EC002DE9F04F1D4603681646DFF8BC905A6938
:1067FC0085B004464A45BDF93880BDF83C7043D19C
:10680C00D3F824B03246DFF8A4A020460097D34535
:10681C00039108BFD3F83CB02B46D847236808F146
:10682C00FF320399D3F824B032440097D34512B207
:10683C0034D1D3F83CA0204603912B46D047039982
:10684C0023683246DFF868A02046D3F820B0013D1B
:10685C000097D345039108BFD3F838B04346D847C7
:10686C000399226843460D44204629B2156A0097C5
:10687C00554508BF956B3246A8472368DB6A4B45E4
:10688C0007D105B0BDE8F08F0391904723680399B9
:10689C00B6E7204605B0BDE8F04F184703912B46EC
:1068AC002046D8470399CBE73D41000065410000E5
:1068BC00514100002DE9F04F2DED028B85B098462B
:1068CC000C461646BDF940C0A8EB010A0746BDF8B8
:1068DC004490ACEB0203BAF1000F83EAE375B8BF46
:1068EC00CAF1000AA5EBE3755545009566DD4146F6
:1068FC002046224643463446E04606468C464445EE
:10690C0008DD1546304621461A46664644462B4657
:10691C00844688469B1AA8EB0402002B15B292B24F
:10692C00B8BF5B42002D0192B8BF0135B4454FEAA8
:10693C0065053ADD012202929BB208EE107A0393B0
:10694C001EE018EE101A204F18EE100AD1F800C0F5
:10695C003146DCF818B0BB452ED1DCF810B0D84766
:10696C00039B0134029AEB1A0199B21824B21DB29E
:10697C009BB2002D0B4401DA16B21DB2A04516DBFA
:10698C00009B2246214653454B46DADC18EE103A62
:10699C000D4F324618EE100AD3F800C04B46DCF807
:1069AC0018B0BB45D9D0D847DAE7444508DD05B067
:1069BC00BDEC028BBDE8F08FD847D1E763469EE76C
:1069CC004FF0FF320292B7E7414100004281C28191
:1069DC00084A018181814FF0FF318261064A10B46F
:1069EC0000240260446004770462C0E904415DF84D
:1069FC00044B704701010001EC2100202DE9F04F00
:106A0C0087B0824600681746BDF9406088460593FA
:106A1C00F31D354ABDF9444048BF06F10E03BDF8DD
:106A2C0048B0DB1003934369934253D1002C45DDEE
:106A3C003C448446A3B2049300231D460293002ECB
:106A4C0031DD059A002302990A4401920AE0EDB265
:106A5C0004EB080115F0800F09B213D1013423B2F5
:106A6C00B34220D013F0070F4FEAE3029CB24FEA77
:106A7C004505ECD1019B04EB08019D5C09B215F0B6
:106A8C00800FEBD0DCF818905B4618483A468145ED
:106A9C001BD10134DCF810905046C847DAF800C01E
:106AAC0023B2B342DED10137DDE902321344049A3A
:106ABC000293BBB23FB29A42C1D16046C36A0A4A42
:106ACC0093420CD107B0BDE8F08F5046C847DAF8B6
:106ADC0000C0C3E750469847DAF80000A6E75046D6
:106AEC0007B0BDE8F04F18473D41000041410000A0
:106AFC002DE9F04F2DED028B91B091468246BDF8F9
:106B0C00702004919DF8781005920E91026A9DF800
:106B1C007C10BDF874B00291002A00F0B380117A99
:106B2C00D2E900245B1A02990392DBB20E9A11434C
:106B3C0004EBC30234F8337092F905000129D378C1
:106B4C0092F8028092F906400A9308905AD80023D2
:106B5C000B930993A34BDAF8002019460F93536952
:106B6C008B4240F07D810A9B002B78D01FFA89F371
:106B7C00D346DDF838900C9323440D9300231D4627
:106B8C0007930693B8F1000F61D006990B9B029CFA
:106B9C00CB180C98079E03FB040300241BB208EED1
:106BAC00103A0D9B0B441BB208EE903A05E00134F1
:106BBC006D00E4B2EDB2A04545D933460136590714
:106BCC00F6B203D17B1C0399CD5D9FB22B06EED59B
:106BDC00B9F1010F1BD1029B012B18D1089B584610
:106BEC000499D2F818A059187F4B21449A45059B5B
:106BFC0008BFD2F810A009B218EE902AD047DBF8E3
:106C0C000020D4E703B2099323B20B93A2E7099BAC
:106C1C00D2F81CA01919DFF8D8E1049BBDF90800C3
:106C2C00F24501FB09310FFA89F3009009B220D12A
:106C3C00059801905846D2F840A018EE102AD0477B
:106C4C00DBF80020B3E7079B4344DBB20793069BBA
:106C5C000A990133DBB29942069393D8DA46D36A88
:106C6C000F9A934240F0F58011B0BDEC028BBDE859
:106C7C00F08F059A5846019218EE102AD047DBF88F
:106C8C00002094E7B0F90C2004998A42ECDDB0F9AD
:106C9C000E204A45E8DD06220E9812FB0012002A4F
:106CAC00E2DD029A09EBC202002ADDDD9AF81C2013
:106CBC00012A03D0AF2B01D90133DBB2494ADAF8F0
:106CCC00000011460F9242698A4240F0F080BDF8F4
:106CDC00102003EB8303CDF80C90D14611460B9298
:106CEC00424ACDF810B0D3180A46DDF81480089348
:106CFC004B1D0E999BB2029F8B4609938BB20A9344
:106D0C000346CDE90622089A08240025CA4612F843
:106D1C00016B0892BDF91C2008EE102A0FFA8BF2B9
:106D2C0008EE902A1CE0BBF1010F039A36D1012F1B
:106D3C0034D1D3F81890AA182B4812B2BDF91810F8
:106D4C008145504608BFD3F810904346C847DAF83F
:106D5C000030013C0135760814F0FF046DB249D0C7
:106D6C00F007E0D404988045F3D0BBF1010F039AEF
:106D7C002AD1012F28D1AA18D3F81890BDF91810D0
:106D8C000FFA82FC184A91456FD1D3F810906246E5
:106D9C0003465046C847DAF80030DAE7D3F81C90BF
:106DAC0005FB0722124839B212B28145CDE9001811
:106DBC0001D1D3F8409018EE903A18EE101A5046C4
:106DCC00C847DAF80030C4E7D3F81C9005FB07225B
:106DDC00074839B212B2814500914DD10499019105
:106DEC00E7E700BF3D410000414100007C0A002064
:106DFC0079410000079AD1460A980699024401315C
:106E0C0092B289B20792099A06918A427FF47BAFBB
:106E1C001846059BDDE9039B5B4515D00E9B012BAA
:106E2C002DD1029B012B2AD1046A4A46234BCDF863
:106E3C0000B09C42BDF924104FF0080308BF846BCE
:106E4C005046A047DAF80000C36A0F9A93423FF409
:106E5C000BAF504611B0BDEC028BBDE8F04F18479C
:106E6C0050469847DAF800207DE6049B624650466F
:106E7C00C847DAF800306CE7049B01939BE70A9B48
:106E8C00C46903EB83010B9B029A0B440C4DD2009B
:106E9C001946AC42BDF9383009B2CDE9002B4A464F
:106EAC0008BF046C5046A047DAF80000CCE7504607
:106EBC0003939047DAF80000039B08E75141000068
:106ECC0079410000036AF0B5074685B0002B3AD033
:106EDC000A292BD00D2933D01A7A914230D39C7ABF
:106EEC008C422DD38A1A5C68D2B204EBC204E578CA
:106EFC00A278A5B19AB1C57E002D63D1067E437EE2
:106F0C00B0F91050B0F912203846CDE902630B46A7
:106F1C002946FD8A0195BD8A0095FFF7E9FD217987
:106F2C003B8A3A7E01FB02333B8209E04FF0000CB6
:106F3C00428A417EA0F810C01B7B01FB03234382D5
:106F4C00012005B0F0BD0A291ED00D29F8D0C27E53
:106F5C00B0F910400ABBB0F91220067E457E0395AD
:106F6C000B4602962146FC8A38460194BC8A009452
:106F7C00FFF7BEFD3B7E3A8A012003EB430302EB95
:106F8C0043033B8205B0F0BD428A417E038202EB93
:106F9C00C1034382012005B0F0BD067E0622B0F984
:106FAC000C5012FB0642AA4208DD428A1C46457E62
:106FBC00038202EBC50212B24282D0E7B0F9122072
:106FCC00457ECCE794F90550067E2A44B0F9105062
:106FDC00B0F90CC006FB0252624503DC437EB0F9EB
:106FEC00122091E70025428A058293F80CC0437E5B
:106FFC000CFB032212B2428286E700BF012938BF84
:10700C000121017641767047036A39B10BB10162F7
:10701C007047438A0162063343827047002BF6D0D7
:10702C00438A0162063B4382704700BF00293ADB6A
:10703C00B0F90CC08C4536DD002A34DBB0F90EC03B
:10704C00944530DD30B590F81AC0BCF1020F6FD00A
:10705C00BCF1030F62D0BCF1010F78D0B0F938C08D
:10706C008C45A8BF8C46A0F838C0B0F93AC09445FE
:10707C00A8BF9446A0F83AC0B0F93CC08C45B8BF44
:10708C008C46A0F83CC0B0F93EC09445B8BF9446BD
:10709C00A0F83EC090F84CC0BCF1010F1FD0BCF161
:1070AC00040F01D030BD7047B0F808C0406B1CFB1A
:1070BC0002F28C46002AB8BF01320029B8BF01F198
:1070CC00010C521011F0010F4CF34F0C6244815C17
:1070DC0047D101F00F0141EA0313835430BD012B5A
:1070EC0060D0022B44D0002BDCD1002A94460489BA
:1070FC0002F0070EB8BF02F1070C456B4FEAEC0C1F
:10710C001CFB041C012404FA0EF415F80CE02EEA06
:10711C00040E05F80CE090F84CC0C0E7B0F80AC0BB
:10712C000CF1FF3CACEB010C11460FFA8CF295E71D
:10713C00B0F808C00CF1FF3CACEB0101B0F80AC090
:10714C000CF1FF3C09B2ACEB020212B286E7B0F8CC
:10715C0008C00CF1FF3CACEB020C0A460FFA8CF1A8
:10716C007CE703F00F0301F0F0010B43835430BDB7
:10717C00002A9446048902F00705B8BF02F1070CF7
:10718C004FF0010E4FEAEC0C0EFA05FE1CFB041C32
:10719C00446B14F80C508EEA050E04F80CE090F8D1
:1071AC004CC07CE7002A9446048902F00705B8BF5E
:1071BC0002F1070C4FF0010E4FEAEC0C0EFA05FE33
:1071CC001CFB041C446B14F80C504EEA050E04F81E
:1071DC000CE090F84CC062E75A3930B5C9B285B0B2
:1071EC00856A8DF80B1075B100248DF80D100123F4
:1071FC00022203A928468DF80C40CDE900440AF080
:10720C00CFFD05B030BD0446294690F8400008F08B
:10721C00A1FF2B4601220DF10B01606A00950AF0CB
:10722C0073FF05B030BD00BF70B514460D461AB2E1
:10723C00BDF9146021B20446FFF7C8FB069B079A00
:10724C002046E3624FF0FF33A664226384F84C506F
:10725C00C4E91033049B23650023C4E90933636339
:10726C00014B236070BD00BFE023002038B50446FD
:10727C000B4B406B236018B112F054FF0023636377
:10728C00656A35B128460AF0C5FE1421284609F076
:10729C006DFAA06A10B1102109F068FA204638BDC9
:1072AC00E023002030B5856A87B08DF80F1085B1CA
:1072BC0000219DF80F40012302228DF8141028465E
:1072CC008DF81540CDE9001105A90AF069FD07B04C
:1072DC0030BD0446294690F8400008F03BFF2B4691
:1072EC0001220DF10F01606A00950AF00DFF07B045
:1072FC0030BD00BFF0B5856A85B065B101230DF1D5
:10730C000F04002000948DF80F00284601930AF01A
:10731C0047FD05B0F0BD0E4617460446294690F8C9
:10732C00400008F017FF2B463A463146606A00953C
:10733C000AF0EAFE05B0F0BD436B70B504460E468C
:10734C001546002B52D0F5B1A06C00281BDB012197
:10735C00C0B208F03BFF012194F8480008F0FAFE97
:10736C000A2008F079FE002194F8480008F0F2FE9B
:10737C000A2008F071FE94F84800012108F0EAFE9A
:10738C000A2008F069FE236D4BB3102009F0ECF9CC
:10739C0005463146226D0AF0DDFC01212846A56226
:1073AC000AF0E2FC00B3B4F90A10238994F84C20DB
:1073BC00606B12FB03F2CB1D48BF01F10E030021E1
:1073CC00DB1003FB02F213F089FD22896389002193
:1073DC00013A0120013BA163A287E38770BD606A7B
:1073EC0010B10AF021FEB8B9002070BD2389B4F9A0
:1073FC000A2090F84C0010FB03F0D31D48BF02F19B
:10740C000E03DB1003FB00F012F084FE6063002817
:10741C00EAD0002D98D1B6E7012194F8400008F08D
:10742C00D5FEC0E7B0F90A10038910B590F84C20CE
:10743C000446406B12FB03F2CB1D48BF01F10E0357
:10744C000021DB1003FB02F213F048FD2289638953
:10745C000021013A013BA163A287E38710BD00BF65
:10746C0001207047704700BF704700BF704700BFD6
:10747C00704700BF03685B68184700BF10B504462F
:10748C00142109F073F9204610BD00BF38B5C5684A
:10749C001DB143680446013300D138BD284601F0C4
:1074AC0061FF0C21284609F061F90023E36038BD27
:1074BC002DE9F041446844B36368013325D0666814
:1074CC00013E66600EBB23680546154A9B689342D5
:1074DC001DD1E7685FB16368013308D0384601F00D
:1074EC0041FF0C21384609F041F9E6606C68A3684D
:1074FC00013BA3604BB923680A49DA688A420AD176
:10750C0020465B68BDE8F0411847BDE8F081204695
:10751C0098476C68EBE72046BDE8F041104700BF88
:10752C006D50000055500000F8B51D1E04460E4667
:10753C0016DD02EB420200271644236820461B6925
:10754C0098472368124ADB6A9342C4E901650AD161
:10755C0001F06CFC3A46214603F0FEF82046F8BDDB
:10756C0017461546E9E7204698470028F0D0094B06
:10757C00094AB3FBF0F05368834238BF03465360AB
:10758C0001F054FC3A46214603F0E6F82046F8BDDB
:10759C00F500000040420F00E844002070B50F4C8D
:1075AC0023685A1C8B42226000DA70BD054601F03C
:1075BC0095FE23684FF47A72094E02FB03F3002206
:1075CC0022603268801A012838BF0120B3FBF0F327
:1075DC006B8001F083FE306070BD00BF54BF002093
:1075EC0058BF00202DE9F84F464C06468B46914675
:1075FC0043682DED028B33B101F072FE2268736883
:10760C00801A9842F7D301F06BFEF36820601BB12F
:10761C004846B168984781463B4B1C6874B3DFF809
:10762C00F8A00025394A08EE109A394B57460DE060
:10763C009845A1681DD1A07D013547F8040BE4687D
:10764C003F2DCCBF0021012124B319B394F8201095
:10765C0008460029F0D02168D1F81C90D1F824807C
:10766C009145E5D02046C847294B0146274A984505
:10767C00E1D02046C047254A254BDDE7304619218D
:10768C00FFF78CFF01F0D2FBBDEC028BBDE8F84F8D
:10769C0002F0EABE1C4B18EE109A1C68002CEDD0C0
:1076AC00B9B1002501E0E4688CB17288632A94F8C2
:1076BC00202098BFA575002AF5D027682046A2681F
:1076CC004B463F685946B847E468002CEDD10E4B49
:1076DC001C68002CD2D000250E4F06E0A175E46882
:1076EC000135002CCAD03F2DC8DC94F82030002B7B
:1076FC00F5D023685AF825109B6ABB42EED0204681
:10770C009847ECE738A2002064B00020E9000000A4
:10771C00ED000000F10000009C4A002010B582B082
:10772C0079B90C4B1C6854B16068002120B12289D6
:10773C0002EB420201F0C0FDE468002CF4D102B06F
:10774C0010BD002201A9ADF804208DF80620FFF72A
:10775C0049FFE6E764B000202DE9F84F064689465C
:10776C0001F064FB434C02F07DFF736833B101F010
:10777C00B7FD22687368801A9842F7D301F0B0FD08
:10778C00F36820601BB14846B168984781463A4B74
:10779C001C686CB3DFF8F0A00025384A384B57460C
:1077AC00AB460FE09845A1681DD1A07D71880135CD
:1077BC0047F8040B632998BF84F816B0E4682CB31F
:1077CC003F2D23DC94F820000028EFD02168D1F85D
:1077DC002480C9699142E5D020468847284B014650
:1077EC00264A9845E1D02046C047244A244BDDE781
:1077FC0019213046FFF7D2FE01F018FB02F034FEDF
:10780C0001F014FBBDE8F84F02F0A8BE1A4B1C683F
:10781C00002CEDD0002503E03F2DE4680FDC74B1A3
:10782C0094F820200135002AF6D0276820464B46D4
:10783C007F68D4E90112B8473F2DE468EFDD0E4BA9
:10784C001C68002CD4D000250E4F06E0A175E4680E
:10785C000135002CCCD03F2DCADC94F82030002B05
:10786C00F5D023685AF825109B6ABB42EED020460F
:10787C009847ECE738A2002064B00020E900000033
:10788C00ED000000F10000009C4A00204AB151B10B
:10789C00084A4368B2FBF1F2934238BF1346436087
:1078AC00704709B941607047024BB3FBF1F3436079
:1078BC00704700BF40420F0000234FF0FF310D4ACC
:1078CC0001610121C36180F8201030B40A4C0B4DCA
:1078DC00C0E90043C0E90233094C1368C0E9055400
:1078EC0033B1084B1A6802B1D060186030BC7047D5
:1078FC001060F6E764B000203C260020FFFF01007A
:10790C007017030068B000200029B4BF02898AB246
:10791C00406820B102EB4202002101F0CDBC70475F
:10792C0058B10E4A136843B1984202D10CE0984208
:10793C0004D01A46DB68002BF9D17047C368D360BA
:10794C004BB10023C3607047C3681360002BF8D1A0
:10795C00034A1360F5E7024B1A60F2E764B00020AB
:10796C0068B0002008B5FFF7DBFF08BD30B5002379
:10797C0083B0ADF800308DF80230B0B101F1FF3CAE
:10798C00013AEE46023112F8014F1CF8015F631CFC
:10799C003DB105FB033324B100FB03F31B0C8EF844
:1079AC0000308C450EF1010EEDD1009B0020D9B2B8
:1079BC00C3F30722C3F3074361F3070062F30F20FD
:1079CC0063F3174003B030BD0B46103130B515468C
:1079DC0087B003F1130204462846CDE90012FFF7E5
:1079EC00C5FF8DF81400C0F30723C0F307408DF8D2
:1079FC0015308DF81600FF20059BADF810301B0CD0
:107A0C008DF81230A370BDF81030DDE90012238020
:107A1C00FFF7ACFF03462046A571C3F30721C3F360
:107A2C0007428DF810308DF812208DF81110049B40
:107A3C00C3F30742ADF80C30BDF80C306271A4F8FA
:107A4C00033007B030BD00BFF8B590F844300446A1
:107A5C00022B01D1201DF8BD0C2008F085FE002161
:107A6C00064601F05BFC142008F07EFE0123284A38
:107A7C00054643608360436802600133C66002D0F0
:107A8C0043680133436094F8443043BB6B68022273
:107A9C00013384F84420C4E90165DBD06E68013EF3
:107AAC006E60002ED6D12B681A4A9B6893422BD15C
:107ABC00EF6817B16B6801331DD1AB68013BAB604C
:107ACC00B3B92B681449DA688A420FD15B6828462F
:107ADC00984794F84430022BBCD00020F8BD0F4AD4
:107AEC00013B201D52F823309847CFE7284690479A
:107AFC0094F84430EFE7384601F034FC0C2138465A
:107B0C0008F034FEEE60D8E728469847D5E700BF6A
:107B1C00EC2600206D500000555000006827002016
:107B2C002DE9F04390F8443091B00446032B49D032
:107B3C00042B02D011B0BDE8F083D0F80490B9F159
:107B4C00000F00F0EF80D0F8088008F10103C0F8B6
:107B5C000080402B00F2C1807A4E6D466F460FCEEE
:107B6C000FC50FCE0FC50FCE0FC596E80F0085E8D9
:107B7C000F00424649463846251D01F09BFB08F193
:107B8C00400300220DEB030894F8443008F8402C15
:107B9C00002B40F0B6803E4610AFB4461035103680
:107BAC00BCE80F00BC4545F8100C45F80C1C45F81A
:107BBC00082C45F8043CF0D1012384F8443011B072
:107BCC00BDE8F083D0F80480B8F1000F00F0A0807D
:107BDC000668731C402B4BD90C2008F0C5FD3246AF
:107BEC004146064601F0A8FB142008F0BDFD012318
:107BFC00554A054643608360436802600133C660A2
:107C0C0002D043680133436094F84430002B6AD1AE
:107C1C006B680222013384F84420C4E9016589D0E1
:107C2C006C68013C6C60002C84D12B68474A9B68C3
:107C3C0093427ED1EE6856B16B68013307D0304663
:107C4C0001F090FB0C21304608F090FDEC60AB6825
:107C5C00013BAB60002B7FF46DAF2B683C49DA68BD
:107C6C008A4269D15B68284611B0BDE8F0431847D9
:107C7C00344DEC466F460FCDACE80F000FCDACE8A1
:107C8C000F000FCDACE80F0095E80F008CE80F004B
:107C9C00324641463846251D01F00CFB06F14003E7
:107CAC0000220DEB030694F8443006F8402C0BBB75
:107CBC003E4610AFB44610351036BCE80F00BC453C
:107CCC0045F8100C45F80C1C45F8082C45F8043CFC
:107CDC00F0D1012384F8443071E70C2008F044FD06
:107CEC00424649467DE71B4A013B201D52F8233092
:107CFC0098478DE7174A013B284652F8233098479E
:107D0C00D6E7144A013B284652F82330984742E7FD
:107D1C004022414640F8048B13F0E0F8012384F82C
:107D2C00443007E74022494640F8049B13F0D6F84C
:107D3C0042E7284698478AE7284611B0BDE8F04349
:107D4C00104700BFDC040020EC2600206D50000022
:107D5C005550000068270020044B0022FF204FF0F4
:107D6C00FF315A60DA60186099607047E84400206F
:107D7C00036D0BB101207047406D003818BF012016
:107D8C00704700BF704700BF704700BF704700BF0F
:107D9C00704700BF10B50446806D18B112F0C2F9DF
:107DAC000023A365236D2BB104F11800BDE810402E
:107DBC000EF004B8636D002BF6D110BD10B504465F
:107DCC00806D00B110BD4FF4807012F0A3F9A06566
:107DDC00B0B10022236D02703BB101464FF48072AA
:107DEC0018460DF03BFCA06D10BD636D002BE9D067
:107DFC0001464FF4807218460BF0C8FBA06D10BD05
:107E0C00014B1846A36510BD7DDC002038B5056D0F
:107E1C006DB10BB1002038BD114628460CF044FC66
:107E2C000028F7D02846BDE838400CF0DFBD446D83
:107E3C00002CEFD020460AF057FB0028EAD0204651
:107E4C00BDE838400BF0CAB98A79A2F150031B0681
:107E5C0022D402F26C72F0B54B7985B0046D01330B
:107E6C000D798E784F78DBB209784CB120460196AB
:107E7C000095CDE9027102210CF04CFD05B0F0BD6E
:107E8C00406D0028FAD001960095CDE902710221CF
:107E9C000BF0E8F805B0F0BD0020704710B50446B3
:107EAC00006D80B1037813F0700F00D110BD00216C
:107EBC000CF0FAFB606D0028F8D000220023BDE81E
:107ECC0010400AF011BB606D0028EFD090F83130F3
:107EDC0013F0500FEAD000220023BDE810400AF046
:107EEC0003BB00BF036D10B50C4682B02BB30DF174
:107EFC00060201A918460BF07DFF38B3BDF804301B
:107F0C00BDF8062053EA020120D0C2F3451C02F052
:107F1C001F00D20AC3F34311400084F801C0A270C1
:107F2C005A0A013903F01F0302F5EA62207001209E
:107F3C0061712371A27102B010BD406D30B10DF1B1
:107F4C00060201A90AF076F90028D7D1002002B068
:107F5C0010BD00BF036D10B50C4682B02BB30DF1F4
:107F6C00060201A918460BF035FF38B3BDF80430F2
:107F7C00BDF8062053EA020120D0C2F3451C02F0E2
:107F8C001F00D20AC3F34311400084F801C0A27051
:107F9C005A0A013903F01F0302F5EA62207001202E
:107FAC0061712371A27102B010BD406D30B10DF141
:107FBC00060201A90AF02CF90028D7D1002002B042
:107FCC0010BD00BF28B14368013302D043680133B0
:107FDC0043607047036973B11A68084952698A4251
:107FEC0007D1186D08B10CF0EBB9586D18B10AF047
:107FFC0065BA184610474FF0FF307047555D0000CA
:10800C000369D3B10E4810B41C68E46884420FD1E4
:10801C00186D18B15DF8044B0CF022BD586D18B1F9
:10802C005DF8044B0BF04CB900205DF8044B704725
:10803C00184623465DF8044B18470020704700BFD4
:10804C00655E0000036963B11A68074992698A4248
:10805C0008D1186D08B10CF057BC586D08B10AF076
:10806C008BBE704718461047F95D000012F052B8ED
:10807C0012F058B8036D13B1586900217047436D65
:10808C0013B1D3E90001704718461946704700BF79
:10809C00036D13B1D86900217047436D13B1D3E957
:1080AC000401704718461946704700BFF0B595B0EB
:1080BC0000224FF47A74244F1831054604A88DF829
:1080CC000C200097CDE90124CDE912220DF0E2FE3F
:1080DC00129B002B2DD05C20002608F045FB019B49
:1080EC0004464660C36004A9029B183040F8083C63
:1080FC009DF80C3000F8043C144B40F8183C144B21
:10810C0040F8103C0DF018FE124B4FF47A72A76039
:10811C002B606368A66501336E602E73AA602C61B8
:10812C0063600D4B04A800930DF048FE284615B073
:10813C00F0BD139B002BCED1064A2B732A602B610A
:10814C00C5E90134EDE700BFD4240020F824002059
:10815C0054250020A8240020C8210020836C13B1D2
:10816C0018460CF02DB9C06C08B10AF0A7B94FF045
:10817C00FF307047036D13B118460CF021B9406DF8
:10818C0008B10AF09BB94FF0FF307047036D33B163
:10819C001B7813F0700F14BF012000207047406D46
:1081AC0030B190F8313013F0500F14BF0120002083
:1081BC00704700BF036D13B118460CF02DB8406D1D
:1081CC0008B10AF0ABB84FF0FF307047836C00B5C4
:1081DC0083B063B101220DF1070118460CF01CF8B5
:1081EC0001280CD19DF8070003B05DF804FBC06CAE
:1081FC0028B101220DF107010AF090F8F0E74FF0D9
:10820C00FF30F1E7836C13B118460CF07DBBC06CEA
:10821C0008B10AF0B1BD7047036D13B118460CF0EC
:10822C0073BB406D08B10AF0A7BD7047036923B357
:10823C001968134A10B58C6882B0944214D1186D29
:10824C0048B101220DF107010BF0E6FF90B19DF84A
:10825C00070002B010BD586D0028F8D001220DF1B6
:10826C0007010AF05BF8F1E701220DF1070118464E
:10827C00A047EBE74FF0FF30EBE74FF0FF307047D4
:10828C00955D0000036D13B118460CF0E9BB406D11
:10829C0008B10BF015B87047836C13B118460CF08D
:1082AC00DFBBC06C08B10BF00BB8704700B5836C2A
:1082BC0083B08DF8071043B101220DF10701184668
:1082CC000CF0CEFB03B05DF804FBC06C0028F9D0B9
:1082DC0001220DF107010AF0F3FF03B05DF804FB76
:1082EC008A79A2F150031B0622D402F26C72F0B50B
:1082FC004B7985B0046D01330D798E784F78DBB2F4
:10830C0009784CB1204601960095CDE90271042103
:10831C000CF000FB05B0F0BD406D0028FAD00196C2
:10832C000095CDE9027104210AF09CFE05B0F0BD68
:10833C0000207047036D53B1187810F008000DD071
:10834C00D8695B69C01A48BF6FF000407047436D35
:10835C00A3B193F8310010F0080000D170471869F0
:10836C0019685A69401A5B6862EB0303B0F1004F5D
:10837C0073F10003F2D36FF0004070471846EDE73D
:10838C00836C53B1187810F008000DD0D8695B6974
:10839C00C01A48BF6FF000407047C36CA3B193F88C
:1083AC00310010F0080000D17047186919685A693B
:1083BC00401A5B6862EB0303B0F1004F73F10003EA
:1083CC00F2D36FF0004070471846EDE700B5006936
:1083DC0083B08DF8071060B10368104ADB689342D4
:1083EC0015D1036D43B101220DF1070118460CF0B4
:1083FC0037FB03B05DF804FB406D0028F9D0012277
:10840C000DF107010AF05CFF03B05DF804FB0122DB
:10841C000DF10701984703B05DF804FB655E0000A1
:10842C00006990B10368154A1B69934225D1036D0D
:10843C0063B1187810F0080007D0D8695B69C01ACE
:10844C0048BF6FF00040704718467047436D002BD3
:10845C00FAD093F8310010F00800F6D018691968BA
:10846C005A69401A5B6862EB0303B0F1004F73F179
:10847C000003EAD36FF0004070471847155F000007
:10848C0038B504460C4B806D236018B111F04AFED0
:10849C000023A365236D04F118054BB128460DF09C
:1084AC008DFC064B2846A3600DF088FC204638BD99
:1084BC00636D002BF2D1F4E7F8240020C8210020D2
:1084CC0038B504460E4B806D236018B111F02AFEAE
:1084DC000023A365236D04F118056BB128460DF03C
:1084EC006DFC084B2846A3600DF068FC20465C210F
:1084FC0008F03CF9204638BD636D002BEED1F0E757
:10850C00F8240020C8210020F8B50E4605460C20A2
:10851C00771C08F029F90446384611F0FBFD0023BE
:10852C00206083551420C4E9016708F01DF901226D
:10853C000449426001608260C460686028462C6017
:10854C00F8BD00BFEC26002030B4029C11469C46BE
:10855C0034B1012C1CD0022C0ED0002030BC704742
:10856C00056DF5B14FF0FF33934274EB0C04F4D36B
:10857C00284630BC0CF098B8026D0AB3D369591870
:10858C004CF10003002BE8D1104630BC0CF08CB839
:10859C00026D62B1536959184CF10003002BDCD108
:1085AC00F2E7406D0028D8D030BC09F09DBF406D7B
:1085BC000028D2D0D0E900238A184CEB0303F3E750
:1085CC00406D0028C9D0D0E9042330BC8A184CEB8C
:1085DC00030309F089BF00BFF8B50C4601680546D6
:1085EC00002979D0836801EBC3039C4273D0AB683C
:1085FC00002B70D002B394421ED013682068106018
:10860C005068236063685360606090B143680133C5
:10861C000FD04368013B43605BB903689B68984784
:10862C0060688368013B836013B90368DB68984713
:10863C0029680023C4E90033002631B3AB6801EB91
:10864C00C303083B9C4224D0D4E90020D4E9027334
:10865C00E0602760C4E9013290B1436801330FD068
:10866C004368013B43605BB903689B689847E068CB
:10867C008368013B836013B90368DB6898472968FA
:10868C00C4E9026608340029D8D16FF007039C4274
:10869C00DAD1AB686FF0604200261A4401EBC200DD
:1086AC0041F83260446846609CB16268013210D077
:1086BC006268013A626062B9236820469B689847F9
:1086CC00A368013BA3601BB923682046DB6898476D
:1086DC00AB68013BAB60F8BD0B4686E738B5046868
:1086EC0074B1856804EB8505A54209D054F8043BA8
:1086FC001846002BF8D01B689B689847A542F5D10B
:10870C0038BD00BF70B5066904467568013D7560DB
:10871C0075BB33681F4ADB6A93422CD1B06D10B124
:10872C0011F000FDB565336D63B306F118000DF063
:10873C0045FB2569E5B12B68174A5B68934225D147
:10874C00164BA86D2B6018B111F0ECFC0023AB6537
:10875C002B6D05F118068BB130460DF02FFB104B2D
:10876C003046AB600DF02AFB5C21284607F0FEFF7B
:10877C000023236170BD30469847DAE76B6D002B00
:10878C00EAD1ECE7736D002BCFD1D2E7284698479E
:10879C00EEE700BF75590000A1600000F82400202E
:1087AC00C8210020044A036910B5044602600BB1CD
:1087BC00FFF7A8FF204610BDA8240020064A036935
:1087CC0010B5044602600BB1FFF79CFF2046142144
:1087DC0007F0CCFF204610BDA82400202DE9F04F57
:1087EC0083B00192002A00F0A58000268468043131
:1087FC00C268A45D925DD0E900354FEA1219AF5DF5
:10880C00E5099B5D4FEAD21B4FEAD71E0136C3F335
:10881C0040184FEA171CAD0048EAC9180CF0020CBE
:10882C0045EA4E05C3F3C0094FEAD40E48EA0C0CD6
:10883C0045EAD3150EF0040E4FEA921A45EACB0521
:10884C004CEA0E0C4FEA920E45EACA15F24649EA7A
:10885C00CE194FEA97084FEA930E0AF0080A08F06F
:10886C0002084CEA0A0A0EF0100E4FEA540C49EAC0
:10887C00080845EA0E0E02F008090CF004054FEA50
:10888C00570C48EA05050CF020084FEA830C45EA22
:10889C0009054EEA080E0CF0100C04F040084FEAE3
:1088AC0047094EEA080E45EA0C054FEA0318C3F3D4
:1088BC00400C03F0100309F0200901F804EC4CEA19
:1088CC00C21C4AEA030308F0100A4FEAC70843EA3D
:1088DC0009034FEA471E08F020084FEA84094CEAC6
:1088EC000A0C0EF0200E45EA08054FEA041809F0B0
:1088FC00400907F0020708F04008920043EA090912
:10890C004CEA0E0345EA0808A501640002F00802CF
:10891C0005F0400501F8028C04F0040401F8039CF6
:10892C002B433B432343134301F8013C019BB342CC
:10893C007FF45CAF03B0BDE8F08F00BF2DE9F04FC2
:10894C0083B00192002A00F0C9804FF0000B009117
:10895C00DDF800A0D0E90114D0E9042314F80B5081
:10896C0013F80B6011F80B702D040168836945EA4C
:10897C00072512F80B2011F80B4042EA0622C168B9
:10898C0013F80B602543C36911F80B4042EA064209
:10899C0013F80B10072345EA046542EA016203F160
:1089AC003806C3F1200CA3F1200403F1080EC6F124
:1089BC00200125FA06F602FA0CFCC3F1180802FA9B
:1089CC0001F122FA04F402FA08F8A3F118090E4393
:1089DC0025FA03F122FA09F903F1100741EA0C0117
:1089EC00C3F1100C214325FA0EF402FA0CFC22FA06
:1089FC000EFE44EA080403F1180801F0010122FA02
:108A0C0008F844EA090446EA08066400A3F11008D1
:108A1C0004F0020441EAC611C3F1080622FA08F870
:108A2C00214303F1180402FA06F625FA04F4344340
:108A3C0025FA07F622FA07F746EA0C06A3F1080C0A
:108A4C0046EA080622FA0CFCB60044EA0C0403F1D0
:108A5C00200C06F00406E40025FA0CFC314303F16B
:108A6C00280604F00804C6F1200825FA06F621436E
:108A7C005C4202FA08F802FA04F446EA08064CEAE8
:108A8C00040C03F1300446EA0E0622FA03FE013B05
:108A9C004CEA0E0C76014FEA0C1C06F020060CF08A
:108AAC00100C41EA0C013143C4F1200625FA04F400
:108ABC0002FA06F634433C43A40104F0400421437B
:108ACC000AF8011B591C7FF46AAF009B0BF1010BD8
:108ADC0008330093019B5B457FF43AAF03B0BDE8CC
:108AEC00F08F00BF2DE9F04F91B00D900F92002A3E
:108AFC0000F098814B1E0E9300230C930D9D4FF0AC
:108B0C00070B0C9FAB68A86A6968DE5D2A696B6904
:108B1C0036046C6AC75DD5E90C053F0401950C9DC4
:108B2C005B5D525D11F805C042EA03220D9B0D9965
:108B3C0046EA0C2E9B69645D0293019B47EA04276D
:108B4C00405D09685D5D0C9B40EA052511F803C08A
:108B5C000D994EEA0C0CCE680C46096A01961E461D
:108B6C00029B895D9B5DE069394342EA0348A36B34
:108B7C00E26A9F5D02923246019E45EA0745E36B2D
:108B8C00B65C845C0C9F4CEA0666029A0C98B14663
:108B9C00DB5D105C45EA036A0E9A41EA006348EA21
:108BAC000465049298460BF108030BF11006CBF107
:108BBC002004ABF120000296C3F12006039305FAC2
:108BCC0004F429FA0BF325FA00F0CBF1200E0BF18B
:108BDC0018022343CBF118070AFA0EFE0192034345
:108BEC0005FA07F7ABF118040AFA06F603F00100D0
:108BFC0028FA0BF325FA04F40BF138010690ABF1CB
:108C0C00200043EA0E03CBF1100C2AFA00F0C1F15C
:108C1C00200E05FA0CFC0343ABF1180005FA0EFE0E
:108C2C0003F001022AFA00F00A92039A29FA02F3DD
:108C3C003B432343C1F120045B000AFA04F403F024
:108C4C00020728FA02F3029A334329FA01F628FAAA
:108C5C0001F107970343C2F12007214329FA02F4DB
:108C6C005B0046EA0E0644EA0C04ABF1080E03F076
:108C7C0002000AFA07F725FA0EFEABF110030B906F
:108C8C000BF120002AFA03F30590ABF1100025FA42
:108C9C0000F004430198C0F1200C28FA02F0019A6C
:108CAC00A40005FA0CFC384304F00404CBF10007D3
:108CBC00CDF820C0C2F1200C25FA02F2184305FAB7
:108CCC0007F70AFA0CFC1643069A8000099742EA49
:108CDC00C616079A00F00400ABF108071643089A71
:108CEC002AFA07F70BF128032643019C29FA04F40E
:108CFC0014430A9A44EA0E0425FA0BFEE40004F02D
:108D0C0008042643019C06962AFA04F6314342EAEB
:108D1C00C1160B9A0599164328FA04F2099C0643CE
:108D2C0029FA01F042EA0C02C3F1200C2043069C04
:108D3C003A43C1F1200740EA0E0028FA01F10AFA81
:108D4C0007F7D200000105FA0CFC394302F00802C7
:108D5C0000F01000C3F1200716430BF13002204342
:108D6C002AFA0BF40AFA07F70BF1FF3B214329FA15
:108D7C0003F428FA03F3BBF1FF3F4FEA011144EA75
:108D8C000C0443EA0703C2F1200701F0100105FAB5
:108D9C0007F741EA060E0399C2F1200625FA01FCF9
:108DAC000AFA06F644EA0C042AFA01FC29FA02F142
:108DBC0028FA02F24FEA441443EA0C0342EA060290
:108DCC00029E04F0200441EA07014FEA431344EAEF
:108DDC00000425FA06F003F0200341EA00012AFA08
:108DEC0006F043EA0E0342EA00024FEA81114FEA11
:108DFC00821201F0400102F0400244EA010443EA0D
:108E0C000203049A02F8014F049213727FF4CBAE62
:108E1C000E9A0C9B103201330E920F9A0C939A42BD
:108E2C007FF46CAE11B0BDE8F08F00BF70B50B4D88
:108E3C00296811F0010401D0094870BD084E802248
:108E4C002146304600F8044B12F048F80123044840
:108E5C002B60C6E92144C6E9234470BD084A0020B2
:108E6C0064BE002003780246C3B1002107E02F2B1B
:108E7C0001D05C2B0CD153781146013263B1732BAA
:108E8C00F5D15378722BF8D19378632B08D001323B
:108E9C0053780132002BF2D141B14A1C1046704775
:108EAC00D3782F2BFAD05C2BF1D1F7E70246104682
:108EBC00704700BF2DE9F04F556883B0994615F007
:108ECC00010440F0DC80012D40F2E180037C9346EC
:108EDC0006460F46012B00F0F7803B7C012B00F07F
:108EEC00FC804FF00008824B6D081A6828469047AA
:108EFC007F4B824620B12A46002111F0EFFF7C4BBC
:108F0C00524605EB0A01002002B110700132914269
:108F1C00FAD11B6828469847019018B12A460021BF
:108F2C0011F0DCFF019A00211346AA1803B1197045
:108F3C0001339A42FAD1019B0AF1FF315A1E0846BD
:108F4C0094460BE0434600F8013F3B7C012B1DD0BF
:108F5C00434601340CF8013FA5422CD0337C012B45
:108F6C00F0D17368A5EB030E744580F09780F3681D
:108F7C00002BE8D0B4FBF3FE03FB1E4EB36813F8D2
:108F8C000E3000F8013F3B7C012BE1D17B68A5EB57
:108F9C00030E744580F08B80FB68002BD9D0B4FB9A
:108FAC00F3FE03FB1E4EBB68013413F80E30A542D2
:108FBC000CF8013FD2D1DBF8006006EB450512F846
:108FCC00010F023611F8014F0309C709DB0143EA0F
:108FDC004703270943EAD41307F004073B43C708A8
:108FEC0007F008073B43670807F010073B4300F006
:108FFC0020073B43A70007F040073B43C4F3C007DF
:10900C0006F8023CA30147EAC017B54203F040033F
:10901C0043EA07034FEA900707F0020743EA070306
:10902C0004F004074FEAC40443EA07034FEA40077D
:10903C0004F010044FEA001007F0080700F02000BD
:10904C0043EA070343EA040343EA000306F8013C3E
:10905C00B5D1B9F1000F02D00023C9F80030019846
:10906C0010B1244B1B689847BAF1000F03D0214B69
:10907C0050461B689847012003B0BDE8F08F83B3BE
:10908C001D4B0020C9F8003003B0BDE8F08F002B59
:10909C00F1D001201C6003B0BDE8F08FA3EB050EEE
:1090AC00A64473450CD9336813F80E304BE7A3EB89
:1090BC00050EA644734505D93B6813F80E3048E7F6
:1090CC00002340E7002344E7C368002B3FF405AFBF
:1090DC0003469B6893F8008005E7FB682BB998461C
:1090EC0001E7184603B0BDE8F08F3B46F1E700BF3F
:1090FC00B8370020BC370020801A0020084B70B510
:10910C001B6806460D469847044600B10DB920462B
:10911C0070BD3246002111F0E1FE204670BD00BF4B
:10912C00B8370020014B1B68184700BFBC37002024
:10913C00014B1B68184700BFB8370020014B1B6858
:10914C00184700BFBC37002070B5C50F84B00A2A81
:10915C0014BF002505F0010505B140426C46A6463A
:10916C00002847D00EF10106B0FBF2FC02FB1C03F9
:10917C0060465FFA83FC9ABB092B2BDD73460CF11E
:10918C00570C03F801CBA3424FF030009E464FF032
:10919C00000C09D1F2B10DF101034FF0000C8DF868
:1091AC000000A3429E46F5D0181B1DB12D220130A4
:1091BC0001F8012BA34209D91A460D4612F801CD2C
:1091CC00A24205F801CBF9D19A1A114400230B7075
:1091DC0004B070BD73460CF1300C03F801CBD2E730
:1091EC00092B0CF1570307DDDBB28EF80030B646C5
:1091FC000028B7D17346C6E70CF1300C0EF101060E
:10920C005FFA8CF3F1E700BF30B585B06C46A6462B
:10921C00002842D00EF10105B0FBF2FC02FB1C034E
:10922C0060465FFA83FC72BB092B26DD73460CF19A
:10923C00570C03F801CBA3424FF030009E464FF081
:10924C00000C09D1CAB10DF101034FF0000C8DF8DF
:10925C000000A3429E46F5D0A3EB040009D91A46A0
:10926C008C4612F801EDA2420CF801EBF9D19B1AD5
:10927C00194400230B7005B030BD73460CF1300C53
:10928C0003F801CBD7E7092B0CF1570307DDDBB251
:10929C008EF80030AE460028BCD17346CBE70CF1FB
:1092AC00300C0EF101055FFA8CF3F1E7704700BF4B
:1092BC0012F036B807F0BEB911F010BE11F0F6B9C5
:1092CC000021402210B5044640F8041B11F006FEA4
:1092DC000123204684F8443010BD00BF01F080BD4E
:1092EC0001F084BD70B5054608460C4612F018F81E
:1092FC00013010F00FFF064620462E6012F010F8D9
:10930C00431C214602460446C5E90103304607F0DA
:10931C0091F900232846335570BD00BF70B54E1C23
:10932C0004460D46304610F0F5FE002320604355F0
:10933C002046C4E9015670BD70B5561C82B0144667
:10934C0005463046019110F0E5FEAE6001992246CB
:10935C000646C5E9000407F06DF90023284633558D
:10936C0002B070BD10B50446006810F0DBFE20465C
:10937C0010BD00BF70B583684E1C04460D469E425E
:10938C0004D80368002261605A5470BD31460068ED
:10939C0011F08CF900232060C4E90156435570BDCF
:1093AC0010B5037C04460BB9204610BD034A013BA3
:1093BC0052F823309847204610BD00BF602700208C
:1093CC002DE9F04147688F4201D3BDE8F08107EBEE
:1093DC0047060446006876088E4238BF0E4686B1B2
:1093EC00314611F063F9054690B1B74203D3C4E995
:1093FC000056BDE8F081F21B3844002111F06EFDDF
:10940C00F5E70028E1D0124BBDE8F0411B68184786
:10941C00104B30461B68984707460028D5D032467B
:10942C00294611F05BFDA3684BB17A1E2B462168CF
:10943C00C95C013302F8011FA1688B42F7D3206885
:10944C0010B1034B1B689847C4E90076BDE8F08166
:10945C00BC370020B83700202DE9F04F4E68D3B050
:10946C0016F00F03CDE9002136D10F2E10D982460C
:10947C0000F5A070534602E01433834234D01A7CBA
:10948C00012AF9D1DA68002AF6D09B681D782CE005
:10949C00009AEAB10120009A136053B0BDE8F08F36
:1094AC0010340AF1140A444530D1019B5A4602A8E3
:1094BC001968FFF717FB009A0AB10023136052AC2E
:1094CC003D4D54F8100D08B12B6898474C45F8D118
:1094DC00012053B0BDE8F08F002A69D0374B002033
:1094EC00136053B0BDE8F08F00250DF148090DF560
:1094FC00A47800214C464B469960C3E90011103307
:10950C004345F9D14FEA161B01AF0026A3689B45D2
:10951C001BD06268934545D85B4503F10101204699
:10952C0010D2FFF74DFFD4E901239342F4D2226805
:10953C002046DA4218BFD65401335B4503F10101D2
:10954C00A360EED388BFC4F808B02368581E47F850
:10955C00043F002304E0013300F8012F9B459FD00A
:10956C009AF810102A460129F5D1DAF80420ABEB51
:10957C00020CA2EB0B019C4519440BD9DAF80C2018
:10958C00002AE8D0DAF80810B3FBF2FC02FB1C321C
:10959C008A5CE0E78A424FF00002DCD9DAF800205E
:1095AC00525CD8E759462046FFF70AFFA368B3E799
:1095BC00009853B0BDE8F08FBC370020041B00208E
:1095CC002DE9F04F4E68ABB016F00703CDE9002142
:1095DC0040F09A80072E0FD98246A030534602E005
:1095EC00143383422CD01A7C012AF9D1DA68002A70
:1095FC00F6D09B681D7824E0009AEAB10120009A0D
:10960C0013602BB0BDE8F08F10340AF1140A4445F6
:10961C0028D1019B5A4602A81968FFF78FF9009AC6
:10962C000AB1002313602AAC3D4D54F8100D08B15B
:10963C002B6898474C45F8D101202BB0BDE8F08F32
:10964C0000250DF128090DF1A80800214C464B46C8
:10965C009960C3E9001110334345F9D14FEAD60B99
:10966C0001AF0026A3689B451BD06268934545D883
:10967C005B4503F10101204610D2FFF7A1FED4E9AE
:10968C0001239342F4D222682046DA4218BFD65402
:10969C0001335B4503F10101A360EED388BFC4F82D
:1096AC0008B02068002347F8040F013804E00133A8
:1096BC0000F8012F9B45A7D09AF810102A460129D3
:1096CC00F5D1DAF80420ABEB020CA2EB0B019C45B4
:1096DC0019440BD9DAF80C20002AE8D0DAF8081073
:1096EC00B3FBF2FC02FB1C328A5CE0E78A424FF0CF
:1096FC000002DCD9DAF80020525CD8E75946204643
:10970C00FFF75EFEA368B3E72AB1064B0020136097
:10971C002BB0BDE8F08F00982BB0BDE8F08F00BFE8
:10972C00BC370020D81A00202DE9F04F99B0229CAC
:10973C00DDF88C90666816F0030440F0A580032ECB
:10974C0015D903936B460090CDE90112027C03A955
:10975C00012A06D08B4230D053F8040F027C012A28
:10976C00F8D1C268002AF5D083681D7826E0B9F1DB
:10977C00000F1ED00120C9F8004019B0BDE8F08FD1
:10978C0001361034042E2BD1229B5A4650461968B0
:10979C00FFF724F8B9F1000F02D00023C9F800300C
:1097AC0018AC404D54F8100D08B12B68984744453F
:1097BC00F8D1012019B0BDE8F08F00250DF120087B
:1097CC0018A90022444643469A60C3E9002210338C
:1097DC009942F9D14FEA960B00260DF1100A374643
:1097EC00A3689B451BD06268934547D89B4503F102
:1097FC000101204610D9FFF7E3FDD4E90123934280
:10980C00F4D222682046DA4218BFD75401339B4564
:10981C0003F10101A360EED838BFC4F808B020688A
:10982C0000235DF826C04AF82600013804E0013315
:10983C0000F8012F9B45A3D09CF810102A46012953
:10984C00F5D1DCF80420ABEB020EA2EB0B01734557
:10985C0019440BD2DCF80C20002AE8D0DCF80810F4
:10986C00B3FBF2FE02FB1E328A5CE0E78A424FF049
:10987C000002DCD9DCF80020525CD8E759462046BF
:10988C00FFF79EFDA368B1E7B9F1000F06D0064BB8
:10989C000020C9F8003019B0BDE8F08F484619B067
:1098AC00BDE8F08FBC370020AC1A002010B5044680
:1098BC00406888B1436801330ED04368013B436074
:1098CC0053B903689B68984760688368013B836061
:1098DC0013B90368DB6898470023C4E9003310BD53
:1098EC0010B50446406888B1436801330ED0436814
:1098FC00013B436053B903689B6898476068836871
:10990C00013B836013B90368DB6898470023C4E903
:10991C00003310BD10B50446406888B1436801336C
:10992C000ED04368013B436053B903689B6898476A
:10993C0060688368013B836013B90368DB689847F0
:10994C000023C4E9003310BD10B50446406888B14B
:10995C00436801330ED04368013B436053B903683D
:10996C009B68984760688368013B836013B9036800
:10997C00DB6898470023C4E9003310BD10B50446DA
:10998C00406888B1436801330ED04368013B4360A3
:10999C0053B903689B68984760688368013B836090
:1099AC0013B90368DB6898470023C4E9003310BD82
:1099BC0090F8403023B1034A013B52F8233018474A
:1099CC00704700BF68270020F0B590F8446091B054
:1099DC000546012E03D1071D384611B0F0BD041DFC
:1099EC00402200216846274611F078FAC6B9EE46A7
:1099FC00A44610AE74460CF1100C0EF1100E0FCCE8
:109A0C00B4424CF8100C4CF80C1C4CF8082C4CF8CC
:109A1C00043CEFD10123384685F8443011B0F0BD39
:109A2C002046FFF7C5FFE2E710B50446406888B151
:109A3C00436801330ED04368013B436053B903685C
:109A4C009B68984760688368013B836013B903681F
:109A5C00DB6898470023C4E9003310BD2DE9F041C1
:109A6C000023064604460D464FF00108402246F8F6
:109A7C00043B84B01946304611F030FA284684F87D
:109A8C00448011F04DFC00EB08022060402A07D8FE
:109A9C002946304606F0CEFD204604B0BDE8F081E4
:109AAC000C2006F061FE29460746FFF71BFC14202C
:109ABC0006F05AFE144BC0F804800546C0F8088026
:109ACC000360436802970133C760039002D0436878
:109ADC000133436094F844308BB90222002368466A
:109AEC00676084F84420A560CDE90033FFF79CFF44
:109AFC0002A8FFF799FF204604B0BDE8F08130467C
:109B0C00FFF756FFE9E700BFEC26002030B590F8D0
:109B1C00443083B00446042B0FD0012B09D0022B08
:109B2C0019D0032B24D0042B22D0134D284603B07C
:109B3C0030BD251D284603B030BD4568002DF5D03D
:109B4C008368002BF2D0EB5C002BEFD0FDF7E8FF25
:109B5C0094F84430E1E7D4E90120CDE90020FEF788
:109B6C0031FA15686846FFF75FFF284603B030BD31
:109B7C006568284603B030BD641000202DE9F04F15
:109B8C0090F8449097B0D0F800A00446B9F1030FB8
:109B9C00174688460AEB02065CD0B9F1040F59D07F
:109BAC00B9F1020F00F01C81731C402B40F20381B1
:109BBC00314606A8FEF7A8FCDDF81CA0069D4FF068
:109BCC0000095046CDF814A00495FEF7FBF906A841
:109BDC00FFF72AFF5046CDE9065AFEF7F3F9D5F800
:109BEC0000B02046FFF7F0FE22680146584606F00A
:109BFC0021FD06A8FFF718FF50463A464146CDE92D
:109C0C00065AFEF7DFF923682868184406F012FD9F
:109C1C0006A8FFF709FF5046CDE9065AFEF7D2F920
:109C2C002B6806A803F80690FFF7FEFE94F8443064
:109C3C00002B60D15046C4E9015AFEF7C3F9022348
:109C4C0004A8266084F84430FFF7EEFE304617B0C7
:109C5C00BDE8F08F636806AD0193003B18BF01238C
:109C6C000093731C402B4CD8DFF800E3AC46BEE8E5
:109C7C000F00ACE80F00BEE80F00ACE80F00BEE828
:109C8C000F00ACE80F009EE80F008CE80F00BAF153
:109C9C00000F06D0009B23B101995246284606F0CE
:109CAC00C9FC3A46414605EB0A00271D06F0C2FCEA
:109CBC0006F1580300226B4403F8402CB9F1000F55
:109CCC0075D1BC460DF1580E2F460CF1100C103509
:109CDC000FCF77454CF8100C4CF80C1C4CF8082C9A
:109CEC004CF8043CF0D101233046266084F8443013
:109CFC0017B0BDE8F08F201DFFF75AFE84F8449092
:109D0C0098E728463146FEF7FFFBDDF81CB0DDF87E
:109D1C0018905846CDF814B0CDF81090FEF752F9C3
:109D2C002846FFF781FEBAF1000F0FD0009B6BB1F4
:109D3C0058465246CDE9069BFEF744F90199D9F8ED
:109D4C00000006F077FC2846FFF76EFE58463A46B0
:109D5C004146CDE9069BFEF735F9D9F80000504491
:109D6C0006F068FC2846FFF75FFE5846CDE9069BD7
:109D7C00FEF728F9D9F80020284600259555FFF75D
:109D8C0053FE94F84420002A40F0E3805846C4E97E
:109D9C00019BFEF717F9022304A8266084F84430CF
:109DAC00FFF742FE2668304617B0BDE8F08F384604
:109DBC00FFF7FEFD85E72046FFF706FE23683A46CF
:109DCC004146184406F036FC26602046FFF7FCFDA1
:109DDC0023680022C2542668304617B0BDE8F08FC5
:109DEC00FDF732FED0E900321046CDE90632FEF71F
:109DFC00E9F8002A66D05368013363D05368012B0D
:109E0C0060DD06A8FFF710FE94F84430022B7FF4B7
:109E1C00CBAE314606A8FEF777FB079DDDF8189010
:109E2C0028460395CDF80890FEF7CCF806A8FFF766
:109E3C00FBFD2046FDF708FE02462846CDE90495B9
:109E4C00FEF7C0F8D9F800A0D2E90020CDE9062031
:109E5C00FEF7B8F811685046226806F0EBFB06A82E
:109E6C00FFF7E2FD04A8FFF7DFFD28463A4641461E
:109E7C000027CDE90695FEF7A5F82368D9F8000070
:109E8C00184406F0D7FB06A8FFF7CEFD2846CDE90F
:109E9C000695FEF797F8D9F8003006A89F55FFF7FE
:109EAC00C3FD94F84430002B59D12846C4E90195E0
:109EBC00FEF788F8022302A8266084F84430FFF7E6
:109ECC00B3FDC3E606AD2846FFF7AEFD2046FDF711
:109EDC00BBFD8146D0E90020CDE90620FEF772F8E3
:109EEC002846D2F808A0FFF79FFD731C534511D9E3
:109EFC0006EB4601D9E900200529CDE906208CBFE7
:109F0C0049080321FEF75EF81046FFF733FA28469E
:109F1C00FFF78AFD3A464146D9E90070CDE9067053
:109F2C00FEF750F823683868184406F083FB28467F
:109F3C00FFF77AFDD9E900202660CDE90620FEF76F
:109F4C0041F81368002228469A55FFF76DFD2668E4
:109F5C007CE6201DFFF72CFD84F8445016E7201DED
:109F6C00FFF726FD84F844709FE700BFB005002082
:109F7C0010B5044682B00846019111F0D1F901994F
:109F8C0002462046FFF7FAFD204602B010BD00BF86
:109F9C0030B5002391B004460D463C22194601A869
:109FAC00009310F09BFFE26C69462846FFF7CCF853
:109FBC00694602462046FFF7E1FD11B030BD00BFF7
:109FCC0030B5002391B004460D463C22194601A839
:109FDC00009310F083FFE26C69462846FFF714F9F2
:109FEC00694602462046FFF7C9FD11B030BD00BFDF
:109FFC00136830B50D46A9B0002B4BD0002314A824
:10A00C001446CDE92633FFF75BF90A23434827931F
:10A01C00FEF728FF019011F083F90199024614A86C
:10A02C00FFF7ACFD01223E4914A8FFF7A7FDF22172
:10A03C0014A8FFF7ADFF09223A4914A8FFF79EFDBB
:10A04C00394902A8FFF70AFD02A8FFF75FFD029A43
:10A05C00014614A8FFF792FD294614A8FFF798FFB4
:10A06C000D22324914A8FFF789FD2046FFF74EFD5B
:10A07C002268014614A8FFF781FD14A8FFF746FDDE
:10A08C009DF84C30002B3CD19DF89430002B3FD1E7
:10A09C0029B030BD14A8CDE92633FFF711F90A23F6
:10A0AC001E482793FEF7DEFE019011F039F9019955
:10A0BC00024614A8FFF762FD0122194914A8FFF704
:10A0CC005DFDF42114A8FFF763FF0922154914A8BC
:10A0DC00FFF754FD144902A8FFF7C0FC02A8FFF7D4
:10A0EC0015FD029A014614A8FFF748FD294614A84D
:10A0FC00FFF74EFF14A8FFF709FD9DF84C30002B1D
:10A10C00C2D003A8FFF754FC9DF89430002BBFD0AD
:10A11C0015A8FFF74DFC29B030BD00BF2C1F002047
:10A12C00C81C0020CC1C0020601F0020981F0020A1
:10A13C002DE9F04F054695B000F052FEAB68002BB0
:10A14C006FD000268146DFF8A881374629684FEA90
:10A15C00C60A51F8360001EBC604002864D0036827
:10A16C001B6C9847002865D029680A4601EB0A0445
:10A17C00002900F08E80AB6801EBC302A2424ED0E6
:10A18C00002B4ED031B3AB6801EBC303083B9C42B0
:10A19C0024D02368D4E90102A360E36822606360E1
:10A1AC00E06090B1436801330FD04368013B4360DA
:10A1BC005BB903689B689847E0688368013B8360E0
:10A1CC0013B90368DB6898472968C4E90277083437
:10A1DC000029D8D16FF007039C42DAD1AB686FF03D
:10A1EC0060421A4401EBC20041F832704468476087
:10A1FC009CB16268013210D06268013A626062B947
:10A20C00236820469B689847A368013BA3601BB951
:10A21C0023682046DB689847AB68013BAB60B342D0
:10A22C0094D815B0BDE8F08F0029A4D1AB68002BF1
:10A23C00A8D1F6E72068002825D0036849469B6B17
:10A24C00984700B32068002840D0036849465B6BF0
:10A25C0098472068002839D00368DB699847D0B14B
:10A26C00206880B103689B6C9847206858B10368DC
:10A27C009B6A984738B12068002831D003689B6AE4
:10A28C00984701282CD10136AB68B3423FF65EAF3C
:10A29C00C7E7AB6872E72068C0B103685B69984791
:10A2AC0021688346A1B102AA0B68104601925B6A31
:10A2BC009847019A59462846FFF79AFE9DF84C306C
:10A2CC00002BD2D003A8FFF773FBCEE74FF0000BA7
:10A2DC0002AA414610460192FFF7C0FB019AE9E73A
:10A2EC002968002228465144FEF776F9AB6896E7B8
:10A2FC00641000200F4A08B5136813F0010306D14F
:10A30C000D490120C1E900338B60086110600A48D7
:10A31C00FFF70EFF094A136813F0010305D1084932
:10A32C000120C1E900338B6010600548BDE808408E
:10A33C00FEF7D4B90C4A0020FCBE0020044A0020D1
:10A34C0054BE002038B50446C8B1C1B100F048FD78
:10A35C0005460EE0FFF7CEFFFFF7CCFFFFF7CAFF75
:10A36C00FFF7C8FFFFF7C6FFFFF7C4FF012000F09F
:10A37C0035FD00F035FD431B9C42EBD838BD204623
:10A38C00BDE8384000F02ABD30B5002391B004463A
:10A39C000D463C22194601A8009310F09FFDE26C7B
:10A3AC0069462846FEF730FF694602462046FFF70D
:10A3BC00E5FB11B030BD00BF2DE9F04147688F427D
:10A3CC0001D3BDE8F08107EB470605460068760827
:10A3DC008E4238BF0E46A6B14FEAC608414610F071
:10A3EC0065F90446A0B1B74203D3C5E90046BDE800
:10A3FC00F081F21B00EBC7000021D20010F06EFDC3
:10A40C00F3E70028DDD0164BBDE8F0411B68184778
:10A41C00144B40461B68984707460028D1D042464B
:10A42C00214610F05BFDD5F808C0BCF1000F13D02D
:10A43C0023462C6807EBC30204EBC301013303C9A9
:10A44C00634582E80300F5D1054B20461B6898470D
:10A45C00C5E90076BDE8F0812C68002CF8D0F3E754
:10A46C00BC370020B8370020F0B5A7B00025064651
:10A47C00802201AC29468DF80050204610F02EFDAC
:10A48C003378CDE92155CDE9235593BBD6F88470AB
:10A49C0006F0030287B301321D4606EB820626AA9C
:10A4AC000F2B06EBC50105F1010502EBC302A2F16E
:10A4BC00940204D8013303C982E803002193AF420C
:10A4CC00EDD104EBC3050026A5428DF8006013D036
:10A4DC0054F8080B03681B699847AC42F8D1002369
:10A4EC0024934EB11C4B30461B6827B0BDE8F0409E
:10A4FC001847D6F888400CB927B0F0BDD6F8906054
:10A50C0004EBC606B442F7D00834294600E024997F
:10A51C00013122A8FFF750FFDDE92323934203F119
:10A52C00010508D2229A12EBC30203D014E90300EE
:10A53C0082E803002495A64204F10804E7D1012324
:10A54C00229C8DF80030002CD6D0249B264604EBA0
:10A55C00C305AC42BCD1C5E7BC370020F0B5A7B0F1
:10A56C0000250646802201AC29468DF80050204675
:10A57C0010F0B4FC3378CDE92155CDE92355002BEF
:10A58C0039D1D6F8847006F00302002F36D0013290
:10A59C001D4606EB820626AA0F2B06EBC50105F11C
:10A5AC00010502EBC302A2F1940204D8013303C9E2
:10A5BC0082E803002193AF42EDD104EBC3050027E1
:10A5CC00A5428DF8007019D0244E01E0AC4208D0A1
:10A5DC00206808340368DB68B342F7D09847AC4274
:10A5EC00F6D1002324934FB11D4B38461B6827B07E
:10A5FC00BDE8F0401847D6F888400CB927B0F0BD3C
:10A60C00D6F8906004EBC606B442F7D0083429465D
:10A61C0000E02499013122A8FFF7CEFEDDE92323C7
:10A62C00934203F1010508D2229A12EBC30203D024
:10A63C0014E9030082E803002495A64204F10804FF
:10A64C00E7D10123229C8DF80030002CD6D0249B1E
:10A65C00274604EBC305AC42B6D1C5E765590000EB
:10A66C00BC370020F0B5A7B000250646802201AC0F
:10A67C0029468DF80050204610F030FC3378CDE997
:10A68C002155CDE9235593BBD6F8847006F003020F
:10A69C0087B301321D4606EB820626AA0F2B06EB6A
:10A6AC00C50105F1010502EBC302A2F1940204D825
:10A6BC00013303C982E803002193AF42EDD104EBCF
:10A6CC00C3050026A5428DF8006013D054F8080B82
:10A6DC0003689B689847AC42F8D1002324934EB191
:10A6EC001C4B30461B6827B0BDE8F0401847D6F825
:10A6FC0088400CB927B0F0BDD6F8906004EBC606C4
:10A70C00B442F7D00834294600E02499013122A83C
:10A71C00FFF752FEDDE92323934203F1010508D232
:10A72C00229A12EBC30203D014E9030082E803005F
:10A73C002495A64204F10804E7D10123229C8DF84C
:10A74C000030002CD6D0249B264604EBC305AC422B
:10A75C00BCD1C5E7BC3700202DE9F043A7B00027DA
:10A76C0081460D4601AC16463946802220468DF8AE
:10A77C00007010F0B3FB99F80020CDE92177CDE9FA
:10A78C002377002A3DD1D9F884E009F00303BEF108
:10A79C00000F39D00133174609EB830C26AB0F2A77
:10A7AC000CEBC70107F1010703EBC203A3F1940300
:10A7BC0004D8013203C983E803002192BE45EDD1D0
:10A7CC0004EBC2080027A0458DF800701CD0DFF800
:10A7DC00A09001E044450AD02068083403685B6906
:10A7EC004B45F7D03246294698474445F4D10023CF
:10A7FC0024934FB11D4B38461B6827B0BDE8F0437E
:10A80C001847D9F8883013B927B0BDE8F083D9F8C8
:10A81C00904003EBC404A342F6D003F10808394678
:10A82C0000E02499013122A8FFF7C6FDDDE92323BE
:10A83C00934203F1010708D2229A12EBC30203D010
:10A84C0018E9030082E803002497444508F108083E
:10A85C00E7D10123229C8DF80030002CD4D0249A0F
:10A86C00274604EBC2084445B1D1C3E7BC370020EE
:10A87C0069590000054B002205494FF00F3083F851
:10A88C0008210860C3E94022704700BF6CB000206B
:10A89C0078B100200220704704207047037C23B15C
:10A8AC000023037480F82C3083620120704700BFB2
:10A8BC00007C7047407C70474068704780687047E8
:10A8CC00037C23B10023037480F83030C362012071
:10A8DC00704700BF007C7047407C704740687047F1
:10A8EC008068704710B50446406888B143680133EE
:10A8FC000ED04368013B436053B903689B6898478B
:10A90C0060688368013B836013B90368DB68984710
:10A91C00204610BD10B50446406888B14368013329
:10A92C000ED04368013B436053B903689B6898475A
:10A93C0060688368013B836013B90368DB689847E0
:10A94C00204610BD704700BF704700BF704700BF66
:10A95C0003685B68184700BF03685B68184700BF53
:10A96C0003685B68184700BF10B50446142105F056
:10A97C00FDFE204610BD00BF10B50446142105F0A5
:10A98C00F5FE204610BD00BF10B50446142105F09D
:10A99C00EDFE204610BD00BF38B5C5681DB143683B
:10A9AC000446013300D138BD00232868AB6008B1E0
:10A9BC00FEF7B8FB1021284605F0D8FE0023E36013
:10A9CC0038BD00BF38B5436804465A1C4FD0DBB2C3
:10A9DC000A789A4204D1012B4CD0022B45D00BB1F2
:10A9EC00002038BD24486360E06091F90A50002DC6
:10A9FC00B4BF01230223237691F90BE0BEF1000FC3
:10AA0C0001DB0133237691F90CC0BCF1000F02DBA2
:10AA1C00237E013323764B68636191F908206276BB
:10AA2C00002A91F90910E57684F81CE0A17684F8E7
:10AA3C001DC005DBD1B2FBF765FD94F91A10E06877
:10AA4C00002903DBC9B2FBF759FDE06894F91B1030
:10AA5C00002903DBC9B2FBF753FDE068FBF734FCBC
:10AA6C004FF480730120238238BD0448BBE70B7878
:10AA7C00012BB2D10248B6E79032002030330020CF
:10AA8C00E0320020437C0BB9FFF79CBF184670479F
:10AA9C0028B14368013302D04368013343607047E7
:10AAAC00F8B5054634200F46164605F05DFE114BF1
:10AABC0011496FF0FE02036000230446C360038259
:10AACC00C0E905124FF6FF72C0E901761420A2838B
:10AADC002385E36284F83030C4E9083305F044FE82
:10AAEC000123064A436002608360C46068602846A4
:10AAFC002C60F8BDB0260020002D31011C27002051
:10AB0C00F8B5054630200F46164605F02DFE104BC5
:10AB1C0010490446036000234FF6FF724161C36085
:10AB2C000382C0E9017614202283A276A384A36257
:10AB3C0084F82C30C4E9073305F016FE0123064ACD
:10AB4C00436002608360C460686028462C60F8BD76
:10AB5C0074260020002D310104270020026810B457
:10AB6C00126B084CA24209D1437C1BB95DF8044B13
:10AB7C00FFF728BF18465DF8044B70475DF8044B8F
:10AB8C00104700BF6586000038B5037C04460D46AF
:10AB9C0053B90121D5E90023C4E90023D5E90223E7
:10ABAC002174C4E9022338BD034A013B52F8233017
:10ABBC00984700232374ECE7602700200268F8B55F
:10ABCC0006461AB38768F7B1002412EBC40514D0FB
:10ABDC006B6893B1596801310FD059681846013927
:10ABEC00596051B91B689B6898476A68936810460E
:10ABFC00013B936063B13268B7680134BC42E4D363
:10AC0C000023B36012B11046FEF798FA3046F8BD37
:10AC1C001368DB689847B7683268EEE70268F8B5E6
:10AC2C0006461AB38768F7B1002412EBC40514D09A
:10AC3C006B6893B1596801310FD0596818460139C6
:10AC4C00596051B91B689B6898476A6893681046AD
:10AC5C00013B936063B13268B7680134BC42E4D302
:10AC6C000023B36012B11046FEF768FA3046F8BD07
:10AC7C001368DB689847B7683268EEE7F8B50026CA
:10AC8C00074600F64825D5F86801C5F8706108B18B
:10AC9C00FEF754FAD5F85831DBB1D5F86021C2B1C2
:10ACAC00002408E0FEF74AFAD5F86021D5F85831AF
:10ACBC00013494420DD213EB04114FEA0410F7D077
:10ACCC0018588E600028EDD1D5F8602101349442DB
:10ACDC00F1D3C5F8606113B11846FEF72FFAD5F819
:10ACEC004C0190B1436801330FD04368013B436082
:10ACFC005BB903689B689847D5F84C018368013BA6
:10AD0C00836013B90368DB689847BD42A5F5BC7333
:10AD1C0001D01D46B7E72846F8BD00BF0268F8B55C
:10AD2C0006461AB38768F7B1002412EBC40514D099
:10AD3C006B6893B1596801310FD0596818460139C5
:10AD4C00596051B91B689B6898476A6893681046AC
:10AD5C00013B936063B13268B7680134BC42E4D301
:10AD6C000023B36012B11046FEF7E8F93046F8BD87
:10AD7C001368DB689847B7683268EEE70268F8B585
:10AD8C0006461AB38768F7B1002412EBC40514D039
:10AD9C006B6893B1596801310FD059681846013965
:10ADAC00596051B91B689B6898476A68936810464C
:10ADBC00013B936063B13268B7680134BC42E4D3A1
:10ADCC000023B36012B11046FEF7B8F93046F8BD57
:10ADDC001368DB689847B7683268EEE705F03CB952
:10ADEC00014B1868704700BFA4DB002005F088B940
:10ADFC00C37C13B3D90704D5816A4FF0E022C2F8A3
:10AE0C0000119A0704D5C16A4FF0E022C2F8041170
:10AE1C00590704D5016B4FF0E022C2F808111A074C
:10AE2C0004D5416B4FF0E022C2F80C11DB0604D5BF
:10AE3C00826B4FF0E023C3F810217047F0B5457CCE
:10AE4C0083B045B10446C06800283AD094F82C5021
:10AE5C000DB1A36A13B9284603B0F0BD626907238C
:10AE6C00CDE9002302AB13E90600F7F791FC636808
:10AE7C00022B2AD81B4A52F8232032B3176E94F8AF
:10AE8C00251027F4403343F48033136621BBA36AA7
:10AE9C0053B1013BC81801395369DB07FCD511F8D4
:10AEAC00013F81425366F7D1566916F08076FBD18B
:10AEBC00E0681766FFF79CFF267484F82C60A66286
:10AECC00C9E70546284603B0F0BD0025E068FFF74A
:10AEDC008FFF284603B0F0BDE1690029D7D009687F
:10AEEC00D5E700BFD0060020F0B5457C83B045B156
:10AEFC000446C068002845D094F830500DB1E36A80
:10AF0C0013B9284603B0F0BD62690723CDE90023CD
:10AF1C0002AB13E90600F7F73BFC6368022B35D84C
:10AF2C001F4A52F82320002A30D0237E176E032BA1
:10AF3C0033D8012B94BF002301231B0427F4403189
:10AF4C000B4394F82910136611B1216A01B10968F9
:10AF5C00E36A53B1013BC81801395369DB07FCD5CF
:10AF6C0011F8013F81425366F7D1566916F080768D
:10AF7C00FBD1E0681766FFF73BFF267484F830605E
:10AF8C00E662BEE70546284603B0F0BD0025E06842
:10AF9C00FFF72EFF284603B0F0BD4FF40033CDE78A
:10AFAC00D00600202DE9F04F0346E1B0041D064603
:10AFBC00009003F6C43500F5A270FF210022234651
:10AFCC0004F8041C04F8032C04F8022C1970143334
:10AFDC0003F8131C43F8102C03F80C1C43F8082C32
:10AFEC0003F8042C03F8032C9842EFD184F8401199
:10AFFC0000F5BC7084F84C21C4F86C21C4E95122D2
:10B00C00C4E95422C4E95622C4E9592204F5BC749B
:10B01C00AC42D4D1009B53AF0DF5A87A0DF5B079A5
:10B02C0003F53C6BFF250024A3F8C02B03AA029563
:10B03C001570143202F8135C42F8104C02F80C5CD8
:10B04C0042F8084C02F8044C02F8034CBA42EFD117
:10B05C004FF4A07203A9301D35707470B4708DF864
:10B06C004C518DF858415E94CDE95444CDE9574488
:10B07C00CDE95944CDE95C4405F0DCFA06F5A4723F
:10B08C0086F8445192451FD0D6F84821D6F84C0189
:10B09C00C6F848415492C6F84C41559090B142685C
:10B0AC0001320FD04268013A42605AB902680190ED
:10B0BC009268904701988268013A826012B90268DE
:10B0CC00D2689047CDE9544406F5AC7286F85041ED
:10B0DC00C6F85441914524D0D6F85811B9B1D6F8D8
:10B0EC006031A3B14FF0000811EB081E4FEA0810B5
:10B0FC0008F1010809D00858CEF8084028B1FEF72D
:10B10C001DF8D6F86031D6F858119845ECD3C6F82E
:10B11C00604111B10846FEF711F8C6F85841C6E96E
:10B12C00574406F5B4725CAB93420AD0D6F868016A
:10B13C00C6F8704108B1FEF701F8C6F86841C6E9D7
:10B14C005B4406F5BC765E457FF470AF009861B049
:10B15C00BDE8F08F90F8C03B8B4204D94FF4BC7320
:10B16C0003FB010070470020704700BF37482DE9F2
:10B17C00F04F1F4600EB01138BB08846DB689146FD
:10B18C00149C039300EB0213DB6808930B01012161
:10B19C00C658130150F803B0404605F017F80121CA
:10B1AC00484605F013F8002E4BD0039A336823EA77
:10B1BC000203336024B33C44013F04F1FF3A17F817
:10B1CC00015F08242B061ED4BBF1000F2FD0089A68
:10B1DC00DBF8003023EA0203CBF80030F6B1039B16
:10B1EC00326813433360039A336823EA02033360F3
:10B1FC00013C6D0014F0FF04EDB2E3D15745DED1F4
:10B20C000BB0BDE8F08FBBF1000F15D0089BDBF83D
:10B21C0000201343CBF80030002EE0D14046012132
:10B22C0004F098FF3146404604F094FFE0E759469D
:10B23C00484604F08FFFD1E70121484604F08AFF0D
:10B24C00CCE73146404604F085FFB3E7602A002086
:10B25C0010B5094C2368DB0701D5084810BD074819
:10B26C00FFF7A0FE0123064A06490448236006F0B6
:10B27C006BFD024810BD00BFE849002060B2002001
:10B28C00C83700205D880000F8B50C46002706463C
:10B29C00102005F069FA05468460C0E900747CB999
:10B2AC00142005F061FA0D4A0123C56002604FF4C9
:10B2BC008072436070608360304635603281F8BDC7
:10B2CC0020460121FDF71AFF03460444286003B110
:10B2DC001F700133A342FAD1E2E700BF34270020EC
:10B2EC0082688A4200F0868043688B422DE9F043E5
:10B2FC00054683B088467ED3904564D96B6800249C
:10B30C000EE0AA689A4209D22968160111EB0210C4
:10B31C0002D08C51C0E901440132AA60904552D947
:10B32C0001329342EDD203EB43067608964238BFC6
:10B33C001646002EE5D0320110460192FDF7F8FEBC
:10B34C00019A0746002800F0AA800021FDF7B4FFFF
:10B35C00AA68D5F800C05AB3394607EB021E6346FB
:10B36C00186810311C6041F8100C586841F80C0C2E
:10B37C00986841F8080C7145C3E9014403F11003C6
:10B38C00EED1BCF1000F1AD04FF000091CEB0913E1
:10B39C004FEA091209F1010907D05CF802009C6020
:10B3AC0018B1FDF7CBFED5F800C0AA689145EDD3D6
:10B3BC00BCF1000F03D06046FDF7C0FEAA6833460F
:10B3CC00C5E900769EE70024904500D212B903B07F
:10B3DC00BDE8F083013A2B6813EB0211AA604FEA27
:10B3EC000210F1D018588C600028EDD0FDF7A6FEA5
:10B3FC00AA68E9E7704703EB43035E088E4238BF47
:10B40C000E46002E3FF478AF320110460192FDF744
:10B41C008FFE019A0746002844D00021FDF74CFF0F
:10B42C00AA68D5F800C082B3394607EB021E002487
:10B43C006346186810311C60103341F8100C53F837
:10B44C000C0C43F80C4C41F80C0C53F8080C43F85A
:10B45C00084C41F8080C7145EBD1BCF1000F1BD026
:10B46C000024A1461CEB04134FEA041204F101045E
:10B47C0008D05CF80200C3F8089018B1FDF75EFE26
:10B48C00D5F800C0AA689442ECD3BCF1000F03D0ED
:10B49C006046FDF753FEAA68C5E900762CE7D5E9AE
:10B4AC0001322FE7AA6827E7F0B511F47F0F87B0B8
:10B4BC00C1F30725059129D0CCB290F8C01B0646E4
:10B4CC00A14223D94FF4BC7104FB01F100EB010E36
:10B4DC009EF85071D7B19EF80270AF4216D905EBA9
:10B4EC00850C01EB8C0C84449CF8147077B19EF89D
:10B4FC000170022F32D00BD847B99CF805409CF84C
:10B50C000410009313462246FFF730FE07B0F0BD3F
:10B51C00033F022FFAD8DEF86001854213D24FF4B4
:10B52C00BC7101FB0460D0F8580100EB0515002B31
:10B53C00ECD01446D618214601342846F7F73EFACB
:10B54C00B442F8D1E2E701F5AC717018691CCDE991
:10B55C000323FFF7C5FEDDE90323E0E7DEF8600116
:10B56C00854213D24FF4BC7101FB0461D1F8580130
:10B57C0000EB0515002BC9D01446D6182146013412
:10B58C002846F7F71BFAB442F8D1BFE701F5AC71C6
:10B59C007018691CCDE90323FFF7A2FEDDE9032334
:10B5AC00E0E700BF38B5437CE3B1C3680446CBB1D8
:10B5BC00037C4BB103680E4A9B69934213D1002361
:10B5CC00037480F82C308362002504F11C00FEF714
:10B5DC0087F9E068A584A56284F82C50FAF798FFE7
:10B5EC00E560657438BD4FF0FF319847ECE700BF5C
:10B5FC007D84000038B5437CE3B1C3680446CBB10D
:10B60C00037C4BB103680E4A9B69934213D1002310
:10B61C00037480F83030C362002504F12000FEF77B
:10B62C005FF9E0682585E56284F83050FAF770FF21
:10B63C00E560657438BD4FF0FF319847ECE700BF0B
:10B64C00A18400004B7C70B5044686B02BB90381F5
:10B65C00C0E90033204606B070BD0B7C0D464BB1E3
:10B66C000B682C499B698B4244D100232B7485F8C1
:10B67C002C30AB625600B6F5802F07D9002301227F
:10B68C0020462281C4E9003306B070BD314603A8C0
:10B69C00FFF7FAFD039BEA6903A8EB61049B039295
:10B6AC002A6A2B620492FEF71BF9BDF8143003A82A
:10B6BC00AB84FEF715F995F82530ABB1EA699AB170
:10B6CC0001212B6AAE6285F82C10C4E900232BB142
:10B6DC005A68013202D05A680A445A6095F82420FC
:10B6EC00012322726372B5E700230222C4E90033FE
:10B6FC002281AFE701924FF0FF3128469847019A1B
:10B70C000028B7D10323C4E900002046238106B0EA
:10B71C0070BD00BF7D8400004B7C70B5044686B0C4
:10B72C002BB90381C0E90033204606B070BD0B7CF9
:10B73C000D464BB10B682C499B698B4244D10023BD
:10B74C002B7485F83030EB629600B6F5802F07D954
:10B75C000023012220462281C4E9003306B070BDCB
:10B76C00314603A8FFF790FD039B2A6A03A82B62BE
:10B77C00049B03926A6A6B620492FEF7B1F8BDF8FF
:10B78C00143003A82B85FEF7ABF895F82930ABB134
:10B79C002A6A9AB101216B6AEE6285F83010C4E90D
:10B7AC0000232BB15A68013202D05A680A445A60FD
:10B7BC0095F82820012322726372B5E70023022238
:10B7CC00C4E900332281AFE701924FF0FF312846E4
:10B7DC009847019A0028B7D10323C4E900002046FA
:10B7EC00238106B070BD00BFA1840000144A437CC5
:10B7FC0070B504460260E3B1C368D3B1037C23B1D6
:10B80C000023037480F82C30836204F11C0500269D
:10B81C002846FEF765F8E068A684A66284F82C60DA
:10B82C00FAF776FE2846E6606674FEF759F820466D
:10B83C0070BD04F11C052846FEF752F8204670BD79
:10B84C0074260020144A437C70B504460260E3B1B0
:10B85C00C368D3B1037C23B10023037480F8303068
:10B86C00C36204F1200500262846FEF739F8E0688B
:10B87C002685E66284F83060FAF74AFE2846E660D0
:10B88C006674FEF72DF8204670BD04F1200528469D
:10B89C00FEF726F8204670BDB0260020144A437CE3
:10B8AC0070B504460260C3B1C368B3B1037C23B165
:10B8BC000023037480F83030C36204F120050026A5
:10B8CC002846FEF70DF8E0682685E66284F83060BD
:10B8DC00FAF71EFEE660667401E004F120052846C6
:10B8EC00FDF7FEFF2046342104F040FF204670BDDA
:10B8FC00B0260020144A437C70B504460260C3B1E4
:10B90C00C368B3B1037C23B10023037480F82C30DB
:10B91C00836204F11C0500262846FDF7E1FFE06870
:10B92C00A684A66284F82C60FAF7F2FDE6606674D1
:10B93C0001E004F11C052846FDF7D2FF204630211A
:10B94C0004F014FF204670BD74260020F8B5C468BE
:10B95C00002C30D04368054601332CD02368184A9C
:10B96C005B68934228D1174A637C2260C3B1E368B9
:10B97C00B3B1237C23B10023237484F82C30A3624D
:10B98C0004F11C0600273046FDF7AAFFE068A784E7
:10B99C00A76284F82C70FAF7BBFDE760677401E0CE
:10B9AC0004F11C063046FDF79BFF3021204604F0C5
:10B9BC00DDFE0023EB60F8BD20469847F9E700BF99
:10B9CC00D594000074260020F8B5C468002C30D043
:10B9DC004368054601332CD02368184A5B689342B0
:10B9EC0028D1174A637C2260C3B1E368B3B1237CCE
:10B9FC0023B10023237484F83030E36204F1200671
:10BA0C0000273046FDF76CFFE0682785E76284F875
:10BA1C003070FAF77DFDE760677401E004F12006F1
:10BA2C003046FDF75DFF3421204604F09FFE0023D5
:10BA3C00EB60F8BD20469847F9E700BF7D94000005
:10BA4C00B026002038B5437CE3B1C3680446CBB1C3
:10BA5C00037C4BB103680E4A9B69934213D10023BC
:10BA6C00037480F83030C362002504F12000FDF728
:10BA7C0037FFE0682585E56284F83050FAF748FD19
:10BA8C00E560657438BD4FF0FF319847ECE700BFB7
:10BA9C00A184000038B5437CE3B1C3680446CBB144
:10BAAC00037C4BB103680E4A9B69934213D100236C
:10BABC00037480F82C308362002504F11C00FDF720
:10BACC000FFFE068A584A56284F82C50FAF720FDDE
:10BADC00E560657438BD4FF0FF319847ECE700BF67
:10BAEC007D8400000368002B7AD03F4A136813F062
:10BAFC0001032DE9F043064683B03C4C60D0D4E9F9
:10BB0C000132511C994216D89A4211D2236813EB78
:10BB1C00C2000BD0D6E9005143F83250416029B134
:10BB2C004B68013302D04B6801334B600132A26089
:10BB3C0003B0BDE8F08303EB43077F088F4238BFA7
:10BB4C000F46002FE0D0FA0010460192FDF7F0FAF4
:10BB5C00019A8046002844D00021FDF7ADFBA26875
:10BB6C0021680AB30023C44601F10409184651F8B0
:10BB7C0033500CF1080C48F8335059F8335041F855
:10BB8C00330049F8330001334CF8045C9342EED196
:10BB9C00002511EBC50005F1010502D0FDF7BAFE39
:10BBAC002168A2689542F4D319B10846FDF7C6FA8C
:10BBBC00A2683B46C4F8008067609A42B8D2A5E7F9
:10BBCC0001212046A3601160094A0A49C4E90033E7
:10BBDC0006F0BAF8D4E90132511C994294D9AAE77B
:10BBEC007047D4E901328FE7D849002020B20020F9
:10BBFC00C8370020FD8800000368002B7AD03F4A2C
:10BC0C00136813F001032DE9F043064683B03C4C56
:10BC1C0060D0D4E90132511C994216D89A4211D203
:10BC2C00236813EBC2000BD0D6E9005143F8325015
:10BC3C00416029B14B68013302D04B6801334B6032
:10BC4C000132A26003B0BDE8F08303EB43077F0829
:10BC5C008F4238BF0F46002FE0D0FA0010460192F9
:10BC6C00FDF766FA019A8046002844D00021FDF7C2
:10BC7C0023FBA26821680AB30023C44601F104091E
:10BC8C00184651F833500CF1080C48F8335059F859
:10BC9C00335041F8330049F8330001334CF8045C5D
:10BCAC009342EED1002511EBC50005F1010502D040
:10BCBC00FDF74AFE2168A2689542F4D319B10846F3
:10BCCC00FDF73CFAA2683B46C4F8008067609A42D4
:10BCDC00B8D2A5E701212046A3601160094A0A49A0
:10BCEC00C4E9003306F030F8D4E90132511C994212
:10BCFC0094D9AAE77047D4E901328FE7DC490020D8
:10BD0C0030B20020C83700205D89000010B5044611
:10BD1C00406888B1436801330ED04368013B4360EF
:10BD2C0053B903689B68984760688368013B8360DC
:10BD3C0013B90368DB6898470023C4E9003310BDCE
:10BD4C002DE9F043446899B005460E46631C6AD051
:10BD5C00E4B20B78A34236D1012C67D0022C00F050
:10BD6C00A181002C65D0002304A8CDE91633FDF782
:10BD7C00A7FA0A23A3481793FDF774F8014604A801
:10BD8C00FEF7F6F8A04904A8FEF7F2F88F2104A8F4
:10BD9C00FEF7FEF89D4904A8FEF7EAF89C4904A8B2
:10BDAC00FEF7E6F8214604A8FEF7F2F804A8FDF722
:10BDBC00ADFEFDF77BFA9DF85430002B2FD10020FF
:10BDCC0019B0BDE8F083002304A8CDE91633FDF7C4
:10BDDC0077FA0A238B481793FDF744F8014604A819
:10BDEC00FEF7C6F8884904A8FEF7C2F804A87B2120
:10BDFC00FEF7CEF8854904A8FEF7BAF8854904A8E1
:10BE0C00FEF7B6F8696804A8FEF7C2F8824904A8E0
:10BE1C00FEF7AEF8317804A8FEF7BAF8C6E705A825
:10BE2C00FDF7C6FDCBE70C78012C97D1DFF8048227
:10BE3C0001E0DFF80482C5F80C806C6096F909C04B
:10BE4C00BCF1000FC0F2318196F90A90B9F1000FE4
:10BE5C00C0F22B817368E4B2704A05AF6B6101AB21
:10BE6C0096F908E002AE85F819C085F81A9085F8A5
:10BE7C0018E007CA83E8070016F8043CA34200F058
:10BE8C00DD800436BE42F7D1002304A8CDE9163379
:10BE9C00FDF716FA0A235B481793FCF7E3FF0146FC
:10BEAC0004A8FEF765F8584904A8FEF761F8B72115
:10BEBC0004A8FEF76DF8554904A8FEF759F858493F
:10BECC0004A8FEF755F8696804A8FEF761F804A801
:10BEDC00FDF71CFEFDF7EAF99DF85430002B40F0FD
:10BEEC000481002304A8CDE91633FDF7E9F90A23F0
:10BEFC0044481793FCF7B6FF014604A8FEF738F840
:10BF0C00414904A8FEF734F8B82104A8FEF740F81C
:10BF1C003E4904A8FEF72CF8424904A8FEF728F87D
:10BF2C0018AA6B6804A802EB830313F95B1CFEF7D9
:10BF3C002FF83D4904A8FEF71BF818AA6B6804A853
:10BF4C0002EB830313F95A1CFEF722F8374904A8B5
:10BF5C00FEF70EF818AA6B6804A802EB830313F91A
:10BF6C00591CFEF715F804A8FDF7D0FDFDF79EF956
:10BF7C009DF85430002B40F0BC80002304A8CDE980
:10BF8C001633FDF79DF90A231E481793FCF76AFF39
:10BF9C00014604A8FDF7ECFF1B4904A8FDF7E8FFD8
:10BFAC00BB2104A8FDF7F4FF184904A8FDF7E0FF36
:10BFBC001F4904A8FDF7DCFF95F9181004A8FDF73C
:10BFCC00E7FF194904A8FDF7D3FF95F9191004A848
:10BFDC00FDF7DEFF154904A8FDF7CAFF95F91A1005
:10BFEC0004A8FDF7D5FF04A8FDF790FDFDF75EF959
:10BFFC009DF85430002B3FF4E2AE3846FDF7D8FCE8
:10C00C00DDE600BF301B0020C81C0020CC1C00202B
:10C01C00C41B0020901B0020BC1B0020C406002069
:10C02C00541C0020241C0020381C0020401C002024
:10C03C00481C0020E03200209032002016F9033C0E
:10C04C0073457FF41EAF16F9023C63457FF419AFBC
:10C05C0016F9013C4B457FF414AFBEF1000F4CDADE
:10C06C005FFA8CF1E868FAF749FA95F91A10002989
:10C07C0003DBC9B2E868FAF743FAE868FAF724F97F
:10C08C006B68022B07D8224A52F823301BB15A6A2C
:10C09C0042F080625A624FF4807301202B8219B0F7
:10C0AC00BDE8F083DFF87C80C5E6002304A8CDE969
:10C0BC001633FDF705F90A2316481793FCF7D2FE41
:10C0CC00014604A8FDF754FF134904A8FDF750FFDF
:10C0DC0004A89521FDF75CFF104904A8FDF748FF63
:10C0EC000F4904A8FDF744FF60E63846FDF760FCF5
:10C0FC00F7E63846FDF75CFC3FE75FFA8EF1404609
:10C10C00FAF700FA95F919C0BCF1000FADDBA7E7FF
:10C11C00D0060020301B0020C81C0020CC1C0020A6
:10C12C00E81B002030330020437C0BB9FFF708BE1E
:10C13C0018467047026810B4126B084CA24209D121
:10C14C00437C1BB95DF8044BFFF7FABD18465DF84C
:10C15C00044B70475DF8044B104700BF099D00006D
:10C16C00F0B595B01A9F002F79D090F8C06B0D46A2
:10C17C00002E00F0C78084464FF0000E05E00EF153
:10C18C00010E5FFA8EF4A6422DD99CF800400CF5F6
:10C19C00BC7CAC42F3D14FF4BC7101FB0E0E9EF88B
:10C1AC0002600F2E36D8AEEB00045849E41001FBA8
:10C1BC0004F406EB86010EEB8101E4B20B6140F254
:10C1CC0001134A71721C8B8201230D718F600E73E7
:10C1DC008EF80220002064F3070066F30F2063F34F
:10C1EC00174015B0F0BD082E67D0711C4FF4BC7E03
:10C1FC00C9B20EFB060E4FF4BC7406FB04F4002609
:10C20C0005550444A670667080F8C01B9EF8026049
:10C21C000F2EC8D900236846CDE91233FDF750F82C
:10C22C000A233B481393FCF71DFE01466846FDF7B5
:10C23C009FFE38496846FDF79BFE3C216846FDF79A
:10C24C00A7FE35496846FDF793FE34496846FDF76D
:10C25C008FFE29466846FEF797F831491AE0684682
:10C26C00CDE91277FDF72CF80A2329481393FCF734
:10C27C00F9FD01466846FDF77BFE26496846FDF749
:10C28C0077FE2F216846FDF783FE23496846FDF7AC
:10C29C006FFE24496846FDF76BFE6846FDF736FCD9
:10C2AC00FDF704F89DF844301BB9FF240023264603
:10C2BC0090E701A8FDF77CFBF7E700236846CDE982
:10C2CC001233FCF7FDFF0A2311481393FCF7CAFD48
:10C2DC0001466846FDF74CFE0E496846FDF748FEE0
:10C2EC0036216846FDF754FE0B496846FDF740FEC3
:10C2FC000D496846FDF73CFE31466846FEF744F8AA
:10C30C000A49C7E78646012175E700BFCF467D671E
:10C31C00D8110020C81C0020CC1C00208412002046
:10C32C00B41200202412002050120020C817002044
:10C33C002DE9F04F11F47F0FF7B0079100F00E814B
:10C34C00CCB290F8C03B0546A34240F207814FF4B3
:10C35C00BC7606FB040696F85031002B00F0FE80EC
:10C36C0096F80180A8F10203032B00F2F780B8F1D4
:10C37C00020FD6F8481100F0F480002900F0EE808E
:10C38C0096F802C0BCF1000F00F0E88000203746A0
:10C39C00B14602463B7D14375BB1D6F8603183421F
:10C3AC0007D9D6F8583103EB00139B689A4238BF73
:10C3BC001A4601305FFA80FEF445EBD84B46002A52
:10C3CC0000F0CC80ACF109000DF134094FF0000AFB
:10C3DC000728A9F808A0C9E900AA40F23481ACF1F9
:10C3EC00050C086826AF0493BCF1030FD0F810B00D
:10C3FC00384600F20382D8473A6879683846C9F85B
:10C40C000020C9F80410C7F800A0C7F804A00292D5
:10C41C00FDF766FA797A384697F808B089F809106A
:10C42C0089F808B00391FDF75BFA029A002A00F034
:10C43C00F882DDE90313002900F0F38210680AA9E1
:10C44C0092680291022103904EA804923A46CDF8CC
:10C45C0028A0117414328242FBD1B078002800F06D
:10C46C00AF854FF4BC720DF1480BCDF818904FF01E
:10C47C00000A02FB0452A1465946AB461446354607
:10C48C001E460AE00AF1010A14365FFA8AF290425B
:10C49C0040F28683082A00F08383327D002AF1D093
:10C4AC00D4F860215245EDD9D4F858214FEA0A103E
:10C4BC000591105802EB0A129268C1E900020022A1
:10C4CC000AEB8A00C1E9022207EB8000FEF75CFB55
:10C4DC00A8780599D6E700233846CDE93833FCF720
:10C4EC00EFFE0A23C048FB64FCF7BCFC014638464F
:10C4FC00FDF73EFDBD493846FDF73AFD40F25311BC
:10C50C003846FDF745FDBA493846FDF731FDB949C6
:10C51C003846FDF72DFD59463846FDF739FD3846AE
:10C52C00FDF7F4FAFCF7C2FE97F84430002B40F00C
:10C53C00DA824FF4BC7202FB0452D2F8583153B178
:10C54C00D2F8602103EB02129A4204D000219960C8
:10C55C0010339342FBD14846FDF7C2F977B0BDE8E2
:10C56C00F08F0029FAD0B378002BF7D0327D002A57
:10C57C0000F0DC80D6F86021002A00F0D780D6F8D5
:10C58C005821012B926800F2D580002AE6D00AA827
:10C59C000B6807461B69029098477B7A002B00F0CA
:10C5AC00DE803B68002B00F0DA8002210DF13409AB
:10C5BC000DF1480BB0781A68D3F8088089F8101080
:10C5CC008BF81010002840F0B68226AF0023594695
:10C5DC004846099309ABC7E900283A46FCF76AFCC0
:10C5EC00002800F041834FF4BC76012106FB045671
:10C5FC00D6F8480103685B699847002800F09B83D4
:10C60C00D6F848014FF0FF3103689B6998474FF407
:10C61C00BC7202FB0452D2F8583153B1D2F86021EB
:10C62C0003EB02129A4204D000219960103393421A
:10C63C00FBD15846FCF7B4FE4846FCF7B1FE029815
:10C64C00FDF74EF98AE726AF08680493D0F810B0CE
:10C65C003846D8473A6879683846C9F80020C9F88E
:10C66C000410C7F800A0C7F804A00292FDF738F92F
:10C67C00797A384697F808B089F8091089F808B023
:10C68C000391FDF72DF9029A002A3FF424AFDDE95E
:10C69C00031300293FF41FAF10680AA99268029196
:10C6AC000221039076A804923A46CDF828A0117482
:10C6BC0014328242FBD1B078002800F0BB834FF4D7
:10C6CC00BC720DF1480B4FF0000A02FB0452CDE98D
:10C6DC00054534465D461E4693460AE00AF1010ABA
:10C6EC0014365FFA8AF2904240F2DF81102A00F091
:10C6FC00DC81327D002AF1D0DBF860215245EDD986
:10C70C00DBF858214FEA0A102946105802EB0A129E
:10C71C009268C5E9000200220AEB8A00C5E90222F0
:10C72C0007EB8000FEF730FAA078D7E7012B7FF6F5
:10C73C0015AF00224FF4BC7303FB045393F828008D
:10C74C0000283FF422AFD3F8600101287FF61DAF1B
:10C75C00D3F858319B699A4238BF1A4615E7002323
:10C76C0026A8CDE93833FCF7ABFD0A231E483993D4
:10C77C00FCF778FB014626A8FDF7FAFB1B4926A817
:10C78C00FDF7F6FB40F2011126A8FDF701FC184954
:10C79C0026A8FDF7EDFB184926A8FDF7E9FB029B3F
:10C7AC0026A8197AFDF7F4FB26A8FDF7AFF9FCF7DC
:10C7BC007DFD9DF8DC30002B40F091814FF4BC7274
:10C7CC0002FB0452D2F85831002B3FF438AFD2F8A8
:10C7DC00602103EB021293423FF431AF00219960C8
:10C7EC0010339342FBD12AE7D8110020C81C00203B
:10C7FC00CC1C0020CC18002034180020D8473A68F4
:10C80C0079683846C9F80020C9F80410C7F800A0A8
:10C81C00C7F804A00292FDF763F8797A384697F8C6
:10C82C0008B089F8091089F808B00391FDF758F899
:10C83C00029A002A00F0B180DDE90313002900F010
:10C84C00AC800AA811680DF1480B4FF0020C029055
:10C85C000391B0789168029A0491C2F800A08BF809
:10C86C0010C08BF824C08BF838C08BF84CC0F8B1D2
:10C87C004FF4BC72CC463946A94602FB04522746FB
:10C88C0035461E4614466346327D22B1D4F86021EB
:10C89C00524500F237820AF1010A14365FFA8AF225
:10C8AC00904201D9042AEFD13C464D460F46994699
:10C8BC00039B1CAA17A958463B60049B7B60029BF8
:10C8CC00CDE9007321ABFCF72FFF002800F01C838F
:10C8DC003E46143E3046FCF763FD5E45F9D14FF4FD
:10C8EC00BC73B8F1050F4FF0010103FB0453D3F8EF
:10C8FC004861336830465B6900F0F980B8F1040F89
:10C90C0000F06A819847002840F09E81CDE93800FC
:10C91C003846FCF7D5FC0A23C148FB64FCF7A2FAA5
:10C92C0001463846FDF724FBBE493846FDF720FB8F
:10C93C0040F2EB113846FDF72BFBBB493846FDF7AF
:10C94C0017FBBA493846FDF713FBB9493846FDF7D2
:10C95C000FFBB8493846FDF70BFB3846FDF7D6F808
:10C96C00FCF7A4FC97F84430002B40F05F824FF4A6
:10C97C00BC7202FB0452D2F85831002B3FF4EBADE1
:10C98C00D2F8602103EB02129A423FF4E4AD00218D
:10C99C00996010339342FBD1DDE500233846CDE995
:10C9AC003833FCF78DFC0A239D48FB64FCF75AFADC
:10C9BC0001463846FDF7DCFA9A493846FDF7D8FAB5
:10C9CC0040F26B113846FDF7E3FA97493846FDF70C
:10C9DC00CFFA99493846FDF7CBFA59463846FDF758
:10C9EC00D7FA3846FDF792F8FCF760FC97F844301C
:10C9FC00002B40F07F814FF4BC7202FB0452D2F842
:10CA0C005831002B3FF4A7ADD2F8602103EB021292
:10CA1C009A423FF4A0AD0021996010339342FBD1B0
:10CA2C0099E500233846CDE93833FCF749FC0A2355
:10CA3C007B48FB64FCF716FA01463846FDF798FA7A
:10CA4C0078493846FDF794FA40F25F113846FDF705
:10CA5C009FFA75493846FDF78BFA78493846FDF749
:10CA6C0087FA59463846FDF793FA3846FDF74EF8E3
:10CA7C00FCF71CFC97F84430002B40F03F814FF43E
:10CA8C00BC7202FB0452D2F85831002B3FF463AD58
:10CA9C00D2F8602103EB02129A423FF45CAD002104
:10CAAC00996010339A42FBD155E5AB46059C069D27
:10CABC00039B5946029A3846CBF80030049BCBF8BE
:10CACC000430FCF7C9FC002800F0628171AE3046DE
:10CADC00FCF766FCB742A6F11406F8D1FFE627A8CE
:10CAEC00FCF766FF6AE627A8FCF762FF21E598478A
:10CAFC0000284ED1CDE938003846FCF7E1FB0A237B
:10CB0C004748FB64FCF7AEF901463846FDF730FAAE
:10CB1C0044493846FDF72CFA40F2EB113846FDF744
:10CB2C0037FA41493846FDF723FA40493846FDF7B4
:10CB3C001FFA43490AE74FF4BC7101FB04510B7D0A
:10CB4C0023B1D1F86031002B40F0278226AF0128A9
:10CB5C007FF63CAD4FF4BC7303FB045393F82810E1
:10CB6C0000293FF433ADD3F8601101297FF62EADC7
:10CB7C00D3F85831002639465846D3F810C09B6973
:10CB8C000392C7E900C3C7E90266FDF7FDFF039AEC
:10CB9C001CE5336830464FF0FF319B699847E6E659
:10CBAC004C465D46DDF818908B46039B5946029A1D
:10CBBC003846CBF80030049BCBF80430FCF700FD72
:10CBCC00002800F03E8149AE3046FCF7E9FBBE423E
:10CBDC00A6F11406F8D182E698470028D9D1CDE900
:10CBEC0038003846FCF76CFB0A230D48FB64FCF755
:10CBFC0039F901463846FDF7BBF90A493846FDF7C5
:10CC0C00B7F940F2EB113846FDF7C2F90649384640
:10CC1C00FDF7AEF905493846FDF7AAF9094995E63D
:10CC2C00D8110020C81C0020CC1C0020301A002079
:10CC3C0020180020181A002050190020101900206C
:10CC4C0028180020181800203368A64A9B699342C4
:10CC5C0040F0B981337C002B3FF489AE0023337450
:10CC6C0086F83030F36282E6CDE938003846FCF7BE
:10CC7C0027FB0A239C48FB64FCF7F4F80146384672
:10CC8C00FDF776F999493846FDF772F94FF48E7134
:10CC9C003846FDF77DF996493846FDF769F995490F
:10CCAC003846FDF765F90999002900F018813846D6
:10CCBC00FDF75EF93846FCF729FFFCF7F7FA97F811
:10CCCC004430002B40F0B9804FF4BC7202FB04528C
:10CCDC00D2F85831002B3FF4ACACD2F8602103EB06
:10CCEC00021293423FF4A5AC0021996010339A4292
:10CCFC00FBD19EE427A8FCF75BFE7CE627A8FCF79B
:10CD0C0057FEBCE6D4F858214FEA0A100693105887
:10CD1C0002EB0A1205919268C1E9000200220AEBAB
:10CD2C008A00C1E902220BEB8000FDF72DFFA878E9
:10CD3C00DDE90513AFE5CDE938003846FCF7C0FA5C
:10CD4C000A236948FB64FCF78DF801463846FDF769
:10CD5C000FF966493846FDF70BF940F229113846B0
:10CD6C00FDF716F962493846FDF702F96249384673
:10CD7C00FDF7FEF83846FCF7C9FEFCF797FA97F872
:10CD8C004430002B3FF443AC27A8FCF711FE3EE4E3
:10CD9C00CDE924005846FCF793FA0A235248CBF805
:10CDAC004C30FCF75FF801465846FDF7E1F84F4967
:10CDBC005846FDF7DDF84FF4C2715846FDF7E8F818
:10CDCC004B495846FDF7D4F84C495846FDF7D0F876
:10CDDC00029B1968002900F0FF805846FDF7C8F83F
:10CDEC005846FCF793FEFCF761FA9BF84430002B95
:10CDFC0040F0EE804FF4BC7202FB0452D2F8583172
:10CE0C0053B1D2F8602103EB02129A4204D00021F4
:10CE1C00996010339342FBD171AC2046FCF7C0FAF9
:10CE2C00A742A4F11404F8D1FFF795BB27A8FCF78F
:10CE3C00BFFD9CE50DF1480B3AE627A8FCF7B8FDC1
:10CE4C0042E7CDE924005846FCF73AFA0A23264873
:10CE5C00CBF84C30FCF706F801465846FDF788F83D
:10CE6C0022495846FDF784F84FF4D3715846FDF724
:10CE7C008FF81F495846FDF77BF821495846FDF7B6
:10CE8C0077F8029B1968002900F0B2805846FDF72C
:10CE9C006FF85846FCF73AFEFCF708FA9BF844305A
:10CEAC00002B40F0A1804FF4BC7202FB0452D2F86C
:10CEBC00583153B1D2F8602103EB02129A4204D0DC
:10CECC000021996010339342FBD149AC2046FCF70A
:10CEDC0067FABC42A4F11404F8D1FFF73CBB094932
:10CEEC00E5E600BFA1840000D8110020C81C00207A
:10CEFC00CC1C002074180020A018002090190020D1
:10CF0C00C019002008180020CDE938003846FCF77D
:10CF1C00D7F90A233748FB64FBF7A4FF01463846D0
:10CF2C00FDF726F834493846FDF722F84FF4E47142
:10CF3C003846FDF72DF831493846FDF719F83049D8
:10CF4C003846FDF715F8029B1968002946D038467B
:10CF5C00FDF70EF83846FCF7D9FDFCF7A7F997F862
:10CF6C004430002B3CD14FF4BC7202FB0452D2F87B
:10CF7C00583153B1D2F8602103EB02129A4204D01B
:10CF8C000021996010339342FBD1143F3846FCF7D3
:10CF9C0007FA5F45F9D1FFF7DEBAD1F8583126AF61
:10CFAC0000214846D3F800C09B680392C7E90211E0
:10CFBC00C7E900C33946FDF7E7FDB078039AC6E52B
:10CFCC000DF1480BF1E530464FF0FF319847CEE4B8
:10CFDC0013A8FCF7EDFC0DE70A49FEE60949B6E794
:10CFEC0027A8FCF7E5FCBEE713A8FCF7E1FC5AE721
:10CFFC0004494BE7D8110020C81C0020CC1C002091
:10D00C00EC1900200818002070B50023A6B04022AF
:10D01C000C4602A819462493012612930DF05EFFCC
:10D02C000DF1080C0DF14C0E0A25BCE80F00AEE812
:10D03C000F00BCE80F00AEE80F00BCE80F00AEE834
:10D04C000F009CE80F008EE80F0020488DF88C60D4
:10D05C002595FBF707FF0190FCF72AF90199024689
:10D06C0012A8FCF78BFD1A48FCF722F91849024666
:10D07C0012A8FCF783FD40F2733112A8FCF788FF6D
:10D08C001448FCF715F91349024612A8FCF776FD73
:10D09C001148FCF70DF91049024612A8FCF76EFD79
:10D0AC0012A8FCF733FDFCF701F99DF88C3023B97D
:10D0BC00012084F8500126B070BD13A8FCF778FC51
:10D0CC00012084F8500126B070BD00BFD81100209B
:10D0DC00C81C0020F41F00200813002030B58B78EA
:10D0EC0095B00BB31422013B00208C18DBB212FB61
:10D0FC0003424FF0FF344B7D33B10B6923B19C429B
:10D10C0000F1010028BF1C4614319142F3D158B1F3
:10D11C00A4F1FF33B3FA83F35B092BB9264DAC4270
:10D12C0006D8204615B030BD244C204615B030BD75
:10D13C006846CDE91233FCF7C3F80A232048139351
:10D14C00FBF790FE01466846FCF712FF1D49684646
:10D15C00FCF70EFF4FF467716846FCF719FF1A498C
:10D16C006846FCF705FF19496846FCF701FF2146A4
:10D17C006846FCF725FF16496846FCF7F9FE294678
:10D18C006846FCF71DFF13496846FCF7F1FE29467B
:10D19C006846FCF715FF6846FCF7B8FCFCF786F808
:10D1AC009DF844301BB9044C204615B030BD01A885
:10D1BC00FCF7FEFBF7E700BF80F0FA0280C3C90161
:10D1CC00D8110020C81C0020CC1C0020C01200204C
:10D1DC00D8120020F4120020F0B595B000230D46B3
:10D1EC006846CDE91233FCF76BF80A23C448139355
:10D1FC00FBF738FE01466846FCF7BAFEC1496846A3
:10D20C00FCF7B6FE40F2CD316846FCF7C1FEBE49D4
:10D21C006846FCF7ADFEBD496846FCF7A9FEBC4B61
:10D22C00BC4A684695F85011002914BF114619469E
:10D23C00FCF79EFE6846FCF769FCFCF737F89DF896
:10D24C004430002B40F0AA8195F85031002B00F0AF
:10D25C00778100236846CDE91233FCF731F80A23B5
:10D26C00A7481393FBF7FEFD01466846FCF780FECA
:10D27C00A4496846FCF77CFE40F2D3316846FCF7C3
:10D28C0087FEA1496846FCF773FEA3496846FCF784
:10D29C006FFE69786846FCF77BFE6846FCF736FC47
:10D2AC00FCF704F89DF84430002B40F041816B787A
:10D2BC00012B00F08C80022B52D0032B6CD0042B52
:10D2CC0013D1D5F8480128B30368DB6898470023CD
:10D2DC006846D5E95212C5E95233CDE90012FCF784
:10D2EC00E5FA6846FCF7E2FA6B78052B12D1D5F813
:10D2FC00480178B10368DB68984700236846D5E994
:10D30C005212C5E95233CDE90012FCF7CFFA684648
:10D31C00FCF7CCFAD5F85831BBB1D5F86061A6B1A1
:10D32C000024274601E0D5F8583113EB04124FEADC
:10D33C00041104F1010406D05858976018B1FBF79A
:10D34C00FDFED5F86061B442EDD30023C5F8603121
:10D35C00C5F8703185F850316B70AB7015B0F0BDFD
:10D36C00D5F848010028D5D003686C4ADB68934295
:10D37C0040F02481FEF716F900236846D5E95212D5
:10D38C00C5E95233CDE90012FCF790FA6846FCF778
:10D39C008DFA6B78032B92D1D5F848010028B9D0BF
:10D3AC0003685F4ADB68934240F00A81FEF722F97A
:10D3BC0000236846D5E95212C5E95233CDE9001273
:10D3CC00FCF774FA6846FCF771FA6B7877E7D5F8D6
:10D3DC004831002B9ED000236846CDE91233FBF771
:10D3EC006FFF0A2346481393FBF73CFD0146684642
:10D3FC00FCF7BEFD43496846FCF7BAFD40F2D63156
:10D40C006846FCF7C5FD40496846FCF7B1FD454947
:10D41C006846FCF7ADFD6846FCF778FBFBF746FF6A
:10D42C009DF84430002B40F0BD8000236846D5F8B1
:10D43C004841CDE91233FBF743FF0A2330481393DD
:10D44C00FBF710FD01466846FCF792FD2D49684636
:10D45C00FCF78EFD4FF476716846FCF799FD2A496E
:10D46C006846FCF785FD30496846FCF781FD684647
:10D47C00FCF74CFBFBF71AFF9DF84430002B40F0F7
:10D48C00998023682046DB68984700236846CDE9DD
:10D49C001233FBF715FF0A2319481393FBF7E2FC31
:10D4AC0001466846FCF764FD16496846FCF760FDCA
:10D4BC0040F2DA316846FCF76BFD13496846FCF71D
:10D4CC0057FD1A496846FCF753FD6846FCF71EFBEE
:10D4DC00FBF7ECFE9DF84430002B67D10023684627
:10D4EC00D5E95212C5E95233CDE90012FCF7DEF949
:10D4FC006846FCF7DBF96B78022B7FF4DEAE2FE786
:10D50C00D8110020C81C0020F41F00209C160020FD
:10D51C00B01D0020A81D00201C17002075960000CF
:10D52C00259600004C17002090170020CC170020E7
:10D53C0001A8FCF73DFA6B78012B7FF4BCAE46E7F3
:10D54C006846CDE91233FBF7BBFE0A231D48139343
:10D55C00FBF788FC01466846FCF70AFD1A49684649
:10D56C00FCF706FD40F2CF316846FCF711FD174978
:10D57C006846FCF7FDFC16496846FCF7F9FC684662
:10D58C00FCF7C4FAFBF792FE9DF84430002B3FF4F5
:10D59C00E5AE01A8FCF70CFA15B0F0BD01A8FCF73C
:10D5AC0007FA51E601A8FCF703FA3EE701A8FCF7DD
:10D5BC00FFF993E701A8FCF7FBF962E79847DBE674
:10D5CC009847F5E6D8110020C81C0020F41F002055
:10D5DC00D816002030B511F47F0F83B0C1F3074487
:10D5EC0001912CD09DF804C090F8C03B634529D91B
:10D5FC009DF805200F2A25D84FF4BC7302EB82024C
:10D60C0003FB0CF303EB82020244547DBCB10021FA
:10D61C000344918291609D78C5B1013D0A4603F1A6
:10D62C00140EE9B2142515FB01E5597D02F1010E2A
:10D63C00143309B15FFA8EF2AB42F6D132B1204607
:10D64C0003B030BD0024204603B030BD4FF4BC7194
:10D65C0001FB0C01FFF7C0FDF1E700BF70B596B000
:10D66C00002302A8CDE91433FBF72AFE0A23AF48A6
:10D67C001593FBF7F7FB0190FBF71AFE0199024695
:10D68C0002A8FCF77BFAAA48FBF712FEA84902464F
:10D69C0002A8FCF773FA5C2102A8FCF779FCA548F8
:10D6AC00FBF706FEA349024602A8FCF767FAA2485C
:10D6BC00FBF7FEFDA049024602A8FCF75FFA02A8A0
:10D6CC00FCF724FAFBF7F2FD9DF84C30002B40F0F0
:10D6DC006D82002302A8CDE91433FBF7F1FD0A2378
:10D6EC0092481593FBF7BEFB0190FBF7E1FD019906
:10D6FC00024602A8FCF742FA8D48FBF7D9FD8C498B
:10D70C00024602A8FCF73AFA3D2102A8FCF740FCBD
:10D71C008848FBF7CDFD8749024602A8FCF72EFA94
:10D72C008648FBF7C5FD8549024602A8FCF726FA98
:10D73C0002A8FCF7EBF9FBF7B9FD9DF84C30002B78
:10D74C0040F030827E4E346814F0010400F0FE810B
:10D75C007C4C7D4D2B68D80740F1EB817B4D2B68C1
:10D76C00D90740F1D981D4E90023CDE902232BB1AB
:10D77C005A68013202D05A6801325A6002A8FEF788
:10D78C003BFA02A8FCF7E0F8714BD3E90023CDE992
:10D79C0002232BB15A68013202D05A6801325A6006
:10D7AC0002A8FEF729FA02A8FCF7CEF8694BD3E9D8
:10D7BC000023CDE902232BB15A68013202D05A68FA
:10D7CC0001325A6002A8FEF717FA02A8FCF7BCF85F
:10D7DC00002302A8CDE91433FBF772FD0A2353484A
:10D7EC001593FBF73FFB0190FBF762FD0199024695
:10D7FC0002A8FCF7C3F94E48FBF75AFD4C49024608
:10D80C0002A8FCF7BBF9492102A8FCF7C1FB494867
:10D81C00FBF74EFD4749024602A8FCF7AFF94E480C
:10D82C00FBF746FD4C49024602A8FCF7A7F902A8F3
:10D83C00FCF76CF9FBF73AFD9DF84C30002B40F0EF
:10D84C006781002302A8CDE91433FBF739FD0A23C5
:10D85C0036481593FBF706FB0190FBF729FD019960
:10D86C00024602A8FCF78AF93148FBF721FD304942
:10D87C00024602A8FCF782F92A2102A8FCF788FBD1
:10D88C002C48FBF715FD2B49024602A8FCF776F94C
:10D89C003248FBF70DFD3149024602A8FCF76EF940
:10D8AC0002A8FCF733F9FBF701FD9DF84C30002B77
:10D8BC0040F02A812A4E346814F0010400F0FA80FA
:10D8CC00284C294D2B68DA0740F1D680274D2B6860
:10D8DC00DB0740F1E280D4E90023CDE902232BB130
:10D8EC005A68013202D05A6801325A6002A8FEF717
:10D8FC00F9F802A8FCF70EF81D4BD3E90023CDE98B
:10D90C0002232BB15A68013202D05A6801325A6094
:10D91C0002A8FEF7E7F802A8FBF7FCFF154BD3E9CA
:10D92C000023CDE902236BB326E000BFB81D002015
:10D93C00C81C0020F41F0020201E0020481E0020C0
:10D94C00F84900203CBE0020FC490020004A002081
:10D95C0044BE00204CBE0020881E0020B01E0020BB
:10D96C00EC49002024BE0020F0490020F44900209E
:10D97C002CBE002034BE00205A68013202D05A68F6
:10D98C0001325A6002A8FEF7ADF802A8FBF7C2FFFD
:10D99C00002302A8CDE91433FBF792FC0A238A4832
:10D9AC001593FBF75FFA0190FBF782FC0199024695
:10D9BC0002A8FCF7E3F88548FBF77AFC834902469A
:10D9CC0002A8FCF7DBF8362102A8FCF7E1FA804844
:10D9DC00FBF76EFC7E49024602A8FCF7CFF87D48A7
:10D9EC00FBF766FC7B49024602A8FCF7C7F802A8C5
:10D9FC00FCF78CF8FBF75AFC9DF84C30002B40F0F0
:10DA0C00DE80002302A8CDE91433FBF759FC0A236E
:10DA1C006D481593FBF726FA0190FBF749FC019929
:10DA2C00024602A8FCF7AAF86848FBF741FC6749D4
:10DA3C00024602A8FCF7A2F8622102A8FCF7A8FA99
:10DA4C006348FBF735FC6249024602A8FCF796F8DE
:10DA5C006148FBF72DFC6049024602A8FCF78EF8E2
:10DA6C0002A8FCF753F8FBF721FC9DF84C30002B77
:10DA7C0040F0A08016B070BD584A01215848FDF7FF
:10DA8C003FF80123574A2B60574D5849544804F02E
:10DA9C005BF92B68DB073FF51EAF554A0221554851
:10DAAC00FDF72EF801234F4A504952482B6004F0E1
:10DABC004BF910E7302002F057FE4FF6FF73054686
:10DACC004460C46004828484846280F82C40C0E981
:10DADC0007442B831420AB76474B484C2B60484BA8
:10DAEC00AB60484B6B6102F03FFE0123C5604360A5
:10DAFC0033608360444B3B4A03603C49C4E90050AB
:10DB0C00204604F021F9DCE603A8FBF751FFD1E62F
:10DB1C0003A8FBF74DFF94E6354A02213B48FCF77E
:10DB2C00BFFF01232F4A3A4938482B6004F00CF907
:10DB3C0019E62A4A01213748FCF7B2FF0123294A8A
:10DB4C00334934482B6004F0FFF807E6342002F028
:10DB5C000BFE314B05464460C46004820485C462EC
:10DB6C0080F83040C0E908442B601420244B254C2D
:10DB7C00AB606FF0FE03C5E905434FF6FF73274C0E
:10DB8C00AB8302F0F1FD0123C56043603360836019
:10DB9C00234B144A03601E49C4E90050204604F08C
:10DBAC00D3F8D6E503A8FBF703FFCBE503A8FBF7F7
:10DBBC00FFFE8EE503A8FBF7FBFE16B070BD03A8B5
:10DBCC00FBF7F6FE1DE700BFB81D0020C81C0020A7
:10DBDC00F41F0020DC1E0020041F0020781E0020F3
:10DBEC002CBE0020C8370020F4490020C58400005A
:10DBFC00801E002034BE00207426002024BE00208D
:10DC0C00741E0020002D3101042700204CBE002082
:10DC1C00F584000044BE0020B02600203CBE00204D
:10DC2C001C2700200F4B1A7810B532B10E490B6827
:10DC3C0013F001030AD00D4810BD01221A70FFF732
:10DC4C000DFD09490B6813F00103F4D107480124B9
:10DC5C00074A0C6083600749C0E9003304F074F88C
:10DC6C00024810BD7CDC0020E449002050B20020AA
:10DC7C00C83700209D8700000F4B1A7810B532B1C1
:10DC8C000E490B6813F001030AD00D4810BD012298
:10DC9C001A70FFF7E3FC09490B6813F00103F4D188
:10DCAC0007480124074A0C6083600749C0E9003328
:10DCBC0004F04AF8024810BD79DC0020D849002055
:10DCCC0020B20020C8370020FD8800000F4B1A78C6
:10DCDC0010B532B10E490B6813F001030AD00D4890
:10DCEC0010BD01221A70FFF7B9FC09490B6813F03B
:10DCFC000103F4D107480124074A0C6083600749EB
:10DD0C00C0E9003304F020F8024810BD7ADC002092
:10DD1C00DC49002030B20020C83700205D890000AB
:10DD2C000F4B1A7810B532B10E490B6813F0010382
:10DD3C000AD00D4810BD01221A70FFF78FFC09495B
:10DD4C000B6813F00103F4D107480124074A0C6057
:10DD5C0083600749C0E9003303F0F6FF024810BDA9
:10DD6C007BDC0020E049002040B20020C8370020B6
:10DD7C00FD870000264B1A7810B5002A40D02549A3
:10DD8C00254C0B6813F001032FD0A3685BBB234B0E
:10DD9C001A781AB32249234C0B6813F001030FD0E5
:10DDAC00A3685BB9FFF792FF836873BBFFF764FF4F
:10DDBC008368002B0CBF0120022010BD042010BD75
:10DDCC000120A360184A086020461849C4E90033B2
:10DDDC0003F0BAFFA368002BE4D0EFE701221A701E
:10DDEC00FFF73CFCD6E7052010BD01200E4AA360CE
:10DDFC00086020460E49C4E9003303F0A5FFC4E7D0
:10DE0C0001221A70FFF72AFCB9E7032010BD00BFEE
:10DE1C007CDC0020E449002050B200207BDC002098
:10DE2C00E049002040B20020C8370020FD870000E8
:10DE3C009D8700002DE9F0470D469EB00646FFF782
:10DE4C0099FFAB78012894BF4FF000084FF0010800
:10DE5C00022B18BF4FF00008B8F1000F2CD1DF1EB9
:10DE6C00012F94BF01270027022898BF0027002FFD
:10DE7C0040F0E180A3F10508B8F1030F94BF4FF017
:10DE8C0001084FF00008032898BF4FF00008B8F1C4
:10DE9C00000F3BD1093B072B94BF0124002404281D
:10DEAC0098BF0024002C40F0EF80814BC5F8543112
:10DEBC0020461EB0BDE8F08702236B70FFF7DCFE36
:10DECC008468002C00F0BE8100230768CDE9003384
:10DEDC008FB107EBC404A7420DD0DFF8E891386886
:10DEEC000268126A4A450FD1407C002800F0DB81A1
:10DEFC000837A742F3D1E9466E4B0024C5F85431DC
:10DF0C004846FBF707FDD3E79047EEE704236B7019
:10DF1C00FFF706FF8468002C00F098810268CDE9B9
:10DF2C000077002A00F0968102EBC404944200F0C2
:10DF3C009181174603E00837BC4200F08B813868AA
:10DF4C0003681B6A98470028F5D1E9464846FBF759
:10DF5C0015FDD7E90087CDE900872FB17B68013328
:10DF6C0002D07B6801337B60B8F1000F00F0738145
:10DF7C0000234FF0FF344FF4803240460293FF23CE
:10DF8C0006934D4BCDE904440393D8F800305B6AFB
:10DF9C000792984729468DF808003046FFF79EF8FF
:10DFAC002B7803908DF810306B798DF81130AB789D
:10DFBC00012B40F264816A7E022B8DF8122000F056
:10DFCC00608195F82D20032B8DF8132000F05C81D7
:10DFDC0095F84120042B8DF8142000F0588195F809
:10DFEC005520052B8DF8152000F0548195F86920EB
:10DFFC00062B8DF8162000F05081072B95F87D200C
:10E00C0018BF95F991408DF817204FF480338DF897
:10E01C00184002A940460793D8F800301B6B98476C
:10E02C000446002840F04882244BC5F85431484639
:10E03C00FBF7A4FC3CE703236B70FFF747FE8368F8
:10E04C00002B00F00D810468CDE900888CB104EB45
:10E05C00C308A0450DD0DFF8709020680268126AE2
:10E06C004A450FD1407C002800F086820834444594
:10E07C00F3D1E946124B0024C5F854314846FBF75E
:10E08C0063FC15E79047EEE705236B70FFF7CAFDBD
:10E09C008468002C00F0E9800768CDE90088002F27
:10E0AC0000F0E78007EBC404BC4213D1E1E000BFF1
:10E0BC00B4150020E0150020002D3101B014002013
:10E0CC000816002095840000B98400000837BC4273
:10E0DC0000F0CF80386803681B6A98470028F5D198
:10E0EC00E9464846FDF712FED7E90087CDE90087DF
:10E0FC002FB17B68013302D07B6801337B60B8F1B0
:10E10C00000F00F0B78000234FF0FF344FF4803243
:10E11C0040460293FF230893BD4BCDE90444CDE95F
:10E12C0006440393D8F800305B6A09929847294655
:10E13C008DF808003046FEF7D1FF2B7803908DF850
:10E14C0010306B798DF81130AB78012B40F288814F
:10E15C006A7E022B8DF8122000F0848195F82D2018
:10E16C00032B8DF8132000F0808195F84120042BAF
:10E17C008DF8142000F07C8195F85520052B8DF836
:10E18C00152000F0788195F86920062B8DF8162063
:10E19C0000F0748195F87D20072B8DF8172000F086
:10E1AC00708195F89120082B8DF8182000F06C8167
:10E1BC0095F8A520092B8DF8192000F0688195F8A9
:10E1CC00B9200A2B8DF81A2000F0648195F8CD2027
:10E1DC000B2B8DF81B2000F0608195F8E1200C2BA7
:10E1EC008DF81C2000F05C8195F8F5200D2B8DF836
:10E1FC001D2000F0588195F809210E2B8DF81E205A
:10E20C0000F054810F2B95F81D2114BF95F9313175
:10E21C004FF0FF338DF81F208DF820304FF48033F2
:10E22C0002A940460993D8F800301B6B9847044666
:10E23C00002840F07482774BC5F854314846FDF7FE
:10E24C0065FD35E6744BC5F8543131E6734BC5F8B2
:10E25C0054312DE6E946724B0024C5F85431E6E6FC
:10E26C00704A1C46C5F8542122E66F4BC5F8543150
:10E27C001EE6E9466D4B0024C5F85431DEE78DF8F7
:10E28C001240FF238DF81330FF238DF81430FF2339
:10E29C008DF81530FF238DF81630FF234FF0FF3427
:10E2AC008DF81730B1E6E9464846FBF733FBD7E962
:10E2BC0000A7CDE900A72FB17B68013302D07B68A2
:10E2CC0001337B60BAF1000F3FF416AE0023584ABD
:10E2DC0002936FF07F430493DAF800305B6A039289
:10E2EC004FF480320592534A934240F09982DAF807
:10E2FC0004008DF8080029463046FEF7EFFE2B7817
:10E30C004D4A8DF810306B7903908DF81130AB7845
:10E31C00012B8CBF95F919304FF0FF338DF812306B
:10E32C00DAF800301B6B934240F058829AF81130A7
:10E33C004BB902A95046FDF703FD04461CB93F4BEF
:10E34C00C5F85431DCE50AAC00232046CDE91C337A
:10E35C00FAF7B6FF0A233A481D93FAF783FD0146F4
:10E36C002046FBF705FE37492046FBF701FE40F23D
:10E37C00A7212046FBF70CFE33492046FBF7F8FD9E
:10E38C0032492046FBF7F4FDDAF80030304A9B6A3C
:10E39C00934240F06082DAF808102046FBF7E8FD63
:10E3AC002C492046FBF7E4FD9DF808102046FBF7AE
:10E3BC00EBFF29492046FBF7DBFD03992046FBF7D1
:10E3CC00FFFD26492046FBF7D3FD2046FBF79EFBBD
:10E3DC00FAF76CFF9DF86C30002B40F02C8205F5A1
:10E3EC00A4704446FBF762FA3846C5F848A1C5F854
:10E3FC004C71FCF74DFB9DF80830A97805F5AC7015
:10E40C0085F84431FCF76CFF012385F8503177E532
:10E41C0080969800501500204C130020701400209A
:10E42C0030160020E81300200C1500206416002084
:10E43C00002D310199840000099D000080130020FB
:10E44C00D8110020C81C0020F41F0020AC130020A1
:10E45C009D840000D4130020DC130020E413002062
:10E46C008DF81240FF238DF81330FF238DF81430F4
:10E47C00FF238DF81530FF238DF81630FF238DF810
:10E48C001730FF238DF81830FF238DF81930FF2338
:10E49C008DF81A30FF238DF81B30FF238DF81C30BC
:10E4AC00FF238DF81D30FF238DF81E30FF238DF8D0
:10E4BC001F304FF0FF33AFE600230AA8CDE91C3321
:10E4CC00FAF7FEFE0A23C8481D93FAF7CBFC014667
:10E4DC000AA8FBF74DFDC5490AA8FBF749FD40F218
:10E4EC001A310AA8FBF754FDC1490AA8FBF740FDF5
:10E4FC00C0490AA8FBF73CFDD8F8003040469B6A9F
:10E50C00984701460AA8FBF733FDBB490AA8FBF75D
:10E51C002FFD9DF808100AA8FBF736FFB7490AA88B
:10E52C00FBF726FD03990AA8FBF74AFDB4490AA894
:10E53C00FBF71EFD0AA8FBF7E9FAFAF7B7FE9DF800
:10E54C006C30002B40F07B8105F5A470FBF7AEF925
:10E55C003846C5F84881C5F84C71FCF799FA9DF816
:10E56C000830A97805F5AC7085F84431FCF7B8FE95
:10E57C00012385F850315AE5E9464846FBF7E4F9A2
:10E58C00D4E9008ACDE9008ABAF1000F08D0DAF894
:10E59C000430013304D0DAF804300133CAF8043003
:10E5AC00B8F1000F3FF466AD00234FF0FF32029339
:10E5BC00FF23CDE90423934AD8F800305B6A039219
:10E5CC004FF480320692904A934240F03181D8F851
:10E5DC0004008DF8080029463046FEF77FFD2B78A5
:10E5EC0003908DF810306B798DF81130AB78012BCE
:10E5FC0027D96A7E022B8DF8122025D0032B95F893
:10E60C002D2014BF95F941304FF0FF338DF81320B6
:10E61C004FF480328DF81430D8F800301B6B069212
:10E62C007A4A934240F0FF8098F8113093B902A9CE
:10E63C004046FCF7C7F9044664B9754BC5F854312C
:10E64C001CE5FF238DF81230FF238DF813304FF0AB
:10E65C00FF33DDE70AAC00232046CDE91C33FAF783
:10E66C002FFE0A2360481D93FAF7FCFB0146204657
:10E67C00FBF77EFC5D492046FBF77AFC40F2DE217D
:10E68C002046FBF785FC5A492046FBF771FC614993
:10E69C002046FBF76DFCD8F800305F4A9B6A93422A
:10E6AC0040F0DD80D8F808102046FBF761FC524999
:10E6BC002046FBF75DFC9DF808102046FBF764FE36
:10E6CC004E492046FBF754FC03992046FBF778FC97
:10E6DC004B492046FBF74CFC2046FBF717FAFAF7A0
:10E6EC00E5FD9DF86C30002B40F0AD8005F5A47075
:10E6FC003C46FBF7DBF85046C5F84881C5F84CA101
:10E70C00FCF7C6F99DF80830A97805F5AC7085F8CA
:10E71C004431FCF7E5FD012385F85031AEE40023CC
:10E72C000AA8CDE91C33FAF7CBFD0A232E481D931A
:10E73C00FAF798FB01460AA8FBF71AFC2B490AA822
:10E74C00FBF716FC40F25E310AA8FBF721FC2849C6
:10E75C000AA8FBF70DFC31490AA8FBF709FCD8F80D
:10E76C00003040469B6A984701460AA8FBF700FC1C
:10E77C0021490AA8FBF7FCFB9DF808100AA8FBF737
:10E78C0003FE1E490AA8FBF7F3FB03990AA8FBF743
:10E79C0017FC1B490AA8FBF7EBFB0AA8FBF7B6F919
:10E7AC00FAF784FD9DF86C30002B50D105F5A47060
:10E7BC00FBF77CF83846C5F84881C5F84C71FCF776
:10E7CC0067F99DF80830A97805F5AC7085F84431E7
:10E7DC00FCF786FD012385F850312FE502A9504640
:10E7EC0098470446AAE500BFD8110020C81C002099
:10E7FC00F41F0020E4140020D4130020DC130020AC
:10E80C00E4130020002D3101BD840000658600005A
:10E81C001C14002048140020C1840000881500201E
:10E82C005046984765E502A940469847044603E7D9
:10E83C0040469847CDE60BA8FBF7BAF8CFE50BA8F6
:10E84C00FBF7B6F880E60BA8FBF7B2F84EE70BA87F
:10E85C00FBF7AEF8AAE75046984701469DE54046BF
:10E86C009847014620E700BF2DE9F04F8B78A7B001
:10E87C008A46012B40F2A4800124DFF8C091DFF816
:10E88C00C081684F684E694D17E0022B00F0B780CD
:10E89C00032B00F0B280042B00F0AF80644B1846C1
:10E8AC00FAF704FD9DF88C30002B7CD101349AF8DA
:10E8BC000230E4B2A34240F2838004EB84030021D3
:10E8CC00402202A80AEB8303249112914FF0010B12
:10E8DC0019750CF003FB0DF1080E0DF14C0CBEE894
:10E8EC000F00ACE80F00BEE80F00ACE80F00BEE86C
:10E8FC000F00ACE80F009EE80F008CE80F000A2315
:10E90C004C488DF88CB02593FAF7ACFA0190FAF7D5
:10E91C00CFFC0199024612A8FBF730F94846FAF7EA
:10E92C00C7FC4946024612A8FBF728F94FF45F7161
:10E93C0012A8FBF72DFB4046FAF7BAFC41460246FB
:10E94C0012A8FBF71BF93846FAF7B2FC3946024617
:10E95C0012A8FBF713F9214612A8FBF715FD304658
:10E96C00FAF7A6FC3146024612A8FBF707F99AF80B
:10E97C00001012A8FBF708FD2846FAF799FC294667
:10E98C00024612A8FBF7FAF89DF88C30042B22D023
:10E99C00012B7FF47AAF13AB1846FAF787FC9DF87E
:10E9AC008C30002B82D0244A013B013413A852F83E
:10E9BC00233098479AF80230E4B2A3423FF67DAF79
:10E9CC0033B101238AF802308AF801308AF85031C9
:10E9DC0027B0BDE8F08F139B002B3FF460AF149A67
:10E9EC00002A3FF45CAF9A5C002A3FF458AF12A89F
:10E9FC00F9F796F89DF88C30CAE7139B4FE7139AFA
:10EA0C00149B029203932BB15968013102D05968BF
:10EA1C0001315960136802A80193FBF705F8019BBB
:10EA2C003DE700BF441A0020641A0020741A00202D
:10EA3C0064100020D811002068270020C81C00207A
:10EA4C00CC1C002070B58B7894B0002B00F09C800F
:10EA5C00012B0C4600F0D480023B05460E2B53D8FC
:10EA6C00FFF7E8F90646002800F096806378023B31
:10EA7C00DBB2032B00F2CA80674A52F82350002302
:10EA8C006846CDE91233FAF71BFC0A23634813934B
:10EA9C00FAF7E8F901466846FBF76AFA60496846F6
:10EAAC00FBF766FA40F26D216846FBF771FA5D4997
:10EABC006846FBF75DFA5C496846FBF759FA217822
:10EACC006846FBF761FC59496846FBF751FA294641
:10EADC006846FBF74DFA56496846FBF749FAA178A8
:10EAEC006846FBF751FC53496846FBF741FA684608
:10EAFC00FBF70CF8FAF7DAFB9DF84430002B40D00A
:10EB0C0001A8FAF755FF3CE000236846CDE9123323
:10EB1C00FAF7D6FB0A2341481393FAF7A3F90146F7
:10EB2C006846FBF725FA3E496846FBF721FA4FF495
:10EB3C001E716846FBF72CFA3A496846FBF718FA3F
:10EB4C003D496846FBF714FA21786846FBF71CFC34
:10EB5C0037496846FBF70CFAA1786846FBF714FCBA
:10EB6C0036496846FBF704FA6846FAF7CFFFFAF71E
:10EB7C009DFB9DF844305BB9214628460026FFF7E3
:10EB8C0073FE304614B070BD0126304614B070BD13
:10EB9C0001A8FAF70DFFEFE7CDE912006846FAF786
:10EBAC008FFB0A231D481393FAF75CF9014668465C
:10EBBC00FBF7DEF91A496846FBF7DAF940F27121E6
:10EBCC006846FBF7E5F917496846FBF7D1F91C498C
:10EBDC006846FBF7CDF921786846FBF7D5FB194958
:10EBEC006846FBF7C5F96846FAF790FFFAF75EFB43
:10EBFC009DF8443063B921462846FFF735FEC0E73F
:10EC0C004B7014B0BDE87040FEF7FEB90E4D36E700
:10EC1C0001A8FAF7CDFEEEE7DC060020D8110020A3
:10EC2C00C81C0020CC1C00201C110020401100200E
:10EC3C00481100204C11002098110020C411002014
:10EC4C00581100208011002014110020F8B590F804
:10EC5C00C02B054602B3002401264FF4BC77214695
:10EC6C0003E00134E1B28A4211D907FB015191F85A
:10EC7C005031002BF5D12846FFF7E4FE95F8C02B58
:10EC8C000028EED101340646E1B28A42EDD80123C8
:10EC9C00304685F8C13BF8BD01260123304685F886
:10ECAC00C13BF8BD704700BF08480023084A09491A
:10ECBC00C0F8BC3DC0F8C03DC0F8C43DC0F8C80D9C
:10ECCC00C0E90033C0E9023303F03EB898A200203B
:10ECDC00C837002085C80000034B10B504460360FC
:10ECEC0000F03EF9204610BDE4220020054B10B583
:10ECFC000446036000F034F95821204601F036FD3B
:10ED0C00204610BDE422002030B585B00446BDF984
:10ED1C0020500095099D01950A9D029500F006F979
:10ED2C00024B2046236005B030BD00BFE42200201A
:10ED3C0030B5044685B0F8F7FFFA0222B4F90A3070
:10ED4C00012084F85420B3F1200248BFA3F11F0224
:10ED5C00B4F90830B3F173014FEA620248BFA3F172
:10ED6C00720120230141CDE9013073200A4B009040
:10ED7C002046F7F743FE192208492046F8F7BAFA5D
:10ED8C00054630B1642001F067F9AF212046F8F751
:10ED9C0089FA284605B030BD442100604427002084
:10EDAC002DE9F04F06468BB002F050FF4022B6F929
:10EDBC000A30B6F908408DF82320DA1DB6F93AB0BE
:10EDCC0048BF03F10E02E3B2BBF1000F96F8381006
:10EDDC000493C2F3C702B8BF0BF1070B0498B6F942
:10EDEC003C308142CBF3C70B23EAE37328BF0146C7
:10EDFC005A45DBB2059140F29080513A5B1AABF167
:10EE0C005008D2B25FFA88F80692421C53FA82F389
:10EE1C0007930BFB0013039333E0059A394696F8DE
:10EE2C00543096F8400013448DF824801A1103F0E6
:10EE3C000F038DF8263002F110038DF8253001F008
:10EE4C0089F93B46032209A90097706A03F05CF923
:10EE5C00012196F8400001F07DF9009722462946E1
:10EE6C003B46706A03F050F9DDE903321344039317
:10EE7C00069B434551D008F10108B6F908405FFAEA
:10EE8C0088F8079B756B1C1BB76A039BE4B21D4487
:10EE9C00002FC2D0059A384696F854304FF0000136
:10EEAC001344FA688DF82410571E1A1103F00F033F
:10EEBC00F16A8DF82580BFB28DF8273002F110036E
:10EECC008DF8263002F0A0FF0023042209A9CDE919
:10EEDC0000330123B06A02F063FFCCB1FFB20DF135
:10EEEC00230A4FF00109BC42A34629464FF0010307
:10EEFC0028BFBB46A4EB0B045A465D44E4B2CDE9F3
:10EF0C0000A9B06A02F04CFF02F0A0FE002CEAD17E
:10EF1C00316BB06A02F078FFA6E74FF004224FF095
:10EF2C00FF33C6E90E230BB0BDE8F08F30B585B0CA
:10EF3C000446BDF920500093134601950A46099DDD
:10EF4C00012102950A9D0395F8F76EF9034A0023F7
:10EF5C002046226084F8543005B030BD4422002095
:10EF6C00034B10B504460360F8F780F9204610BD3A
:10EF7C004422002003790F2B11D8094A937672B6DC
:10EF8C000849012290F804C00B8802FA0CF223EA1B
:10EF9C0002030B8062B610220023027103607047DB
:10EFAC0000800E4060DC0020EFF3108272B6437FCD
:10EFBC005BB9017F012930B40BD0032913D0012395
:10EFCC00437702B962B630BC70470AB962B6704773
:10EFDC007047124C2168B1B1114943610B6808604C
:10EFEC0083615861EBE70F4D0F492C688CB143617D
:10EFFC000B68836158614FF0E0234FF08054086038
:10F00C00C3F8044DDBE7064B20601860C0E905111E
:10F01C00D5E7C0E905442860EDE700BF64A20020F5
:10F02C0070A200206CA2002068A2002070B5EFF343
:10F03C00108272B60C4C206880B10C4E00254369CE
:10F04C00236073B19D6102B962B6836845779847B6
:10F05C00EFF3108272B620680028F0D102B962B6C4
:10F06C0070BD3360EFE700BF6CA2002068A20020E7
:10F07C00FFF7DCBF0449054A4968054B1960136862
:10F08C0001331360704700BF001000E0A4DB0020C8
:10F09C00A0DB002001207047B0F84630B0F84820C3
:10F0AC009BB292B2934202D2013AD01A7047416B92
:10F0BC0001390A44D01A7047016972B6B0F84A2077
:10F0CC00B0F84C3092B29BB29A423CBF806B121893
:10F0DC00C86AD31A62B6C0F302601844704700BF06
:10F0EC00B0F84A100246B0F84C3089B29BB2994243
:10F0FC0010B4046914D00133906B116B984298BF13
:10F10C000023994206D85B1A526AD05CC0B25DF8F3
:10F11C00044B7047126A5DF8044BD05CC0B2704768
:10F12C0072B6B0F84A0080B2814201D062B6E2E712
:10F13C00E36A13F0E06F03D14FF0FF3062B6E6E7FD
:10F14C00E36901200024116AA2F84A00C3F3090004
:10F15C00DBB2A2F84C404B70F0E700BFB0F84A109D
:10F16C000246B0F84C3089B29BB2994230B4046973
:10F17C0025D00133946B9C4216D9106B1FFA83FC7B
:10F18C00984217D9106AC05CC0B2956DA2F84CC0F9
:10F19C0045B199421CD3CB1AD16B994202D3D36D92
:10F1AC00C5F8883030BC70474FF0000C106B6346CC
:10F1BC009842E7D8181A556A285CC0B2E5E70846A9
:10F1CC0072B6B2F84A1089B2884204D062B6D0E75F
:10F1DC000C44E31AE0E7E36A13F0E06F03D14FF05D
:10F1EC00FF3062B6DEE7E069C0F30900F9E700BF63
:10F1FC0090F8443043B110B5044602F027FD94F862
:10F20C004430002BF9D110BD704700BF38B5D0E9A0
:10F21C000453D3E903120968114228D090F8442012
:10F22C00044632B102F012FD94F84430002BF9D1AF
:10F23C00636900210E4AA961207E03EB0010007D5A
:10F24C0002EB0010456805202860657E03EB051372
:10F25C0093F8343002EB0312A36D52681060A4F8DB
:10F26C004A10A4F84C1013B1E26DC3F8842038BDD9
:10F27C00602A002007EE901A9FED9A7A0421B6EED0
:10F28C00005AF8EE677A9FED986A41F6FF7CC7EE5C
:10F29C00275A2DE9F0478E460569012407EE901A8E
:10F2AC00F8EEE77A85EEA77A77EE057AFDEEE77A47
:10F2BC0017EE903A6345A8BF6346012BB8BF0123F4
:10F2CC0007EE903AF8EEE76A76EEC76AC6EE877AF2
:10F2DC00F5EEC07AF1EE10FA48BFF1EE677AF4EE73
:10F2EC00C67AF1EE10FA03D8B0EE676A8E461C4669
:10F2FC0001312129D2D10021436902F40076A0F812
:10F30C004A10B3F85AC08E42A0F84C10B3F85860AB
:10F31C00A0F84610A0F8481080F84410816BDF6804
:10F32C00A1EB0606A1EB0C01C0E90F6139681E695F
:10F33C0041EA0601396014BF01210021817640F0B9
:10F34C00AC80017E694E03EB0118DFF8C09198F890
:10F35C001470D8F81CA006EB0717B968C1F8009018
:10F36C007968D8F818700F60BAF1000F03D0D8F88C
:10F37C002010CAF80010477ED92103EB071898F823
:10F38C0034C006EB0C1CDCF808703960DCF8041097
:10F39C00D8F838700F60417E03EB0111CF6B0FB1C1
:10F3AC00096C39600EF1FF31BEF1080F4FEA0161B3
:10F3BC00CCBF4FF0000E4FF0010E01F0F85144EAB3
:10F3CC004E4421435C682961597801F110030021F6
:10F3DC00E960474941F8234041694FF0010E454C23
:10F3EC0002F0030C4F7891F85610434B39554FF0FF
:10F3FC0002174469617803EB511301F01F019B0064
:10F40C000EFA01F11960EF62AB6A43F08803AB624C
:10F41C0053073ED44CF4701302F00F01042908BFBB
:10F42C0043F0804397062ED5817E43F0805300290C
:10F43C003AD11607AB6103D52B6943F000532B610E
:10F44C006B69D10623F0805348BF43F080536B6146
:10F45C00D30503D52B6943F400532B61A36883B107
:10F46C00264E3478002C3AD0611E254DC9B22B1F84
:10F47C0005EB810101E0994225D053F8042F90420D
:10F48C00F9D1BDE8F087817E0029D2D043F0A003EA
:10F49C00CFE71C4B4CEA0303BEE7477E4FF2D90182
:10F4AC00124E03EB07186AE7417E43F0A00304EB0E
:10F4BC00011191F8341006EB0116B668316821F48D
:10F4CC0040413160B5E7631CDBB20F4A33701378EF
:10F4DC0045F8240043F002031370BDE8F0870123C4
:10F4EC00074DF2E7001BB74BEC78AD60602A0020AB
:10F4FC000040002000E400E04038003870DC0020C0
:10F50C007CA2002010003C008FDC002038F00100B1
:10F51C00EFF31380B8B9EFF310834BB9EFF3058217
:10F52C003AB94FF48073EFF3118050B1984208D27E
:10F53C0070470F2AF7D9054B9B5CEFF3118000281D
:10F54C00F4D1184670474FF0FF30F1E7F0E300E0DC
:10F55C00036D2DE9F04104460F46066913B1426D67
:10F56C00C3F88420A37E2BB172B6B36943F0005369
:10F57C00B36162B6B4F84650636BADB20135AB42C1
:10F58C004CD84FF000084546B4F848309BB29D4229
:10F59C0019D028E073691B0210D5B4F84830626B9F
:10F5AC009BB201339A4236D99AB2E16A99422DD96B
:10F5BC00E169CB5CDBB2F361A4F84820B4F84830C5
:10F5CC009BB2AB420FD1FFF7A3FF6369B3F8563080
:10F5DC008342DFDAFF28F1DD02F038FBB4F8483063
:10F5EC009BB2AB42EFD0E36AAB421AD9FFB2E369EC
:10F5FC005F5572B6012084F84400A4F84680B369C4
:10F60C0043F40003B36162B6BDE8F0815B1AA16AF2
:10F61C00CB5CDBB2CFE700221346C6E71FFA85F8B6
:10F62C00B2E7ED1AFFB2A36A5F55E2E7FFF790BFAE
:10F63C000269536913F4401F70B543D0D36A13F0B9
:10F64C00E06FC3F3026E3AD0B0F84A50B0F84C6099
:10F65C00ADB2B6B207E0016A01F803C00EF1FF3398
:10F66C0013F0FF0E1DD0D1696B1C846BB0F84CC02D
:10F67C00C1F309019C4298BF00231FFA8CFC9C45E6
:10F68C00ECD0046B5FFA81FC1D469C42A3EB040496
:10F69C00E1D8436A03F804C00EF1FF3313F0FF0EF8
:10F6AC00E1D1ABB2A0F84A30836D43B1B54254D32B
:10F6BC00AD1B016CA94202D8C16DC3F8841053690B
:10F6CC00D90245D49669330228D553691D0225D534
:10F6DC00B0F84650B0F84830ADB29BB206E0C16904
:10F6EC00C95CC9B2D161D16A4C0512D4AB4238D0D5
:10F6FC00446B0133C16A9C4298BF00239942A3EB2F
:10F70C000104ECD8816A095DC9B2D161D16A4C059A
:10F71C00ECD599B2AB42A0F8481025D0710216D5A1
:10F72C0053695B0213D50021036D80F8441013B1AB
:10F73C00416DC3F88810837E2BB172B6936923F0A8
:10F74C000053936162B6936923F48003936170BD97
:10F75C00536943F480135361B4E7816B891B0D44E7
:10F76C00A7E79BB2A0F84830936923F40003936198
:10F77C00936943F480039361D0E700BF0148FFF71E
:10F78C0057BF00BF90330020704700BF704700BFC9
:10F79C00704700BF704700BF38B5064CA4F1600538
:10F7AC0054F8083C2046183CDB689847AC42F7D12B
:10F7BC0038BD00BF1043002010B4064B0020064C8F
:10F7CC00064A1C609C611C639C6405495DF8044BF3
:10F7DC0002F0BABAC042002064200020C8370020D2
:10F7EC0079D30000084602F09DB900BF012A70B51C
:10F7FC0008BF0A228AB091B34FF0210E01E05FFAE4
:10F80C0086FE0EF1FF36B1FBF2F502FB15145FFA22
:10F81C0084FC092C0CF137040CF1300C98BF5FFA06
:10F82C008CF40EF1280C88BFE4B29142EC442946CA
:10F83C000CF8244CE3D24BB10EF1FF3E2D225FFAB3
:10F84C008EFE0EF128036B4403F8242C036801A9E7
:10F85C00CEF122025B68714498470AB070BD302229
:10F86C004FF0210E8DF82520E5E700BF2DE9F04182
:10F87C000C46D1B1EAB180468E1800250E4F04E03B
:10F88C0002F050F9B44205440CD0D8F8003014F80A
:10F89C00010B1B68BB42F3D0014640469847B4426B
:10F8AC000544F2D12846BDE8F0810D462846BDE856
:10F8BC00F0811546F6E700BFC5D300002DE9F041F5
:10F8CC008C688AB0DCB10025884606462F462B464C
:10F8DC00212201A9404600F02BFA202C2246336845
:10F8EC0028BF202201A930465B68A41A154498470A
:10F8FC000744002CEBD138460AB0BDE8F08127460E
:10F90C0038460AB0BDE8F081002903DB00230A2247
:10F91C00FFF76CBF49422D230A22FFF767BF00BFD8
:10F92C0000B5036883B040F60D2C022201A95B6878
:10F93C00ADF804C0984703B05DF804FB054B0228F2
:10F94C0088BF034610B41C68184663685DF8044B06
:10F95C00184700BF803300205AB90368C9B2074A60
:10F96C001B68934200B506D108465DF804EB02F023
:10F97C00D9B8FFF73BBF5DF804EB1847C5D30000BF
:10F98C00B4EE400B70B5F1EE10FA05462DED028B7E
:10F99C0086B07CD6B0EEC07B9FED476BB4EE467B59
:10F9AC00F1EE10FA6BDC9FED467BB4EEC70BF1EE7B
:10F9BC0010FA5ADC9FED447BB4EEC70BF1EE10FA53
:10F9CC0053D4B5EEC00B0C46F1EE10FA5BD4002309
:10F9DC00B6EE007B002C5ED04FF0000C9FED3C6B24
:10F9EC000CF1010C27EE067B5FFA8CF2A242F7D3E6
:10F9FC0030EE070B0A222846FCEEC07BB8EE678B74
:10FA0C0017EE901A30EE488BFFF7F0FE0F2C4FF0EC
:10FA1C002E03B2EE046B064628BF0F248DF8083077
:10FA2C000DF1090302AA611E53FA81F128EE060BAF
:10FA3C00FCEEC07BCDED017A9DF8043007EE903AD8
:10FA4C003033B8EEE78B02F8013F914230EE488B31
:10FA5C00ECD12B68013402A928465B68E2B29847C6
:10FA6C00304606B0BDEC028B70BD2B6803221A49E0
:10FA7C005B6806B0BDEC028BBDE8704018470368AC
:10FA8C0003221649F4E7B1EE400B0123A0E703680B
:10FA9C0003221349ECE730EE070B0A222846FCEE52
:10FAAC00C07B17EE901A06B0BDEC028BBDE870401F
:10FABC00FFF79CBEAFF30080FFFFFFFFFFFFEF7F60
:10FACC00000000E0FFFFEF41000000E0FFFFEFC18E
:10FADC009A9999999999B93F602000205C2000204F
:10FAEC005820002002F00EB801F0A6BF2DE9F84F07
:10FAFC0000278B4681469246394603F1FF38174C56
:10FB0C00174E00F09FF825680BE001F0FBFF002872
:10FB1C0010DA02F09BF82368DBF808205B1B934299
:10FB2C0015D2DBF800305B69B342EED058469847EB
:10FB3C000028EEDB08D0824506D00137C1B248461A
:10FB4C0000F0E6F84745DED94846BDE8F88F0123BA
:10FB5C0048468BF80C30BDE8F88F00BFA4DB0020C2
:10FB6C00C5D6000008B1014B186070479C4B0020B3
:10FB7C0000B9704714490A68EAB1D31730B4134C72
:10FB8C00134D84FB024C134C9444C3EB2C4304FBE9
:10FB9C00132244F2A71405FB03F304FB0233002BDE
:10FBAC0010DA6FF000421A440A60B2FBF0F330BC7A
:10FBBC0000FB13207047084AB2FBF0F30A6000FB0D
:10FBCC00132070471A46EFE79C4B00205F0B4E83C7
:10FBDC00ECF4FFFF1DF3010042CE0C1F884200DB4A
:10FBEC00704730B4124C091A2368EBB1114A124D0C
:10FBFC0082FB032CDA179C44C2EB2C4244F2A71C68
:10FC0C0005FB12330D4D05FB02F20CFB0322002AFF
:10FC1C000CDA6FF0004313442360B3FBF1F201FBE9
:10FC2C00123330BC18447047054BF5E71346F3E725
:10FC3C009C4B00205F0B4E831DF30100ECF4FFFF87
:10FC4C0042CE0C1FF8B500260446C0E9006686605B
:10FC5C0029B108460D460BF063FB074608B9204650
:10FC6C00F8BD01300AF056FA0028F8D02946067083
:10FC7C002060C4E901770BF0A1FA2046F8BD00BF63
:10FC8C0010B5044600680AF04DFA204610BD00BFBE
:10FC9C002DE9F843044600680D4616468842A368D1
:10FCAC0009D8C218914206D20F1A4FF0010936B981
:10FCBC002046BDE8F8834FF00009002EF8D003EB86
:10FCCC000608626890450CD908F101010AF0EEFCB7
:10FCDC000028EDD0A368C4E9000813B903702068AC
:10FCEC00A368B9F1000F08D1294618440BF066FA45
:10FCFC002046C4F80880BDE8F8833246C119184480
:10FD0C0000F098FC2368002203F80820F0E700BFFD
:10FD1C0010B582B00023044601228DF8041001A90D
:10FD2C008DF80530FFF7B4FF204602B010BD00BFC0
:10FD3C00C2B170B5B1FA81F60C46760919B1856875
:10FD4C009D4201D80E7070BDED1A02F1FF3C0168A6
:10FD5C0020466545194428BF65462A460BF056F9DE
:10FD6C00665570BD704700BFA249A34B88422DE970
:10FD7C00F047A24C5E699A69D4F80C801BD9A04B51
:10FD8C00984240F20281C31A9E491B0AA1FB03133D
:10FD9C0040F22761DB0903EB830303EB830303F2DC
:10FDAC00E2438B4228BF0B46A3F54877964BA3FB47
:10FDBC000737FF0804E0954FB8428CBF0E27062783
:10FDCC008D4908F01F09D1F88030B94543F0C003C4
:10FDDC00C1F880300CD228F01F08A1F5F82148EAB0
:10FDEC000708C1F80C800B68002BFCDA08F01F091F
:10FDFC0016F0007324D186490C698649A14300F0A2
:10FE0C00EA8082F4805134464FF4805514F0605FE0
:10FE1C0004D026F060561E43774B5E6111F4405FB0
:10FE2C0007D022F4405274492A438A618B6C1A071A
:10FE3C00FCD446F00076704A5661936C9B06FCD459
:10FE4C00754CA04200F2CE804FF0010C0146634687
:10FE5C0003FB011203F1010E0CF10105A24218D8AB
:10FE6C00BEF1080F4FF0010340F08D80BCF1040F80
:10FE7C0000F291800A18A24200F2A48005FB00F166
:10FE8C00AC4603F1010E03FB01120CF10105A24279
:10FE9C00E6D90CF1FF318C0286EA81215F481044CF
:10FEAC005F4A90427FD9DFF8A4A16C225D48584D7F
:10FEBC00B0FBFEF0D5F800E0B0FBFCF0DFF890C131
:10FECC000EEA0C0CD44509D042F400524FF4805C7D
:10FEDC00C5F800C02A602A68002AFCDA464A15696F
:10FEEC0005F007059D4203D01361936CDD03FCD430
:10FEFC0011F4E05F09D026F4E05604F4E0543E4AD5
:10FF0C0026435661936C9907FCD44749474A0144F0
:10FF1C0091423CD8464BC909A3FB0131090B4B1E3E
:10FF2C001B0286EA030212F4407F06D026F44076C8
:10FF3C0003F44073304A334353612F4A536923F01F
:10FF4C0000735361936C9B06FCD43A4B4F45A3FB57
:10FF5C0000234FF0FF324FEA9343B0FBF1F1B2FBB9
:10FF6C00F3F3354A1060354A1160354A136008D2F4
:10FF7C0028F01F08214A48EA0707D7601368002BAE
:10FF8C00FCDABDE8F087734662E7122718E74FF4F6
:10FF9C0040730421C5E70CF1FF31204807238C0284
:10FFAC00104486EA8121274ADFF8A8A0A2FB002092
:10FFBC00020D2548362A38BF362202FB00F042EAF1
:10FFCC000A0A74E74FEA8C24002386EA8C214FF04E
:10FFDC00010EAC4662E71D4686F0C05411464FF048
:10FFEC00C05313E700244FF0010C02463146234660
:04FFFC00E64653E79B
:02000004600199
:1000000000A4781F00C00F40000008400046C32332
:1000100023B24C001F85EB5100366E0100800D406D
:1000200040300080FFB19F26808D5B00FF7EF64D43
:1000300000643F4D7FD1F0087F17B42C9F10E5007E
:1000400083DE1B438C32002088320020DCDA002063
:10005000819F5E16001BB7006C2000807F300180FE
:100060000020008000B970472DE9F84F012181463A
:10007000214C224D224E54E8003F2A68306844E863
:100080000013002BF7D11F494B684FF47A7BDFF840
:1000900078A01B1A01270BFB02F8DAF80020A3FB5B
:1000A00002325A4594BF9044D84454E8003F2A682D
:1000B000306844E80073002BF7D14B68DAF800C0D1
:1000C0001B1A0BFB02F2A3FB0C3CBCF57A7F94BF1E
:1000D000624402F57A72A2EB0802B2F57A7F06D387
:1000E000B9F1010908F57A78DFD1BDE8F88F01F0A0
:1000F000B3FD0449D9E700BFA8DB0020A4DB002042
:10010000A0DB0020001000E0DCDA002030B40F4B50
:100110004FF0010C0E4D0F4C53E8002F286821685A
:1001200043E800C2002AF7D10B4B5B680B4A5B1A0D
:100130004FF47A71126801FB00F0A3FB023230BC6D
:100140008A4294BF80184018704700BFA8DB002087
:10015000A4DB0020A0DB0020001000E0DCDA00209F
:10016000272816D80201104B03EB00109B5810B43F
:10017000C2685C68144205D061B95DF8044BC3F8ED
:1001800088207047836851B1084A5DF8044B1A60B3
:10019000704770475DF8044BC3F884207047044AE9
:1001A0005DF8044B1A607047602A002038F00100A7
:1001B0003830010027280BD8064B020103EB001052
:1001C0009A58C36892681A4214BF012000207047F1
:1001D00000207047602A0020272829D8164B0201EA
:1001E000012903EB00109A5810B45368C4680ED06C
:1001F00004290CD023EA040353608368A9B10229BF
:1002000017D003290CBF0D4A0D4A1A6007E023439B
:1002100001295360836808D040F638021A604368A9
:1002200015225DF8044B1A60704738221A60F6E711
:100230007047044A1A60F2E7602A00203830010053
:100240003800010038F0010030B4124A0020124B8F
:100250000121124D124CC2F8F032C2F8F402C2F879
:10026000B810C2F8A000C2F8A450C2F8B010536988
:10027000DB07FCD551612378DB07F0D4136805490F
:1002800043F0010313600B68DB07FCD462B630BC9B
:10029000704700BF00802A400504012401000F00C0
:1002A00000812A4070B50E4C4FF6FF7E0D4E04F1D2
:1002B0001E05A6F58053002102E0B34281B204D2AC
:1002C0001A88481C02337245F7D124F8021FAC4249
:1002D00006F58056EDD1044B01221A7070BD00BFA7
:1002E000DEDA002000101F6081DC0020B0F5876F8F
:1002F0002CD2174B10B51B78044623B3A008154B1E
:1003000004F00301144CA3FB0023144ADB08C3EBE5
:10031000031E9C46A0EB0E0341EA8C01FF2034F83B
:1003200013C01A444FEA4C0C13030CEB023CBCEB19
:10033000023F07D91A880233D4B28C4208BF100A90
:100340009C45F7D810BDFFF7ADFFD7E7FF207047FA
:1003500081DC002089888888E0DA0020F00106002E
:10036000F8B50F46164672B6344B40F20641344A91
:100370009A610222DA610022C3F8A020C3F8F012C9
:10038000C3F8F422C3F8F822C3F8FC224FF4702219
:10039000C3F8A4200122C3F8B02020F01F03821963
:1003A000BFF34F8F4FF0E024C4F85C3F20339A42F4
:1003B000FAD8BFF34F8FBFF36F8F204D6B69DA0709
:1003C000FCD501231F49B2B220F07F406B6142F49B
:1003D0007022C5F8F01242F20121184CC5F8F4124F
:1003E000C5F8BC30C5F8A000C5F8A420C5F8B030E9
:1003F000154D01E05B0609D4636913F00100F9D0E3
:1004000041236361BDE8F840FFF71EBF082E0AD8FC
:1004100036B13246394637440646284600F010F9D0
:1004200040236361E8E7A6F1080008263946324612
:1004300037440646284600F003F9F1E700802A40D9
:10044000F05AF05A3204180880812A4010B472B66B
:10045000284B0221284C00229C614FF47024D96162
:1004600040F20641C3F8F0120121C3F8F422C3F8A8
:10047000F822C3F8FC22C3F8A020A2F58052C3F8EA
:10048000A4400240C3F8B010BFF34F8F02F5805173
:1004900002F120034FF0E02C994234BF012180216A
:1004A00002EB41118B42CCF85C2F1A4603F120037A
:1004B000F8D1BFF34F8FBFF36F8F0E4A5369D9073F
:1004C000FCD501240D490E4B54610340C2F8F012D3
:1004D0004FF470200749C2F8A030C2F8A400C2F857
:1004E000B0404B69DB07FCD501235DF8044B4B6141
:1004F000FFF7AABE00802A40F05AF05A20041808DC
:1005000000F0FF00B0F5876F80F08680444B2DE946
:10051000F0471B78C2B005468946002B79D0AB085E
:10052000404E05F00305404FA6FB0326F60845EABA
:100530008605C6EB06169E1B3C4B37F81640334427
:1005400060004FEA033800EB0330B0EB033F64D99F
:1005500043464FF0FF0C1A880233D1B2A94208BFBC
:100560004FEA122C9842F6D8E14541D0B4F5006F1D
:1005700041D302AC4FF48072FF2120460AF0B4FC54
:1005800008F5805008F102034246984234BF01202A
:100590004FF4006008EB4000134602321B88824291
:1005A000D9B24FEA13236354F6D104F805900DF144
:1005B00007090DF2071A00254C464046FFF746FF93
:1005C00014F801CF08EB450002220DF10601631E6D
:1005D000BCF1FF0FA3EB090306D043EA0C2301355E
:1005E000ADF80630FFF7BCFEA245E9D127F816505A
:1005F00042B0BDE8F08745EA092502A9022201348C
:10060000ADF80850FFF7ACFE27F8164042B0BDE841
:10061000F087FFF747FE82E770474FF0FF0CA3E734
:1006200081DC002089888888E0DA0020F00106005B
:1006300008B5F4F747FAF4F7E1FB01F00DFBFAE730
:10064000844641EA000313F003036DD1403A41D3DD
:1006500051F8043B40F8043B51F8043B40F8043B9C
:1006600051F8043B40F8043B51F8043B40F8043B8C
:1006700051F8043B40F8043B51F8043B40F8043B7C
:1006800051F8043B40F8043B51F8043B40F8043B6C
:1006900051F8043B40F8043B51F8043B40F8043B5C
:1006A00051F8043B40F8043B51F8043B40F8043B4C
:1006B00051F8043B40F8043B51F8043B40F8043B3C
:1006C00051F8043B40F8043B51F8043B40F8043B2C
:1006D000403ABDD2303211D351F8043B40F8043BCC
:1006E00051F8043B40F8043B51F8043B40F8043B0C
:1006F00051F8043B40F8043B103AEDD20C3205D3DC
:1007000051F8043B40F8043B043AF9D2043208D0D3
:10071000D2071CBF11F8013B00F8013B01D30B8845
:1007200003806046704700BF082A13D38B078DD023
:1007300010F003038AD0C3F10403D21ADB071CBFF5
:1007400011F8013B00F8013B80D331F8023B20F85F
:10075000023B7BE7043AD9D3013A11F8013B00F898
:10076000013BF9D20B7803704B7843708B78837020
:100770006046704709F0D4BC09F0DABC01F1FF3CD7
:1007800070B56646002400E00134B0FBF2F502FBD0
:100790001503092B03F1370E03F130035FFA8EFEC8
:1007A00098BF5FFA83FE9042284606F801EFEBD22D
:1007B000631C0022C818CA547CB162461CF8015F51
:1007C00010F8016DA1EB0C0302328CF80060013BC4
:1007D000521A057023449A42EFDB084670BD00BFF1
:1007E00000230F2248F2B82C194610B54FF470447C
:1007F0004FF4806EA0F88C414FF46044A0F88E2135
:100800000A46A0F89031B0F888319BB243F0F0036B
:10081000A0F8883101EB4103013100EB43130429B7
:100820009C80A3F806E05A841A865A805A81A3F85D
:100830000EC05A82DA825A83DA83EBD1B0F888315B
:100840009BB243F00F03A0F88831B0F888319BB217
:1008500043F47063A0F8883110BD00BF374B384AAD
:10086000996F384841F47F0170B5996741F20106EC
:10087000D3F8801045F6C05543F226040A43C3F866
:100880008020FFF7ADFF00F58040FFF7A9FF00F5DE
:100890008040FFF7A5FF00F58040FFF7A1FF002291
:1008A000A0F503104FF00F0E114600EB42134FEA74
:1008B000421C01329981042A5981A3F80EE09E82DC
:1008C000DD8020F80C1019829C81EED100221E4898
:1008D0004FF00F0E41F20106114645F6C05543F2A6
:1008E000260400EB42134FEA421C01329981042A8C
:1008F0005981A3F80EE09E82DD8020F80C10198249
:100900009C81EED1002211480F2641F201051146CB
:1009100045F6C05443F2260E00EB42134FEA421C48
:1009200001329981042A5981DE819D82DC8020F880
:100930000C101982A3F80CE0EED170BD00C00F407E
:10094000000003FC00C03D4000001E4000401E406F
:1009500072B6EFF30583524CC4F884301EF0040FD6
:100960000CBFEFF30882EFF309824FF0E0234D4E06
:100970004D4DD3F8280DD3F82C1DC4E92201D3F82E
:10098000341DD3F8383DC4E924139369C4F8983072
:10099000D369C4F89C3000F0D3F884ED280A01F044
:1009A000C7F90B214FF0FF32C4F8A4000B46C4F87E
:1009B00080103E49301D5A40202402F00103013CC2
:1009C00001FB03F383EA5202F7D1A84202D0736815
:1009D0000646EFE7324BC3F8A820BFF34F8F4FF026
:1009E000E0233049324AC3F8701FC3F8702FBFF3B9
:1009F0004F8FBFF36F8F2F4A02252F48D36E2F4999
:100A000043F44053D3660560D3692D4823F07F0338
:100A100043F04003D3610B6883423DD8264D00214B
:100A20004FF0E0234FF0FF3229600126C5F808118E
:100A30002449C5F80011C5F80861C3F88021C3F83E
:100A40008421C3F88821C3F88C21C3F8902101E0E8
:100A500000F068F9D5F80C31002BF9D00134C5F855
:100A60000C614F2CF4D9184B022018494FF000426A
:100A7000C1F840015A63D5F80C313BB91448154907
:100A80000D4A0163D2F80C31002BFAD04FF0E0236D
:100A9000114AC3F80C2DFEE7FFF76CF9BEE700BF63
:100AA00000FF272080FF2720A8FF27202083B8ED04
:100AB000A0FF272000C00F40004008408C320020DB
:100AC000803DCD0B009F240000900D4000002E4083
:100AD00000800F40F100AD0B0400FA050A490A68D6
:100AE00038B108B513180948834204D810460B6082
:100AF00008BD104670470AF02DFB0C234FF0FF3263
:100B00000360104608BD00BFC43700200000282045
:100B1000002070474FF0FF30704700BF4FF4005384
:100B200000204B60704700BF012070474FF0FF303E
:100B3000704700BF30BFFDE730BFFDE7FFF708BFDC
:100B4000124AD2F880305B07FBD5D2F880301048CB
:100B5000C3F30B230F4990ED007A07EE903A91ED25
:100B6000006AB8EE477A0C4AF8EEE77A0B4BD2ED02
:100B7000006A77EEC77A93ED007AB8EE477A67EEAF
:100B8000867A87EEA60A37EE400A704700810D404C
:100B9000CCDA0020D4DA0020D8DA0020D0DA002025
:100BA000836BF0B41BB1536843F40043536072B6D7
:100BB000446B3CB31A4B2260D3F8B0410C421DD1B8
:100BC000184E776804E07468E41BB4F5166F0BD216
:100BD000D3F8404144F48044C3F84041D3F8B851BD
:100BE000D3F840416404EED50D4007D10C4CC0E968
:100BF0000225D4F8B0310B43C4F8B031426362B679
:100C0000F0BC7047064DC0E90224D5F8B0310B4363
:100C1000C5F8B0310263426362B6F0BC704700BFF2
:100C200000002E40001000E070B5056B9DB1064637
:100C30002A46002403E012680134012A0CD05368CC
:100C400013F08003F7D032632CB12846B36B2D68C4
:100C50009847013CF9D170BDC6E90C33F4E700BFF9
:100C600030B4D9B91F4C204B0021204A01254FF048
:100C7000011099601D60C4E9023180245C60C2F8F3
:100C8000BC01D2F8B0311A482B43C2F8B031016030
:100C9000D2F8B031002BFBD130BC70470904154BA2
:100CA000104C012541F080019860104A596000F510
:100CB00080511D60D96000F50051A364196100F5F1
:100CC000405100F58040596100219861E164D2F8FB
:100CD000B03143F48033C2F8B031D2F8B031002BD8
:100CE000FBD1C0E7000000202043002000002E4080
:100CF000D8C2002040430020084901220B7802FAA4
:100D000000F023EA0000087030B9054AD2F84831F3
:100D100023F08003C2F84831704700BF87DC002011
:100D200000002E402DE9F04F974C83B0D4F8447169
:100D3000FB07C4F8447153D5D4F8AC21002A4AD03B
:100D4000924EDFF860A2DFF87492DFF874B2DFF839
:100D50007482C4F8AC21D6E90A20D4F8403143F4B7
:100D60000053C4F84031D4F840319D04F5D5D4F88F
:100D7000403123F40053C4F840314FF00113C4F85C
:100D8000B431D4F8B45115F00115FAD193B28446B8
:100D9000CAF80050B3F5086F00F0CF8100F2DB8095
:100DA00040F202318B4200F0E78100F29A80822B00
:100DB00000F0CB81B3F5817F40F08A8010F0780F8E
:100DC00083B200F003824FF00113C4F8C031D4F8AD
:100DD000AC21002ABDD16C4AD2F8BC31002B42D1E3
:100DE0007E0616D5684BD3F8AC21C3F8AC21D3F8F6
:100DF000BC21C3F8BC21D3F8B041002CFBD14FF08B
:100E0000FF32C3F8B421D3F8843100F029FD604BE0
:100E10001C60FC0103D55F4B1B6803B19847B80108
:100E200003D55D4B1B6803B19847790708D5564B2E
:100E3000D3F8843113F4007347D0584B01221A7051
:100E4000514BD3F848311A060AD53B0608D5544A07
:100E500013782BB1013BDBB21370002B00F07282D0
:100E600003B0BDE8F08F4F49C2F8BC3108680342B7
:100E700040F0D181464A14681C40B1D05FEA144862
:100E800010D0424E4FF0010998FAA8F5B5FA85F551
:100E900006EBC51009FA05F54030FFF7C5FE38EA44
:100EA0000508F1D1A4B2002C9AD0384E4FF00108B9
:100EB00094FAA4F5B5FA85F506EBC51008FA05F520
:100EC000FFF7B2FEAC43F3D18AE7344A1370B7E7B9
:100ED000802B7FF478AF344802210580FFF7C0FEF5
:100EE00075E7B3F5A06F00F00B81A3F5D063012B7C
:100EF0003FF669AF2D4B5D68002D3FF464AF1FFADC
:100F00008CFC4FEA124E04E01D690C33002D3FF4B7
:100F10005AAF1A887245F7D15A886245F4D14FEA20
:100F20001E22032A00F0A5811A89000C824228BFE4
:100F30000246BEF5007F40F0A181184B1C4918788D
:100F40001C4B0192002818BF19461B48FFF778FB7D
:100F5000194D019AE1E142F221218B427CD033D933
:100F600042F221318B4200F081804FF6C0018B426A
:100F70007FF429AF10F47F4F83B27FF424AF43F4A2
:100F80006E4363F30F0CB5E700002E400000002015
:100F9000DCC2002058DC00205CDC00208DDC00205E
:100FA0008EDC0020D8C2002094DA0020C43000205B
:100FB00058230060BC23006000002020D0C2002025
:100FC0005DCFC6B8C0012E40B3F5106F66D042F2B7
:100FD00021018B427FF4F7AE030C072B7FF4F3AEB5
:100FE000B24BB349F560D960B249B360C3F8089019
:100FF000C1E9002001221A60AF4A5A60AF4A1A6163
:10100000D4F8B01141F00101C4F8B01102F58051DB
:1010100002F5005259619A61D4F8B031002BFBD12E
:10102000A74AF36493600123B264136048F280031B
:1010300053604FF00113C4F8BC31D4F8B03143F41D
:101040008033C4F8B0314FF48033CAF80030D4F89C
:10105000B031002BFBD1BAE680B238B9994BC2F35C
:1010600007421968984B1960984B1A70944B0022EC
:101070009A60F2640122B3641A6080225A604FF0D1
:101080000113C4F8BC31D4F8B03143F48033C4F850
:10109000B031D4F8B031002BFBD198E6C2F307424F
:1010A0008B4B1A708B4BC4F8C8318B4BC4F8CC31C6
:1010B0008A4BC4F8D03100F0D5FB802229468848FD
:1010C00009F012FF874B8022C6F8A0B0C6F8E030C6
:1010D0007B4BF5645A600122B3649D601A604FF047
:1010E0000113C4F8BC31D4F8B03143F48033C4F8F0
:1010F000B031CAF80050D4F8B031002BFBD166E60D
:101100006F4B0121F564196080219D60B3645960C3
:101110004FF00113C4F8BC31D4F8B03143F480333C
:10112000C4F8B031D4F8B031002BFBD1130C5B06FE
:1011300043F08073C4F8543149E6654B01216A4895
:101140001B780370FFF78CFD41E683B210F0780046
:101150007FF439AE03F07F0258F82210624A108003
:10116000180600F19E80CB0701D5012313700221E0
:101170005D48FFF775FD2AE610F0780F83B27FF423
:1011800022AE03F07F0213F0800F58F8223014BF14
:1011900043F4803343F0010348F822300022484BE7
:1011A000F2649A600122B3641A6080225A604FF0A0
:1011B0000113C4F8BC31D4F8B03143F48033C4F81F
:1011C000B031D4F8B031002BFBD100E603F07F0240
:1011D00013F0800F58F8223014BF23F4803323F02B
:1011E000010348F822300022354BF2649A60012254
:1011F000B3641A6080225A604FF00113C4F8BC3106
:10120000D4F8B03143F48033C4F8B031D4F8B031FD
:10121000002BFBD1DBE50020086026490C884868DC
:1012200042F221018C427FF425AE80B200287FF487
:1012300021AE2E492E4C03C9A18086284FEA1141C8
:101240002060A1717FF416AE72B62A48017841F091
:1012500008010170D2F848110D0605D48020014321
:10126000C2F84401C2F8481162B6234A50211170F5
:1012700000E6000C2A78824228BF0246BEF5E06FE5
:1012800044D11E4B1E4D18781E491F4B0192002859
:1012900018BF19462846FFF7D3F907236B70019A48
:1012A0003BE0C9033FF561AF61E700BF4043002069
:1012B000D0D20020E044002080000700D0E20020CF
:1012C00020430020A4DB002054DC00208BDC002025
:1012D0008CDC00200200CC00C80002000200C80024
:1012E000800000201993D57494DA0020D0C2002029
:1012F0004CDC002087DC00208EDC00208DDC002010
:1013000000002020BC230060582300602946104DB7
:1013100001922846FFF794F9019A25F01F0315441E
:10132000BFF34F8F4FF0E021C1F8703F20339D4253
:10133000FAD8BFF34F8FBFF36F8F05481146FFF701
:101340008FFC44E50320FFF7D7FC0FF003F900BF43
:10135000000020202DE9F0471F46831E022B01D9F3
:10136000BDE8F087DFF84C9015460C463C2209EBAF
:10137000C01806464FEAC01A002108F104002404F0
:1013800009F0B2FDB5FA85F20123520944EA42742C
:1013900049F80A40C8F83870C8F80830002FDFD084
:1013A000034AB34011680B431360BDE8F08700BFE8
:1013B000DCC20020000000202DE9F0470D46811E10
:1013C000022901D9BDE8F087C701DFF84C909246A9
:1013D000044640373C2200211E4609EB07082D0435
:1013E00008F1040009F080FDBAFA8AF2520945EAD0
:1013F000427249F807200122C8F83860C8F808206E
:10140000002EDFD0034B10341968A2400A431A6043
:10141000BDE8F087DCC200200000002012048160DB
:10142000C36101F5405342F0800210B401244260D0
:1014300001F50052046001F5805401F58041C4605B
:1014400081615DF8044BC0E904237047831E0A469E
:10145000022B00D97047064B00F110014FF0010C30
:1014600003EBC0100CFA01F14030FFF799BB00BF4D
:1014700000000020831E0A46022B00D9704701217C
:10148000024B814003EBC010FFF78ABB0000002035
:1014900040687047124A134BD2F8200220F07F4078
:1014A000984210B584B002D200EB800040000E4C90
:1014B00001A90A22FFF762F901A90023204611F8C9
:1014C000012B01333AB10A2B20F8022FF7D1162352
:1014D000237004B010BD5B00DBB2237004B010BDFC
:1014E00000441F4080969800AC3D002000F0D8BA20
:1014F00000F0CABA00F066BB00F03CBB08461146DB
:1015000000F02CBBF8B5144C4FF0E025134E4FF40F
:10151000003204EB4024124F06EB40160346C5F898
:101520008C2121463A883046FFF778FF3B882344D8
:10153000BFF34F8FC5F85C4F2034A342FAD8BFF3F6
:101540004F8FBFF36F8F03203146FFF793FF4FF4A8
:101550000033C5F80C31F8BD800020206043002026
:1015600064DC0020244B2DE9F0411C884368C569E8
:10157000C3F30E43E41A002C24DD204920480A78E6
:101580000078D3B21F4E82421F4807D010F8038064
:1015900036F81870C7F50072944218D9013300224A
:1015A00026F81540082B194E88BF134626F815203B
:1015B00098BFDAB2C554164B0A701A6814441C60FE
:1015C000BDE8F0812846BDE8F041FFF79BBF07EB7F
:1015D0004820104922462744084401EB4521FFF7E3
:1015E0002FF80B4A284626F8187013682344BDE8E4
:1015F000F0411360FFF786BF64DC002084DC00202C
:1016000085DC0020A0DA0020C0DA0020B0DA00205B
:101610009CDA0020800020201D4B1A78002A36D149
:1016200002F0FF031B4A12788AB32DE9F0411A4DEC
:101630002A8852B3194EC2F50068194F3278194CF6
:1016400007EB421704EBC224424638462146FFF717
:10165000E5FE04EB0802BFF34F8F4FF0E023C3F821
:10166000704F2034A242FAD8BFF34F8FBFF36F8F71
:1016700004203946FFF7EAFE33780133DBB2032B4F
:1016800088BF0023337000232B80BDE8F0817047B2
:101690008ADC00208CDC002066DC002089DC002055
:1016A00060440020801020202DE9F04F85B0CDE966
:1016B0000110002900F0BF800023604CDFF8988102
:1016C000DFF898A15E4F009301235E4A23705E4BC2
:1016D0001978B8F8003002EB4119002B40F0A780D0
:1016E0001E461D469B464846FFF7D2FE10F080007E
:1016F00000F08C80BFF34F8F9AF8003084F800B070
:1017000005B93E68002B7DD13B689B1B782B00F20E
:1017100087804E4B1B78002B74D000F09DFA01227D
:10172000B8F8003015462270002BDCD0464AC3F5CD
:10173000006011781A4600EBC120454DC9022844CB
:10174000019D954217D20393DDE901512A46FEF728
:1017500077FF039B4FF040425B1BA8F800303D4BE6
:10176000C3F88420BFF34F8F0098002328442370D0
:1017700005B0BDE8F08F364BCD180299FEF760FF3B
:1017800000234FF4006229464846FFF747FEBFF3A7
:101790004F8F05F1200205F50063934234BF01230A
:1017A00040234FF0E02205EB4313C2F8705F203571
:1017B000AB42FAD1BFF34F8FBFF36F8F042049467E
:1017C000FFF744FE204A13780133DBB2032B84BFBA
:1017D00000231D4A1370B8F80030019AD11A009AFC
:1017E0001A4401910092029A1A4400230292194A63
:1017F000A8F80030C2F88430BFF34F8F237000295F
:101800007FF462AF009805B0BDE8F08F4FF400623E
:101810000D4B8AF8000019781346A8F800208AE7D3
:10182000012300988AF8003005B0BDE8F08F1A4611
:10183000C3F500607FE70198E5E700BF8ADC002080
:10184000A4DB00206044002089DC00208CDC002028
:101850008010202000002E4066DC002088DC002064
:10186000704700BF2D4B002180222D4870B51B789A
:1018700000242C4D8B422C4E0CBF40234FF40073A0
:101880002B80338009F030FB284A2146284B147006
:101890004FF4807227481C8009F026FB264A10214D
:1018A000264B0220C2E90044C2E90244244AC3E9AB
:1018B00000441470234AC3E90244234B1C7023469E
:1018C00014602246FFF778FD2246318803201F4B23
:1018D000FFF740FD2346012229880420FFF76CFD15
:1018E00020460134FFF70EFE082CF9D1184B0021D9
:1018F0004A221848184C0460C3F88410C3F88020AA
:10190000D3F84821154942F08072C3F8482121B12B
:10191000134A137843F00103137070BD8DDC00206F
:101920006044002068DC002064DC002089DC0020AA
:1019300066DC002060430020A0DA0020B0DA00203E
:1019400084DC00209CDA002085DC002039F10000D6
:1019500000002E4058DC0020EDF1000000000000E7
:101960008FDC00202DE9F04F4FF0E0234FF40032E0
:10197000DFF8C8A083B0C3F88C218B469AF80040EA
:1019800000294FD08046E4B20027DFF8B490264B00
:10199000ABEB070225491B78A34204F101043FD0B9
:1019A000092C234B404628BF00241E5D39F816C081
:1019B0000CEB462319441F4B33F81650A5EB0C05CE
:1019C000AA421CD20CEB462C18491B4C61440192D4
:1019D000FEF736FE216839F816505846019AA1EBF9
:1019E0000B012A44394429F8162021604FF0E023E6
:1019F0004FF40032C3F80C2103B0BDE8F08F2A4643
:101A00002F44FEF71DFE0C49E3B230460A68A84495
:101A1000521B0A608AF80030FFF774FDBB45B6D848
:101A20003846E3E70846E1E784DC00208000202018
:101A3000C0DA0020A0DA00209CDA002085DC00203B
:101A4000B0DA00200B4B0C4A12781978D3B28A42D4
:101A50000DD0013309480A4A092B0A4928BF00233F
:101A6000C35C31F8131002EB4323585C70474FF00E
:101A7000FF30704784DC002085DC0020C0DA0020C5
:101A800080002020B0DA0020044B10B51C680CB197
:101A9000204610BD00F0E0F8204610BD9CDA002082
:101AA0002DE9F84F144E154D33782A78934221D002
:101AB000DCB2DFF85090DFF850B0DFF85080104F04
:101AC0000134082C5FFA84FA01D90024A24619F8DF
:101AD0000400DBF8003038F8102037F81010521AE4
:101AE0009B1ACBF80030FFF70DFD86F800A02B788D
:101AF000A342E5D1BDE8F88F85DC002084DC00201E
:101B0000B0DA0020C0DA00209CDA0020A0DA002041
:101B100000B583B001210DF10700FFF723FF20B1CD
:101B20009DF8070003B05DF804FB4FF0FF30F9E7C4
:101B3000094B00B583B01B788DF807003BB101213C
:101B40000DF10700FFF7B0FD03B05DF804FB03F0F3
:101B5000FF0003B05DF804FB8CDC0020044B1B7815
:101B600003F0FF020BB1FFF79FBD1046704700BFA7
:101B70008CDC00202DE9F0410024DFF844800123B3
:101B80000D4D27460D4E88F8003033782846203515
:101B9000A34204F1010405D0FFF77AFC030658BF05
:101BA00007F50067042CF0D1BFF34F8F00233846B0
:101BB00088F80030BDE8F0816044002089DC002016
:101BC0008ADC00202DE9F8431D4B1B7813B11D4D15
:101BD0002A880AB9BDE8F8831B4EC2F500691B4983
:101BE00033784A461A4C01EB43181A4F04EBC324CE
:101BF000012340463B7021460023FFF70FFC04EB16
:101C00000902BFF34F8F4FF0E023C3F8704F203429
:101C1000A242FAD8BFF34F8FBFF36F8F0420414623
:101C2000FFF714FC33780133DBB2032B88BF0023AA
:101C3000337000232B80BFF34F8F3B70BDE8F883D8
:101C40008CDC002066DC002089DC00206044002061
:101C5000801020208ADC00202DE9F8432D4B1E78CF
:101C600066B12D4F3B784BB90123F1073B7043D44C
:101C7000B20726D400233B70730701D4BDE8F88374
:101C8000264B1A68002AF9D0EFF30582002AF5D115
:101C9000EFF3108572B61868002834D0204C2178F4
:101CA000002930D10122227042691A60002A2ED008
:101CB000916105B962B6002583684577984725701C
:101CC000DCE7DFF8648098F80030002BD2D00025E4
:101CD000DFF858902B4659F82340013523682046F9
:101CE0001B69984710B163699B68984798F8002072
:101CF000EBB29A42EFD8BDE7FFF7C6FE0028B7D097
:101D0000AFF30080B4E7002DB8D162B6B6E7054B5B
:101D10001A60CEE78FDC002077DC002064A2002070
:101D20006FDC002070A2002070DC00207CA200206C
:101D3000074A506A936A19468446506A936A9942E0
:101D4000F9D18445F7D1DB0B43EA4040704700BF2F
:101D500000400D4003460846194608F0A5BE00BFE6
:101D60004FF0000C42602022017080F808C0C26071
:101D7000704700BF38B5044640680D460EF0E6FBDC
:101D8000012121720DB9084638BD2078626888406B
:101D900082F8301182F82F1182F8A5006068F4F7FC
:101DA0005DF8B0FA80F0400938BD00BF2DE9F04180
:101DB000079F15469846C3683A449A4216D8027857
:101DC000044643680E46520083F8A520012283F89A
:101DD000302183F82F2167B1069B53B140683A4602
:101DE000069903685B689847874202D00020BDE8E7
:101DF000F081606831462A4603685B6898478542EF
:101E0000F4D141466068F4F729F8B0FA80F040094F
:101E1000BDE8F081406808B5F4F708F9012008BD75
:101E20002DE9F04F8146007B0E7885B00028784D73
:101E3000D9F808000CBF012380231E420293B5FB92
:101E4000F0F50CBF4FF001084FF00008002A00F039
:101E5000DC800B46013AEDB2DFF8BCB11344DFF889
:101E6000BCA101910393029C0027002D63D199F836
:101E70000D3013F0F70F3CD1264299F9100014BF32
:101E800001210021414505D0421C03D0C0B2884643
:101E9000FEF766F9012199F80F00FEF761F9002DB0
:101EA0006FD199F91100431C04D0C0B2FEF782F93A
:101EB00000B12743002199F80F00FEF751F999F876
:101EC0000C3093B96400E4B2002CCED199F91130F2
:101ED000013301D0019B1F70039A019B9A4200F0CD
:101EE000948013F8016F0193BDE76408002CBCD106
:101EF000ECE70C2B2FD199F91000411C04D0C0B293
:101F000006EA0401FEF72CF9002199F80F00FEF70C
:101F100027F9002D45D1012199F80F00FEF720F98E
:101F200099F91100431CCAD0C0B2FEF743F900284A
:101F3000C5D02743C3E7DBF80410364BDAF800209E
:101F4000A3FB0232920C05FB02F2DBF804305B1AB1
:101F50009A42FAD88BE7012199F80F00FEF700F9B1
:101F6000002D42D199F91000421C04D0C0B206EAFB
:101F70000401FEF7F5F8002199F80F00FEF7F0F8DC
:101F8000CEE7DBF80410234BDAF80020A3FB023283
:101F9000920C05FB02F2DBF804305B1A9A42FAD885
:101FA0007FE7DBF804101B4BDAF80020A3FB0232BA
:101FB000920C05FB02F2DBF804305B1A9A42FAD865
:101FC000012199F80F00FEF7CBF8DBF80410114B54
:101FD000DAF80020A3FB0232920C05FB02F2DBF8D8
:101FE00004305B1A9A42FAD89AE7DBF80410094BDE
:101FF000DAF80020A3FB0232920C05FB02F2DBF8B8
:1020000004305B1A9A42FAD8ACE705B0BDE8F08F0D
:1020100020A1070083DE1B43001000E08C3200206B
:1020200010B50446406810B10821FEF7A5FB204614
:1020300010BD00BF10B5044690F90E00411C07D03A
:102040000121C0B2FEF7C8F80121A07BFEF788F895
:10205000206820B1F4F73EF90120A07410BD0121E1
:10206000E07BFEF7B9F8617BE07B11F0FB0118BF64
:102070000121FEF775F894F91000421C0AD194F979
:102080001100431CE8D00021C0B2FEF7A5F80120E2
:10209000A07410BD0121C0B2FEF79EF8207C012182
:1020A000FEF75EF894F91100431CD5D0EBE700BFB2
:1020B00010B5044690F90E00431C03D00121C0B2B4
:1020C000FEF74EF8236823B3DA7C12B3D10704D5A8
:1020D000986A4FF0E021C1F80001940704D5D86A4E
:1020E0004FF0E021C1F80401500704D5186B4FF000
:1020F000E021C1F80801110704D5586B4FF0E02129
:10210000C1F80C01D20604D59A6B4FF0E023C3F856
:10211000102110BD2DE9F047044682B000688A46C0
:1021200090461E460A9D20B1636893E80600F0F7CA
:1021300035FB94F90E00431C42D1D5B1013E06EBAC
:1021400005090DF1070503E0FFF76AFE4E4510D0C3
:1021500016F8013F01222768294620468DF80730EE
:10216000002FF1D0134638462A46F4F7D3F94E45EE
:10217000EED1B8F1000F1CD0D0440AF1FF360DF1BA
:10218000070508F1FF3803E0FFF74AFEB04510D01D
:1021900016F8013F01222768294620468DF80730AE
:1021A000002FF1D0134638462A46F4F7B3F9B0456C
:1021B000EED12046FFF77CFF012002B0BDE8F0879A
:1021C000C0B20021FDF7CCFFB7E700BF70B500F14A
:1021D000240384B08C46044601AD164693E80700FC
:1021E00085E807004FEA4C122946206A01F068FB97
:1021F000012806D132462946206A01F045FB04B089
:1022000070BD002004B070BD10B5044600F0BAFDEA
:10221000002384F8313084F8333010BD38B51446CB
:102220000D46002200F12401006A01F02DFB034657
:1022300020B1428901202A801B89238038BD00BF3C
:1022400038B514460D46002200F12401006A01F061
:102250001BFB034620B1C28901202A809B89238071
:1022600038BD00BF38B50D4690F8311009B10020D7
:1022700038BD3822044608F037FE0123402225628B
:10228000184684F8333084F8312038BDF0B40D4658
:102290000978202903D115F8014F202CFBD01560B7
:1022A00095602C782F2C11D084B16E1C3C2C1D4FC6
:1022B00035462AD8212C12D804F1FF3CBCF11E0F60
:1022C00016D80020F0BC704715F8014F202CFBD029
:1022D0002F2CF9D01D601146F0BC01F0C3B9A4F158
:1022E000220C5FFA8CFC27FA0CFC1CF0010FE8D1E1
:1022F0002E2C01D0202C0DD116F8014B002CE5D04E
:102300002F2CE3D03C2C3546D4D95C2CD9D003D922
:102310007C2CD6D09660EFE73E3C012CFAD800200A
:10232000F0BC7047012100052DE9F04F90F83330E3
:1023300083B00546DC0774D558060F46904640F139
:10234000B080D5E90023D5E9041018EB020443F16D
:102350000003A14270EB0303C0F0A980B8F1000FA5
:102360005BD0464605F11809D5E90032D5F820A022
:10237000DAF838441C40C4F3080B002C70D1134326
:1023800070D195F831305A064CBFDAF83424EA6936
:10239000AA619AF84504023ADAF82C14630A8240DA
:1023A00001EB54211144BBF1000F45D1B6F5007F7C
:1023B00042D3DAF81C2291423ED0B6F5806F58D352
:1023C0004FF0010B0BFA00FBABEB030B730A9B45C1
:1023D00028BF9B4691424FEA4B240AD801EB0B03DE
:1023E0009A4206D20AF50470019103F01BFE01998E
:1023F000B8B1DAF814025B460268D2F814A03A4683
:10240000D04770B123462744D5E900125B1842F14A
:102410000002361BC5E90032A8D1404603B0BDE832
:10242000F08F95F832304FF0FF3043F0020385F81B
:10243000323003B0BDE8F08FCBF5007400220AF50E
:102440000470B44228BF344603F018FE0028E8D0D8
:1024500000EB0B0122463846FEF7F2F82346D2E79E
:10246000AA6996E795F833305B060ED5AA69013262
:102470008EE7DAF814023A4603681B699847002889
:10248000CFD04FF400731C46BDE74A465046A969B9
:1024900001F058FA0028C4DB0CD0D5F820A0AA69B6
:1024A00077E795F8313019077FF558AF49E7A1EB89
:1024B000020853E795F8313013F0500FB1D0A8EB74
:1024C00006084046AAE700BFF0B583B001220446E3
:1024D00085690DF10701D0E90067FFF725FF0128A5
:1024E000A5610CBF9DF807004FF0FF30C4E90067FD
:1024F00003B0F0BD2DE9F04F1F4690F8313083B0A6
:102500000446D0F81880002B51D01646D0E9001CA4
:10251000BC4508BF91425CD056EA07024DD01D076A
:1025200004D5D0E90402B042BA4140D394F8332034
:10253000751ED4F820A0019247F1FF309AF8452487
:102540000932D2B2C2F1200ED540A2F1200900FA20
:102550000EFB20FA09F045EA0B05054301984006F9
:1025600033D4481E20FA02F24CF1FF3051EA0C0C31
:1025700000FA0EFE20FA09F042EA0E0242EA0002D8
:1025800001D0954229D25B064CBFDAF83434E369B6
:10259000A36104F1180906E0A169013D206A01F078
:1025A000D1F9002803DD4A46002DF5D107E00020CF
:1025B000C4F8188003B0BDE8F08F002383610120C8
:1025C000C4E9006703B0BDE8F08FE3692B44A36161
:1025D000F5E7012003B0BDE8F08FAD1AD9E700BFE1
:1025E0002DE9F04F174690F831208FB00546002AAC
:1025F00040F0D7808B4691F8311011F0500F00F069
:10260000D08003F003019A46032900F0CA8001310B
:1026100003F0080041EA00030293002F00F0CB8092
:10262000396901F10E08B649A1FB0818DBE9001071
:102630004FEAD808014308F102085FFA88F805D08C
:1026400000200021CBF81820CBE900010024029BD8
:10265000264643F040030393202206A95846FFF77D
:1026600063FE00B3202840F09C809DF918209DF85F
:102670001830002AC0F2A28034B9DBF80020A2F1A1
:102680002009DBF818200192444501D20134E4B25C
:10269000002B00F01381202206A958460026FFF7E0
:1026A00043FE0028DED11AF4007F7AD0029B9B07FC
:1026B00077D5002F75D0444517D2DDF804A020222D
:1026C00006A95846FFF730FE631C002861D0202879
:1026D00067D12CB9DBF80020DBF818A0A2F12009A3
:1026E000DCB2A045EBD8CDF804A038220021284662
:1026F0009BF8334008F0F8FBDBF82030C4F380147B
:10270000019A2B620823002685F82C4085F8313089
:102710003B68C5E909297B60BE81B8F1000F33D061
:1027200008F1FF39B346DFF8DCA15FFA89F901222D
:1027300059462846FFF74AFD044690B390F9002019
:10274000002A2EDB2022002108F0CEFB002E00F014
:10275000BC80BBF1010F00F0D780C123A3461E341B
:1027600004F81E3CBB8938461BB9D7E901239A42BD
:1027700005D003F0ABFC2BF8020FA345F2D10136D4
:102780005FFA86FBD845D2D8284600F0FBFA064609
:102790000DE05846DBF8186000F024FB002840F0FC
:1027A000918000231E4685F8313085F8333030465D
:1027B0000FB0BDE8F08F4FF0030847E756BB444524
:1027C00038BF0024852B7FF447AF31463822284696
:1027D000012608F089FB9DF81C209DF8193085F82A
:1027E000303002F03703D20658BF43F0080385F8B3
:1027F0003130DBF80030DBF82020203B2A62DBF8A8
:102800001820C5E909239BF83330C3F3801385F8FA
:102810002C3021E7C02B28D0C12B7FF43CAF3A46A7
:1028200006A9284600F092FEE8B1BB89DBB9D7E9DA
:1028300001329A4217D11AF4006FB2D11AF4884FBC
:1028400070D195F8333098076CD41AF4806FA8D102
:102850001AF4804FABD02846D5E90423FFF74AFE8F
:102860000028A4D19DE70646F6E6029B85F83330A2
:102870009DF819309B0702D5039B85F833300B9BDD
:10288000EB61DDE90823C5E90423DDE90C23C5E993
:102890000223002FCFD04FF000033A69BB813B6881
:1028A0007B609DF81B309A427FF4F5AEBE8ABDF87E
:1028B0001C30F61AB6FA86F67609CDE6002F7FF4BC
:1028C000F2AE6EE7CBF818600BE78523237085F82E
:1028D000309084F80190DAF80030002B46D00DF1EA
:1028E00013020DF1160105A89847BDF81430638155
:1028F000BDF8163023819DF8133023753FE700BFE4
:102900008988888844A20020C02384F801B02370FD
:10291000029B63F07F0385F833303B69E370BB8A29
:10292000A3802CE795F83130D9063FF53AAF13F084
:1029300001017FF436AF1AF4806F89D095F8332007
:1029400092077FF52EAF002B3FF42BAFD5E9003275
:10295000134304D000220023A961C5E900232846BF
:1029600000F042FC00283FF41CAF20E745F621436D
:102970006381E381638202E72DE9F043002597B08C
:10298000994690F8313001921495ADF81450002B0F
:102990003ED191F831300F4613F0500F38D01378F4
:1029A000044616462F2B37D04FF0000801AB02AA81
:1029B00031462046FFF76AFC50B3019E3378002B66
:1029C0003ED0002302AA39462046FFF709FEF8B19F
:1029D000A44608AD04F13007DCF800000CF1100C3F
:1029E0005CF80C1CAE465CF8082C10355CF8043C16
:1029F000BC45AEE80F00EFD1DCF8000008AF28605E
:102A0000204600F0BFF984F8318084F83380CDE7A8
:102A1000002017B0BDE8F08316F8011F2F29FBD066
:102A20000196B1B9382220463D6A08F05DFA0123CB
:102A300040222562184684F8333084F83120E8E7D4
:102A40004B4602AA39462046FFF7CAFD17B0BDE83B
:102A5000F0833822002108A83D6A08F045FA0123D6
:102A600008AF10958DF8533040238DF851309BE717
:102A700019B101F58961FFF77FBF0846704700BFB4
:102A800090F8313063B991F8313013F0500F07D01E
:102A90000B6813F01F0C03D113466246FFF7A0BD6D
:102AA000002070478169F8B50446006A01B1013120
:102AB000012200F00DFE0128054632D9012301460E
:102AC000206A1A4600F064FE064650B3A3695BB361
:102AD00094F83320510612D5591CA94218D022F07F
:102AE0004002E16984F8332005E0206A00F04CFFE1
:102AF0003946B0B1A3694F1C99423A46F5D34FF01D
:102B0000FF322946206A00F03FFF50B1A16911B998
:102B10003046A561F8BD2A46206A00F035FF00283E
:102B2000F6D100263046F8BD94F8333043F0400328
:102B300084F83330ECE700BF90F833309A0736D58D
:102B4000C16970B50546A1B90024214607E00378A4
:102B500003F07F03037095F830308B4229D30134A2
:102B600001222846FFF732FBE1B20028EFD1002016
:102B700070BD5B06006A34D590F84534D5E902246F
:102B80000933013ADBB244F1FF34C3F1200CDA40DF
:102B9000203B04FA0CFC24FA03F342EA0C021A4329
:102BA0000023013200F0F4FD0028CDD1DFE7002042
:102BB000704700232C6A85F83130204685F8333081
:102BC00003F030FA0028D2D004F5047003F02AFA9A
:102BD0000028CCD0D4F840040368BDE870401B6ADC
:102BE000184700F0F1FE0028AED1C0E790F8313070
:102BF000DB0601D40020704710B5002288B0002306
:102C00000446FFF777FC08E020281BD19DF900302F
:102C10009DF80020002B15DB32B1202269462046AA
:102C2000FFF782FB0028EFD194F8333008222046CA
:102C300043F0020384F8312084F83330FFF77CFF3F
:102C400008B010BD002008B010BD00BF2DE9F04154
:102C50004FF0000882B04A4F0646444641460022E3
:102C60003046FFF7B3FA054630B10178C02969D084
:102C7000C1292BD0852909D096F83230002043F0A5
:102C8000010386F8323002B0BDE8F08196F83130A9
:102C900003F0370383803B6883B10DF103020DF12C
:102CA000060101A89847BDF80630AB812B82BDF81C
:102CB0000430EB816B829DF803306B75326A92F8B9
:102CC000103243F0010382F810322978A1F1850017
:102CD0000022B0FA80F0400901E00422A95CE3037D
:102CE000012A02F1010243EA540311FA83F39CB270
:102CF00001D10028F1D11F2AF0D908F1010896F876
:102D000030305FFA88F18B42A9D2012206F124010A
:102D1000306A00F0B9FD0028AED0356A44802846FC
:102D200003F080F90028A7D005F5047003F07AF9C4
:102D30000028A1D0D5F8400403681B6A98470028F2
:102D4000A1D199E796F8333013F0400F437814BFC0
:102D500043F0020303F0FD034370D6E90401D6E912
:102D60000732C5E90201D6E902016B61C5E9060136
:102D700092F8103243F0010382F810322978A5E767
:102D800044A2002038B590F8313043B390F9332095
:102D9000044690F83330002A0CDB056A284603F01D
:102DA00041F978B994F83230002043F0010384F8F7
:102DB000323038BD03F07F0380F83330BDE838404F
:102DC000FFF744BF05F5047003F02CF90028E9D0A3
:102DD000D5F8400403681B6A98470028E2D0012018
:102DE00038BD00BF70B590F8313005465A064CD456
:102DF00080682B6AD3F83C341844B0F1806F01D35B
:102E0000002070BD2846FFF74DFE0028F8D0286A44
:102E10000024AE6990F84534023E9E40D0F82C3430
:102E20001E443119052200F50470013403F026F91F
:102E30004FF4007200210028E2D008F055F8286A0B
:102E4000012390F8452493409C42EAD395F8313011
:102E50005B0615D495F8332062F07F02D5E9023184
:102E600085F83320D0F83C249B1841F10000AB607A
:102E7000D5E90431E8609B1841F10001C5E904314E
:102E80002846BDE87040FFF77DBF006A00F0A2FE53
:102E9000AFE700BF70B5044690F831009CB0002346
:102EA00010F0180F0C931A9303D0206A0B6A984203
:102EB00002D000201CB070BD40F601236846FFF729
:102EC0005BFD0028F5D0A44604F130060EADDCF819
:102ED00000000CF1100C5CF80C1CAE465CF8082CE1
:102EE00010355CF8043CB445AEE80F00EFD1DCF8D7
:102EF000000009AA04F1240328609DF8305007CA95
:102F000083E8070094F83330204684F8305063F0AB
:102F10007F0384F83330FFF735FF0028C9D0002144
:102F2000022208230EA815918DF86B208DF86930C8
:102F3000FFF702FEBEE700BF38B591F8313013F05D
:102F4000500F02D10025284638BD40F60223044622
:102F5000FFF746FB0028F5D01023204684F83130D7
:102F6000FFF740FF05460028ECD0A16900220023AE
:102F70002046E161FFF7BEFAC12294F8313084F8AF
:102F80003320002BDFD04123204684F83330BDE8C6
:102F90003840FFF75BBE00BFF0B5002597B01F4675
:102FA00090F831300192ADF814501495002B46D1B1
:102FB00091F831300E4613F0500F40D0137804468C
:102FC00011462F2B3ED001AB02AA2046FFF75EF937
:102FD000002834D0019B1B78002B41D0002302AA8B
:102FE00031462046FFF7FCFA30B947B302AA314612
:102FF0002046FFF7A1FF10B3A44608AD04F1300648
:10300000DCF800000CF1100C5CF80C1CAE465CF80F
:10301000082C10355CF8043CB445AEE80F00EFD145
:10302000DCF8000008AE28602046FFF7EDF80199B3
:1030300001AB02AA2046FFF729F90028CAD10020D7
:1030400017B0F0BD013101910B782F2BFAD0316A06
:1030500008A8FFF707F90028F1D0019908AEB2E7F8
:1030600002AA31462046FFF767FF17B0F0BD00BF48
:103070002DE9F04F0E4690F8311083B009079DF806
:1030800030B09DF834909DF838809DF83C7040F148
:103090008580A2F2BC7294B27F2C7FD85A1E0B2A74
:1030A0007CD80BF1FF321E2A78D8B8F13B0F98BFBD
:1030B000B9F1170F8CBF4FF0010A4FF0000A3B2FF8
:1030C00088BF4AF0010ABAF1000F67D105460193A3
:1030D000FFF758FE002861D0019B51464BEA431B85
:1030E0007B0817F001074BEA4424D34643EA48180B
:1030F00018BF6427A4B248EAC92806F001091FFADC
:1031000088F800222846FFF761F8002846D090F89A
:1031100000C0BCF1850F45D00CF14003DBB2012BA0
:103120003CD8ACF185010023B1FA81F1490902E0F4
:10313000042310F803C04FEACB32012B03F1010343
:1031400042EA5B021CFA82F21FFA82FB01D10029DB
:10315000EED11F2BEDD90AF1010A95F830305FFA54
:103160008AF18B42CDD2012205F12401286A00F0B8
:103170008BFB98B12C6AA0F802B0204602F052FFF7
:1031800060B104F5047002F04DFF38B1D4F840048A
:1031900003681B6A03B0BDE8F04F1847002003B076
:1031A000BDE8F08F95F831302A6A03F03703838049
:1031B00092F8103243F0010382F81032B9F1000F97
:1031C00002D0A0F810804482B20703D50775A0F89A
:1031D00008804481730703D54775A0F80C80C4812B
:1031E00090F800C09DE700BF90F833309A0762D591
:1031F00070B5C56982B00446A5B313F0400634D05B
:10320000006AA26890F845C4013AE1680CF1090C23
:1032100041F1FF315FFA8CFCCCF1200E22FA0CF266
:10322000ACF1200C01FA0EFE21FA0CFCA16942EA75
:103230000E0242EA0C02013219B3013D6D1A01314E
:103240002A44019172BB63F07F03204694ED007B1A
:1032500084F8333084ED027B84ED047BFFF792FD2C
:1032600002B070BD012002B070BD816961B90195E5
:10327000C1612946206A00F0A7FBC8B194F8333039
:10328000E1E70195E161DDE701AA006A019600F03E
:1032900059FB00280CDB10D1019D002DE9D194F8D9
:1032A0003330D0E70023019900F072FA0028E5D10D
:1032B000002002B070BD002070474FF0FF32A169BE
:1032C000206A00F061FB0028E6D1F1E72DE9F04328
:1032D00090F8333083B004469D0740F1A1809146B9
:1032E0001A070E4600F19580B9F1000F00F0288111
:1032F00023684D46206AA169D0F8382402EA030801
:10330000C8F30807B8F1000F40F09480002900F0DE
:10331000D48094F833305B0640F1EC8090F845C4DB
:10332000D4E902320CF1090C013B5FFA8CFC42F14A
:10333000FF32CCF1200E23FA0CF3ACF1200C02FA90
:103340000EFE22FA0CFCE26943EA0E0343EA0C0388
:103350001344994280F0D5800131A16190F8452451
:103360000239D0F82C3491401944B5F5007FC0F0F3
:103370008A80B5F5806FC0F0A680012393406A0A69
:10338000A3EB0803934228BF1346D0F81C228A42BD
:103390004FEA432809D35F18BA4206D2002280F8C8
:1033A00010224FF0FF32C0F81C22D0F8140232462F
:1033B0000768BF6AB84798B343464644A5EB08057B
:1033C000D4E90072D4E90401DB1942F10002984209
:1033D0009141C4E9003207D294F8331061F07F01C3
:1033E000C4E9043284F83310002D83D1D4E90201FA
:1033F00098429141C0F09680534B1B68002B00F01F
:103400009D8094F83330484663F07F0384F833306E
:103410000DE0D0E90423FFF76DF800287FF464AFD6
:1034200094F83230002043F0010384F8323003B0C6
:10343000BDE8F08390F8452402394FEA5828D0F8C7
:103440002C34914041441944002F8ED0C7F50078A8
:10345000012200F50470A84528BFA84602F00EFE20
:103460000028DDD03844474442463146FDF7E8F8AD
:10347000B7F5007F206A9FD100F5047002F0D2FDFD
:10348000002899D1CCE762686369009201932269B0
:1034900023689342DDE900239A4112D2012200F50C
:1034A000047002F0EBFD0028BAD02A4631463844B9
:1034B000A846FDF7C5F82B467FE7E16949B3A1614E
:1034C0004CE70522EBE7D0F81C328B4206D10023F3
:1034D00080F810324FF0FF33C0F81C32D0F81402DD
:1034E000324603685B6A9847002899D04FF400730E
:1034F000984662E704F1180200F024FA00288FDBF6
:1035000004D12046FFF7CEFA002889D0A169206AAD
:1035100024E72046FFF7C6FA002881D0A169206A77
:10352000E1611BE794F833104846C4E9023261F0C8
:103530007F0384F8333003B0BDE8F083484676E774
:10354000D4E9003252E700BF44A200202DE9F04147
:103550000C46154601F11E08AB89284634F8027F57
:103560001BB9D5E901239A420ED002F0AFFD02F05B
:1035700071FE0646384602F06DFE864209D144458A
:10358000EAD10120BDE8F081B7FA87F04009BDE833
:10359000F0810020BDE8F0812DE9F04F90F8313046
:1035A00083B08846002B4FD090F830300746012B6F
:1035B00053D9013A0B464FF0020A00248E18DFF867
:1035C000A0B00022514638460193FEF7FFFD0028C7
:1035D0003AD00278C12A37D1054600F11E09019B75
:1035E00035F8020F24B300F5105292B2B2F5806F95
:1035F0002AD20BEA8424C0F30900204300F580306E
:103600001946324602F088FD0346E8B100244D45D4
:10361000E6D10AF1010A97F830205FFA8AFA52459A
:10362000CFD2A3EB08009846002388F800300FE0C3
:1036300000F5205292B2B2F5006F02D30028DFD11C
:10364000EFE7B2F5806F06D30023184688F8003004
:1036500003B0BDE8F08F0446D9E70020E4E700BFDF
:1036600000FC0F0070B50C4600234FF6FF75226872
:1036700019461E46A3812361626017E002F026FD11
:10368000A84222D002F0E6FD2369F203A1890133AA
:1036900042EA5602060A236152FA80F083B2C0F36E
:1036A0004E0040EAC33016FA80F086B22046002968
:1036B000E4D1D4E901239A42E0D12069A6820138FD
:1036C000FE288CBF0020012070BD002070BD00BF0F
:1036D0002DE9F84F07468A469146002942D0A1F1CC
:1036E0000208D7F83034434542D908F007030125D2
:1036F000C8F3C80B9D40EDB246464446D7F82C149B
:103700000022384601EB143102F0B8FCE8B10BF1AD
:10371000FF3B834400F2FF101BF8011F0AE04A45FB
:103720002BD0A04510D0D7F83054A54214D913F0AF
:10373000FF050CD0013429424FEA4503A4EB0602F1
:10374000EDD0A0452646EED10120BDE8F88F5845C2
:103750004FF00105E0D101E00026344601254FF08D
:10376000000BCBE7D0F82084D7F830344345BCD8E1
:103770004FF000080125C346BEE7BAF1000F04D19F
:10378000B9F1010F08BFC7F82064B01CBDE8F88F7D
:103790002DE9F8438046881E15461E468318D8F842
:1037A0003024934237D8CEBBD8F82034834288BF28
:1037B000C8F8200400F007030124D8F82C74C0F3E3
:1037C000C8099C4007EB1031E4B2012240468F1833
:1037D00002F054FCF8B109F1FF3E864400F2FF10FC
:1037E0001EF801CF1CEA040F8CEA040C4FEA4404D3
:1037F00014BF01220022B2420DD0013D8EF800C05C
:1038000018D014F0FF04EDD17045A1464FF001042B
:10381000E6D13946D9E70020BDE8F883D8F820146E
:103820008B42C7D98142C5D3934228BF0023C8F831
:103830002034BFE70120BDE8F88300BFF8B5D0F819
:10384000303401338B4201D20020F8BD07460C46CC
:1038500000F50476002505E0D7F830340135013352
:10386000A342F1D3D7F824140022304601EBD4113F
:1038700002F004FCA4000028E6D0C4F308040459B4
:10388000631CE9D1681CF8BD38B50C460B6890F88C
:1038900045C400F50470D0F82812023B656803FAAD
:1038A0000CF3294003EB5123D0F81C12194402F009
:1038B000E5FB18B16368C3F30803184438BD00BFC3
:1038C0002DE9F8430C46D0F8383449680B401144D0
:1038D0006160134490F8451401F10902D2B2D3405B
:1038E0002BB380465D1E00F5047905E02368013D99
:1038F00003F1010323601AD3267A002EF6D1D8F8FB
:10390000303432462768484601339F4212D8D8F8EF
:10391000241401EBD71102F0B1FBBF0050B1C7F383
:103920000807C3595A1C09D0013D2360E4D2012085
:10393000BDE8F8834FF0FF30BDE8F8833046BDE8BE
:10394000F88300BF38B5D0F8303401338B4202D24F
:103950004FF0FF3038BD0C46D0F82414154600F562
:103960000470002201EBD41102F088FB0028EFD094
:10397000A400C4F3080403595A1C02D001202B6090
:1039800038BD002038BD00BF01291BD938B5D0F89B
:1039900030340C4601338B4201D2002038BDD0F8C0
:1039A0002414154600F50470012201EBD41102F035
:1039B00065FB03460028F0D0A4000120C4F30804EE
:1039C0001D5138BD00207047D0F830340133994282
:1039D00001D9002070472DE9F04F054683B00C4611
:1039E00000F504790F464FF00008D5F824140022A2
:1039F00048464FEAD41B01EBD41102F03FFB90B1D3
:103A0000A300C3F30803C2580193531C16BF164604
:103A10004FF0000A4FF0010A012C04D9D5F83024E8
:103A20000132944203D9002003B0BDE8F08FD5F8ED
:103A3000241401224846594402F020FB0028F2D009
:103A4000019B40F80380BAF1000F12D00134B44258
:103A500008D00023E21B39462846FFF799FE0028CC
:103A6000E1D03746D5F830340133B342DBD33446A6
:103A7000BBE7621C534639462846D21B03B0BDE85B
:103A8000F04FFFF785BE00BF2DE9F843002506463D
:103A9000D0F82C1400F504782C46002240464F1C28
:103AA00002F0ECFAA8B100F1FF3E04F58059D6F817
:103AB000300405E079B90834844209D24C4516D067
:103AC0001EF8011FFF29F5D1083408358442F5D3CB
:103AD000401BBDE8F8830822012319424FEA430C3A
:103AE00018BF0135013A5FFA8CF3F6D1E3E73946A6
:103AF000D3E700BFF8B500234FF0FF3600F5047799
:103B00001546C0F84014044641601A46C0F8141225
:103B1000194680F844340370C66080F81032C0F84B
:103B20001C62384602F0AAFA042D0DD8064658B198
:103B3000BDB16B1E00EB031393F8BE2112F07F02A0
:103B400002D193F8C2310BB90020F8BD00EB051685
:103B50003846D6F8B651294602F090FA06460028B3
:103B6000F2D005221A49F01C07F010FA0028EBD118
:103B700096F86C30092BE7D1336D01462B44C4F81D
:103B80002434736DC4F82834B36D2B440125C4F874
:103B90002C34F36DC4F83034336EC4F8343496F8F2
:103BA0006D20C4F82004204602F1090384F845245E
:103BB00005FA03F35A1EC4F83C34C4F838242A46E4
:103BC000FFF786FD4023284684F84434F8BD00BF43
:103BD0000C11002010B50446D0F83414FFF72EFE67
:103BE00094F845340933DBB2984010BD70B590F9B4
:103BF000023082B00446002B0DDBA56805F12800D9
:103C000002F010FA00283BD16378002043F0010352
:103C1000637002B070BD80680122A169283002F093
:103C20002DFA0028F0D0A58805F00F056B0100EBF8
:103C30004515C35CE52BE7D023781B0701D5E36965
:103C4000EB61236A15491A0C6B830E68AA8266B170
:103C50000DF103020DF1060101A8B047BDF80430D3
:103C6000BDF806202B836B82EA82A378A56803F057
:103C70007F0305F12800A37002F0D4F90028C3D017
:103C800005F50E7002F0CEF90028BDD02868036853
:103C90001B6A98470028B7D0BBE700BF44A20020AA
:103CA000024638B552F8105F04468068294601F094
:103CB00037FE50B155B123690135AB42A37818BF27
:103CC00003F0BF0363F07F03A37038BDA37843F014
:103CD0004003F7E7F8B5047814F0200404D11A4B38
:103CE000054642699A4202D300273846F8BDFFF7DD
:103CF000D7FF07460028F7D0A8682E698279023ED0
:103D0000416996400E440179A9B1214606E007F0C9
:103D1000EBF8A868E1B202798A420BD93144052256
:103D20002830013402F0AAF94FF400720021002873
:103D3000EDD1D9E782794FF4007369693846934031
:103D400011FA83F36B61F8BD00FE1F0010B5044645
:103D500080680A462830A16902F090F920B1A38852
:103D600003F00F0300EB431010BD00BF10B5037844
:103D700004462BB1FFF73AFF00232370A37010BD58
:103D8000002301202370A37010BD00BF38B5037855
:103D900005460C4613B1FFF729FFF0B1A8680022D1
:103DA000A969283002F06AF9B8B1AA8802F00F02B6
:103DB00000EB421352015D6880589968DA68206010
:103DC0006560A160E26018695D699969DA692061DE
:103DD00001206561A161E26138BD002038BD00BFEE
:103DE00030B589B00D4614466946FFF7CFFF28B1BC
:103DF000BDF81020BDF80E302A80238009B030BDF8
:103E000030B589B00D4614466946FFF7BFFF28B1AB
:103E1000BDF81820BDF816302A80238009B030BDC7
:103E20000B7813F0700F01D100207047F0B540F609
:103E3000022389B00D46044601F0F0F838B10122A2
:103E400010232046A2702370FFF744FF10B9002012
:103E500009B0F0BD2269237822626BB1636933B186
:103E6000A378002223F02003C4E90422A370204693
:103E7000FFF7BCFE0028EAD0A0680122A169283023
:103E800002F0FCF80028E2D0B4F804C010220CF0D4
:103E90000F0C4FEA4C1300EB4C1C8CF80B20C05855
:103EA000A768236A97F806E09E1EDCF80410DCF889
:103EB0000820DCF80C3006FA0EF6EE46AEE80F00ED
:103EC000DCF81000DCF81410DCF81820DCF81C30EA
:103ED000AEE80F007B6907F128000122F1184FF0CE
:103EE0002033CDF80130CDF80530ADF8093002F0BF
:103EF000C5F884460028AAD02E27EE468DF800701B
:103F00007646BEE80F00CCF80000CCF80410CCF8E0
:103F10000820CCF80C308DF80170BEE80F00CCF80A
:103F20001000CCF81410CCF81820CCF81C302B6AF8
:103F30001A0CADF81A30ADF814200FCECCF82000D2
:103F4000CCF82410CCF82820CCF82C300FCECCF8AC
:103F50003000CCF83410CCF83820CCF83C30A468D1
:103F600004F1280002F05EF800283FF470AF04F579
:103F70000E7002F057F800283FF469AF206803681C
:103F80001B6A09B0BDE8F040184700BF2DE9F041B9
:103F9000002694B0984603780192ADF814600B9611
:103FA000002B41D10B780D4613F0700F3CD01378E5
:103FB000044616462F2B3BD0002728E0019E36787A
:103FC000002E50D001F02AF8034602AA29462046C6
:103FD0002BB9B8F1000F27D0FFF722FF20B3A64678
:103FE0000DF12C0CBEE80F00ACE80F00BEE80F008E
:103FF000ACE80F00DEF8005020462378CCF80050E3
:104000000BB1FFF7F3FD019E0BAD2770A770314692
:1040100001AB02AA204601F04DF9064602AA294644
:1040200000232046002EC9D1002014B0BDE8F08145
:104030000136019633782F2BFAD0AD682422002167
:104040000BA806F051FF0D95EB79102B03D0202B18
:104050000FD00C2BE8D120238DF82C3001230BAD91
:104060008DF82E30A8E702AAFFF7DAFE14B0BDE8FB
:10407000F0814023F0E700BF2DE9F041002594B026
:104080009846037801920295ADF83850002B37D14D
:104090000B780E4613F0700F32D013780446154695
:1040A0002F2B31D000271EE0019D2D78002D40D010
:1040B00000F0B4FFA6460DF1080C08B3664625785B
:1040C000BEE80F00ACE80F00BEE80F00ACE80F0040
:1040D000DEF800302046CCF800300DB1FFF786FD49
:1040E000019D2770A770294601AB0BAA204601F05D
:1040F000E1F805460BAA314600232046002DD3D116
:10410000002014B0BDE8F0810135019529782F29F0
:10411000FAD0A9B9B5682422204606F0E5FEA560CC
:10412000EB79102B03D0202B22D00C2BE8D12022AE
:104130001FE043460BAA00F071FF14B0BDE8F08108
:10414000B6682422002102A806F0CEFE0496F37978
:10415000102B03D0202B03D00C2BD1D1202300E037
:1041600040238DF80830012302AE8DF80A3099E71C
:104170004022012322701846A370C2E719B101F54D
:104180008961FFF779BF0846704700BFCB6870B5FB
:104190000D46044693B906780EB1184670BD8D6879
:1041A0002422314606F0A0FEA560EB79102B18D032
:1041B000202B10D00C2B14D0304670BD24220021AF
:1041C00006F092FE01201023A0702370D5E902238F
:1041D000A260236270BD4022012322701846A370A2
:1041E00070BD2022F8E700BF70B505780DB1002042
:1041F00070BD0E4604462422294606F075FEA660D0
:10420000F379102B0BD0202B03D00C2B07D0284692
:1042100070BD4022012322701846A37070BD202279
:10422000F8E700BF2DE9F04F2DED028B837883B0C6
:104230000546DF0740F18C808846017892460E07DC
:1042400000F191808C0608D583685A894369C3EBD5
:1042500042139BB29A4528BF9A46BAF1000F00F06C
:10426000AF806A6905F11003880656464FF00009D1
:1042700008EE103AAF68C2F3080B3DD5396A01EB7E
:104280005221BBF1000F51D1B6F5007F4ED37A6BAE
:1042900091424BD0B6F5806FC0F082802878730AC7
:1042A000800605D43879A0EB0900834228BF034675
:1042B00091424FEA43240CD8C818824209D207F130
:1042C0002800CDE9001301F0ADFEDDE90013002860
:1042D0003ED0F86A026857694246B847002837D08E
:1042E0006A69361BA04422446A6169D02978C2F306
:1042F000080BAF688806C1D497F8059009EA5229DF
:10430000BBF1000F36D1B9F1000F33D1002A33D100
:104310004A064CBF3A6A2A6A2A61023AB879796930
:10432000824049441144BBF1000FADD0CBF500747D
:10433000002207F12800B44228BF344601F09EFE57
:1043400030B100EB0B0122464046FCF779F9C7E794
:104350006B784FF0FF3043F002036B7003B0BDEC9D
:10436000028BBDE8F08FC36942699B1A9A4528BF4A
:104370009A4672E72A69D0E70B0705D5AA78540652
:1043800002D52A690132C7E718EE102A3846296992
:1043900001F014FB0028DBDB0CD0AF682A69BCE716
:1043A000F86A424603681B6998470028D0D04FF44A
:1043B000007495E72B7813F0700FC9D0AAEB060AAA
:1043C000504603B0BDEC028BBDE8F08F70B582B0F3
:1043D000012204460DF10701D0E90456FFF722FF40
:1043E00001280CBF9DF807004FF0FF30C4E90456C8
:1043F00002B070BD436913F4F07F30B5044683B05A
:10440000C3F3431509D0012907D120334361A068C4
:10441000383000EB451003B030BD01220DF107012B
:104420002046FFF7FFFE40B2012803D163691F3326
:104430006361ECE70020EEE72DE9F04103789AB0E4
:10444000002613F0180F0896119606D017468368B9
:104450008A6804460D469A4203D000201AB0BDE88F
:10446000F081FFF7C3FBA6460DF1440CBEE80F0038
:10447000ACE80F00BEE80F00ACE80F00DEF800303B
:104480003246A169CCF80030A36803F1280001F09E
:10449000F5FD0028E1D0A288EC4694F8008002F0F7
:1044A0000F0200EB421E5201DEF804108058DEF8C5
:1044B0000C30DEF80820ACE80F00DEF81410DEF84F
:1044C0001820DEF81C30DEF81000ACE80F0018F001
:1044D00008033A46294640F09B8008A8FFF756FD9E
:1044E0000028BAD0109EBDF8243000250E99012274
:1044F000A3809DF82330A068E3700B9B2830A16156
:10450000E3608DF820508DF8225001F0B7FD0028AF
:10451000A3D0A38803F00F0300EB4310DDF80D30A8
:10452000C0F80D30DDF81130C0F81130DDF815306D
:10453000C0F81530DDF81930C0F81930BDF81D305D
:10454000A0F81D309DF81F30C3779DF80B30C37263
:10455000002E3BD0A068B31E2A46817928308B40BC
:1045600050F8141C194401F089FD054600283FF459
:1045700074AF006A6F46696AAA6AEB6A0FC7286B54
:10458000696BAA6BEB6B0FC73146A06801F038FA74
:1045900000283FF462AFA068236A82792830023B8A
:1045A00050F8141C93400122194401F067FD06469F
:1045B00000283FF452AF6D460FCD30627162B26297
:1045C000F3620FCD30637163B263F36300210222A3
:1045D000082311A819918DF846208DF8443000F079
:1045E000D3FE00283FF439AFA46804F1280001F09D
:1045F00019FD00283FF431AF04F50E7001F012FDF3
:1046000000283FF42AAF206803681B6A984725E713
:1046100040F601236046FFF72FFD00287FF463AFCB
:104620001BE700BF0378DA0601D400207047436916
:1046300030B5044683B033B18378002223F02003E1
:10464000C0E90422837000230FE06361A3686A015C
:1046500038339A5C03EB4513EAB1E52A04D02E2ADD
:1046600002D0DB7A1B0722D5636913F4F07FC3F312
:10467000431503F12003E8D101220DF10701204683
:10468000FFF7D0FD40B2012803D163691F33636196
:10469000DCE763785BB9A3780822204643F0020385
:1046A0002270A37003B0BDE8304000F06DBE002062
:1046B00003B030BD2DE9F041037804460769002BB3
:1046C00039D00D464169A94242D0002D37D0180794
:1046D0002AD5E269AA422ED3D4F808C06E1EA27869
:1046E0009CF8060012F0400F00F10900C0B226FA53
:1046F00000F630D14A1EC24009B196422FD25B0665
:104700004CBFDCF82030236A236104F1100806E076
:104710002169013EA06801F051F900280BDD4246F5
:10472000002EF5D1A2780CE09A06D5D5A3685B8956
:10473000B5EB431FF6D900202761BDE8F0818278F0
:10474000056122F0200201206561A270BDE8F081C0
:104750000120BDE8F081236A33442361F1E7B61AF2
:10476000D3E700BF2DE9F0410E4615460021242273
:10477000044698469DF8187006F0B6FBB068336A98
:1047800000F13802A58005F00F0502EB4512C4E9DF
:104790000203D17A0B0711D401F017012170D37AEB
:1047A00013F0180F02D141F00801217008F0030343
:1047B000E770012B38D0022B06D0F3B10023184646
:1047C0002370A370BDE8F08103232178CD06F5D4D2
:1047D000CE07F3D408F0080118F4806F43EA010310
:1047E000A370416B958AA161518B41EA054112D0BA
:1047F00019BB63F07F03A37010E018F4806FDDD164
:1048000008F0080343F00103A370416B938AA16190
:10481000518B41EA03412162D369E36118F4804F6F
:1048200004D10120BDE8F0810223CEE7E1692046F2
:10483000FFF740FF0028F4D1C0E701F0E1F80028BD
:10484000BCD0A378D5E700BF0378002B45D12DE974
:10485000F0470B7884B00C4613F0700F30D04B69E2
:1048600013F01F052CD106469046A94601220DF1F2
:104870000F012046C3F3431A5F09FFF7D3FC40B290
:104880004FEA4A1201281BD16369A1681F3301F165
:10489000380C63611CF802200CEB4A1C82B12E2AF2
:1048A00012D0A2F1E500B0FA80F0400960B99CF89E
:1048B0000B1011F0080E12D00F2907D00546D5E7CE
:1048C000002004B0BDE8F0870025CFE75106CDD524
:1048D00002F01F059CF80D90C8E70020704785B1D5
:1048E0000CF10A0101E01CF8012F4FEACE136145DB
:1048F00043EA5E0352FA83F35FFA83FEF3D1CE45B7
:10490000DED14346BAB2214630460095FFF72AFF72
:10491000D7E700BF03780BB1FFF768B901207047F4
:104920002DE9F0470E46017882B009079DF82870FE
:104930009DF82C909DF830A09DF8348018D5A2F2F7
:10494000BC7294B27F2C13D85A1E01930B2A0FD835
:104950007A1E1E2A0CD8BAF13B0F98BFB9F1170F77
:1049600006D8B8F13B0F03D80546FFF73FF918B951
:10497000002002B0BDE8F087A8680122A9692830AC
:1049800001F07CFB0028F3D0019B4FEA5802A98874
:1049900047EA4313F70701F00F0142EA4A1243EADC
:1049A000442300EB41109BB242EAC92248BF438234
:1049B000B40792B208D518F001080382C28118BF6B
:1049C0004FF0640880F80D80710701D50383C2821F
:1049D000AC6804F1280001F025FB0028C8D004F5DC
:1049E0000E7001F01FFB0028C2D0206803681B6A0C
:1049F00002B0BDE8F047184783789B0727D5036AC4
:104A000010B5044682B0ABB1016911BB01930162DC
:104A10001946A06800F0F4FFB0B1A378616963F0B3
:104A20007F032278E161A37022B12046FFF7DEF810
:104A300002B010BD012002B010BD6FF070422169BC
:104A4000A06800F0CDFF68B9002002B010BD0020C2
:104A50007047002301AA8068019300F0AFFF00288F
:104A6000F2DBEAD1019B002BD7D0D1E72DE9F0474B
:104A7000837805469C0777D588461907914600F14B
:104A8000B5806B6913EB09026ED2B9F1000F40D00B
:104A90004F464FF0000AA868C3F308062969447915
:104AA00014EA53243FD1002E3DD100296ED0AA78BC
:104AB000520676D5EA699A4273D9013129610239E1
:104AC0008279436991401944B7F5007F53D3B7F514
:104AD000806F70D303797A0A1B1B934228BF134659
:104AE000426B8A424FEA432407D35E18B24204D293
:104AF0004FF0FF3280F828A04263C06A4246066841
:104B0000B66AB04780B36B693F1BA04423446B6116
:104B1000C1D1EA699A4276D2AA784846EB6162F03E
:104B20007F03AB7025E082790239436991401944D3
:104B30002144002EC8D0C6F500740122BC4228BF13
:104B40003C46283001F09AFA70B13044264422469F
:104B50004146FBF775FDB6F5007FA868D3D1283034
:104B600001F060FA0028CED16B78002043F00103F9
:104B70006B70BDE8F087C6F500746A69EB69BC42EA
:104B800028BF3C469A4205D30522DAE7296A21B3B9
:104B9000296194E7AB7813F0200F14BF052201229E
:104BA000CFE705F1100200F009FF0028DCDB24D07C
:104BB000A868296983E7436B8B4204D14FF0FF3328
:104BC00080F828A04363C06A424603685B6A98473E
:104BD0000028C9D04FF4007495E72846FFF760F825
:104BE0000028C1D02969A868296268E7C169FFF770
:104BF00061FD00287FF445AFB6E72846FFF750F87F
:104C00000028D5D1B0E7054B1B682BB1AB784846DF
:104C100063F07F03AB70ACE74846AAE744A20020EC
:104C20002DE9F04F84468DB0144615689846064627
:104C3000894603AF01934FF0000EBCE80F000FC789
:104C4000BCE80F000FC7DCF8003065603B604346EE
:104C5000A4F80CE0002B3FD04FF0010AA9EB0A01A9
:104C600003A889B24901FFF725FD50B3002103A82D
:104C7000FFF7C0FB074620B300250DE001F026FA40
:104C80008046584601F0E6FA8346404601F0E2FAD3
:104C9000834516D10D2D18D0EAB23946304601357C
:104CA00000F0FAFBA38983462046002BE6D1D4E925
:104CB00001329342E2D1BBFA8BF040090DB0BDE85E
:104CC000F08F00200DB0BDE8F08F0AF1010A019BC2
:104CD0005FFA8AFA5345C1D20120EFE72DE9F04F80
:104CE00007468DB016469A460DF10C0C02F11504DC
:104CF00002F1200501914FF000090FCFACE80F0041
:104D00000FCFACE80F003B68CCF800304FEAC91376
:104D100014F8012F43EA5903A54252FA83F35FFACC
:104D200083F9F3D133684FF000087360A6F80C8064
:104D3000BAF1000F4ED00127019B03A8D91B89B2FD
:104D40004901FFF7B7FC002855D0002103A8FFF761
:104D500051FB00284FD0059A574500F1010B4FF049
:104D6000010492F828304FF0000543F0010382F867
:104D700028304FF00F030CBF47F040023A46C37291
:104D80004FF00003027003734FF0000380F80D90A2
:104D9000438306E0ABF80000013401350BF1020B50
:104DA000E4B2B08918B9D6E901239A4216D0304648
:104DB00001F08CF9042DEBB2ECD90A2B02D8ABF838
:104DC0000300E9E70D2CABF80500E5D10137FFB290
:104DD000BA45B1D201200DB0BDE8F08FB8F1000F97
:104DE00006D008F101084FF6FF705FFA88F8E1E796
:104DF0004FF00108DEE700200DB0BDE8F08F00BFE6
:104E000002464FF0203152F8163B2DE9F043C0F82E
:104E10001610864684685160C2F807101A782E2A48
:104E200014BF0120002003D113F8012F2E2AFBD03C
:104E3000611E99420BD90A4602E09342114606D000
:104E40001146013A91F800C0BCF12E0FF5D19C42F9
:104E50004FF0000540F2868007260827A946A8469D
:104E600006E001330A264FF0080910279C425BD95F
:104E70001A782E2A08BF9942F3D0222A0DD07C2A14
:104E80000BD0A2F15B0CBCF1020F06D9A2F12A0CE7
:104E9000BCF1050F21D82D2A1FD002F0C002802AB4
:104EA0005DD04E452FD299422CBF002001200A2E02
:104EB00008BF40F00100002847D09EF81630202B94
:104EC00040D09EF8143001207E21312273448EF8A8
:104ED00015009975DA75BDE8F083A2F13A0CBCF1C2
:104EE000050FDAD9A2F1210CBCF15D0FD5D84E45E2
:104EF000D9D3A2F1610CBCF1190F28D8203A3D4357
:104F0000D2B2EDB201E000205F2209F1010CF144C0
:104F1000013389F816205FFA8CF2062A914698BF71
:104F20008EF814209C42A3D89EF81630202B09D06E
:104F30000028C6D018EA050F18BF02258EF81550B4
:104F4000BDE8F0830020BDE8F0830B468EE7A2F1B8
:104F5000410CBCF1190F98BF47EA0808D5E70133A7
:104F6000002083E7A846DFE72DE9F84F4FF06209FC
:104F700000250F460446DFF8A0B04FF07E0A91F8F6
:104F8000148001F11606B8F1030FDBF8003028BFDA
:104F90004FF003082B449DB208F10403DBB205F087
:104FA0000F02581E2D09092A02F1370198BF02F19C
:104FB0003001FA18C3B291759845F0D107EB080398
:104FC0000021204683F816A0FFF774FB012120463C
:104FD000FFF710FA03460B2230469BB193F800C04E
:104FE0001946BCF1000F13D0DB7A1B07EED405F095
:104FF000CFFE0028EAD109F1FF3919F0FF09C2D12B
:10500000484603E06078B0FA80F04009BDE8F88FC8
:105010000120BDE8F88F00BFA4DB00202DE9F04F90
:105020002DED028B8BB0CDE902038B6807930B78D3
:1050300013F0700F53D0029B1B78002B4FD11369D4
:1050400090469A4A0E460C33A2FB0323C3F3870211
:1050500098F815309807049200F0A780571CFFB20B
:105060000023304619461C460693FFF723FB08F140
:105070001603A346A146A24608EE103A05947569A8
:1050800000213046FFF7B6F9C5F34F15034620B3AC
:105090000278E52A29D042B3BC4238BF00242E2A28
:1050A0002BD090F80BC0BCF10F0F54D01CF0080CA3
:1050B00023D1B9F1000F40F0D5800B2218EE101A61
:1050C00005F066FE0028DAD198F8153013F00103D8
:1050D00000F0E48001230593D1E7737883B10020C9
:1050E0000BB0BDEC028BBDE8F08F002C08BFAA46C8
:1050F000BC4201D20134E4B212B14FF00009BEE764
:10510000039B9A05EBD503F00303013B012BE6D883
:10511000002C08BFAA46BC4203D348E0DCB2A74239
:1051200045D000213046FFF765F9631C0028F5D112
:105130007378002BD3D1A74239D9079D05E02B798D
:1051400004EB0314E4B2A74231D93046FEF7C2FDA6
:105150000028F4D1C3E7B9F1000F19D102F01F0BF9
:10516000049959458BD112F0400988D0437B894678
:105170000693BBF1010F82D1691C4B464246304673
:1051800089B2FFF74DFD002808BF4FF0000976E710
:105190000BF1FF3B5FFA8BFB5A45AED1437B069A7E
:1051A0009342E6D04FF0000969E7012758E7059BD5
:1051B0002BB141463046FFF7D7FE00288FD0013F84
:1051C00042463046FBB20AEB03051F46ADB2294604
:1051D000FFF784FD002882D069013046FFF76AFAA4
:1051E00000283FF47CAF00213046FFF703F9044666
:1051F00000283FF474AF2022002105F075FED8F896
:105200001620D8F81A302260636098F82030B8F879
:105210001E20A372228198F8153003F0180323731F
:10522000234B1B68002B3BD00DF123020DF126010F
:1052300009A89847BDF824302382BDF82630E381C1
:105240009DF823306373079A92F8283043F00103E6
:1052500082F82830039B2A46314602980097FFF7D0
:1052600081FA3DE7BBF1010F7FF439AF0A3001E06D
:1052700013F8012F4FEACC11984241EA5C0152FA2F
:1052800081F25FFA82FCF3D1069B63457FF427AF7E
:105290004F46039B19053FF522AFDBE71F46F8E7B2
:1052A00045F62143238223836382CCE74FECC44E2F
:1052B00044A200202DE9F0411F460B7882B00C4635
:1052C000202B154603D114F8013F202BFBD02C6076
:1052D000237863B32F2B2AD04FF00008294E211DCD
:1052E000204601AA00F06AFF044670B1019BB3F5A5
:1052F000803F40D27F2B08F1010831D83C2BD9B236
:1053000029D8212905D81F2909D8002002B0BDE8D5
:10531000F0812239C9B226FA01F1CA07F5D42E2B41
:1053200001D0202B1CD123780BB12F2BD7D12B6987
:10533000013BFE2BE9D82378202B03D114F8013F41
:10534000202BFBD02F2BF9D028463C6002B0BDE8C3
:10535000F041FFF755BD5C29D7D005D97C29D4D0C1
:10536000C5F81080AC60DEE73E390129F8D800208E
:1053700002B0BDE8F08108F10208AC60C5F8108009
:10538000D1E700BF01210005F0B500238BB00193E8
:1053900083789A0724D5016A054619B1806800F020
:1053A0002FFBE8B101212846FEF7D0FCC0B1421E18
:1053B00000F10A0C0024E30112F8011F43EA540330
:1053C000944551FA83F3DCB2F5D1E526002306704B
:1053D000AF682B7007F12800AB7000F023FE10B906
:1053E00000200BB0F0BD07F50E7000F01BFE00288A
:1053F000F6D0386803681B6A98470028F0D0EB782D
:10540000002BEED0294601A8FEF7C0FE0028E7D009
:10541000EB78002BE4D0012721E001A8FEF7EAFF9A
:105420007B1CF9B20028DBD0C27A0F2AD8D10278CF
:105430005FFA83FC9FB202F01F038B42D0D1437B03
:10544000A342CDD10670A96891F8283043F001033A
:1054500081F8283053060DD4EB786345C0D3A98872
:1054600001A8C91B89B24901FFF724F900210028CE
:10547000D3D1B5E7AC6804F1280000F0D3FD0028D3
:10548000AED004F50E7000F0CDFD0028A8D0206845
:1054900003681B6A9847A4E7042A04D801EB420278
:1054A000B2F8010070470A2A03D801EB4202908843
:1054B00070470C2A03D801EB4201C88870470020CE
:1054C000704700BFF8B504780E467CB114F0600454
:1054D000174607D0012A09D92F22002301200A707C
:1054E0004B70F8BD2146FEF731FC18B90023184671
:1054F0003370F8BD0346A446082111E0027B114237
:1055000003D00EF1200E5FFA8EFE651CBD42EDD277
:105510000CF1010C06F804E0ECB2BCF10C0F10D059
:10552000BCF1080F11D013F801EBAEF14102192ABA
:10553000E4D9BEF1200FE8D10CF1010CBCF10C0F45
:10554000EED1002320463355F8BD1A78202AF8D032
:1055500010214FF02E0ED8E72DE9F04F00248BB02C
:10556000037889460194002B55D0C3780646002B5A
:1055700058D0014601A89046FEF708FE00284AD000
:10558000F078002843D008F1FF38CB464FF0010AED
:10559000C844B18801A8A1EB0A0189B24901FFF70B
:1055A00089F8C0B3002101A8FEF724FF98B3C37A9D
:1055B0000F2B30D103785FFA8AF103F01F038B427F
:1055C00029D1471C0025042DEBB23FD83B8874BB82
:1055D00003F5205189B2B1F5006F3ED3A3B118464F
:1055E0005946424600F098FD8346A0B1002401359B
:1055F00002370D2DE7D10AF1010AF1785FFA8AF33B
:105600001FFA8AFA9942C4D2ABEB0900D9460023AB
:1056100089F8003003E00023184689F800300BB009
:10562000BDE8F08FFFF74EFF0BB0BDE8F08F03F53C
:10563000105189B2B1F5806FEDD20A4AC3F3090364
:1056400002EA8420184300F58030C9E70A2B94BF92
:10565000B7F80330B7F80530B9E7B1F5806FDAD2A3
:105660001C46C4E700FC0F00FFF776BF2DE9F843A6
:10567000DDE90887C3B181460C4615465E1802E095
:10568000C047B44210D0D9F8003021462A464846D7
:105690001B69984703463A46204629460134002BA9
:1056A000EED11846BDE8F88301231846BDE8F8831B
:1056B00010B41468B4F5807FA44628BF4FF4807CF2
:1056C00001EB4C00814207D231F8023B13B9536819
:1056D000013353608842F7D8A4EB0C0414605DF8E2
:1056E000044B704710B41468802CA44628BF4FF0B8
:1056F000800C01EB8C00814207D251F8043B13B9B6
:105700005368013353608842F7D8A4EB0C0414604B
:105710005DF8044B704700BF2DE9F843C379044698
:105720000D461746202B59D0102B30D00C2B51D1C1
:10573000027AC1F34E01836900F50E7911FA85F101
:10574000A2F1020248468EB2B2FA82F2C1F34621B9
:10575000520901EB03085200414600F08FFC00287B
:1057600038D0C6F30806731C865DB3F5007F23D0DE
:1057700018440378EA07E26946EA03234CBF1B0991
:10578000C3F30B039A4240D20020BDE8F883027AAB
:10579000C1F30721836900F50E70A2F102021944DA
:1057A000B2FA82F25209520000F068FC90B16D002A
:1057B00005F4FF75435B25E0227A08F101014846B4
:1057C000A2F10202B2FA82F25209520000F056FC33
:1057D0000028CED14FF0FF30BDE8F883027A81690E
:1057E00000F50E70A2F1020201EBD511B2FA82F2BD
:1057F0005209520000F042FC0028EBD0AD0005F445
:10580000FE754359E2699A42BED301203B60BDE870
:10581000F88300BF2DE9F843C37905460C461646C8
:10582000202B48D0102B2DD00C2B41D1C1F34E0191
:10583000836900F50E7911FA84F11FFA81F8C1F33A
:105840004621CF18037A4846022B394614BF01225D
:10585000032200F013FC58B314F00104C8F308034A
:105860003FD0C25C02F00F0242EA0612C25401337A
:10587000B3F5007F3AD0C6F30712034401201A7033
:10588000BDE8F883027AC1F30721836900F50E7041
:10589000022A194414BF0122032200F0EFFB034641
:1058A00030B16400012004F4FF741E53BDE8F88396
:1058B0000020BDE8F883037A816900F50E70022BA1
:1058C00001EBD41114BF0122032200F0D7FB0346E1
:1058D0000028EDD0A400012004F4FE741E51BDE8A0
:1058E000F883C6540133B3F5007F15D12B7A791CA8
:1058F0004846022B14BF0122032200F0BFFB0346DF
:105900000028D5D0C6F30712002CB7D1197821F0A2
:105910000F0141EA1212B1E7C6F307120344F5E79B
:105920002DE9F041C46882B005460E468C4290468F
:1059300040D301270134EB6901AA2846A34205D2CE
:105940009FBBEC6801273C44A3422ED3A64218BF5C
:10595000012C214629D9FFF7DFFE002825DBE9D0FD
:10596000019B002BE6D107B1EC60EB69A3421CD38D
:105970006FF0704221462846FFF74CFF0746A0B162
:105980003EB96B6A002B01DB013B6B62C8F800403B
:105990000CE0012E09D0EB699E4206D83146224622
:1059A0002846FFF737FF0028EBD10027384602B022
:1059B000BDE8F0810C460027BCE700BF01290CD9E7
:1059C00010B4C4698C4203D35DF8044BFFF7A4BE46
:1059D0004FF0FF305DF8044B70474FF0FF307047D9
:1059E00001290BD910B4C4698C4203D35DF8044B70
:1059F000FFF710BF00205DF8044B70470020704790
:105A000070B5054682B00C461DE0EB699C421FD87C
:105A1000FFF782FE064621460022002E284617DBAD
:105A2000EB699C4214D8FFF7F5FE621E80B16B6AE9
:105A3000002B03F10103A8BF6B62EB68A342019C3A
:105A400088BFEA602EB1012C214601AA2846DCD885
:105A5000002002B070BD00BF2DE9F0470646406A45
:105A600084B000281BDAF2790C2A1BD1F7697B1C61
:105A7000022B40F2CD8002240025214602AA3046A6
:105A8000FFF74AFE002804F1010306DB57D1A742C5
:105A90001C465CD0F2699342EFD94FF0FF3004B05E
:105AA000BDE8F087F169002096F838320131346999
:105AB000DB07CDE9021000F1858000214FF0FF33B4
:105AC000202A06F5127786F83812C6F8443242D0FA
:105AD000D6F800804F4BD8F80020D6F818A095696A
:105AE0009D4278D1002C00F082800AEB04091369F2
:105AF00051463A46404698470028CED00299B1F523
:105B0000807F8E4628BF4FF4807E07EB4E0CBC454D
:105B10000BD9039D3B46002233F8024B0CB90135EB
:105B200002469C45F8D802B103950AF1010AA1EB9F
:105B30000E01D14502915AD0D8F80020D7E7029A39
:105B4000002AA4D1A74205F101051C46A2D128468E
:105B500004B0BDE8F087D6F800A02E4BDAF800209C
:105B6000D6F8189095699D4246D1002C3FD009EB9C
:105B70000408136949463A465046984700288CD095
:105B8000DDF808C0BCF1800FE64628BF4FF0800E5C
:105B900007EB8E02BA420BD9039D3B46002153F816
:105BA000044B0CB9013501469A42F8D801B103956E
:105BB00009F10109ACEB0E03C845029317D0DAF8DE
:105BC0000020D6E706F50E7000F02CFA00283FF40E
:105BD00064AFF27971E7234602AC3A46514601942C
:105BE00040460D4C0094A84700283FF456AF039858
:105BF000706204B0BDE8F087234602AC3A464946DD
:105C000001945046054C0094A8470028EFD144E782
:105C1000002044E74132010085320100B932010021
:105C200070B500230446154601204FF0FF3204F101
:105C300028062160E371E060E162C4F83C1284F858
:105C4000283084F838326263C4F84422CDB1042D80
:105C500001D9002070BD1A461946304600F00EFAF0
:105C60006FF0704300F5DF722B441D0102EB03134C
:105C70000028EED019790029EBD0525D5206E8D108
:105C80009D6800222946304600F0F8F90028E0D04F
:105C9000B0F80B30B3F5007FDBD1037C5A1E2372C2
:105CA000012AD6D8417B4B1E0129217163714FF027
:105CB0000003A37144D0012252000133D2B2DBB2FF
:105CC000914204D0082BF7D10020A37170BD1E466D
:105CD000A371C18A216109B9416A2161C289B0F801
:105CE00011302A4463815B01A26190F810C003F275
:105CF000FF1301FB0C2202EB53232262B0F81320A6
:105D0000636102B9026AED1AAB18F3405A1CE261F2
:105D10004FF0FF32626240F6F47293420CD94FF6B4
:105D2000F47293420AD9C26A202322620120E371ED
:105D30002163C4F8401270BD0C23F7E71023F5E788
:105D40001E46C6E7F8B500268F6B0D460446C0E92F
:105D50000E669FB10146242000F0DCF806808670B4
:105D60008446AD6BA0630FCDACE80F000FCDACE85F
:105D70000F002B68CCF800302046F8BDCB6B002B11
:105D8000FAD00146382000F0C5F880F83170478617
:105D90000246EB6BE06303F130071E68103353F8E3
:105DA0000C5C103253F8080C53F8041CBB4242F848
:105DB000106C42F80C5C42F8080C42F8041CECD160
:105DC0001B6820461360F8BD10B50446806B10B107
:105DD000FDF7CCFF30B9E06B10B1FCF715FA20B934
:105DE000002010BD0023A36310BD0023E36310BD9A
:105DF000002952D02DE9F0410446806B0D4617462C
:105E00001E4610B1FDF7B2FFA0BBE06B10B1FCF76E
:105E1000FBF9B8BBD5F88084B8F1000F11D021464A
:105E2000242000F077F8334600263A460680867034
:105E3000A063D5F88014FEF7A1F958BBA063BDE8B4
:105E4000F081D5F8843493B12146382000F062F80F
:105E5000334680F831803A46A0F83280E063D5F8C6
:105E60008414FCF705FEA8B9E063BDE8F0810020CA
:105E7000BDE8F0810023D5F88084A363B8F1000F5A
:105E8000CDD1DEE70023D5F88084E363B8F1000FBD
:105E9000C5D1D6E70120BDE8F0810020704700BFE2
:105EA000F8B50446806B0D46174610B1FDF75EFF4E
:105EB00038BBE06B10B1FCF7A7F938BBAE6B76B11D
:105EC0002146242000F026F800213A460180817006
:105ED000A063A96BFEF7B8FC88B9A063F8BDE86BB6
:105EE0000028FBD02146382000F014F83A4680F80C
:105EF00031604686E063E96BFCF7C2FD20B101200A
:105F0000F8BD0023A363D9E7E063F8BD0023E36392
:105F1000D4E700BF084670472DE9F041002604464B
:105F20009846C0F88814C0F8806401464FF4906029
:105F30001746FFF7EFFF424680F84464054680F8B5
:105F40007964A0F87A64C4F88404D4F88814FDF75E
:105F5000D1FDA0BB0026214640F26C40C4F8846409
:105F6000FFF7D8FF0223C6714246A0F848640546F1
:105F700080F84A640372C4F88004D4F88814FFF7E8
:105F80004FFE38B900231A4A18461360C4F880340B
:105F9000BDE8F08105F589663046FDF7E7FE294644
:105FA0003046FEF721F90028ECD0124B1A68AAB946
:105FB0001D600F4BAFB101201C60BDE8F08105F5FD
:105FC00089663046FCF720F929463046FCF74AF945
:105FD0000028BFD0084B1A68002AE9D0044B002FD4
:105FE000E9D11A68002AE6D00120BDE8F08100BF9F
:105FF0007CB1002080B1002048A2002070B50025AF
:106000004FF47A760446456005738660C0E9125500
:10601000034D40F8105BFFF7EBFE204670BD00BF5C
:10602000D424002030B5037883B0DC071DD50446A6
:10603000406804F110020368E16801925B6A9847C6
:10604000019A0546A8B12378990708D56068D4E974
:106050000231194403685B6A984750B1237823F0F2
:1060600001032846237003B030BD0125284603B044
:1060700030BD0025284603B030BD00BFF8B54368E9
:106080000BB3C36804460F4615468B4206D110F881
:10609000103B05F003052B432370F8BDFFF7C2FF4B
:1060A00088B16B0705D504F1100630460023E76080
:1060B000EFE7606804F110063946036832461B6951
:1060C00098470028F1D10020F8BD00BF10B5044664
:1060D000808982B018B10023A38102B010BDD4E939
:1060E00001318B42F9D201AA184600F067F880B15D
:1060F000019B6060B3F5803F01D298B2EDE7980A4A
:10610000C3F30903A0F52150A3F5105380B2A38176
:10611000E3E74FF6FF70E0E77F28A2EB010205D826
:1061200012B10A4602F8010B10467047B0F5006F35
:106130000FD2012A40D94FEA901C00F03F030A46D3
:106140006CF03F0063F07F0302F8020B10464B70C7
:106150007047B0F5803F16D2022A2DD9C0F3851CB6
:1061600000F03F03CA1C63F07F0300B54FEA103E06
:106170006CF07F008B706EF01F0E4870104681F837
:1061800000E05DF804FB032A16D94FEA904CC0F3F7
:106190000532C0F3851300F03F0062F07F026CF01F
:1061A0000F0C63F07F0360F07F004A700A1DC87017
:1061B00081F800C08B70B7E70022B5E788423DD276
:1061C000034610B490F900001C7800282DDA04F082
:1061D000E000C02834D004F0F000E02834D004F00F
:1061E000F800F02826D104F007040420184488425F
:1061F00020D8013313F8011B01F0C00C01F03F015E
:10620000BCF1800F41EA841414D18342F2D1A4F18D
:1062100080010F4B99420DD8A4F55843B3F5006F98
:1062200008D314605DF8044B7047581C14605DF887
:10623000044B704700205DF8044B70470020704706
:1062400004F01F040220D1E704F00F040320CDE77F
:106250007FFF10007E283ED94FF0350C002330B46C
:10626000284C04E034F82120824220D80B46ACEBC5
:106270000302012A03EB5201F4D89BB234F8232025
:10628000904216D24B2400231F4D04E035F8212004
:1062900082421ED80B46E21A012A03EB5201F5D8BE
:1062A0009BB235F8232082421FD030BC70478C4609
:1062B000DDE704EB8304821AE3789A42E2DA94F988
:1062C0000230012B16D0D3B19BB2034430BC98B23C
:1062D00070470C46DFE7A0F16103192B8CBF002348
:1062E0000123A0EB431398B2704705EB8305688840
:1062F00030BC704702F00102831A98B2D5E74EF223
:10630000A033E2E77C0F0020F0080020704700BFB8
:10631000012BF0B5054695B03DD0022B40F202208E
:1063200001F104010CBF034600236846FFF766FE37
:10633000129B002B38D05C200026FAF71BFA214B69
:1063400004AF0446C0E90036019B3946183040F8D6
:106350000C3C1D4B40F8103C029B40F8083C9DF85B
:106360000C3000F8043CFFF7EDFC184B4FF47A7248
:10637000A665A360164B6E602B6063682E730133B5
:10638000AA602C616360134B38460093FFF71CFD35
:10639000284615B0F0BD44F2022304316846FFF7E9
:1063A0002DFE129B002BC6D1139B002BC3D14FF4A3
:1063B0007A71074A04AF2B732A602B61C5E901315A
:1063C000E1E700BFF824002054250020D424002059
:1063D000A8240020C821002010B5D0F884448EB035
:1063E0000A4644B10023214668460093FDF7C6FEE5
:1063F00080B90EB010BDD0F8881441B1234668466C
:106400000C94FCF735FB50B900200EB010BD0846C7
:106410000EB010BD6846FEF705F90EB010BD684617
:10642000FCF7E4FB0028EFD0E3E700BF70B5D0F83D
:1064300084548EB016465DB105F5896500230A4681
:10644000684629460093FDF717FE90B90EB070BD5F
:10645000D0F888040028F9D000F589640A462B4654
:10646000684621460C95FCF787FA48B900200EB023
:1064700070BD324629466846FDF7DEFF0EB070BD9E
:10648000324621466846FCF705FD0028EED0DDE7E0
:1064900010B5D0F884448EB00A464CB100200123D8
:1064A000214600906846FDF769FE80B90EB010BD28
:1064B000D0F8881441B1012368460C94FCF7D8FA4F
:1064C00050B900200EB010BD08460EB010BD684691
:1064D000FEF75AFF0EB010BD6846FCF72DFB0028F2
:1064E000EFD0E3E730B5D0F884448FB00A464CB122
:1064F0000025012304F5896168460095FDF746FDF6
:106500000FB030BDD0F888040028F9D000F58961BB
:10651000012368460C94FCF73FFD0FB030BD00BF6F
:1065200010B5D0F884448EB00A463CB10023214611
:1065300068460093FDF722FE0EB010BDD0F8881417
:1065400031B1234668460C94FCF792FA0EB010BDA8
:1065500008460EB010BD00BFF8B5054690F8D0044F
:1065600008B90146F8BDD5F88434002B4CD0DC695D
:10657000D5F89004013C002854D00368DB6B9847A1
:10658000E0B1D5F8900478B303681B6C9847A8B9BC
:10659000D5F8900440B3036801215B6C9847074627
:1065A00010B3D5F8840458BBD5F8886433466EB967
:1065B000D5F8900490B900200146D3E7D5F88404BB
:1065C000E8B9D5F88834002BF5D007461846FDF712
:1065D0005BFA06463FB1D5F8900428B10368002164
:1065E0005B6C984700B1A41BD5F88434FBB19B7950
:1065F0004FF40071994089B2A1FB0401F8BD002756
:10660000FFF72AFA0646E5E7D5F88834D5F890046E
:10661000B3B1D3F830440028AFD11846FDF734FAAF
:106620000646E0E71846FFF717FA0646DBE7D5F817
:106630008864002EBFD0D6F83C14A1FB0401F8BD3D
:106640000028B8D01C4698E790F8D03463B1D0F851
:10665000843463B19A794FF40070D969904001395C
:1066600080B2A0FB01017047184601467047D0F880
:1066700088040028F9D0D0F83C14D0F83004A1FBED
:10668000000170472DE9F043D0F890548DB04DB122
:1066900098462B6804462846DB699847B0F5405F6A
:1066A000064604D8002630460DB0BDE8F0834FF40E
:1066B000007003F035FD07460028F3D00DF1040902
:1066C000B6F1806F02464346294648462ED900F06F
:1066D0000BFA0646384603F02BFD002EE2D02B685D
:1066E0002846271D1B6A984794F8C034FF2B21D0F9
:1066F000D4F8C43404F5946502932846D4F8C83419
:106700000393B4F8C034ADF8043099E80E0001F0FA
:106710001DFE94F8B134C4F89054002BC3D101236A
:10672000294638461A46FFF7F7FBBCE700F002FFA0
:106730000646CFE704F2944594F8CC14284602F0BC
:106740004DFC2846C4F8905401F0AAFE0028AAD1B6
:106750000123D4F8901438461A46FFF7DDFBA2E770
:10676000F0B5D0F8906485B00446002E42D090F881
:10677000D05490F8D13485B1FE2B63D094F8D20474
:1067800027283DD93368694630469B6C98470546B3
:10679000284684F8D05405B0F0BDFE2B26D090F8E2
:1067A000D204272849D994F8C034271DFF2B2DD0B7
:1067B000D4F8C43404F59466D4F8C8240193304660
:1067C000B4F8C0340292ADF800306B460ECB01F045
:1067D000BDFD94F8B134C4F8906463B90123314627
:1067E00038461A46FFF798FB054604E01F4B9B68A6
:1067F0009B03D8D40025284684F8D05405B0F0BDBA
:10680000F9F7D8FC051E18BF0125F4E704F29446F9
:1068100094F8CC14304602F0E1FB3046C4F89064A2
:1068200001F03EFE0028E6D10123D4F8901438464A
:106830001A46FFF771FB0546DDE7F9F7BBFC0028B8
:10684000B1D1D7E7336830465B6D9847421C0346A9
:1068500094D00028CFD194F8D124FE2ACAD10321A4
:1068600026201D46F9F7B8FCC5E700BF00800042AE
:1068700018484FF0290C184A0023184910B4C0F8E2
:106880009424072280F8B1C44FF0FF0CC0F8A8147C
:106890004FF47F41124CC0F8AC24124AA0F8D01437
:1068A000A0F89C3480F8B53480F8CC3480F8D2C499
:1068B0000460C0F8A0240C490C4A5DF8044BC0F8F1
:1068C0008434C0F88834C0F8903480F8BC34FBF7C6
:1068D00041BA00BFF8440020CC25002000093D004B
:1068E0007825002048230020E13E0100C837002021
:1068F00010B50446F8F744FB204610BD024A034990
:106900000348FBF727BA00BFC8370020C544010081
:106910004CA20020024A03490348FBF71BBA00BF00
:10692000C8370020C544010054A20020024A034990
:106930000348FBF70FBA00BFC8370020C544010069
:106940005CA20020024A03490348FBF703BA00BFD8
:10695000C8370020C544010074A2002069B170B599
:10696000054608460C4604F0E1FC2B680246214629
:1069700028465B68BDE87040184770478368C3F3DA
:10698000080383B1002110B40269D1540133B3F577
:10699000007FF9D10168D0E903321C681846636AA8
:1069A0005DF8044B18470120704700BF826803461A
:1069B000006940F2FF1CC2F3080281546245586826
:1069C00001EB7001986800F10100C3E9011001D0EA
:1069D00001207047D868196810B404684A1C646ABA
:1069E0001A601A6923465DF8044B184738B5836866
:1069F000CAB20D460169C3F3080340F2FF1C044606
:106A0000CA546345416802EB71024260826802F138
:106A10000102826005D0290A2046BDE83840FFF710
:106A2000C5BF0168C0684A1C03685B6A22602269AE
:106A300098470028EFD138BDF8B50023064601601D
:106A40001D46C0E90133A8B2FFF704FCA842044682
:106A500007D0C1B23046FFF7A9FF00283BD1002084
:106A6000F8BD6C1CB4F5803F04D12AE00134B4F5C4
:106A7000803F04D0A0B2FFF7EDFBA042F6D0671B29
:106A8000B7F5007F1DD34FF6FF713046FFF7AEFF1D
:106A90000028E4D0B9B23046FFF7A8FF0028DED0C6
:106AA0002546B5F5803FCED13046BDE8F840FFF72A
:106AB00065BFC5F3072130460135FFF777FF002892
:106AC000CDD0A542E9B23046EBD2FFF76FFF0028E8
:106AD000EFD10020F8BDC4F307213046FFF766FF71
:106AE0000028BCD00135DCE72DE9F04F1F4689B006
:106AF0000B680D4604901446C16002610846DB69CC
:106B00009847B0F5801F0090C0F0D8800023012284
:106B1000009E01335200DBB201D09642F9D81C2B03
:106B2000009640F2B780A3F10B08012248FA02F167
:106B3000C8F347088A4002910792013301225B1093
:106B40009A40069204229A400392022202FA03F328
:106B50000193009A0021039B2046029E4FF0010AF8
:106B6000D31A4FF400724AF6552BF34003FA06F994
:106B70000593019E04F0B8F9FF2384F8BFA184F8BF
:106B8000C0A1B14484F8C431224684F8C53107233A
:106B90000021284684F8C231FE23C4F8C66184F877
:106BA000C3312B68C4F8CA915B6AA4F8FEB1984758
:106BB000002863D04FF400720021204604F094F9BD
:106BC000009B84F86D804FF000086366F421059BFC
:106BD00004F17800069AE365202326642372637229
:106BE000A372EB23A665464623707623C4F848902B
:106BF0006370902384F86EA0A3704523E37058233C
:106C00002371462363714123A3715423E371042349
:106C100023664FF48073A4F86830092384F86C303D
:106C20008023C4E9142284F86F304FF4C37204F057
:106C30005BF9A4F8FEB1A8F16A03012B06D9B8F1FB
:106C4000700F03D014F8083003EB760608F1010842
:106C5000B8F5007FEFD12B682246DDF80490284676
:106C60005B6A4946984748B12B6849462246284600
:106C70005B6A0C31CDF80490984740BB2FB13B685C
:106C80000F22B84938465B6898470026304609B05D
:106C9000BDE8F08F1A2B4FF0080800F2A6814FF4E0
:106CA0008043CDF8088001934FF4004303934FF4E1
:106CB000807307934FF4005306934AE7002FE4D004
:106CC0003B681522A84938465B689847D7E7424693
:106CD0000021204609F1010A04F006F94AF655237D
:106CE00009F1090204F2FF19A4F8FE3100239346CA
:106CF000A04601E018F8013FC14503EB7606F9D143
:106D00002B682246514628465B6A98470028B5D032
:106D10002B6822460AF10C0128465B6A9847002836
:106D2000ACD00AF101039B4502D09A462378DFE7F5
:106D30004FF40072002120469B4604F0D5F8002253
:106D40000AF1030A1146234601E013F8011F984592
:106D500001EB7606F9D12B682246594628465B6A34
:106D6000984700288AD02B6822460BF10C01284650
:106D70005B6A9847002881D00BF101018A456AD1EE
:106D8000231F04F5FE7243F8046F9A42FBD12B686F
:106D9000224628465B6A984700283FF46FAF2B686D
:106DA0000BF10D01224628465B6A984700283FF404
:106DB00065AF2FB13B680C226C4938465B68984739
:106DC000069A0021019B2046002613444FF40072CE
:106DD0009946059B4FEA830804F086F823464FF056
:106DE000FF3208F20728F821B7F1000B4FEA582AC2
:106DF00003F8011B4FEA9838C4F8012018BF4FF080
:106E0000010BDA605A609A60C3F80F2002E0013685
:106E1000B24523D0B6FBF8F308FB136343B9BBF1CB
:106E2000000F05D03B680122514938465B689847FE
:106E30002B6809EB0601224628465B6A9847002822
:106E40003FF41CAF002EE2D131464FF400722046D1
:106E500004F04AF8DBE78B46217874E7002F34D042
:106E60003B680222434938465B689847059E079A6B
:106E70000736F60806F2FF13B2EB532F4FEA5329F9
:106E8000FFF4FDAE4FF400720021204604F02CF810
:106E900007232370B9F1000F00F08A804FF000083B
:106EA00008E0B8F1000F01D184F8008008F1010872
:106EB000C1457BD9039A28462B6802EB080122467C
:106EC0005B6A98470028ECD1D8E6059E079A0736FA
:106ED000F60806F2FF13B2EB532F4FEA5329FFF4E3
:106EE000D4AE4FF400723946204603F0FDFF07236D
:106EF0002370B9F1000FD1D1039B079A0498991818
:106F0000FFF79AFD00283FF4C0AE029A4FF40073D9
:106F10009340049A92689A423FF6B7AE4FF0020847
:106F2000029B4FF40072002108FA03F9039B2046EC
:106F3000994403F0D9FF81220323049909F1FF3911
:106F400084F820208222237084F84020C4E90D8632
:106F50004A684FF00108636562648B68A36500238B
:106F6000E3650EE0FC1000209C100020B41000200F
:106F700008070020D8100020079B98453BD208F155
:106F800001082B6809EB0801224628465B6A9847EE
:106F9000064600283FF472AEB8F1010FECD14FF471
:106FA00000720021204603F09FFFE8E7002FA3D0E6
:106FB0003B681622144938465B689847039B079A3A
:106FC00004989918FFF738FD00283FF458AE029A4C
:106FD0004FF400739340049A92689A423FF64FAE82
:106FE0000A493846FFF7BAFC98E74FF48072CDF8AB
:106FF00008800792A1E5002F3FF448AE04493846C7
:10700000FFF7ACFC42E600BFC4100020DC100020FB
:10701000EC1000202DE9F843DDF82090A2B10546E0
:107020000C469846571801E0BC420DD02B6820460C
:1070300049465E6AC0472146024628460134B047A9
:107040000028F1D1BDE8F8830120BDE8F88300BF36
:10705000486810B50C4630B10B894A8901339BB2A0
:107060009A420B8101D9206810BD036801220349AF
:107070005B68984700232068238110BD0807002023
:107080002DE9F04F054687B08846924600214FF41F
:107090000072406A03F028FF286A28B103680C22B6
:1070A0003A495B689847286A6B6A4FF00009EE69B5
:1070B0000AF1FF32DFF8E0C0E968ADF814904C1C2B
:1070C000CDE903304FEA5A13ADF816303368DF6A62
:1070D000674526D16AB301EB0A07DFF8C0A00AE0D2
:1070E0002146039A30460134D84700283FD0A742B2
:1070F0001ED033680498D3F824B00028F0D0BDF82F
:107100001430BDF8162001339BB29A42ADF814300A
:10711000E6D80368514601225B689847ADF81490A1
:10712000DEE703AB214630460093194BB847F0B178
:10713000286A20B10368022216495B689847B8F1B3
:10714000100F4FF0F8016A6A4FF001030CBF0420E2
:107150000C201170FF216A6AD15401339842FAD190
:10716000E8696A6A0368E9685B6A984718B90020A9
:1071700007B0BDE8F08FD5E90231E86919446A6AC1
:1071800003685B6A984707B0BDE8F08FB410002031
:10719000254C0100D8100020E94B01000807002011
:1071A00038B5436A4FF40075044600212A46184654
:1071B00003F09AFE4FF02031EB22A0F80B50C0F8FC
:1071C00003100346C0F807109021027076209970D2
:1071D0000222587094F82B1059734AF65521208DCD
:1071E0001A74F822D8815A752269DA61A269A3F863
:1071F000FE111A6238BD00BF70B504464FF400722C
:107200000021406A03F070FE656A2269216805F278
:10721000BF1002F03DFBA369226905F2C31021688B
:107220001A44013A02F034FB94F82A204AF6552316
:1072300085F8C2212269E069C5F8C621626AA169A0
:10724000A5F8FE310368C5F8CA1100215B6ABDE8E4
:107250007040184770B546694FF4807390F82BE082
:107260000446A6F58072456A4360B2FBFEF202F264
:10727000011C4FEA1C214FEA410C81600CF1A10076
:1072800098420ED98033F21AB2FBFEF202F20111DB
:10729000090A4FEA410C0CF1A1008342F2D3C4E980
:1072A00001311B1AA2F6F57103F18000B1F5704FA0
:1072B00020614FD20CF1210C8133204602FB0EC21B
:1072C000E360B2F5803FA26134BF0423062384F853
:1072D0002A3001232385FFF78FFF08B9002070BDF6
:1072E0002046FFF75DFF2922A1684FF0203385F883
:1072F00026204622C5F82F30802085F836205422DB
:10730000C5F82B30C5F83230312385F838203622C5
:10731000E982412185F8393085F837104FF4007142
:1073200085F8240085F83A200F4BE069C5F827302E
:107330000368A5F81110626A21695B6A9847002802
:10734000CCD062682046E3681021D21ABDE87040B4
:10735000FFF796BE206A0028C0D0036813220349B5
:107360005B689847002070BD87D612008810002007
:10737000F8B546694FF4005390F82BC04FF48042A3
:10738000A6F58041036142F2090E0446456A426057
:10739000B1FBFCF101F18103DB0983600EEB4300DB
:1073A000904240F2B68002F50052B11AB1FBFCF1F6
:1073B00001F18103DB090EEB43005F008242F2D34F
:1073C000C4E901234FF6F473994240F2978001FB20
:1073D0000C2CA2F500522046D21B92B202F50053AB
:1073E00022854D4AE360ACF50053944594BF4FF0BD
:1073F0000B0C4FF00C0CA36184F82AC0FFF7FCFEC5
:1074000008B90020F8BD2046FFF7CAFEA16829226E
:107410004FF020338020696285F8422054214622B3
:10742000C5F84B3085F840004120C5F84730C5F815
:107430004E30022385F85220332285F85410322131
:1074400085F8552085F8530085F85610EB62E06901
:10745000324B334A2B630368C5F843205B6A626A88
:10746000216998470028CCD0E0692169036806317A
:10747000626A5B6A98470028C3D04FF4007200210B
:10748000606A03F031FDE069264A0368C5F8FC2113
:1074900021695B6A0231626A98470028B1D0E069CD
:1074A000216903680831626A5B6A98470028A8D09E
:1074B0004FF0FF33E0691C4AC5E97A331B4B2A6061
:1074C000C5F8E43103682169626A5B6A0131984753
:1074D000002896D0E06921690368626A07315B6A17
:1074E000984700288DD0A268204694F82B302021A0
:1074F00003EB4202BDE8F840FFF7C2BD206A002856
:107500003FF47FAF0368132209495B689847002066
:10751000F8BD5F0056E700BF0004FB000100060055
:1075200087D61200000055AA525261417272416121
:107530008810002038B504460D68C16108466262B3
:10754000EA692362904700F2FF736061DB0A062B51
:10755000236024D9102B13D80223B0F5800F84F8B0
:107560002B3020462ED2FFF775FE0546206A05B364
:1075700020B103680D2219495B689847284638BD39
:10758000202B23D9402B23D9802B23D9B3F5806F0F
:1075900022D9B3F5004F8CBF80234023DDE7206A5A
:1075A00020B1036814220E495B68984700252846DD
:1075B00038BD0028FAD003680F220A495B68984753
:1075C000284638BDFFF7D4FE0546CFE70423C4E7BD
:1075D0000823C2E71023C0E72023BEE7681000207D
:1075E00050100020781000204FF0FF30704700BF8F
:1075F000407C7047007D7047407D70470120704798
:10760000007F70472DE9F0471E46C37C05460C46B7
:10761000022B9146089F28D02B68214628461B6ED6
:10762000984798B1AC61B9F1000F12D004EB09088A
:1076300001E0A0450DD039462046B0472B680146F1
:107640002846DB6D013498470028F2D10020BDE8C0
:10765000F087AB69287F4B44AB610028F7D12B68DA
:1076600028465B6EBDE8F047184783698B42D3D14B
:10767000D9E700BF704700BF043002F0B5B800BFC3
:1076800010B504462021F9F777F8204610BD00BF59
:107690002DE9F0411F46C37C05460E46022B1446D9
:1076A00024D02B68314628461B6E984778B1AE61CE
:1076B00087B1002601E0B7420CD02A68214628464F
:1076C0000136D26D04F5007490470028F3D10020F4
:1076D000BDE8F081AB69287F3B44AB610028F7D15E
:1076E0002B6828465B6EBDE8F041184783698B42E2
:1076F000D7D1DDE72DE9F041204E074600F104081F
:10770000356805F51675ADB203E03368EB1A1B0456
:1077100010D4404602F06CF8FF280446F5D1FD2154
:10772000404602F083F8BB7CCBB900230120FB74F8
:10773000BDE8F0811E23B87C7B740028F8D0387C2B
:10774000012102F009F8FF21404602F06FF840469F
:1077500002F022F800231846BB74BDE8F081012135
:10776000387C01F0F9FF2146404602F05FF84046C0
:1077700002F012F80023BB74D7E700BFA4DB00209F
:107780002DE9F041C37C012B35D0867C04464EB1F7
:10779000043002F02DF8B0F1FF0518BF012528468E
:1077A000BDE8F081071D4FF00108384601F0D6FF13
:1077B0003146207C01F0D0FFFF21384602F036F838
:1077C000384684F8128002F013F8A37CB0F1FF056C
:1077D00018BF0125002BE2D04146207C01F0BCFF00
:1077E000FF21384602F022F8384601F0D5FF28463E
:1077F000A674BDE8F08100252846BDE8F08100BFF1
:107800002DE9F843204F0446884691463D68061D01
:1078100005F59675ADB203E03B68EB1A1B040DD479
:10782000304601F0E5FFFF282075F5D0FE281AD07C
:107830001823A07C637430B9BDE8F8831D23A07CB5
:1078400063740028F8D0207C012101F085FFFF211E
:10785000304601F0EBFF304601F09EFF0023184652
:10786000A374BDE8F8834A464146304601F0CCFF98
:10787000207538B9304601F0BBFF304601F0B8FF43
:107880000120D9E72523D4E7A4DB0020F0B50027A9
:1078900083B00C2104463A46C77400F05BF8B0B9D7
:1078A000A67C1EB90126304603B0F0BD0546012175
:1078B000207C01F051FF201DFF21019001F0B6FF57
:1078C000019801F069FF3046A57403B0F0BD0923AB
:1078D000A67C6374002EE6D0251D207C01213E4647
:1078E00001F03AFFFF21284601F0A0FF284601F0F1
:1078F00053FF3046A77403B0F0BD00BFC27C022A1C
:1079000003D0012A04D00120704703685B6E18473A
:10791000FFF7BCBF38B503680D460D4904461A6A27
:107920008A420CD1C27C022A04D0012A0BD0012049
:10793000257738BD5B6E98470028F8D138BD904751
:107940000028FBD0F3E7FFF7A1FF0028F6D0EEE711
:10795000D15401002DE9F041036882B00F4635494A
:10796000019206461A6A8A425ED1C27C022A41D03E
:10797000012A5BD0B47C002C47D0351D0C2F11D0D0
:10798000DFF8B480D8F8004004F59674A4B204E09F
:10799000D8F80030E31A1A0434D4284601F028FF3E
:1079A000FF28F5D10DF1040802AC47F0400128464C
:1079B00001F03CFF14F8011D284601F037FFA045F7
:1079C000F8D1002F28464FF00A040CBF95218721DB
:1079D00001F02CFF284601F00BFF2846013C01F086
:1079E00007FF0306A4B2307501D5002CF5D102B013
:1079F000BDE8F0815B6E98470028BBD1FF2002B044
:107A0000BDE8F081002FCDD0F8E7351D284601F004
:107A1000A5FE2146307C01F09FFEFF21284601F0A3
:107A200005FF0123B374A9E79047E5E7FFF72EFFB1
:107A3000E2E700BFD1540100A4DB00202DE9F047AC
:107A400088B005464FF00008174601AC2E1D85F89A
:107A5000128085F8118085F8158084E80E009DF865
:107A60000400287401F074FE0121287C01F074FEEA
:107A70006C490723C5E9021394E8070005AB83E8C6
:107A8000070030460ECB01F073FEAC7C85F8138006
:107A9000002C67D00A240121287C01F05DFEFF2123
:107AA000304601F0C3FE611E11F0FF04F7D12146FC
:107AB0000A24287C01F050FE002228461146FFF7D8
:107AC00049FF012804F1FF3304460AD013F0FF04F4
:107AD000F2D10123A87C6B74002851D108B0BDE815
:107AE000F0874FF4D57208212846FFF733FF42078D
:107AF00057D56C752B68DFF830A19B6D534561D16C
:107B0000687DA0F10204DFF82491B4FA84F4D9F876
:107B10000030640903F5FA68A4071FFA88F805E045
:107B2000D9F80030A8EB03031B0449D43721002205
:107B30002846FFF70FFF224629212846FFF70AFFB4
:107B40000028EDD12B689B6D534565D1687D0228D7
:107B500049D0AB7CCBBB07230120C5E9027308B039
:107B6000BDE8F087304601F0F9FD2146287C01F0A0
:107B7000F3FDFF21304601F059FE0123AB7489E784
:107B8000287C012101F0E8FDFF21304601F04EFE86
:107B9000304601F001FE00231846AB7408B0BDE882
:107BA000F087022304246B75304601F021FE631E2A
:107BB000287513F0FF04F7D1AA289BD0062389E784
:107BC000172387E7284698479BE70121287C01F087
:107BD000C3FDFF21304601F029FE304601F0DCFDF7
:107BE0000023AB74B7E700223A212846FFF7B2FE24
:107BF000A8B9304601F0FCFD00F0C000C02801D15A
:107C000003236B75304601F0F3FD304601F0F0FDC3
:107C1000304601F0EDFD9CE72846984797E7122390
:107C200058E700BF801A0600CD510100A4DB0020F8
:107C3000F8B500220D463A210646FFF78BFEE0B963
:107C4000371D2C1D384601F0D3FD04F8010DA54267
:107C5000F8D1B47C14B901242046F8BD307C012150
:107C600001F07AFDFF21384601F0E0FD384601F0D1
:107C700093FD00232046B374F8BD1223B47C7374C3
:107C8000002CE9D0341D307C012101F065FDFF217D
:107C9000204601F0CBFD204601F07EFD00231C466E
:107CA000B3742046F8BD00BF70B5164682B00022FE
:107CB0000446FFF74FFEB0B11B236374A07C08B9E4
:107CC00002B070BD251D207C012101F045FDFF2182
:107CD000284601F0ABFD284601F05EFD0023184662
:107CE000A37402B070BD0546102231462046FFF74E
:107CF00087FD0028E2D0A67C002EE1D0207C012167
:107D000001F02AFD201DFF21019001F08FFD019857
:107D100001F042FD3046A57402B070BD0368254AEB
:107D2000DB6C934200B585B00FD16A460921FFF79D
:107D3000BBFF38B19DF8003013F0C00308D0402BD2
:107D400027D0002005B05DF804FB69469847F0E7AE
:107D50009DF809309DF80A2003F003039DF80610F2
:107D60009DF807005B0001F0030180009DF808C04A
:107D700043EAD2139DF8052040EA812002F00F0269
:107D800040EA9C1013440130073B984005B05DF871
:107D900004FB9DF809009DF8073001309DF808208C
:107DA00003F03F0300EB034000EB0220800205B02C
:107DB0005DF804FBAD5C010003680A4630B59B6DBD
:107DC00083B0164D0446AB4224D1407D03284FF0CA
:107DD0001201204618BF5202FFF7BCFD20B9012353
:107DE0001846E37403B030BD0C23A07C63740028F4
:107DF000F8D0251D207C012101F0AEFCFF21284692
:107E000001F014FD284601F0C7FC00231846A374B6
:107E100003B030BD01919847019AD7E7CD510100D9
:107E2000F8B51446C27C06460D46012A1F4602D10B
:107E300083698B4205D029463046FFF7BDFF80B1EC
:107E4000B56187B1002501E0AF420CD021464FF467
:107E500000723046013504F50074FFF7D1FC0028AC
:107E6000F2D10020F8BDB369307F3B44B3610028F4
:107E7000F8D13046BDE8F840FFF708BD2DE9F84FCE
:107E80009B46C37C06460C46012B1546DDF8289020
:107E9000DDF82C8002D183698B4205D02146304623
:107EA000FFF78AFFB0B1B461BBF1000F15D004EB4E
:107EB0000B0A02E0C847A2450FD04FF400722946D2
:107EC0003046FFF79DFC07464246204629460134CE
:107ED000002FEFD10020BDE8F88FB369307F5B44FD
:107EE000B3610028F7D13046BDE8F84FFFF7CEBCAC
:107EF00003682DE9F0415F69164B9F421FD1C37C97
:107F000004460D461646012B02D18369994205D0DD
:107F100029462046FFF750FF70B1A5614FF400726B
:107F200031462046FFF76CFC30B1A369207F013356
:107F3000A36148B1BDE8F0810020BDE8F081BC46F6
:107F40000123BDE8F04160472046BDE8F041FFF75E
:107F50009DBC00BFF559010003680A4630B59B6D12
:107F600083B0164D0446AB4224D1407D03284FF028
:107F70001901204618BF5202FFF7ECFC20B902237A
:107F80000120E37403B030BD0E23A07C637400288D
:107F9000F8D0251D207C012101F0DEFBFF212846C1
:107FA00001F044FC284601F0F7FB00231846A374B7
:107FB00003B030BD01919847019AD7E7CD51010038
:107FC00003682DE9F043DB6C1746414A85B004464F
:107FD0000E46934245D16A460921FFF765FE0546E4
:107FE000B5B19DF80A305A0618D5637D032B01D030
:107FF00076027F02324620212046FFF7ABFC28B9EB
:108000003A4621212046FFF7A5FC70B3262363746E
:10801000A57C9DB9284605B0BDE8F08303F03F0379
:108020009DF80B205B0043EAD2137A1C32431342C3
:10803000DBD02723A57C6374002DEBD0251D207C8D
:10804000012101F089FBFF21284601F0EFFB2846C2
:1080500001F0A2FB00231D46A374284605B0BDE82D
:10806000F083694698470546BAE70246262120462E
:10807000FFF770FC0028C9D1DFF8588042F2107772
:1080800004F10409D8F800301F44BFB204E0D8F866
:108090000030FB1A1B0417D4484601F0A9FBFF2847
:1080A0000646F4D1A37C002BB4D00121207C1D46D0
:1080B00001F052FB3146484601F0B8FB484601F05A
:1080C0006BFB0023A374A5E728236374A0E700BF1C
:1080D000AD5C0100A4DB002070B5002282B00E462A
:1080E00009210446FFF736FCB0B11B236374A07C62
:1080F00008B902B070BD251D207C012101F02CFBC8
:10810000FF21284601F092FB284601F045FB0023A1
:108110001846A37402B070BD0546102231462046B1
:10812000FFF76EFB0028E2D0A67C002EE1D0207C79
:10813000012101F011FB201DFF21019001F076FBD0
:10814000019801F029FB3046A57402B070BD00BF54
:1081500070B5002282B00E460A210446FFF7FAFBF2
:10816000B0B11B236374A07C08B902B070BD251D9B
:10817000207C012101F0F0FAFF21284601F056FB96
:10818000284601F009FB00231846A37402B070BD15
:108190000546102231462046FFF732FB0028E2D088
:1081A000A67C002EE1D0207C012101F0D5FA201D13
:1081B000FF21019001F03AFB019801F0EDFA304601
:1081C000A57402B070BD00BF70B5051D164604460B
:1081D000284601F02BFB4FF400723146284601F08F
:1081E0002FFBFF21284601F021FBFF21284601F04B
:1081F0001DFB284601F0FCFA00F01F032075052B3B
:1082000004D02023A07C637410B970BD012070BD20
:10821000207C012101F0A0FAFF21284601F006FB95
:10822000284601F0B9FA00231846A37470BD00BFB8
:108230002DE9F041174D06460F4600F104082C6861
:1082400004F51674A4B203E02B68E31A1B040CD4E3
:10825000404601F0CDFAFF28F6D13A46FC213046DF
:10826000FFF7B2FF18B1BDE8F08124237374B07C2E
:108270000028F8D0307C012101F06EFAFF21404641
:1082800001F0D4FA404601F087FA00231846B3748F
:10829000BDE8F081A4DB0020036870B59B6D164635
:1082A000224A82B004460D4693423CD1407D0328C9
:1082B0004FF01801204618BF6D022A46FFF74AFB0F
:1082C0000546B0B10D236374A07C08B902B070BD3F
:1082D000251D207C012101F03FFAFF21284601F0F5
:1082E000A5FA284601F058FA00231846A37402B0F4
:1082F00070BD3246FE212046FFF766FF0028E3D01E
:10830000A67C002EE2D0207C012101F025FA201D60
:10831000FF21019001F08AFA019801F03DFA304600
:10832000A57402B070BD9847C1E700BFCD510100F0
:1083300010B4047F34B104680123A46AA4465DF834
:10834000044B60475DF8044BFFF7A6BF10B584B03F
:1083500004460DF1040C8CE80E009CE80E00FFF7BB
:108360006DFB20B19DF8053003F00103237704B0C5
:1083700010BD00BF002070470020704700207047EC
:10838000704700BF084B0021084A094810B49963A0
:108390001C6B146012685DF8044B1A639A6C22F02F
:1083A00081029A640170704700002C4040A20020B6
:1083B0006EDC0020034B586A80F08070C0F30060D0
:1083C000704700BF00002C40014B1878704700BF79
:1083D0006EDC00202B4A2C4B526AD3F800312B491B
:1083E000C2F3C22203F03F03013270B5284C4FF4B0
:1083F0007A75A4FB034305FB00F09B08B1FBF3FE79
:10840000BEFBF2FEB0EB1E1F35D201231E465B0001
:108410001A01BEFBF2F2824201D9FF2BF6D9BEFB54
:10842000F3F2360290422AD24FEA430C012200E0D6
:10843000A446154603EB0C040132BEFBFCF181425D
:1084400017D9102AF4D1F0254FF47A731149124A42
:1084500003FB0CFCBEFBFCF30B60104BD16A0B4022
:108460002B43334343F46023D362536A1B07FCD589
:1084700070BD2D01E8E7724600260123D2E79C4635
:108480000025E1E700C00F4000800D4000EC695E70
:10849000ABAAAAAA144A002000002C400F00F0FF4B
:1084A000014B1878704700BFC23D0020014B18688F
:1084B000704700BF40A2002010B4074C8C460FCC80
:1084C000CCF800000120CCF80410CCF80820CCF83F
:1084D0000C305DF8044B7047A04B002010B4074CE3
:1084E0008C460FCCCCF800000120CCF80410CCF85E
:1084F0000820CCF80C305DF8044B7047B04B0020DE
:10850000024B01201B680B60704700BFC04B00206E
:10851000704700BF10B504460C21F8F72DF920462E
:1085200010BD00BF044B1B7823B1044B18780230F8
:10853000C0B27047012070476BDC00206CDC00206B
:10854000184B1A7812F0C0020FD0402A01D0002038
:108550007047587ADA79197A013002F03F0300EB5C
:10856000034000EB0120800270475A7A9979D8794C
:1085700002F0030293F808C001F0030180005200EA
:1085800040EA812000B593F80AE040EA9C105B794C
:1085900042EADE12013003F00F031344073B984018
:1085A0005DF804FBB04B0020404A0520404938B537
:1085B000D2F800413F4B44F080043F4DC2F80041E7
:1085C000D2F8004124F03F04C2F80041D2F8004143
:1085D00044F01804C2F80041D2F8004124F08004AD
:1085E000C2F80041D3F8802042F00C02C3F880208A
:1085F0005A6A22F460525A62DA6942F48032DA61CD
:108600005A6A42F400625A62C1F8CC01C1F8D00142
:10861000C1F8BC01C1F8C001C1F8C401C1F8C8016A
:10862000AA6C264B42F00042AA64EA6A1343EB624A
:10863000EC6A14F08074FBD14FF4C870FFF7CAFEE7
:108640001B4B47F2B80241F2B801C3F8CC411C48B9
:10865000C3F8D041C3F8BC41C3F8C041C3F8C4411A
:10866000C3F8C841C3F8BC23C3F8C023C3F8AC2384
:10867000C3F8B013C3F8B4231249C3F8B823124B9C
:108680006863C1F8F8314FF0E0234FF480420F499E
:10869000602081F86E00C3F80C21EB6A064A43F0B3
:1086A0000063EB62D36A1B01FCD438BD00800D402F
:1086B00000801F4000C00F4000002C4000800001DF
:1086C0000B007F1100400020595F010000E400E032
:1086D0002DE9F041F7F71AFD174E184D0746DFF860
:1086E000748004E0F7F712FDC01B40451BD8346BC3
:1086F0002C40F7D0124A0021124B1170326B1A60D5
:108700001968114A31631B68134209D00F491F24AD
:108710000F4B40F27A2200200C701A60BDE8F08105
:108720000120BDE8F081064A064B1470326B1A60D6
:108730001B683363EAE700BF00002C4002007F1192
:108740006DDC002040A2002000007F11C23D00200F
:10875000984A002040420F002DE9F843264C0F466E
:108760002378002B38D1254B5A6AD2052BD5234DBF
:10877000DFF89480AB6A43F48033AB62F7F7C6FC52
:10878000064604E0F7F7C2FC801B40452AD86B6A16
:1087900013F48069F6D007F13C0C184807F50F7701
:1087A000436A5B05FCD5ACF1400353F8042F9C45AC
:1087B0000262FAD10CF1400CBC45F1D101231846FC
:1087C0002370BDE8F8839A6A22F480329A629A6A2A
:1087D00042F400329A62CAE7FFF77AFF0028C2D15A
:1087E000BDE8F88306492124064B4FF47E724846C3
:1087F0000C701A60BDE8F8836DDC002000002C408E
:10880000C23D0020984A002040420F002DE9F0416F
:10881000074688461F4CF7F779FC1F4E054604E0D3
:10882000F7F774FC431BB34224D8636AD907F7D423
:10883000BB02C4F8088020D427F0FF03154C174E64
:10884000E360F7F763FC144F054604E0F7F75EFCBE
:10885000401BB8420ED8236B3342F7D0226B104B2B
:108860001A601A6822631A68D20703D51B6813F4CA
:10887000702F0BD00020BDE8F081A26CFBB222F07B
:10888000FF02A264A26C1343A364D5E70120BDE8F4
:10889000F08100BF00002C4040420F0001000F009B
:1088A00040A20020154B30B50D4685B01968FFF782
:1088B000ADFF08B3124B05F10F041A690092596914
:1088C000019199690291DB690393002301E05EF84D
:1088D000102C03F0030C01334FEACC0C23F0030EF1
:1088E0000F2B22FA0CF20EF1100104F8012D0DEB02
:1088F000010EECD10023EB7305B030BDC44B00205A
:1089000000002C4010B5037ADB0705D5154B1B681A
:10891000B3B1BDE810401847134B1B783BB9134B5C
:108920005C6A84F08074C4F30064204610BD0F4B71
:108930000F4C1B6B1C40B4FA84F46409204610BD34
:108940000C4B1C78002CF0D00B4B0C481968FFF72F
:108950005DFF0028E9D0054B1C6984F48074C4F3E2
:108960000024E2E73CA200206DDC002000002C4047
:1089700002007F116ADC0020C44B002000001A0DA9
:1089800008B5044B04481968FFF740FF08B1034BD2
:10899000186908BDC44B002000001A0D00002C40CF
:1089A00008B5074B07481968FFF730FF30B1064B91
:1089B000186980F48070C0F3002008BD012008BD54
:1089C000C44B002000001A0D00002C402DE9F04798
:1089D000294B8946DFF8C0A0284ECAF80030F7F7C7
:1089E00095FB274D0446DFF8B480264F06E0F7F7E5
:1089F0008DFB001BB84229D8F9F72EF931682846BB
:108A0000FFF704FF0028F2D0D8F81030DB05EED5D0
:108A100000234FF40072CAF80030D8F8283023F44D
:108A20008033C8F82830184BC8F804201B78CBB125
:108A300049461648FFF7EAFE30B915490E24154B92
:108A400040F257420C701A60BDE8F087104A0A21C4
:108A50000020104B117040F24B42CAF800001A601F
:108A6000BDE8F0874FEA492908484946FFF7CEFE9E
:108A70000028E9D1E1E700BF75650100C44B002083
:108A800000001A0D40420F006CDC002020003A1953
:108A9000C23D0020984A00203CA2002000002C404B
:108AA0002DE9F041254C00212548A36A23F48033A9
:108AB000A362FFF7ABFE054648B922490920224BC5
:108AC00040F23D2208701A602846BDE8F0811F4B35
:108AD000DFF88080C8F80030F7F718FB636A0646B5
:108AE000D80118D41A4F04E0F9F7B6F8636AD9012F
:108AF00011D4F7F70BFB831BBB42F5D9114A0A21AE
:108B00000025114B11704FF410722846C8F8005020
:108B10001A60BDE8F0810022084BC8F800205A6AAC
:108B20009207D1D5586B9A6AD96A22F4803241F003
:108B30008061D96258639A62C6E700BF00002C408A
:108B40000000DB0CC23D0020984A0020895F010034
:108B500040420F003CA200202DE9F04782468946A2
:108B6000364EF7F7D3FA364D0446DFF80081354F1D
:108B700004E0F7F7CBFA031BBB4227D8316828463D
:108B8000FFF744FE0028F4D0D8F81030DA05F0D50D
:108B900001232D4D2D4F51462B7000232C483B6057
:108BA0002C4BC8F80090C8F804302B4BC8F838306C
:108BB000FFF72CFE0446A0B928490420284B40F2B8
:108BC0009F12087020461A60BDE8F08723490A20EA
:108BD000234B4FF4CC72002408701A602046BDE885
:108BE000F087204BDFF88890C9F80030F7F78EFA4D
:108BF0002B780646BBB1DFF84C8003E0F9F72CF880
:108C00002B7883B1F7F782FA831B4345F6D900230B
:108C1000C9F8003011492520114B4FF4D1720024BE
:108C200008701A60DAE73B6800229B07C9F8002049
:108C3000F0D53A680C4B1A42D0D0EBE7C44B002079
:108C400000001A0D40420F006EDC002040A2002000
:108C500011003A064000010002007F11C23D0020D1
:108C6000984A00209D5F010000007F1100002C4009
:108C70003CA200202DE9F041324D1446AB7A13F0AE
:108C8000400012D103F03F03EA7A5B0043EAD213BB
:108C9000621C0A43134208D02B4927242B4B40F275
:108CA00002320C701A60BDE8F081294B1B780BB9B9
:108CB000490264022748FFF7A9FD40B922490F2461
:108CC000224B40F20A320C701A60BDE8F081214656
:108CD0002148FFF79BFD40B91B4910241B4B40F274
:108CE0000D320C701A60BDE8F08100211B48FFF7BF
:108CF0008DFD38B914491124144B4FF444720C7093
:108D00001A60E2E7F7F702FA154E164D0446DFF84F
:108D10005C80154F31682846FFF778FD18B1D8F808
:108D20001030DB05D1D4F7F7F1F9001BB842F1D9C7
:108D300005492824054B40F2133200200C701A60BC
:108D4000C3E700BFB04B0020C23D0020984A00207E
:108D50006CDC002000001A2000001A2100001B26F5
:108D6000C44B002000001A0D40420F0000002C40B0
:108D70002DE9F04F12F0030483B018BF01240190D5
:108D80000093002B08BF44F001045CB1404925204A
:108D9000404B40F2F512002408701A60204603B0E0
:108DA000BDE8F08F3C4B15463C4A0E46DFF80C916F
:108DB0001360F7F7ABF9DFF808810746DFF804B175
:108DC000DFF8F0A006E0F7F7A1F9C01B504544D842
:108DD000F8F742FFD9F800104046FFF717FD0028CA
:108DE000F1D0DBF81030DA05EDD5009A2C4B2B4989
:108DF00003EA024300222B4F0A6043F4007301216F
:108E0000DFF8C4803970C8F80020CBF80050CBF8E8
:108E10000430254BCBF83830244B1B7843B3314614
:108E20000198FFF7F3FC81460028B7D0204B1B4A7E
:108E30001360F7F76BF93B780546DBB11D4E03E095
:108E4000F8F70AFF3B78ABB1F7F760F9401BB04287
:108E5000F6D90023114A1360A0E70D4B0A22002126
:108E60000E481A704FF4FC720A4B01601A6095E7C5
:108E70007602D4E70023094A1360D8F800309B0734
:108E80008CD5D8F800200C4B1A4208BF4C4685E719
:108E9000C23D0020984A0020756501003CA20020D8
:108EA0000000FF1F6EDC002002007F116CDC002040
:108EB0009D5F010040420F0000007F11C44B002065
:108EC00000001A0D00002C4040A20020F8B5064614
:108ED000007A0C461546C0071F4613D483B10F44D1
:108EE00001E0BC420CD033682A46214630461B695B
:108EF000013405F5007598470028F2D10020F8BD2F
:108F00000120F8BD900712D0002BF9D00F4401E0EA
:108F1000BC42F5D033682A46214630461B690134ED
:108F200005F5007598470028F2D10020E7E70648CC
:108F3000FFF71EFF0028E3D104490C24044B40F244
:108F4000A1320C701A60F8BD37003A12C23D002001
:108F5000984A0020F8B50646007A0C461546C00728
:108F60001F4613D483B10F4401E0BC420CD03368D8
:108F70002A46214630465B6A013405F5007598475C
:108F80000028F2D10020F8BD0120F8BD900712D0D2
:108F9000002BF9D00F4401E0BC42F5D033682A46DB
:108FA000214630465B6A013405F500759847002874
:108FB000F2D10020E7E70648FFF7DAFE0028E3D108
:108FC00004490E24044B40F23D420C701A60F8BD77
:108FD00027003A19C23D0020984A00202DE9F04FA1
:108FE0000025DFF8C0929B4C91B0DFF8BC829A4E0E
:108FF0000172457289F80050257088F8005035706C
:10900000FFF7D2FA29462846FFF700FC50B90121A4
:10901000924B40F28E22054621701A60284611B00C
:10902000BDE8F08F03258E4F4FF4D5713846FFF71A
:10903000EDFB00284ED1013DF6D13378002B3DD019
:10904000DFF868B2F7F762F8864E0546DFF860A2EF
:10905000854F00213046FFF7D9FB50B90025172175
:109060007E4B4FF42A72284621701A6011B0BDE879
:10907000F08F59465046FFF7C9FB0028EED0F7F7AE
:1090800045F8401B794BB842E8D81A69002AE0DA63
:109090001969774A11601B695A0002D5012388F8C3
:1090A000003000217348FFF7B1FB054610BB0221D9
:1090B0006A4B40F2B12221701A60AFE7FFF774FAF1
:1090C00029462846FFF7A2FB3378002BB8D14FF48E
:1090D000401BB7E7654B1B69B3F5D57F07D0062169
:1090E0005E4B4FF42572002521701A6096E701232C
:1090F0003370A5E700216048FFF788FB054630B9CB
:109100000321564B4FF42D7221701A6086E7574E9B
:109110005A4B32695A4F13405A495B483B60FFF73C
:10912000C1FB054630B907214C4B40F2B9222170F2
:109130001A6073E755495648FFF7B4FB054630B946
:109140000821464B4FF42F7221701A6066E7396888
:109150005048FFF75BFB054630B905213F4B40F215
:10916000BF2221701A6059E739683E48FFF74EFB6D
:1091700038B91421394B40F2C322002521701A60FE
:109180004CE702214448FFF741FB05460028F0D098
:10919000B36A69466FF07F4023F00603B362B36A97
:1091A00043F00203B3624FF010137364FFF7D4FC73
:1091B0009DF80D309B0743D5002841D0274E6946C6
:1091C000364894F800803768FFF7C6FC9DF81030E9
:1091D00003F00F03012B36D1A8B34CF25030304CC2
:1091E0000523C4F8CC31C4F8D031C4F8BC31C4F87C
:1091F000C031C4F8C431C4F8C831FFF7EBF800231C
:1092000047F2B802C4F8CC31C4F8D031C4F8BC314C
:10921000C4F8C031C4F8C431C4F8C83141F2B8034D
:10922000C4F8BC23C4F8C023C4F8AC23C4F8B033DA
:109230000123C4F8B423C4F8B82389F80030EDE65C
:1092400046F2A810CBE746F2A81084F800803760F9
:10925000C5E700BFC23D00206BDC0020984A00201B
:1092600000001A0800001A3740420F0000002C408E
:10927000C04B00200000090200001A030000FFFF9D
:10928000C44B0020B04B002000000909A04B002077
:109290000000090A00001B0700001A06F1FFFF800A
:1092A00000801F406ADC00206CDC002000003040A1
:1092B00000000229374B5A6A92052DE9F0410F460A
:1092C0000DD49A6A22F480329A6272B69A6A42F493
:1092D00000329A629A6A42F480329A6262B6F6F773
:1092E00015FF2C4EDFF8C480054604E0F6F70EFFAC
:1092F000431B434537D8746A14F40064F6D007F171
:109300003C0C244807F50F77436A1B05FCD5ACF1EC
:109310004003026A43F8042F9C45FAD10CF1400C3B
:109320006745F1D1F6F7F2FE1A4F1B4D0646DFF8FE
:109330007C8004E0F6F7EAFE831B43451DD83C6BB6
:109340002C40F7D03B6B154A136013683B631368DE
:1093500013F002031BD01268114B1A420CBF0120FC
:109360000020BDE8F0810F491A250F4B40F256321C
:1093700020460D701A60BDE8F0810A491D250A4B90
:1093800040F2613220460D701A60BDE8F081184647
:10939000BDE8F08100002C4002007F1140A20020B7
:1093A00000007F11C23D0020984A002040420F007B
:1093B0002DE9F047294B8946DFF8C0A0284ECAF8AE
:1093C0000030F6F7A3FE274D0446DFF8B480264FA1
:1093D00006E0F6F79BFE001BB84229D8F8F73CFCE4
:1093E00031682846FFF712FA0028F2D0D8F810307A
:1093F000DB05EED500234FF40072CAF80030D8F830
:10940000283043F48033C8F82830184BC8F80420BB
:109410001B78CBB149461648FFF7F8F930B9154922
:109420000C24154B40F2BD320C701A60BDE8F08779
:10943000104A0A210020104B117040F2B132CAF8D4
:1094400000001A60BDE8F0874FEA492908484946FC
:10945000FFF7DCF90028E9D1E1E700BF75650100FD
:10946000C44B002000001A0D40420F006CDC0020AD
:1094700030003A12C23D0020984A00203CA2002051
:1094800000002C402DE9F04100221D4C0D46427297
:109490001146A36A1B4823F48033A362FFF7B6F991
:1094A00040B919490924194B40F2D3320C701A60A3
:1094B000BDE8F081002DFBD0154B164E3360F6F75A
:1094C00025FE636A0746DA0116D4DFF84C8004E013
:1094D000F8F7C2FB636ADB010ED4F6F717FEC01B78
:1094E0004045F5D9084A0A210020084B117040F286
:1094F000D73230601A60DBE7002328463360D7E7B5
:1095000000002C400000DB0CC23D0020984A0020E7
:10951000895F01003CA2002040420F000A4B1B78EB
:1095200010B504461BB9637A43B9012010BDFFF79B
:10953000CFF80028FAD0637A002BF6D0204601211C
:10954000BDE81040FFF79EBF6DDC00202DE9F04123
:109550000446007AADF5007D164610F0010513D0E3
:1095600093073CD0012338486A46FFF701FC0028E6
:109570003AD04FF4007269463046F7F761F8284652
:109580000DF5007DBDE8F081DFF8CC800F4698F83E
:109590000030002B35D1637A012B39D022682B495A
:1095A000126A8A424AD198F80020002A34D1002B4E
:1095B00039D139462046FFF7FBFEE8B10123676049
:1095C000637231462046FFF775FEA8B16368054611
:1095D0000133284663600DF5007DBDE8F08101236D
:1095E0001948FFF7C5FB38B919490B20194B4FF43F
:1095F0005D72002508701A6028460DF5007DBDE8F3
:10960000F081FFF765F80028F6D0637A012BC5D109
:109610006268BA42C2D1D4E7FFF75AF80028EBD00B
:10962000637A002BC5D001212046FFF72BFF0028CD
:10963000BFD128460DF5007DBDE8F081204690475A
:109640000028F6D0B5E700BF11003A11F170010013
:10965000C23D0020984A00206DDC00202DE9F04139
:10966000047AADF5007D0F46904614F001041DD03C
:1096700012F0030F06D0684611464FF40072804680
:10968000F6F7DEFF0123424639462C48FFF770FB10
:10969000044630B92A490D202A4B40F21142087085
:1096A0001A6020460DF5007DBDE8F081264D064686
:1096B0002B782BBB737A022B29D032682349126A8C
:1096C0008A4236D12A7832BB002B2BD133683946F7
:1096D00030461B6E98470028E3D0022377607372F0
:1096E000336841463046DB6D98470028D9D073680F
:1096F00004460133204673600DF5007DBDE8F0811E
:10970000FEF7E6FF0028CCD0737A022BD5D1726821
:10971000BA42D2D1E4E7FEF7DBFF0028C1D0737A6A
:10972000002BD3D001213046FFF7ACFE0028B8D083
:10973000CCE7304690470028B3D0C7E701003A187D
:10974000C23D0020984A00206DDC0020F17001002D
:109750000121F6F741BD00BFF6F702BD08B503468B
:1097600053F8040B93E80600E9F718F808BD00BFAA
:1097700084B00DF1100C0CE90E00024623B118461E
:10978000136004B0ECF7A6BD024B1846136004B09A
:10979000ECF7A0BD903200200268D37C13B3D80749
:1097A00004D5906A4FF0E021C1F80001990704D573
:1097B000D06A4FF0E021C1F80401580704D5106BBE
:1097C0004FF0E021C1F80801190704D5506B4FF0A4
:1097D000E021C1F80C01DB0604D5926B4FF0E023C9
:1097E000C3F81021704700BF0068ECF797BE00BFB8
:1097F0000268FF2312685366D36D13F4F81FFBD081
:10980000506FC0B2704700BF30B50C4683B00546FC
:10981000FF212046019201F067FB2868019B224648
:109820002146ECF777FE002003B030BD03681A68CC
:109830005166D36D13F4F81FFBD0536F704700BF10
:10984000531EB3F5007F30B51446ADF5017D0546D6
:1098500011D36AB10368481E1968821810F8013FD5
:109860004B66CB6D13F4F81FFBD090424B6FF5D1D4
:109870000DF5017D30BD6846F6F7E2FE6A462346E7
:1098800028681146ECF746FE0DF5017D30BD00BF9E
:10989000B1F5807F21D810292ED840234FF0200C1D
:1098A000B2FBF3F1B1F5806F20D203FB112300B5B9
:1098B000B2FBFCFEB3FBFCF30CFB1E224FEA910C47
:1098C000DBB201322CF03F0CC9B2037042EA0C0249
:1098D0008170D2B242705DF804FB3F239C46802920
:1098E00010D9B1F5FC7F0FD81B01D9E7FF21FE236A
:1098F0004170037081707047202916D880234FF083
:10990000200CCDE7DB00CBE7B1F57C7F04D9B1F5C6
:10991000FC6F03D89B01C3E75B01C1E7B1F57C6F26
:1099200094BFDB01C3EB0323BAE720239C46D6E7B1
:109930000000000030B510EE104AC4F30A53B3F52E
:109940007D7FB7EEC06A83B01BD226EE065BB3F50F
:10995000667F6ED326EE052B25EE021B734B93ED2F
:109960001A3B93ED187B93ED164BA5EE037BA2EE0D
:10997000046BB0EE460BA7EE010BB7EEC00B03B0C5
:1099800030BD40F22E4293425ED8684991ED087B8B
:1099900026EE077BFDEEC77B91ED0A5B17EE903A52
:1099A00003F500031B1613F0020F07EE903A01F1C6
:1099B000700208BF0A46D807B8EEE77BA7EE456BF2
:1099C00026EE067B1BD403F0030301EBC30192EDEB
:1099D0001A4B91ED002B92ED185B26EE026B92ED87
:1099E000163BA7EE045B26EE074B27EE047BA4EEA6
:1099F000036BA5EE076BB7EEC60B03B030BD92ED5F
:109A0000142B27EE075B92ED126B92ED0E3BA7EE47
:109A1000026B92ED0C0B92ED104BA7EE030B27EEB1
:109A2000057BA5EE040BA6EE070BB7EEC00B03B04B
:109A300030BD220D12F4FF6FDFD1B7EEC55B00EE33
:109A4000104A8DED015AD8E7B3F5FF6F4BD2384B72
:109A5000C4F3836203EB820053F822200569C4F348
:109A60001603C4F3C25143F400038B40016A03FBA5
:109A700002F2A3FB0110E3FB050202F100518D0F7E
:109A800001F04041511A00F0E1FA2A4B9FED257B8D
:109A900005EBD47441EC160B14F0020FA3F1700225
:109AA00008BF1346E90726EE077B27EE076B1FD496
:109AB00004F0030402EBC40293ED1A4B92ED002B69
:109AC00093ED185B27EE027B93ED163BA6EE045B4D
:109AD00027EE064B26EE046BA4EE037BA5EE067B79
:109AE000B7EEC70B89E703B0BDE8304000F010B90E
:109AF00093ED142B26EE065B93ED127B93ED0E3B5C
:109B0000A6EE027B93ED0C0B93ED104BA6EE030B30
:109B100026EE056BA5EE040BA7EE060BB7EEC00B09
:109B20006BE700BF182D4454FB21193C7003002043
:109B3000C8270020E00300200000000038B510EE28
:109B4000104AC4F30A53B3F57D7FB7EEC07A1ED234
:109B500027EE077BB3F5667F6FD327EE071B634BBA
:109B600093ED142B93ED125B93ED0E3BA7EE025B8E
:109B700093ED0C0B93ED104BA7EE030B27EE017B3F
:109B8000A1EE040BA5EE070BB7EEC00B38BD40F2FB
:109B90002E42934254D8554991ED086B27EE066B3F
:109BA000FDEEC66B91ED0A5B16EE903A03F50003ED
:109BB0001B1613F0020F06EE903A01F1700208BF77
:109BC0000A46D807B8EEE66BA6EE457B27EE076B94
:109BD0001AD503F0030301EBC30191ED002B92EDC5
:109BE0001A4B92ED185B92ED163BA6EE045B27EE46
:109BF000027B27EE064B26EE046BA4EE037BA5EE5C
:109C0000067BB7EEC70B38BD92ED142B92ED127B9D
:109C100092ED0E3B92ED0C0B92ED104B26EE065B97
:109C2000A6EE027BA6EE030B26EE056BA5EE040B5B
:109C3000A7EE060BB7EEC00B38BDB7EE000A38BD75
:109C4000B3F5FF6F3DD22A4BC4F3836203EB82006E
:109C500053F822200569C4F31603C4F3C25143F438
:109C600000038B40016A03FB02F2A3FB0110E3FB3C
:109C7000050202F100518D0F01F04041511A00F030
:109C8000E5F91C4B9FED177B05EBD47441EC160BEB
:109C900014F0020FA3F1700208BF1346E90726EE85
:109CA000077B27EE076B10D504F0030402EBC40218
:109CB00092ED002B93ED1A4B93ED185B93ED163B51
:109CC00093E7BDE8384000F023B893ED142B93EDF3
:109CD000127B93ED0E3B93ED0C0B93ED104B9DE738
:109CE000AFF30080182D4454FB21193C7003002071
:109CF000C8270020E003002010B582B08DED010AD6
:109D0000044601F027FA9DED010A046002B010BD7F
:109D100070EE407AB4EE400A87EEA77AF1EE10FAC0
:109D2000B0EE470A02D62120FFF7E6BF704700BF1A
:109D300081F0004102E000BF83F0004330B54FEAFC
:109D400041044FEA430594EA050F08BF90EA020F69
:109D50001FBF54EA000C55EA020C7FEA645C7FEAFC
:109D6000655C00F0E2804FEA5454D4EB5555B8BF1F
:109D70006D420CDD2C4480EA020281EA030382EA90
:109D8000000083EA010180EA020281EA0303362D22
:109D900088BF30BD11F0004F4FEA01314FF4801CF5
:109DA0004CEA113102D0404261EB410113F0004F07
:109DB0004FEA03334CEA133302D0524263EB4303BE
:109DC00094EA050F00F0A780A4F10104D5F1200E5C
:109DD0000DDB02FA0EFC22FA05F2801841F10001B7
:109DE00003FA0EF2801843FA05F359410EE0A5F18B
:109DF00020050EF1200E012A03FA0EFC28BF4CF0BC
:109E0000020C43FA05F3C01851EBE37101F0004571
:109E100007D54FF0000EDCF1000C7EEB00006EEB7E
:109E20000101B1F5801F1BD3B1F5001F0CD3490808
:109E30005FEA30004FEA3C0C04F101044FEA44525F
:109E400012F5800F80F09A80BCF1004F08BF5FEAE6
:109E5000500C50F1000041EB045141EA050130BDC6
:109E60005FEA4C0C404141EB0101013C28BFB1F5D8
:109E7000801FE9D291F0000F04BF01460020B1FA23
:109E800081F308BF2033A3F10B03B3F120020CDAF6
:109E90000C3208DD02F1140CC2F10C0201FA0CF0D4
:109EA00021FA02F10CE002F11402D8BFC2F1200C39
:109EB00001FA02F120FA0CFCDCBF41EA0C019040EF
:109EC000E41AA2BF01EB0451294330BD6FEA040438
:109ED0001F3C1CDA0C340EDC04F11404C4F1200223
:109EE00020FA04F001FA02F340EA030021FA04F335
:109EF00045EA030130BDC4F10C04C4F1200220FA8C
:109F000002F001FA04F340EA0300294630BD21FAC9
:109F100004F0294630BD94F0000F83F4801306BF8F
:109F200081F480110134013D4EE77FEA645C18BF83
:109F30007FEA655C29D094EA050F08BF90EA020F1A
:109F400005D054EA000C04BF1946104630BD91EA12
:109F5000030F1EBF0021002030BD5FEA545C05D115
:109F60004000494128BF41F0004130BD14F5800454
:109F70003CBF01F5801130BD01F0004545F0FE41C8
:109F800041F470014FF0000030BD7FEA645C1ABFFD
:109F9000194610467FEA655C1CBF0B46024650EA34
:109FA000013406BF52EA033591EA030F41F4002160
:109FB00030BD00BF90F0000F04BF0021704730B5E6
:109FC0004FF4806404F132044FF000054FF00001BB
:109FD00050E700BF90F0000F04BF0021704730B57C
:109FE0004FF4806404F1320410F0004548BF404251
:109FF0004FF000013EE700BF42004FEAE2014FEAA6
:10A0000031014FEA02701FBF12F07F4393F07F4F80
:10A0100081F06051704732F07F4208BF704793F083
:10A020007F4F04BF41F40021704730B54FF4607496
:10A0300001F0004521F000411CE700BF50EA010299
:10A0400008BF704730B54FF000050AE050EA010242
:10A0500008BF704730B511F0004502D5404261EBB2
:10A0600041014FF4806404F132045FEA915C3FF4F3
:10A07000D8AE4FF003025FEADC0C18BF03325FEA90
:10A08000DC0C18BF033202EBDC02C2F1200300FA41
:10A0900003FC20FA02F001FA03FE40EA0E0021FA66
:10A0A00002F11444BDE600BF38B5A1FB02148CBB1D
:10A0B00000F046F80546E0B150F8042C22F0030207
:10A0C000043A242A17D8132A1AD91B2AC0E90044B3
:10A0D0001DD9242A14BF00F1100200F118024FF01C
:10A0E0000003C0E9024404BF04614461C2E90033D3
:10A0F0009360284638BD214600F0F6FE284638BD5C
:10A1000002460023C2E900339360284638BD00F1BF
:10A110000802F6E701F01EF80C2300250360E8E7CB
:10A12000024B0146186800F00BB800BF543D0020F8
:10A13000024B0146186801F0FBB900BF543D0020F6
:10A140002DE9F04F01F10B06162E83B0044624D8FA
:10A15000102900F2BA8000F0A3FA1026182202207B
:10A16000B54F3A44A2F1080153688B4200F0BA801F
:10A170005A68D96822F003021A449D68E9608D602C
:10A18000516841F001012046516003F1080500F0DB
:10A190008DFA284603B0BDE8F08F36F0070600F1CF
:10A1A0009480B14200F2918000F07AFAB6F5FC7F1B
:10A1B000C0F09A81730A00F08F80042B00F26F8147
:10A1C000B30903F1390003F1380CC3009A4F3B4443
:10A1D000A3F108055B689D4206D10CE0002980F2DE
:10A1E0002781DB689D4206D05A6822F00302911B4A
:10A1F0000F29F3DD60463D69DFF850C265457CD02C
:10A200006A6822F00302931B0F2B00F37B81002B63
:10A21000C7E904CC80F26C81B2F5007F80F01A812E
:10A22000D308796801334FEA521E012202FA0EF276
:10A230000A4357F833E0C5F808E007EBC3010839D3
:10A24000E9607A6047F83350CEF80C508310012152
:10A250009940914257D8114206D120F0030049009D
:10A26000114200F10400FAD007EBC0094D468646C2
:10A27000D5F80C80454508D11DE1002B80F22481E2
:10A28000D8F80C80454500F01681D8F8042022F05B
:10A290000302931B0F2BF0DD2046D8E9025408EB94
:10A2A000060146F00106C8F80460EC60A56043F0C2
:10A2B0000104C7E90411C1E902CC4C6048F802303E
:10A2C00000F0F4F908F1080502E00C2323600025F2
:10A2D000284603B0BDE8F08F4FF4007340204FF0E4
:10A2E0003F0C73E7D3689A4208BF02307FF440AF57
:10A2F0003D69DFF858C1654582D17A688310012134
:10A3000099409142A7D9BD686B6823F003094E4577
:10A3100003D8A9EB06030F2B7ADCDFF834B1474BE7
:10A32000DBF800201B680132334405EB090A00F01A
:10A33000338103F580530F3323F47F6828F00F082F
:10A340004146204600F0DEFE411C024600F0F3804C
:10A35000824500F2EE803A4B196841441960084684
:10A3600000F04E81DBF80010019301311BBFA2EB1E
:10A370000A010918CBF80020196012F0070B00F051
:10A380001781CBF108010A44CBF580519044083184
:10A39000A1EB0801C1F30B0A51462046009200F0E0
:10A3A000B1FE421CDDE9002300F04F81801A00EB72
:10A3B0000A081968BA6048F001005144BD42506073
:10A3C000196000F02981B9F10F0F40F22781686808
:10A3D000A9F10C0C2CF0070C00F0010040EA0C0075
:10A3E00068604FF0050E05EB0C00BCF10F0FC0E9E3
:10A3F00001EE00F2328150681546124B1A688A420B
:10A4000038BF1960104B1A688A4238BF196094E04F
:10A41000AA1943F0010346F001066E602046BA60B7
:10A42000536000F043F90835284603B0BDE8F08FCB
:10A43000D9681A44A1E600BF383900202CC1002099
:10A44000FCC0002024C1002028C100204039002089
:10A45000403D0020B2F5206F4FEA522363D3142B06
:10A4600000F2B78003F15C01C9005B3307EB010E1A
:10A470007958AEF1080E8E4500F091804B6823F0BC
:10A480000303934202D989688E45F7D1D1F80CE0D5
:10A490007A68C5E9021ECEF80850CD60D6E6142BC6
:10A4A00059D9542B00F29D80330B03F16F0003F157
:10A4B0006E0CC3008AE60EF1010E1EF0030F05F1CB
:10A4C00008057FF4D5AE51E0424445465368D8F8BC
:10A4D0000C1043F00103536055F8083F2046D96043
:10A4E0008B6000F0E3F8F3E6F00806F1080237E6C7
:10A4F0002A442046536843F001035360083500F0B6
:10A50000D5F8E5E6A919204646F0010643F0010416
:10A510006E60C7E90411C1E902CC4C60AB5000F099
:10A52000C5F80835D4E6930903F13901C900383379
:10A530009CE7BD425FD0BD68686820F003084645CF
:10A54000A8EB060302D80F2B3FF762AF204600F0BE
:10A55000ADF80025BCE603F15C0003F15B0CC30021
:10A5600034E659F808394B4540F0968010F0030F57
:10A5700000F1FF30F5D17B6823EA01037B604900DD
:10A5800099423FF6C0AE19B9BDE649000EF1040E7E
:10A590001942FAD0704667E603F11008D0E69A1027
:10A5A0004FF001087B6808FA02F21A437A6070E7FC
:10A5B00002EB08014942C1F30B0A514620460092C2
:10A5C00000F0A0FD431CDDE900237FF4EFAEDA4686
:10A5D000EFE6542B25D8130B03F16F01C9006E333E
:10A5E00044E7B3F5AA7F25D8F30B03F1780003F114
:10A5F000770CC300EAE5294B186840441860B1E6BF
:10A60000CAF30B0CBCF1000F7FF4ACAEBD68C844BC
:10A6100048F001006860F0E61546EEE6012353605D
:10A6200094E7B3F5AA7F23D8D30B03F17801C900CF
:10A6300077331BE740F25452934223D8B30C03F113
:10A640007D0003F17C0CC300C0E5ABF1080BD844DE
:10A65000A8EB02084FF0000AABE605F1080120461E
:10A66000009300F065FFBD68009B68681968C4E648
:10A6700040F254518B420BD8930C03F17D01C90079
:10A680007C33F3E64FF47E737F204FF07E0C9DE524
:10A690004FF47E717E23E9E67B6870E7FCC0002002
:10A6A000014800F085BD00BFF4C00020014800F063
:10A6B00081BD00BFF4C0002010B4044C03460A461C
:10A6C00020685DF8044B194600F002B8543D0020A4
:10A6D0002DE9F84F1746002900F098800C4607F145
:10A6E0000B058046FFF7DCFF162D54F8041C5BD8E1
:10A6F00010252A46AF425CD821F003069642A4F109
:10A70000080962DABC4BD3F808C009EB060084459F
:10A7100000F09780D0F804C02CF0010303445B687C
:10A72000DB0768D42CF0030C06EB0C03934247DAEA
:10A73000CB0710D454F8083CA9EB030ADAF804302C
:10A7400023F003018C44B444944580F211817318C2
:10A75000934280F2E88039464046FFF7F1FC074615
:10A76000E0B154F8043C23F001034B44A0F108028B
:10A77000934200F0D280321F242A00F2F580132A7F
:10A7800000F2AC8003462246116819605168596096
:10A7900092689A602146404600F0CAFE4046FFF7A4
:10A7A00085FF3846BDE8F88F25F00705002D2A46BD
:10A7B000A0DA0C23C8F8003000273846BDE8F88F2F
:10A7C0001E46D0E90223D3609A60731B0F2B22D858
:10A7D000D9F8043003F0010333434E44C9F8043080
:10A7E000736843F00103736040462746FFF75EFF3E
:10A7F0003846BDE8F88FC907ADD454F8083CA9EB3A
:10A80000030ADAF8041021F00301A0E7BDE8F84FCD
:10A810001146FFF795BCD9F8042009EB050102F0B9
:10A8200001024E4443F001032A43C9F804204B605F
:10A83000736843F0010308317360404600F078FE0E
:10A84000D2E7DCF8040020F0030B06EB0B0C05F15B
:10A85000100084454DDAC9073FF57DAF54F8081C58
:10A86000A9EB010ADAF8041021F003018B44B34488
:10A8700058453FF76CAF5746DAF80C1057F8080FF9
:10A88000321F242AC160886000F2DB80132A40F264
:10A89000D6802168CAF808106168CAF80C101B2A13
:10A8A00000F2DF8008340AF110022168116061684B
:10A8B0005160A16891600AEB0501ABEB050242F023
:10A8C000010299604A60DAF8043003F001032B4377
:10A8D0004046CAF80430FFF7E9FE6EE723680360DC
:10A8E000636843601B2A68D804F1080200F108037A
:10A8F0004AE709EB05029A60ACEB050343F001035C
:10A90000536054F8043C03F001032B43404644F8E1
:10A91000043CFFF7CBFE27464FE750F8043C23F0FA
:10A9200003031E4451E75746DAF80C1057F8080F96
:10A93000321F242AC16088604CD8132A48D9216864
:10A94000CAF808106168CAF80C101B2A56D80834D7
:10A950000AF110021E462368136063685360A368FF
:10A960009360D1463C4630E7214600F041FA11E7BA
:10A97000D0E902135746CB60996057F8081FDAF800
:10A980000C30CB60321F242A99602DD8132A29D984
:10A990002368CAF808306368CAF80C301B2A42D80A
:10A9A00008340AF1100322681A6062685A60A268CB
:10A9B0009A606646D1463C4607E7A3688360E36831
:10A9C000C360242A26D004F1100200F11003DBE654
:10A9D0003A46BFE7214638461E46D14600F008FAFF
:10A9E0003C46F2E63B46DEE7214638466646D1461F
:10A9F00000F0FEF93C46E8E638390020A168CAF8C4
:10AA00001010E168CAF81410242A20D010340AF17A
:10AA100018029FE7236903616169416104F118022B
:10AA200000F11803B0E6A368CAF81030E368CAF86A
:10AA30001430242A21D010340AF11803B3E73A461F
:10AA400033E72146384600F0D3F9164B33E7226945
:10AA5000CAF818206269CAF81C2018340AF12002CA
:10AA600078E7A168CAF81010E168CAF81410242A1F
:10AA70000DD010340AF1180217E72369CAF818300C
:10AA80006369CAF81C3018340AF120038BE7226985
:10AA9000CAF818206269CAF81C2018340AF120028A
:10AAA00003E700BF3839002013460A46014602205A
:10AAB00000F0AABC024A0349034800F0BBB800BF3B
:10AAC000483D002015B60100683100200C4B41685C
:10AAD000994210B5044601D002F0B2FFA168094BBB
:10AAE000994202D0204602F0ABFFE168064B994242
:10AAF00004D02046BDE8104002F0A2BF10BD00BF48
:10AB000030C1002098C1002000C200202DE9F84388
:10AB10002A4C2B4B2B48DFF8C090DFF8C0802A4F1F
:10AB20001860002504230822294604F15C00274E02
:10AB30006566C4E90253C4E90055C4E90455A5613A
:10AB400000F0D2F9224B63670822294604F1C400C1
:10AB5000C4E90749C4E90987C4E91A55C4E91E557F
:10AB6000C4F8CC502567C4F88050E66200F0BCF908
:10AB7000184BC4F8DC30294604F16803082204F5B8
:10AB80009670C4F88430C4E92298C4E92476C4E9F4
:10AB90003455C4E93855C4F83451C4F8D850C4F811
:10ABA000E85000F0A1F904F1D003C4E93C98C4E9ED
:10ABB0003E76C4F8EC30BDE8F88300BF30C1002019
:10ABC00068C20020898601003D8901005D8901007D
:10ABD0000900010012000200D9880100FD8801006F
:10ABE00010B504460A4800F0E3FA636B23B9094B39
:10ABF000094A1B68626323B1BDE81040044800F0B5
:10AC0000D9BAFFF783FFBDE81040014800F0D2BA7F
:10AC1000F8C0002068C20020A1860100014800F0B1
:10AC2000C7BA00BFF8C00020014800F0C3BA00BF97
:10AC3000F8C000202DE9F84380460F4616464FF035
:10AC40000009D6E90154013D11D4A389012B05F176
:10AC5000FF3508D9B4F90E300133214603D0404600
:10AC6000B84749EA00096B1C04F16804EDD1366865
:10AC7000002EE6D14846BDE8F88300BF0CB410B5FD
:10AC80001F4B00291C689CB035DB4FF40273ADF8F4
:10AC90001430029006901FAB18D001394FF6FF72A6
:10ACA00004910791ADF8162002A91E9A019320463F
:10ACB00001F024F9421C01DA8B232360029B00225D
:10ACC0001A701CB0BDE8104002B070474FF6FF721A
:10ACD00004910791ADF8162002A91E9A019320460F
:10ACE00001F00CF9431C01DA8B2323601CB0BDE892
:10ACF000104002B070478B2323604FF0FF30F5E720
:10AD0000543D002010B50C46B1F90E1000F0E4F9E6
:10AD1000002803DB236D0344236510BDA38923F4BE
:10AD20008053A38110BD00BF2DE9F0410C46B1F95D
:10AD30000C101F46CB05054616460BD421F4805156
:10AD4000A1813B46B4F90E1032462846BDE8F041D9
:10AD500000F0EAB9B4F90E100223002200F0A6F9BF
:10AD6000B4F90C10EAE700BF10B50C46B1F90E10AB
:10AD700000F09CF9A389421C0EBF23F4805343F4D6
:10AD800080532065A38110BDB1F90E1000F07CB98D
:10AD9000032A70B514D940EA01039B0722D1044667
:10ADA0000B46194620460E680568B54204F10404B6
:10ADB00003F1040316D1043A032A20461946F0D8B9
:10ADC000541E9AB1421E013901E0C3180CD012F88A
:10ADD00001EF11F801CFE645A4EB0203F5D0AEEB8D
:10ADE0000C0070BD541EEDE7184670BD104670BDD6
:10ADF00088420DD98B1883420AD900EB020CBAB1F4
:10AE0000624613F801CD02F801CD9942F9D170479D
:10AE10000F2A0ED8034602F1FF3C4AB10CF1010C97
:10AE2000013B8C4411F8012B03F8012F6145F9D146
:10AE3000704740EA01039B0750D1A2F1100370B59F
:10AE400001F1200C23F00F0501F1100E00F11004A8
:10AE5000AC441B095EF8105C44F8105C5EF80C5CB6
:10AE600044F80C5C5EF8085C44F8085C5EF8045C2E
:10AE700044F8045C0EF1100EE64504F11004E9D12B
:10AE8000013312F00C0F01EB031102F00F0400EB81
:10AE9000031327D0043C24F003064FEA940C1E440D
:10AEA0001C1F8E465EF8045B44F8045FB442F9D17F
:10AEB0000CF1010402F0030203EB840301EB8401B3
:10AEC00002F1FF3C4AB10CF1010C013B8C4411F83A
:10AED000012B03F8012F6145F9D170BD02F1FF3C50
:10AEE00003469BE72246EBE7830730B548D0541E64
:10AEF000002A3FD0CAB2034601E0013C3AD303F82E
:10AF0000012B9D07F9D1032C2DD9CDB245EA05259A
:10AF10000F2C45EA054536D9A4F1100222F00F0C9A
:10AF200003F1200EE6444FEA121C03F1100242E93D
:10AF3000045542E9025510327245F8D10CF1010274
:10AF400014F00C0F03EB021204F00F0C13D0ACF151
:10AF5000040323F003030433134442F8045B9342D5
:10AF6000FBD10CF003042CB1C9B21C4403F8011B43
:10AF70009C42FBD130BD64461346002CF4D1F9E766
:10AF800003461446BFE71A46A446E0E7002A3ED02F
:10AF900040EA01039B0730B584462FD1032A2DD9FF
:10AFA0000B4608E0043A8446194625D01EF0803F3F
:10AFB00022D1032A22D90468194653F8045BA4F16C
:10AFC000013EAC4284462EEA040E00F10400E9D0B2
:10AFD0009CF800000C78A0421BD1E64668B11EF830
:10AFE000010F11F8014FA2EB0E03A04203F1FF3352
:10AFF0000FD11CEB0303F1D1002030BD9CF8000001
:10B000000C78844205D1012AF6D0E646E6E71046E0
:10B010007047001B30BD00BF40EA01039B0730B5FD
:10B0200001D1032A0FD8844601F1FF3E07E01EF844
:10B03000011F03F8011B541EC1B19C462246634602
:10B04000002AF4D130BD0B468446194653F8045B00
:10B05000A5F1013424EA050414F0803FE4D1043A58
:10B06000032A4CF8045B1946EFD8DDE79444002C22
:10B07000E8D003F8011B6345FBD130BD014B93F8C9
:10B0800028017047CC37002038B5074D0022044610
:10B0900008462A60F5F73EFD431C00D038BD2B68FA
:10B0A000002BFBD0236038BDE0C2002038B50C4631
:10B0B000084D8446114620461A4600232B606446FC
:10B0C000F5F734FD431C00D038BD2B68002BFBD0B6
:10B0D000236038BDE0C2002038B50C46084D8446D8
:10B0E000114620461A4600232B606446F5F710FDF2
:10B0F000431C00D038BD2B68002BFBD0236038BD2B
:10B10000E0C2002038B5074D0022044608462A60F8
:10B11000F5F7E4FC431C00D038BD2B68002BFBD0B6
:10B12000236038BDE0C2002038B50C46084D844687
:10B13000114620461A4600232B606446F4F704FCAF
:10B14000431C00D038BD2B68002BFBD0236038BDDA
:10B15000E0C20020014B1868704700BF543D00203A
:10B1600070B50D4E0D4D761BB61006D0002455F867
:10B17000043B01349847A642F9D1094E094D761B8C
:10B1800005F0ECF9B61006D0002455F8043B013464
:10B190009847A642F9D170BD701C0060701C006019
:10B1A0009C1C0060701C0060704700BF704700BFAF
:10B1B000704700BF704700BF024B01461868FFF799
:10B1C000A1BF00BF543D002080EA0102844612F076
:10B1D000030F4FD111F0030F32D14DF8044D11F090
:10B1E000040F51F8043B0BD0A3F101329A4312F043
:10B1F000803F04BF4CF8043B51F8043B16D100BF1C
:10B2000051F8044BA3F101329A4312F0803FA4F1AC
:10B2100001320BD14CF8043BA24312F0803F04BF33
:10B2200051F8043B4CF8044BEAD023460CF8013BA0
:10B2300013F0FF0F4FEA3323F8D15DF8044B70474A
:10B2400011F0010F06D011F8012B0CF8012B002A88
:10B2500008BF704711F0020FBFD031F8022B12F077
:10B26000FF0F16BF2CF8022B8CF8002012F47F4F32
:10B27000B3D1704711F8012B0CF8012B002AF9D13A
:10B28000704700BF000000000000000001F0FF0157
:10B29000102A2BDB10F0070F08D010F8013B013A01
:10B2A0008B422DD010F0070F42B3F6D1F0B441EA33
:10B2B000012141EA014122F007047FF00007002349
:10B2C000F0E80256083C85EA010586EA010685FA9F
:10B2D00047F5A3FA87F586FA47F6A5FA87F68EB9F9
:10B2E000EED1F0BC01F0FF0102F0070232B110F81C
:10B2F000013B013A83EA010313B1F8D10020704702
:10B3000001387047002D06BF35460338073815F061
:10B31000010F07D1013015F4807F02BF013015F411
:10B32000C03F0130F0BC0138704700BF90F800F01A
:10B330006DE9024520F007016FF0000C10F00704E2
:10B3400091F820F040F049804FF000046FF00700C2
:10B35000D1E9002391F840F000F1080082FA4CF2A4
:10B36000A4FA8CF283FA4CF3A2FA8CF34BBBD1E92A
:10B37000022382FA4CF200F10800A4FA8CF283FA5C
:10B380004CF3A2FA8CF3E3B9D1E9042382FA4CF22C
:10B3900000F10800A4FA8CF283FA4CF3A2FA8CF3C1
:10B3A0007BB9D1E9062301F1200182FA4CF200F1C8
:10B3B0000800A4FA8CF283FA4CF3A2FA8CF3002B67
:10B3C000C6D0002A04BF04301A4612BAB2FA82F27A
:10B3D000FDE8024500EBD2007047D1E9002304F0FC
:10B3E0000305C4F100004FEAC50514F0040F91F8FD
:10B3F00040F00CFA05F562EA05021CBF63EA05039A
:10B4000062464FF00004A9E72DE9F047DFF87CA081
:10B410000646DAF8000098460F469146FFF7C8FE48
:10B42000184B1C6824B365681F2D24DC5EB96B1CA7
:10B430000235DAF80000636044F82570FFF7BAFEC1
:10B440000020BDE8F08704EB85010123C1F8889056
:10B45000D4F88821AB401A43022EC4F88821C1F8E1
:10B460000881E4D1D4F88C211A43C4F88C21DEE79A
:10B47000054C1C60D7E7DAF80000FFF79BFE4FF0A1
:10B48000FF30DEE75CBF002060BF0020C037002037
:10B49000F8B5244F0C460646FFF702F9BB685D6815
:10B4A000C4F57E610F3125F003054B1923F47F634A
:10B4B00023F00F03A3F58054B4F5805F07DB002170
:10B4C0003046FFF71FFEBB682B44984204D030463D
:10B4D000FFF7ECF80020F8BD61423046FFF712FE9E
:10B4E00001300DD0104ABB682D1B45F001055D6091
:10B4F000136830461B1B1360FFF7D8F80120F8BD16
:10B5000000213046FFF7FEFDBA68831A0F2BDEDDFF
:10B5100043F001035360054B03491B68C01A0860E0
:10B52000D5E700BF38390020FCC00020403D002096
:10B53000002961D0F8B50C460646FFF7B1F854F87B
:10B54000042C7B4FA4F1080522F0010105EB010C4E
:10B55000B868DCF80430604523F0030300F08B800A
:10B56000D207CCF8043032D454F8082CAD1A114468
:10B57000AA6807F1080082426AD00CEB0304D4F8F1
:10B5800004E0EC68D4601EF0010FA26000F0978028
:10B5900041F001036B60CCF80010B1F5007F35D2AB
:10B5A0007868CB080122490901338A40024357F8E1
:10B5B00033107A6007EBC302083AC5E9021247F874
:10B5C0003350CD603046BDE8F840FFF76FB80CEB64
:10B5D00003025268D00710D4194407F10800DCF8C0
:10B5E0000830834273D0DCF80C20DA60936041F0BD
:10B5F00001036B606950D0E7704741F00103B1F57A
:10B60000007F44F8043CCCF80010C9D3B1F5206F9A
:10B610004FEA512348D28B0903F1390003F1380274
:10B62000C300F818FB580838984259D05A6822F0DD
:10B6300003028A4202D99B689842F7D1D868C5E9CB
:10B6400002308560DD603046BDE8F840FFF72EB877
:10B650000CEB03025268D20763D40B44DCE90212FC
:10B66000CA60916043F001026A603046EB50BDE869
:10B67000F840FFF71BB80B44D10707D454F8082C47
:10B68000AD1A1344D5E90212CA60916043F0010279
:10B690006A60284ABD6012689A4293D8264B3046A9
:10B6A0001968FFF7F5FE8DE7142B0AD9542B1FD824
:10B6B0000B0B03F16F0003F16E02C300B1E71944F5
:10B6C0008DE703F15C0003F15B02C300A9E741F0E1
:10B6D0000103C7E90455C5E902006B60695071E7D1
:10B6E00079689210012404FA02F20A437A60A6E70C
:10B6F000B3F5AA7F06D8CB0B03F1780003F17702EC
:10B70000C3008EE740F25452934206D88B0C03F1EB
:10B710007D0003F17C02C30083E74FF47E737E2239
:10B720007FE741F001036B60CCF800104AE700BFEF
:10B7300038390020443D00202CC1002082B049B19E
:10B740005AB16BB113780B601278101E18BF01202C
:10B7500002B0704701A9002AF3D1104602B0704729
:10B760006FF00100F4E700BF436C70B505460C466E
:10B770004BB153F8240080B1026843F82420002321
:10B78000C0E9033370BD21220421FEF78DFC03467E
:10B7900068640028EDD1002070BD012101FA04F693
:10B7A000721D92002846FEF77FFC0028F3D0C0E906
:10B7B0000146E4E731B1436C4A6853F8220008605F
:10B7C00043F82210704700BF2DE9F0410E69804612
:10B7D0000F461D4601F1140E0020DEF800108CB259
:10B7E00002FB0453090C4FEA134C02FB01CC01305D
:10B7F0009CB204EB0C4486424EF8044B4FEA1C45C5
:10B80000EBDC3DB1BB68B34207DD07EB86030136D5
:10B810005D613E613846BDE8F0817968404601319E
:10B82000FFF7A2FF0446B0B13A69023207F10C01FA
:10B8300092000C30F4F704FFD8F844307A6853F8DB
:10B840002210396043F82270274607EB8603013641
:10B850005D613E61DEE7034B03482246BA2102F0F8
:10B8600055FA00BF282800203C280020030C1B04A8
:10B87000D3B90004102310F07F4F04BF0002083337
:10B8800010F0704F04BF0001043310F0404F04BFAC
:10B8900080000233002805DB10F0804F03F1010324
:10B8A00008BF2023184670470023E4E7036813F01D
:10B8B000070208D0D9071FD49A0722D55B08036076
:10B8C00001221046704799B209B91B0C1022D9B257
:10B8D00009B908321B0A190704BF1B09043299076A
:10B8E00004BF9B080232D90703D45B0802F10102AE
:10B8F00005D0036010467047002210467047202292
:10B90000DFE79B08022203601046704738B5436C9E
:10B9100004460D464BB15868B0B102685A60002227
:10B920000123C0E90435C26038BD21220421FEF79D
:10B93000BBFB034660640028EDD1094B0948002297
:10B9400040F2451102F0E2F91C2201212046FEF7E7
:10B95000ABFB0028F1D001220223C0E90123DEE77E
:10B96000282800203C2800202DE9F04F0E69156999
:10B97000AE4285B08846144605DB2A462346354646
:10B980000C4616469846A3686168AF19BB42B8BF1B
:10B990000131FFF7E9FE0190002800F08780019B4C
:10B9A00003F1140909EB870AD14505D24B46002261
:10B9B00043F8042B9A45FBD808F1140808EB860BD2
:10B9C00004F11403D8451A4603EB85055FD22B1BFF
:10B9D000153B23F0030304331534A54238BF042379
:10B9E000CDE902A7AC461F46924605E0090C29D1D5
:10B9F000C34509F1040948D958F8041B8DB2002D3C
:10BA0000F4D056464C46002356F8041B22681FFA11
:10BA100081FE90B2090C05FB0E00120C034405FBDD
:10BA2000012202EB13429BB243EA0243B44544F8BD
:10BA3000043B4FEA1243E7D849F8073058F8041C92
:10BA4000090CD5D0D9F8003050461A464C4600268D
:10BA50000588120C01FB052216449BB243EA0643FB
:10BA600044F8043B50F8045B22682D0C93B201FBB0
:10BA7000053303EB164384454FEA1346E8D8C34524
:10BA800049F8073009F10409B6D8DDE902A7002F0B
:10BA900002DC05E0013F03D05AF8043D002BF9D049
:10BAA000019B18461F6105B0BDE8F08F034B0448A9
:10BAB000019A4FF4B17102F029F900BF2828002043
:10BAC0003C28002012F003032DE9F04114460646FD
:10BAD00032D10D46A41020D0D6F84080B8F1000F26
:10BAE00033D0E3074FF0000707D4641015D0D8F81F
:10BAF0000000A8B18046E307F7D542462946304604
:10BB0000FFF732FFB5B16968736C641053F82120F8
:10BB10002A6043F821500546E9D12846BDE8F08166
:10BB2000424641463046FFF71FFFC8F80000076055
:10BB30008046E0E70546D8E7013B0F4A52F823204C
:10BB40000023FFF741FE0546C4E701213046FFF719
:10BB50000BFE804640B1012340F27122C0E904325D
:10BB6000002330640360BCE7044B0548424640F2C2
:10BB7000451102F0CBF800BF3C2D00202828002002
:10BB80003C2800202DE9F0470D4614462F69AB688C
:10BB9000496807EB62177E1C9E4280464FEA621995
:10BBA00004DD5B009E4201F10101FADC4046FFF733
:10BBB000DBFD8446002852D0B9F1000F00F11402D9
:10BBC0000EDD09F105014FEA810E134600EB8101FC
:10BBD000002043F8040B8B42FBD1AEF114031A444E
:10BBE000296905F1140314F01F0E03EB81012ED017
:10BBF000CEF1200910464FF0000A1C6804FA0EF43A
:10BC000044EA0A0440F8044B53F8044B994224FADE
:10BC100009FAF2D84B1B153B23F00303043305F15B
:10BC20001500814238BF0423BAF1000F18BF374610
:10BC300042F803A0D8F844306A68CCF8107053F882
:10BC400022102960604643F82250BDE8F087043A8C
:10BC500053F8040B42F8040F9942F9D8EAE7034B72
:10BC6000034862464FF4EF7102F050F82828002094
:10BC70003C2800200B6984460069C01A16D10CF1DB
:10BC8000140C14310CEB830210B401EB830301E0BC
:10BC9000944508D252F8044D53F8041D8C42F7D055
:10BCA00005D24FF0FF305DF8044B7047704701201C
:10BCB0005DF8044B704700BF2DE9F84F0F69136919
:10BCC000FF1A002F0E4690467FD101F11405143261
:10BCD00002EB830205EB830301E09D4278D253F827
:10BCE000041D52F8044DA142F7D069D37168FFF7E3
:10BCF0003BFD8146002877D03569D8F81020C76011
:10BD000008F1140E06F1140009F1140A06F11001ED
:10BD10000EEB820200EB850756464FF0000C5EF8F2
:10BD2000044B51F804BFA3B21CFA8BFCACEB030329
:10BD30004FEA144CCCEB1B4C0CEB234C9BB243EA6C
:10BD40000C43724546F8043B4FEA2C4CE7D8A2EB73
:10BD50000801153908F11508424521F0030404F1E2
:10BD6000040438BF0424204421F0030238BF002219
:10BD700087425244544418D92646014651F8043BA0
:10BD80001CFA83FC4FEA2C4202EB13421FFA8CFC94
:10BD90004CEA02438F4246F8043B4FEA224CEDD86E
:10BDA000013F3F1A27F00307E21923B952F8043D77
:10BDB000013D002BFAD0C9F810504846BDE8F88F75
:10BDC000334601274646984690E7F9DB00278DE782
:10BDD0000021FFF7C9FC814668B101220023C9E9AF
:10BDE00004234846BDE8F88F064B07484A4640F210
:10BDF000452101F08BFF034B03484A4640F23721AF
:10BE000001F084FF282800203C2800202DE9F04381
:10BE1000884683B0012157EC106B1546FFF7A4FC50
:10BE20000446002851D0C7F30A59C7F31303B9F1E8
:10BE3000000F01D043F48013002E019318D101A804
:10BE4000FFF734FD019A6261012200F120032261B3
:10BE5000B9F1000F25D0A9F2334909EB03022046BE
:10BE6000C3F13503C8F800202B6003B0BDE8F083B0
:10BE700068460096FFF71AFD034610B3DDE900029D
:10BE8000C3F1200102FA01F10143DA40616101923C
:10BE9000002AA26114BF022201222261B9F1000F1F
:10BEA000D9D1A3F23243C8F8003004EB82031869F9
:10BEB000FFF7DCFCC0EB421320462B6003B0BDE86B
:10BEC000F083009A6261019AE2E7034B034822463D
:10BED00040F20F3101F01AFF282800203C280020F2
:10BEE00049B1FF2A02D80A70012070478A230360F3
:10BEF0004FF0FF3070470846704700BF2DE9F04F04
:10BF00002DED088BD1B00C460BEE101A904608931D
:10BF1000834601F0BBFE036812931846FFF706FA4A
:10BF200020AF1090082200213846FEF7DDFFA389DC
:10BF30001B0603D52369002B00F0558700239FEDD6
:10BF4000838B9FED849BCDE92533CDE91333CDE978
:10BF5000153327AA0E9324929246119304934446D4
:10BF6000A1467E4BD3F8E450FFF788F84A460346D3
:10BF70001CA900975846A847002800F0B080C0F2DE
:10BF8000A6801C9A252A034601D09944E9E7B9EB1B
:10BF90000405064640F0A78000234FF0FF328DF8DD
:10BFA00067309846069309F1010999F80030039229
:10BFB0002B25202609F10109A3F120025A2A00F2BB
:10BFC000CF80DFE812F0E802CD00CD00E302CD0023
:10BFD000CD00CD006A00CD00CD0005028402CD0069
:10BFE0001002C902CD00BD025B005B005B005B007C
:10BFF0005B005B005B005B005B00CD00CD00CD0013
:10C00000CD00CD00CD00CD005301CD0083011A023B
:10C01000530153015301CD00CD00CD00CD001502D9
:10C02000CD00CD009602CD00CD00CD00AB01CD00FE
:10C03000AA02CD00CD00E306CD00CD00CD00CD009D
:10C04000CD00CD00CD00CD005301CD008301DE0138
:10C050005301530153017702DE017F00CD008902B5
:10C06000CD005F02E0062F027F00CD00AB017C0017
:10C07000B806CD00CD00BD06CD007C00A3F1300296
:10C08000002119F8013B01EB810102EB4101A3F111
:10C090003002092AF5D906918EE7584601F0F6FDDF
:10C0A000436815931846FFF741F91690584601F07A
:10C0B000EDFD83681393169B002B40F02D8699F8B5
:10C0C000003077E799F8003048F0200872E708223E
:10C0D00000213846FEF708FF0123994441E7B9EBF8
:10C0E0000405064611D0269B2B442693259B01333D
:10C0F000072BCAE9004525931CDC0AF1080A049BBA
:10C100002B440493002E7FF447AF269B002B41F075
:10C110000B821BEE103AB3F90C3013F0400F049B66
:10C1200018BF4FF0FF330493049851B0BDEC088B57
:10C13000BDE8F08F1BEE101A24AA584602F056FDF7
:10C140000028E6D10DF19C0AD9E700BF00000000ED
:10C1500000000000FFFFFFFFFFFFEF7FCC37002054
:10C160000B93002BD1D00021CDE90C118DF8DC30E0
:10C1700001238DF8671002930791059303910F91A6
:10C1800037AC18F00203099302D0029B02330293EA
:10C1900018F084030A9305D1069B029A9D1A002D7C
:10C1A00000F36983269A89B125990DF16700013161
:10C1B0000132CAF8000007294FF0010026922591AC
:10C1C000CAF8040000F3A2830AF1080A099B83B1AC
:10C1D000259B1AA901330232CAF80010072B4FF031
:10C1E000020126922593CAF8041000F3A3830AF1F2
:10C1F000080A0A9B802B00F06C82039B05995D1A4C
:10C20000002D00F3A58218F4807F40F00D82059B7D
:10C21000CAF804301A44259BCAF800400133072BA2
:10C220002692259300F31B830AF1080A18F0040FE5
:10C2300005D0069B02995C1A002C00F38883049BAE
:10C24000069902988142ACBF5B181B180493002A20
:10C2500040F0B08200232593079B1BB107995846F5
:10C26000FFF766F90DF19C0A4C4679E60B93089BA3
:10C27000073323F00703B3EC028BB0EEC87BB4EEB8
:10C28000497BF1EE10FA089340F3E984B5EEC08BD8
:10C29000F1EE10FA01F159809DF86710AB4CAC4BF0
:10C2A00028F080080B9A472AC8BF1C460023CDE916
:10C2B0000C33032207930292059203930F930029F4
:10C2C0003FF45FAF029B013302935AE7432B0B937A
:10C2D00003D018F0100F00F05D85089D08220021A2
:10C2E00022A837ACFEF700FE22AB55F8042B2146FE
:10C2F000584602F035FC03460133059001F0EE820A
:10C30000059B089523EAE37302930021CDE90C1104
:10C310008DF86710079103910F9132E70B93089BFB
:10C320001A4600238DF86730134653F8044B0893E0
:10C33000002C00F048850B9B532B00F0EC8618F086
:10C3400010030C9340F0E786039B5D1C01F0E58031
:10C350000C991A462046FEF799FF0790002801F035
:10C360002883079B1A1B05920C9B039322EAE27217
:10C370000F930D93079373239DF8671002920B930D
:10C380009DE718F0200F0B93089B3DD0073323F057
:10C3900007031A4611465B6851F8082B08911946A5
:10C3A000002BC0F20C84039B013300F09E8228F026
:10C3B000800052EA0103029040F09982039B002B17
:10C3C00040F09A82804600230393059350AC06E127
:10C3D000089B53F8042B0692002A80F21984069ACF
:10C3E00008935242069299F8003048F00408E1E5BB
:10C3F00099F8003048F00808DCE548F0100818F01B
:10C40000200F0B93089BC1D118F0100F40F00B8444
:10C4100018F0400F00F0038433F9042B0893D11770
:10C420000B46BDE7089B48F00202029253F8042B2A
:10C43000089347F63003ADF868307820454B1193E8
:10C44000002102230B900020039C8DF86700601CE4
:10C4500000F0AD80029820F0800852EA010040F020
:10C46000A480002C40F0AE86002BACD1029B13F0D0
:10C470000103059300F0D18330238DF83F310DF295
:10C480003F14ACE018F0200F40F0D48318F0100FE8
:10C4900040F09F8618F0400F40F0978718F4007F17
:10C4A00000F09786089B049953F8042B08931170A9
:10C4B0004C4655E599F80030682B03BF99F80130D8
:10C4C00048F4007809F1010948F0400872E599F84C
:10C4D00000308DF867506DE599F800306C2B03BF84
:10C4E00099F8013048F0200809F1010948F01008D6
:10C4F00060E50B9348F0100818F0200100F051831C
:10C50000089B073323F00703596853F8082B089357
:10C5100028F480630293002395E70B9348F01003FF
:10C520000293029B13F0200100F02983089B07333C
:10C5300023F00703596853F8082B0893012382E777
:10C5400099F8003048F0800834E500BF082A002040
:10C550005C200020102A0020494611F8013B2A2BBC
:10C5600001F04982A3F13002092A894698BF0021CF
:10C5700001F2448119F8013B01EB810102EB410119
:10C58000A3F13002092AF5D9039115E599F8003095
:10C5900048F001080EE59DF86730002B7FF48FAD61
:10C5A00099F800308DF8676004E5CDF80880012B1C
:10C5B00000F09D81022B50AC20D1119802F00F03A6
:10C5C0001209C35C04F8013D42EA0172090952EA0A
:10C5D0000103F3D150AB1B1BDDF808800593059ACE
:10C5E00003989DF8671082424FF00003B8BF0246DF
:10C5F000CDE90C33079302920F9360E602F0070334
:10C60000D20842EA4172C908303352EA0105204695
:10C6100004F8013DF2D1029AD10700F14D8250ABEE
:10C620001B1B90460593DAE70B9B652B40F3D480E8
:10C63000B5EE408BF1EE10FA40F0C181259BBA496E
:10C64000CAF80010013301320121072B26922593ED
:10C65000CAF8041000F351850AF1080A1B9B0E99D1
:10C660008B4280F2D082109B12991A44CAE90013BF
:10C67000259B26920133072B259300F397830AF11C
:10C68000080A0E9B5C1E002C7FF7D0AD102C259B5A
:10C6900040F36E851BEE106A102505E00AF1080ACA
:10C6A000103C102C40F364850133A0491032072B55
:10C6B000CAE90015CDE92532F0DD24AA31465846F5
:10C6C00002F094FA00287ED1DDE925320DF19C0AB2
:10C6D000E6E7069B02995D1A002D7FF78EAD102DBF
:10C6E000259B21DD099410261BEE104A04E0103D25
:10C6F000102D0AF1080A16DD01338C491032072B80
:10C70000CAE90016CDE92532F1DD24AA21465846B2
:10C710000DF19C0A02F06AFA002854D1103D102D48
:10C72000DDE92532E8DC099C8049CAF80450013370
:10C730002A44072BCDE92532CAF8001000F32685DC
:10C74000039B05995D1A002D0AF1080A7FF75BAD7E
:10C75000102D259B1FDD514610261BEE10AA04E06C
:10C76000103D102D01F1080114DD01336F48103226
:10C77000072BC1E90006CDE92532F1DD24AA514697
:10C78000584602F033FAF0B9103D102DDDE925329C
:10C7900027A9EADC8A4601336449CAF804502A44CE
:10C7A000072BCDE92532CAF8001000F3DA810AF12F
:10C7B000080A28E51BEE101A24AA584602F016FAB9
:10C7C00000283FF447AD079B002B3FF4A2AC07992C
:10C7D0005846FEF7ADFE9CE40E9B012B40F37A8198
:10C7E000259BCAF80040013301320121072B269214
:10C7F0002593CAF8041000F3F8810AF1080A109989
:10C80000129801330A44072BCAE90001CDE9253209
:10C8100000F3DD810AF1080AB5EE408BF1EE10FA63
:10C8200000F077810E990133013901340A44072B56
:10C83000CAF800402593CAF80410269200F35B81E1
:10C840000AF1080A1499CAF8041001330A44072BA4
:10C850001EA9CDE92532CAF800107FF7E5AC1BEE22
:10C86000101A24AA584602F0C1F90028ABD1269A22
:10C870000DF19C0ADAE4102DDDE925122C4E24DDA1
:10C88000179410231BEE104A084604E0103D102DAB
:10C890000AF1080A17DD013010320728CAE90063DF
:10C8A000CDE92502F2DD24AA214658460DF19C0A65
:10C8B00002F09CF9002886D1103D102DDDE92502FB
:10C8C0004FF01003E7DC179C014601312A44072989
:10C8D000CDE92512CAF80060CAF8045000F3BD8300
:10C8E0009DF867100AF1080A5DE4CDF808800A2A6D
:10C8F00071F1000380F0458330320123DDF80880B8
:10C900008DF83F2105930DF23F1468E61BEE101AD7
:10C9100024AA584602F06AF900287FF454AF269AF8
:10C920000DF19C0A52E400BFEC2C0020483100209D
:10C93000402A00201BEE101A24AA584602F056F98D
:10C9400000287FF440AF269A0DF19C0A51E4102C88
:10C95000259BBE4E1FDD1BEE108A102504E0103C07
:10C96000102C0AF1080A16DD01331032072BCAE930
:10C970000065CDE92532F2DD24AA414658460DF185
:10C980009C0A02F033F900287FF41DAF103C102CF4
:10C99000DDE92532E8DC01332244072BCAE90064D3
:10C9A000CDE925327FF74BAC1BEE101A24AA58466E
:10C9B00002F01CF900287FF406AF269A3FE41B9989
:10C9C000002940F35A830C9E0E9B9E42A8BF1E4630
:10C9D000002E0BDD259B01333244072BCAE90046AC
:10C9E0002692259300F389860AF1080A0C9D002EF1
:10C9F000A8BFAD1B002D00F303820C9B18F4806FC1
:10CA00002344059340F01F821B9B0E998B4203DB4E
:10CA100018F0010F00F0CF84109912980A44CAE967
:10CA200000012599269201310729259100F3A58659
:10CA30000AF1080A0E996518CC1A059BED1AA54251
:10CA4000A8BF2546002D0DDDCAF80030259BCAF889
:10CA5000045001332A44072B2692259300F3BB860A
:10CA60000AF1080A002DA8BF641B002C7FF7DEAB7B
:10CA7000102C259B40F37C831BEE106A102505E0EB
:10CA80000AF1080A103C102C40F3728301337049FC
:10CA90001032072BCAE90015CDE92532F0DD24AAB2
:10CAA0003146584602F0A2F800287FF48CAEDDE94A
:10CAB00025320DF19C0AE5E7302B3FF48BAD302396
:10CAC000023804F8013C50AB1B1ADDF808800593CE
:10CAD000044684E518F0010F7FF482AE259BCAF866
:10CAE0000040013301320121072B26922593CAF819
:10CAF00004107FF7A5AE1BEE101A24AA584602F0C8
:10CB000075F800287FF45FAEDDE925320DF19C0A4F
:10CB100098E60E994C1E002C7FF794AE102C40F333
:10CB200061831BEE106A102505E00AF1080A103C2B
:10CB3000102C40F35783013345491032072BCAE9C3
:10CB40000015CDE92532F0DD24AA3146584602F021
:10CB50004DF800287FF437AEDDE925320DF19C0A4F
:10CB6000E5E71BEE101A24AA584602F03FF8002809
:10CB70007FF429AE269A0DF19C0AFFF744BB029B75
:10CB800013F0100340F0C180029A12F0400200F04E
:10CB90007A83089850F8042B0890194692B2012322
:10CBA00051E418F0100355D118F0400200F05D83F5
:10CBB000089850F8042B0890194692B2A8E4524203
:10CBC00061EB4101CDF808802D2001233CE41BEEF0
:10CBD000101A24AA584602F009F800287FF4F3AD91
:10CBE000DDE925320DF19C0A16E61BEE101A24AA87
:10CBF000584601F0FBFF00287FF4E5ADDDE9253262
:10CC00000DF19C0AFBE518F0010F3FF40FAB2AE58C
:10CC1000089399F80030FFF7CDB950ACDFE418F471
:10CC2000007F40F0DB8353F8042B0893D1170B46A9
:10CC3000FFF7B6BB089B049853F8041B0893C21770
:10CC4000C1E900024C46FFF78BB900BF402A002023
:10CC500048310020089B53F8042B089358E4B4EEA5
:10CC6000488BF1EE10FA80F194860B9B612B00F05B
:10CC70005285412B00F0C085039B01330B9B23F0B1
:10CC8000200500F08084472D04D1039B002B08BFB2
:10CC90000123039318EE903A002B48F48072464625
:10CCA000C0F21886B0EE48AB002390460993079374
:10CCB0000B9B413B252B00F29883DFE813F06F04B8
:10CCC00096039603960368046C04960396039603F2
:10CCD000960396039603960396039603960396038C
:10CCE000960396039603960396039603960396037C
:10CCF000960396039603960396039603960396036C
:10CD000096039603960368046C04089B53F8042B5F
:10CD100008930123FFF797BB139B002B3FF4CFA988
:10CD2000139B1B78002B3FF4CAA999F8003048F4F4
:10CD30008068FFF73FB90B93CDF80880FFF7F1BB90
:10CD40000B939A4B119318F0200100F00581089B7A
:10CD5000073323F00703596853F8082B089318F09A
:10CD6000010F0AD052EA010307D00B9B8DF86930FE
:10CD7000302348F002088DF8683028F4806302936D
:10CD80000223FFF760BB0B93FFF7B6BB0B93884BF7
:10CD90001193D8E7089B012153F8042B02918DF8D9
:10CDA000DC200893059137ACFFF7AFBA1BEE101AE1
:10CDB00024AA584601F01AFF00287FF404AD269AF1
:10CDC0000DF19C0A5DE4039B0794062B224628BFC5
:10CDD000062303942146CDE90C22764C0293059359
:10CDE0000F92FFF76CBA40215846FDF7A9F9206071
:10CDF0002061002800F00F8640236361FFF79EB892
:10CE0000102D259B40F35D82514610261BEE10AA83
:10CE100004E00831103D102D40F352820133664882
:10CE20001032072BC1E90006CDE92532F1DD24AA35
:10CE30005146584601F0DAFE00287FF4C4ACDDE923
:10CE4000253227A9E6E70E9BCDF82490E31803933B
:10CE50000D9BCDF82880139E059DDDF85890DDF8D8
:10CE60003C800B941BEE101A5046002B34D0B8F1C6
:10CE7000000F35D10D9B013B013E0D93159BC0E981
:10CE80000039259B01334A44072B269225936CDCFD
:10CE90000830039B96F800C05B1B6345A8BF634640
:10CEA000002B9A460CDD259C01341A44072CC0E95E
:10CEB00000532692259400F3778196F800C008303D
:10CEC000BAF1000FACBFACEB0A046446002C0ADCDC
:10CED00065440D9B002BCAD1B8F1000F00F0AC8364
:10CEE00008F1FF38CAE7102CDDF894C024DD059561
:10CEF0004FF0100A63460D4604E0103C102C00F180
:10CF0000080016DD01332C491032072BC0E9001A46
:10CF1000CDE92532F1DD24AA2946584601F066FE06
:10CF200000287FF450AC103C102CDDE9253227A8F6
:10CF3000E8DC2946059D9C460CF10103224444602F
:10CF4000072B1D4C0460CDE9253200F3C68396F80B
:10CF500000C008306544BCE718F0100300F0C28040
:10CF6000089B53F8042B0893F9E624AA5846059128
:10CF700001F03CFE00287FF426AC269A059927A8EC
:10CF800087E70298CDF81CA050AC00F48060002523
:10CF90000AEE10BA094BDDF84CA0CDF81490A34668
:10CFA0004FF00508AC46044610E000BF102A0020F0
:10CFB000242A0020382A002048310020CDCCCCCCB7
:10CFC0000A2A71F1000136D34A463146501840F121
:10CFD0000000A3FB005626F0030505EB9605401B59
:10CFE000151A4FF0CC3661F1000E06FB05F6A5FBD5
:10CFF000039503FB0E6609F0010E2E44AEFB085E9E
:10D000002D184FEA590930350BF8015C49EAC67909
:10D010000CF1010C0BF1FF3B7608002CD0D09AF8F4
:10D0200000008445CCD1BCF1FF0FC9D00A2A71F1B0
:10D03000000180F08F815C4650AB1B1BDDF8149023
:10D04000CDF84CA01AEE10BADDF81CA0DDF808806F
:10D05000CDF838C00593FFF7C2BA1BEE101A24AA08
:10D06000584601F0C3FD00287FF4ADAB9DF8671072
:10D07000269A0DF19C0AFFF796B8259BBE48CAF880
:10D080000000013301320120072B26922593CAF8B4
:10D09000040000F377810AF1080A002940F0AF800C
:10D0A0000E9908F001030B433FF4C0A8109B12999E
:10D0B0001A44CAE90013259B26920133072B2593B6
:10D0C00000F352820AF1080A0E99CAF800400133AF
:10D0D0000A44072BCDE92532CAF804107FF7A4A82B
:10D0E000FFF7BDBB18F0400200F0DD80089850F853
:10D0F000042B0890194692B231E61BEE101A24AAAE
:10D10000584601F073FD00287FF45DAB269A0DF1BF
:10D110009C0AFFF7A3BA22AE0822002130461D94D4
:10D12000FDF7E2FE039B5A1C00F0DB800025CDF8E2
:10D130000890CDF81C809946A8460CE037A95846BF
:10D1400001F00EFD431C404400F0C883484508DC54
:10D1500000F0188480461D9A525933460435002A3F
:10D16000ECD1CDF81480DDF80890DDF81C80C5E026
:10D1700001338249CAF804402244072BCAF8001040
:10D18000CDE925327FF750A8FFF769BB1BEE101AD7
:10D1900024AA584601F02AFD00287FF414AB269AF1
:10D1A0000DF19C0AFFF729B824AA5846059101F011
:10D1B0001DFD00287FF407AB96F800C0269A05995C
:10D1C00027A87DE6012BCDF808807FF4F3A9FFF7AF
:10D1D00093BB089B049953F8042B4C4611600893A9
:10D1E000FEF7BEBE01336549CAF804402244072B4E
:10D1F000CDE92532CAF800107FF722AB7BE4109B03
:10D2000012981A44CAE90003259B26920133072B82
:10D21000259300F3A9810AF1080A0029BFF654AF4B
:10D220004D42103180F20F831BEE101A102605E0DC
:10D230000AF1080A103D102D40F3058301334F48D1
:10D240001032072BCAE90006CDE92532F0DD24AA09
:10D250005846039101F0CAFC00287FF4B4AADDE926
:10D26000253203990DF19C0AE4E7089B18F400713C
:10D270001ABF114653F8042B53F8042B089318BF18
:10D28000D2B2FFF745B9029B13F40071089B1ABF95
:10D29000114653F8042B53F8042B089318BFD2B24D
:10D2A0000123FFF7D0B8089B18F400711ABF11468C
:10D2B00053F8042B53F8042B089318BFD2B24EE551
:10D2C0008A4601332D49CAF804502A44072BCDE978
:10D2D0002532CAF8001000F339810AF1080AFFF775
:10D2E0008CBB0023194600961DAA584601F05EFC2F
:10D2F00003460133059000F0F1821D94059B002B3D
:10D300004ED0632B00F318810023079337AC08221B
:10D3100000213046FDF7E8FD059D00962B461DAA2D
:10D320002146584601F042FC854240F07C83059A34
:10D330000023A35422EAE272CDE90C339DF8671072
:10D34000039302920F93FEF7BABF2D218DF8671059
:10D35000FEF7A4BF169B1599ABEB030B1A46584674
:10D36000FDF75AFE9AF80120054B0AB10AF1010AAD
:10D370004FF0000C28E600BFEC2C002048310020C4
:10D38000CDCCCCCC1BEE101A24AA584601F02EFCB2
:10D3900000287FF418AA1B99269A0DF19C0A7CE6B6
:10D3A000059B9DF867100F93CDE90233CDE90C334F
:10D3B0000793FEF784BF0E99059865182D1ACC1AAD
:10D3C000A542A8BF2546FFF74DBB089B049953F81B
:10D3D000042B089311804C46FEF7C2BD13F9042BB1
:10D3E0000893D1170B46FEF7DBBF039A022122AB4D
:10D3F00001931DAB009358461BABB0EE4A0B029253
:10D4000000F038FD472D029A044600F06181462D58
:10D41000104405D12378302B00F06F821B9A104402
:10D42000B5EE40ABF1EE10FA40F0468103461B1B0F
:10D430000E93472D00F01081462D00F0B5811B9B07
:10D440000C930C9B412D03F1FF331B9300F0E581FE
:10D450009DF82C200021002BB8BF0C9B8DF8782064
:10D46000BABFC3F101032D222B22092B8DF879209D
:10D4700040F3DA810DF18F05DFF81CC42A4610460F
:10D480008CFB0321DA17C2EBA10202EB8201A3EBB2
:10D490004101303100F8011C19466329134600F19F
:10D4A000FF32ECDC3033D9B2831E9D4202F8011CFE
:10D4B00040F28B8213460DF17A0201E013F8011B52
:10D4C00002F8011B9D42F9D10DF191030DF17A0291
:10D4D0001B1A13441EAA9B1A14930E9B149A012B19
:10D4E0001A44059240F30382059B109A1344059356
:10D4F00026F48063059A43F480780023CDE90C3349
:10D5000022EAE2720F930292099B002B40F0B18055
:10D510009DF867100393FEF7D2BE2046FDF706FF85
:10D5200002460590FEF720BF1BEE101A24AA5846AB
:10D5300001F05CFBFEF7EDBD591C5846FCF700FE00
:10D540000446002800F0CA810790E0E61BEE101A9E
:10D5500024AA584601F04AFB00287FF434A9269AF1
:10D560000DF19C0AFFF749BA1BEE101A24AA58467F
:10D5700001F03CFB00287FF426A9DDE925321B9948
:10D580000DF19C0A49E606230393FFF783BB039B37
:10D5900002215A1C2BE7039A032128E71BA8B0EEAF
:10D5A0004A0B00F077FBB4EE007B20EE070BB5EEE4
:10D5B000400BF1EE10FA01D101231B93B348039BFA
:10D5C000B3EE005B013B224604E0B5EE400BF1EE0A
:10D5D00010FA13D020EE050BFDEEC07BB3F1FF3F38
:10D5E00017EE901A415CB8EEE76B944630EE460BAE
:10D5F00002F8011B194603F1FF33E6D1B6EE006BCA
:10D60000B4EEC60BF1EE10FA00F34881B4EE460B0F
:10D61000F1EE10FA04D117EE903ADB0700F13E81EB
:10D62000002906DB4B1C1344302102F8011B9342F6
:10D63000FBD1131B0E93FCE60B9C0E9BDDF8249094
:10D64000DDF828801396E3189D42294628BF194625
:10D6500082460591FFF7D8B91B9B0C93DA1C02DBBD
:10D66000039A93420CDD0B9B023B0B9323F02005A6
:10D67000E7E62D2100238DF867100393FEF722BE05
:10D680000C9B0E9A9342C0F2BD80F0070C9B40F1B8
:10D690003281109A13440593710503D50C9B002B1E
:10D6A00000F33581059B23EAE373029367230B9311
:10D6B00000230F930D9327E7229B8342BFF4B7AE5D
:10D6C00030215A1C22921970229B9842F9D8AEE65A
:10D6D000F30700F1A780229BA9E624AA58460591EA
:10D6E00001F084FA00287FF46EA896F800C0269A0C
:10D6F000059927A86544FFF7ECBB1BEE101A24AA76
:10D70000584601F073FA00287FF45DA8269A0DF1BF
:10D710009C0AFFF76BB978238DF8693030238DF8B8
:10D720006830039B632B48F0020600F3A6800023B9
:10D73000079337AC18EE903A002B48F481782BDB36
:10D74000B0EE48AB0B9B23F02005002309930B9B05
:10D75000612B7FF4ADAAB0EE4A0B1BA800F09AFA39
:10D76000B4EE007B20EE070BB5EE400BF1EE10FAA5
:10D7700001D101231B93464821E71BEE101A24AA6E
:10D78000584601F033FA00287FF41DA81B9B269A07
:10D790000DF19C0AFFF74EB90B9B23F020052D23BA
:10D7A0000993B1EE48ABD2E71B9A0C92002A06F01F
:10D7B000010340F30D8103990B4340F0CF800C9B94
:10D7C000059366230B93720500F1A380059B23EA62
:10D7D000E37302936CE71BEE101A24AA584601F07B
:10D7E00005FA00287EF4EFAF1B9C0E9B269A1C1BAB
:10D7F0000DF19C0AFFF736B958238DE700220392FA
:10D80000FEF7DABB0E9B109A9A180C9B0592002B20
:10D8100040F3AB8067230B93D5E70B9A0F32D2B25C
:10D82000012118E6A018FBE5002940F0A88030226D
:10D830008DF87A200DF17B02303302F8013B1EABEC
:10D84000D31A149349E601331249CAF804502A4402
:10D85000072BCDE92532CAF800107FF733AC1BEE59
:10D86000101A24AA584601F0C1F900287EF4ABAF83
:10D87000DDE925320DF19C0A26E4591C5846FCF7D7
:10D880005FFC044650B3079054E700BF242A0020F1
:10D89000102A00204831002067666666CDF888C0EF
:10D8A00012F8011C90F80FC0614513460AD14FF0E1
:10D8B000300E03F801EC229B591E229113F8011C33
:10D8C0008C45F6D0392916BF0131817AC9B203F8E7
:10D8D000011CAEE600239046079360E71BEE102A7A
:10D8E000B2F90C3043F040039381FEF716BCF50704
:10D8F0007FF5FEADF8E50593CEE6B5EE40ABF1EE73
:10D9000010FA3FF48BADC2F101021B9287E5672349
:10D910000B9313990B78FF2B79D000250C9A28468E
:10D9200003E001300131FF2B08D0934206DAD21A0E
:10D930004B78002BF5D10B780135F4E70C9213915D
:10D940000D900F950F9A0D9B16991344059A01FBA4
:10D950000323059323EAE3730293D5E5109BD318C1
:10D960001944662305910B932DE7C3F101031A4473
:10D9700022EAE2730293672305920B9398E60DF176
:10D980007A0259E7039BDDF80890DDF81C800593C7
:10D99000B4E418EE903A002BB4BF2D219DF8671027
:10D9A000254C264BB8BF8DF8671028F08008FEF78D
:10D9B00079BC039B0293059373239DF86710039032
:10D9C0000F900D900B93FEF77ABC0223149384E51D
:10D9D000039A134305D10123662202930B92059308
:10D9E00066E6109B01331A4422EAE273029366232F
:10D9F00005920B935CE6089A99F80130894652F833
:10DA0000041B089241EAE1710391FEF7D3BA0023A7
:10DA10000F930D9396E70C23CBF800304FF0FF33B4
:10DA20000493FEF781BB1BEE102A938943F0400359
:10DA30009381FEF7C8BE00BF0C2A002058200020AA
:10DA400070B500294BD006460C4610B1436B002B35
:10DA500048D0636ED80734D5B4F90C30002B3ED0D3
:10DA60002146304600F050F8E36A054633B1E169DB
:10DA7000304698470028B8BF4FF0FF35A3891A06F3
:10DA80003CD4216B41B104F14003994202D03046AD
:10DA9000FDF74EFD00232363616C21B13046FDF795
:10DAA00047FD00236364FDF7B9F8636E0022DB07CE
:10DAB000A2811FD5A06DFDF779FBFDF7B5F82846CB
:10DAC00070BDA3899905CBD4A06DFDF771FBB4F9A6
:10DAD0000C30002BC4D1656E15F0010505D0002572
:10DAE000284670BDFDF77CF8B3E7A06DFDF762FB3B
:10DAF000284670BDA06DFDF75DFBDBE72169304670
:10DB0000FDF716FDBDE700BFB1F90C202DE9F0418E
:10DB10000C461107804647D4636842F40062002B2C
:10DB2000A2815EDDA56A002D58D00023D8F80060E0
:10DB3000C8F8003093B212F4805256D10123E16943
:10DB40004046A847431C67D0A389A56A5F0705D54F
:10DB50006368C01A236B0BB1E36BC01AE16902461C
:10DB600000234046A847411C41D1D8F80030002B83
:10DB70003DD01D2B01D0162B56D1A38922692260DE
:10DB800023F4006300216160A381216BC8F8006069
:10DB900021B304F14003994202D04046FDF7C8FC8E
:10DBA00000202063BDE8F0812669BEB193B22568EC
:10DBB00026609A070CBF63690023AD1BA3600BE0CE
:10DBC0002B463246E169676A4046B847B0F1000C1F
:10DBD000A5EB0C05664417DD002DF1DC0020BDE847
:10DBE000F081E36B002B9DDCF8E7206DAEE7B4F924
:10DBF0000C302269226023F40063A3810022DB043D
:10DC00006260C2D52065C0E7A38943F040034FF0AE
:10DC1000FF30A381BDE8F081D8F80030002B93D00D
:10DC20001D2B06D0162B04D0A38943F04003A381FB
:10DC3000D5E7C8F80060D1E738B50C46054608B10D
:10DC4000436B03B3B4F90C0088B1636EDB0701D4F6
:10DC500081050FD528462146FFF756FF636EDA0788
:10DC6000054602D4A3899B0508D5284638BD05463C
:10DC7000284638BDA06DFDF79BFAEBE7A06DFDF7D8
:10DC800099FA284638BDFCF7ABFFDBE70048704740
:10DC9000BC38002030B482B08DED000B019A194CD5
:10DCA00022F000430021A342016021DC009C1C43C0
:10DCB0001ED0154C144054B99FED107B20EE077B0D
:10DCC0008DED007B019A6FF0350122F0004322F0C8
:10DCD000FF42DDE9004522F4E00242F07F551B15CA
:10DCE00045F40015A3F2FE33CDE900450B44036073
:10DCF0009DED000B02B030BC704700BF000000007B
:10DD000000005043FFFFEF7F0000F07F00B50B4C99
:10DD100025681446EE681A4685B003460D464CB198
:10DD200007490095CDE901143046064900F04AFF45
:10DD3000F2F702FF04490C46F3E700BF543D002010
:10DD40008827002098270020641000202DE9F04F3C
:10DD500003690C69A34283B0C0F28780013C01F1E2
:10DD60001405A30000F11408009355F8243058F866
:10DD70002420013381469A4208EB840005EB840796
:10DD80000190B2FBF3F63BD34FF0000CAE46404699
:10DD9000E24663465EF804BB02681FFA8BFC06FB92
:10DDA0000C334FEA134C4FEA1B4B06FB0BCC9BB2D8
:10DDB000AAEB03031FFA8CFA13FA82F3CAEB12429E
:10DDC00002EB23429BB243EA0243774540F8043B0F
:10DDD0004FEA224A4FEA1C43DCD2009B58F803303A
:10DDE00073B9019B043B984504D307E0984504F1BF
:10DDF000FF3403D253F80429002AF7D0C9F81040A1
:10DE00004846FDF737FF00282BDB0136414600234B
:10DE100055F8040BD1F800C082B29A1A030C12FA1A
:10DE20008CF2C3EB1C4303EB224392B242EA03425F
:10DE3000AF4241F8042B4FEA2343E9D258F824209B
:10DE400008EB84036AB9043B984504D307E098457E
:10DE500004F1FF3403D253F80429002AF7D0C9F89B
:10DE60001040304603B0BDE8F08F002003B0BDE89D
:10DE7000F08F00BF2DE9F04F2DED028B8FB08DEDAF
:10DE8000020B0191816B1A9D059357EC106B0446B0
:10DE9000934641B1C26B4A60012393408B60FDF70A
:10DEA00089FC0023A363B7F10008B4BF012300235A
:10DEB0002B60BE4BBCBF28F00048CDF80C8033EA85
:10DEC000080300F09F809DED028BB5EE408BF1EED4
:10DED00010FA11D1059A012313601B9B002B00F04F
:10DEE0003F82B34B1B9A1360013B009300980FB025
:10DEF000BDEC028BBDE8F08F0CAA0DA92046B0EE58
:10DF0000480BFDF783FF5FEA1853054640F0928007
:10DF1000DDE90C130B4403F23242202A40F3FA826B
:10DF2000C2F1400208FA02F803F21242D64048EA6F
:10DF3000060207EE102AB8EE477B581E17EE906ACD
:10DF400053EC172B4FF0010AA6F1F8739FED913BAC
:10DF50009FED927B9FED935B06EE900A43EC122BB4
:10DF6000B8EEE64BB7EE086B32EE466BA6EE037BDF
:10DF7000A4EE057BFDEEC76BB5EEC07BF1EE10FAAB
:10DF800016EE907A08D5B8EEE66BB4EE476BF1EE7C
:10DF900010FA18BF07F1FF37162F00F24581854BA5
:10DFA00003EBC70393ED007BB4EEC78BF1EE10FAE1
:10DFB00057D5091A0023B1F1010807F1FF370A9379
:10DFC00000F1398100230693002F52DA069B049753
:10DFD000DB1B06937B420893019B092B4FF0000744
:10DFE0004ED8052B40F39D82043B01930026019BF4
:10DFF0009A1E032A00F22581DFE812F0AA03A70384
:10E000009D037E03059AC8F3130842F20F7358EA82
:10E01000060813601ED11B9B002B00F09185664BF8
:10E02000009308331B9A009813600FB0BDEC028B6D
:10E03000BDE8F08F18EE906AC6F31306A3F2FF3026
:10E0400053EC182B46F07F530C994FF0000A43F421
:10E0500040137BE71B9B002B40F03B83574B009307
:10E0600044E7091A0023B1F101080A9300F1E380A3
:10E07000069300230893019B0497092BB844B0D959
:10E0800000230126019307964FF0FF399B4600219C
:10E09000E163CDF82C902046FDF766FB0090002848
:10E0A00000F04085009BA363B9F10E0F00F2DC8005
:10E0B000002E00F0D980049B002B40F3DE833D4A04
:10E0C00003F00F0102EBC10292ED007B1A11DB0598
:10E0D00040F182833A4991ED086B02F00F02032070
:10E0E00088EE065B5AB13649D60704D591ED006B30
:10E0F000013027EE067B521001F10801F4D185EEC4
:10E10000076B0A9B3BB1B7EE007BB4EEC76BF1EE39
:10E1100010FA00F1AE8407EE900AB8EEE75BB1EEBC
:10E120000C7BA5EE067B17EE902A51EC170BA2F1A3
:10E130005071B9F1000F00F08883049E4A46079B96
:10E14000002B00F04784B6EE003B1A4BFDEEC64BA9
:10E1500003EBC20CB8EEE47B36EE477B1CED026BA2
:10E1600083EE065B41EC160B14EE900A35EE465B2F
:10E170000099B4EEC75B3030F1EE10FA01F8010BF4
:10E1800000F3AC84B7EE002BB2EE044B4FF0000C62
:10E1900031E000BF61436F63A787D23FB3C8608B94
:10E1A000288AC63FFB799F501344D33F0000F07F7D
:10E1B000ED2C0020A80200209C290020A829002086
:10E1C000800200200CF1010C94454DDA27EE047B0F
:10E1D00025EE045BFDEEC76B16EE903AB8EEE63B1B
:10E1E000303337EE437BB4EEC57BF1EE10FA01F825
:10E1F000013B00F1738432EE476BB4EEC56BF1EE78
:10E2000010FADFD5009A049602E08A4200F05084AA
:10E21000894611F8013D392BF7D00133DBB20B7081
:10E22000049B0133049355E1091A0123B1F101085C
:10E230000A937FF5C7AEC1F1010306934FF00008C2
:10E24000C2E60026E66331462046FDF78DFA0090CF
:10E25000002800F06784009BA3634FF0FF330B930B
:10E2600099460123B34607930D9A002A55DB04997A
:10E270000E2952DCB74BBBF1000F03EBC10393ED4A
:10E28000006B15DAB9F1000F12DC40F0F282B1EE4A
:10E29000047B26EE077BB4EEC78BF1EE10FACA467C
:10E2A0004E4600F26D82DDF800806FEA0B0B70E2E3
:10E2B00088EE067BBDEEC77B009917EE103AB9F1E8
:10E2C000010F03F13003B8EEC75B01F8013BA5EE87
:10E2D000468B00F03483B2EE044B012311E088EE4C
:10E2E000067BBDEEC77B013317EE102A4B4502F1CA
:10E2F0003002B8EEC75B01F8012BA5EE468B00F0AB
:10E300001E8328EE048BB5EE408BF1EE10FAE6D1B9
:10E31000049B013304938946DCE0079B43B3019BD4
:10E32000012B40F37682089B09F1FF3A534580F2B6
:10E330003F82089BCDF820A0AAEB030217444FF0C0
:10E34000000AB9F1000FC0F22583069B09934B44E4
:10E35000C844069301212046FDF7D8FA06460CE092
:10E360007D4B009300980FB0BDEC028BBDE8F08FA1
:10E37000069BDDF820A0079E0993099B6BB1B8F1BD
:10E38000000F0ADD434506991A46A8BF4246891A7E
:10E390009B1A06910993A8EB0208089B63B1079B9F
:10E3A000002B00F0A782BAF1000F00F30482089B53
:10E3B000B3EB0A0240F0FF8201212046FDF7A6FAE6
:10E3C000002F824600F3AF80019B012B40F3878131
:10E3D000002308930120002F40F0B180404410F04A
:10E3E0001F0000F07A81C0F12002042A00F3888027
:10E3F00040F0F681069B002B05DD29461A46204693
:10E40000FDF7C0FB0546B8F1000F05DD5146424659
:10E410002046FDF7B7FB82460A9B002B40F03F8168
:10E42000B9F1000F40F32581079B002B40F0A3803A
:10E43000049B01330493DDF80080012707E029469F
:10E4400000230A222046FDF7BFF901370546514651
:10E450002846FFF77BFCB94500F1300008F8010BB6
:10E46000EDDCB9F1000F009ACCBFCB464FF0010BA9
:10E470000346934400272946012220460193FDF7D5
:10E4800081FB51460546FDF7F5FB002840F3AF81BF
:10E490001BF8013C009A0BF1FF3B04E05A4500F0E9
:10E4A000B1811BF8013D392B0BF10109F6D0013385
:10E4B0008BF8003051462046FDF77CF956B12FB15C
:10E4C000B74203D039462046FDF774F9314620465D
:10E4D000FDF770F929462046FDF76CF9002389F80D
:10E4E0000030DDE904231A601B9B002B3FF4FEACD7
:10E4F0000098C3F800900FB0BDEC028BBDE8F08F20
:10E50000C0F11C00069B03440693099B0344099336
:10E5100080446FE7C2F1200206FA02F207EE102AE9
:10E5200009E5012663E501463A462046FDF7CAFAA9
:10E53000019B012B824640F3C58100230893DAF842
:10E5400010200AEB82021069FDF790F9C0F120005B
:10E5500044E700BFA8020020EC2C00203146002335
:10E560000A222046FDF730F90B9B002B064640F3AC
:10E57000CE8204979946099B002B05DD31461A4649
:10E580002046FDF7FFFA0646089B002B40F0EB8182
:10E59000B046029B009F03F001027B1E4B44089390
:10E5A000019B0A921343099351462846FFF7CEFB7D
:10E5B000314683462846FDF75DFB4246514681467B
:10E5C0002046FDF779FBC26801460BF13003002AB3
:10E5D00042D1CDE906032846FDF74CFB069902908F
:10E5E0002046FDF7E7F8029A079B1AB90999002916
:10E5F00000F07E82B9F1000FC0F28381019949EAEF
:10E6000001090A9951EA090900F07B81002A00F307
:10E61000C681089A3B7007F101099742CB4600F08A
:10E62000C481294600230A222046FDF7CDF846453D
:10E63000054631464FF000034FF00A02204612D043
:10E64000FDF7C2F84146064600230A222046FDF7A0
:10E65000BBF84F468046A7E720460293FDF7AAF88D
:10E66000029B0122C6E7FDF7AFF84F4606468046FB
:10E670009AE7019B022B71DC079B002B7FF47BAF99
:10E68000049B5146013328460493FFF75FFBDDF8F6
:10E6900000B000F130030BF8013B0027EBE65146D8
:10E6A0002846FDF7E7FA0028BFF6BAAE2946002350
:10E6B0000A222046FDF788F8049B5F1E079B05464B
:10E6C000002B7FF44BAF0B9B002B40F31882994635
:10E6D000B1E6BC4B00930333A4E41C2012E7DDE950
:10E6E000020100287FF474AEC1F31302002A00F087
:10E6F000F480029B08936DE601230793049B5B441F
:10E7000003F10109B9F1010FCC460B93B8BF4FF0EB
:10E71000010C0021BCF1170FE1637FF7BCAC0120B5
:10E720000422520002F114036345014600F1010086
:10E73000F7D9E163AFE401230793BBF1000F52DD8A
:10E74000CDF82CB0D946DC46E3E700230793D5E7A4
:10E7500000230793F1E7DDF82C900497B9F1000F3F
:10E760007FF4A1AD51464B4605222046FDF72CF81B
:10E77000014682462846FDF77DFA00287FF793ADD3
:10E78000049B03F1010B009B3122984603F8012BF7
:10E79000009351462046FDF70DF80BF10103DDF81B
:10E7A00000900493CDF80080002E7FF48FAE91E6A8
:10E7B000A3EB0A0AC5E5314652462046FDF782F929
:10E7C0002A46014606462046FDF7CEF8294605466C
:10E7D0002046FCF7EFFFEAE50220B0EE485B81E45B
:10E7E000C0F13C008EE64FF0010BD9464FE403D157
:10E7F000019BDB073FF54CAED9461BF8013D302BA2
:10E80000FAD057E6049B009A013304933123137026
:10E8100050E6BAF1000F00F0238102F23342069B6A
:10E8200009931344DDF820A00693904492E507EE87
:10E83000900AB1EE0C5BB8EEE77BA6EE075B15EE37
:10E84000902A51EC150BA2F1507141EC150BB1EE71
:10E85000047B36EE477BB4EEC57BF1EE10FA00F395
:10E860003781B1EE455BB4EEC57BF1EE10FA7FF572
:10E87000FBAC4FF0000A564615E500F0F580049B0E
:10E8800051495A4202F00F0001EBC00191ED006BBB
:10E89000121128EE066B00F04281B0EE467B4B4928
:10E8A00000260220D30705D591ED005B013001263B
:10E8B00027EE057B521001F10801F3D1002E06FE70
:10E8C000076B1EE4029B002B7FF437AEDDE90201EB
:10E8D000C1F31302002A40F037813D4A0A40002A62
:10E8E00000F0FA80069B01330693012308F101082A
:10E8F00008936FE52946089A2046FDF7E3F8054698
:10E900005AE5002A12DD2946012220460193FDF72F
:10E9100039F951460546FDF7ADF90028019B40F352
:10E92000E180392B00F0CA800BF13103B94609F8B8
:10E93000013B049B0133374604934646BAE538EE63
:10E94000088BB4EEC68BF1EE10FA0ADCB4EE468BFF
:10E95000F1EE10FA7FF4DCAC17EE103AD8077FF531
:10E96000D7AC009A54E471682046FCF7FDFE0746D8
:10E97000002800F0DE80336902339A0006F10C01B2
:10E980000C30F1F75DFE394601222046FDF7FAF81A
:10E990008046FEE5069BA3EB09030993DAE4392BD5
:10E9A00000F08C80B9460133C1E7049A0132374642
:10E9B000049246465FE529462046FDF783F8054662
:10E9C000FAE400BFA8290020A8020020800200204D
:10E9D0000000F07F5E4BFDEEC65B03EBC20C1CED4E
:10E9E000023BB8EEE57B36EE477B41EC160B15EEAD
:10E9F000901A23EE063B00983031012A00F8011BE3
:10EA000000F08380B2EE044B009B991827EE047B44
:10EA1000FDEEC76B16EE903A303300F8013B8142B1
:10EA2000B8EEE65B37EE457BF0D1B6EE006B33EE29
:10EA3000065BB4EEC75BF1EE10FA3FF5E3AB36EEE2
:10EA4000436BB4EEC76BF1EE10FA7FF70DAC89465D
:10EA5000013919F8013C302BF9D0731C049339E5C6
:10EA60000C9AC2F13602DAE60220B0EE486BFFF7EC
:10EA700048BBB9F1000F3FF4DAAE0B9A002A7FF7DA
:10EA8000F3ABB2EE044B26EE046B013007EE900AB6
:10EA9000049BB8EEE75BB1EE0C7BA6EE057B17EEB0
:10EAA00090CA51EC170B5E1EACF15071FFF747BBDB
:10EAB000049B013304933123FFF7B1BB049BBB4696
:10EAC00001330493392337460BF8013B4646E1E412
:10EAD0004FF0000A564653E608927BE4731C0493F9
:10EAE0008946F7E47FF422AFDA077FF51FAF18E716
:10EAF000392BE3D0B9F1000F3FF716AF16E7019BB2
:10EB0000022B3FF728AE0497BAE501468DE7019B3B
:10EB1000022B3FF720AEDDF82C9004972BE5022066
:10EB2000FFF7EFBA0B4B0C48002240F2AF11FFF792
:10EB3000EDF8084B08483A4640F2EF21FFF7E6F8B7
:10EB4000064B0093FFF7D2B9029B0893F7E400BF8E
:10EB5000A802002028280020AC2900209C290020A1
:10EB600070B5054684B05BB11C4669B10E4B2846B2
:10EB7000D3F8E0602346B047431C0FD004B070BD0B
:10EB800000F582740029F1D1074A2346D2F8E060EB
:10EB900028460A4601A9B047431CEFD100228A2328
:10EBA00022602B6004B070BDCC37002010B582B05D
:10EBB000049CCDE900344FF0FF3301F0C7FB02B0F5
:10EBC00010BD00BF0EB410B583B005AB064C53F8B2
:10EBD000042B01930146206800F0C4F803B0BDE89F
:10EBE000104003B0704700BF543D00202DE9F04FA6
:10EBF0009368176883B09246002B70D081468A686C
:10EC000008680C46083743E0A38913F4906F2ED0B0
:10EC1000D4E90416A0EB010806EB460606EBD6760F
:10EC200008F1010076102844B042324684BF0646FF
:10EC300032465B0537D511464846FBF781FA01900D
:10EC400000283AD042462169F1F7FAFCA289019BDB
:10EC500022F4906242F08002A281A6EB080203EB4C
:10EC600008006661A260236120602E46A8464246E5
:10EC70005946FCF7BDF8DAF80830A2682068921B04
:10EC800040445B1BA2602060CAF808303BB30837E1
:10EC900057E902B5002DFAD0AA4216469046B3D9DC
:10ECA0002E46A846E3E74846FBF712FD0346002838
:10ECB000D3D121694846FCF73BFCA3890C2243F0E1
:10ECC0004003C9F800204FF0FF30A3810022002349
:10ECD000CAF80820CAF8043003B0BDE8F08F00205D
:10ECE0000023CAF8043003B0BDE8F08F2DE9F84FD7
:10ECF0004B6E9C0490462DD59368126843B38B46A7
:10ED0000064602F1080959E9025A5FEA9A0715D046
:10ED1000043D002401E0A7420ED055F8041F5A46D6
:10ED2000304601F05BFA431C04F10104F3D10023E7
:10ED3000C8E90133BDE8F88FD8F808302AF0030A93
:10ED4000A3EB0A03C8F8083009F10809002BDAD14F
:10ED50000020ECE701F00CF80023C8E90133BDE81E
:10ED6000F88F00BF2DE9F04F2DED028BC5B00DF1EE
:10ED7000500A834608EE101A164600210822504613
:10ED80001C460793FCF7B0F8BBF1000F04D0DBF88A
:10ED90003430002B00F0A08618EE102A536EDB07EB
:10EDA00040F11385B2F90C108AB295040BD418EE19
:10EDB000103A41F4005199815B6E8AB218EE101A34
:10EDC00023F400534B66100740F1058118EE103A0A
:10EDD0001B69002B00F0FF8002F01A030A2B00F0E1
:10EDE0000A810023CDE91933CDE90D331BAA0C9319
:10EDF000189291460B930593B0464446A84BD3F81E
:10EE0000E450FCF73BF92246034612A9CDF800A0D6
:10EE10005846A847002800F04581C0F23981129A6F
:10EE2000252A034601D01C44E8E7B4EB0806054652
:10EE300040F03C81002361788DF8433004F10108F3
:10EE400006934FF0FF371E462B2408F10108A1F16D
:10EE500020035A2B00F27881DFE813F0B502760127
:10EE60007601B0027601760176016A0076017601BC
:10EE70007D028D02760188029702760192025B0084
:10EE80005B005B005B005B005B005B005B005B00AA
:10EE900076017601760176017601760176017601BA
:10EEA00076015C02840076017601760176017601B6
:10EEB00076017601760176017601E8007601760129
:10EEC000760133027601DA02760176018B0576014E
:10EED000760176017601760176017601760176017A
:10EEE00076015C028600760176017601CD0286000D
:10EEF0007F007601C0027601FD02EA00ED027F008C
:10EF0000760133027C006905760176016B05760196
:10EF10007C00A1F13003002218F8011B02EB8202F1
:10EF200003EB4202A1F13003092BF5D906928EE7DB
:10EF30005846FEF7ABFE43680D931846FCF7F6F90A
:10EF40000E9005465846FEF7A1FE83680B93002DF0
:10EF500040F0D68498F8001077E798F8001046F053
:10EF6000200672E746F01006B40640F18E81079B3A
:10EF7000073323F007031A46596852F8083B0792F3
:10EF80000A460029C0F27084791C00F0A28526F0A0
:10EF90008001039153EA020100F03F840A2B72F1D1
:10EFA000000180F0418530338DF80F31039E01233D
:10EFB00004930DF20F14049BBB42B8BF3B4603936E
:10EFC000002308939DF84330002B00F0CB80039B77
:10EFD00001330393C6E018EE101A584618EE105A83
:10EFE00001F040F8002840F05286AA8902F01A0386
:10EFF0000A2B7FF4F6AE18EE101AB1F90E30002B82
:10F00000FFF6EFAE4B6EDB0702D4970540F1128698
:10F0100018EE101A23463246584600F069FE059055
:10F02000059845B0BDEC028BBDE8F08F46F01006A8
:10F0300016F0200200F03681079B073323F0070308
:10F0400019465A6851F8083B079126F480610391EC
:10F05000002100208DF84300781C00F010820398F6
:10F0600020F0800653EA020040F00882002F40F0B2
:10F070003885002940F0D583039B13F001030493E6
:10F0800000F0118430238DF80F310DF20F1492E748
:10F09000082200215046FBF727FF01231C44ADE660
:10F0A000CC370020B4EB080605461BD0199B1A9AF2
:10F0B00001333244072BC9E900861A9219931CDDEB
:10F0C000002A00F0A68318EE101A18AA5846FFF777
:10F0D0000DFE20BB0DF16C09059B33440593002DFB
:10F0E0007FF4A8AE1A9B002B40F0C18518EE103AB1
:10F0F0000022B3F90C30199215E009F10809EBE789
:10F1000018EE101A18AA5846FFF7F0FD002800F074
:10F11000A680089B1BB108995846FCF709FA18EE1F
:10F12000103AB3F90C3018EE102A526E12F0010F9B
:10F130009AB200F0A080500600F1B285059845B063
:10F14000BDEC028BBDE8F08F0029CBD000238DF8F9
:10F1500043300123CDE903338DF8AC102BAC0023F1
:10F1600008931F4616F00203099302D0039B023353
:10F17000039316F084030A9305D1069B039A9D1A04
:10F18000002D00F37B82DDE91903411C9DF843202B
:10F1900082B101220133C9F8042007290DF143028D
:10F1A000CDE91913C9F8002000F34A82084609F195
:10F1B00008090131099AE2B111AA0233C9F8002005
:10F1C00007294FF00202CDE91913C9F8042040F3D2
:10F1D0005082002B00F0438318EE101A18AA5846EC
:10F1E000FFF784FD002894D1DDE919030DF16C09C6
:10F1F000411C0A9A802A00F08481049ABD1A002DCD
:10F2000000F3D781049AC9F8004013440729CDE9D7
:10F210001913C9F8042040F36E81002B00F07582A9
:10F2200018EE101A18AA5846FFF760FD00287FF460
:10F2300070AF1A9B0DF16C09750705D5069A0399F5
:10F24000541A002C00F36B82DDE9052103988142FA
:10F25000ACBF521812180592002B7FF451AF0899D9
:10F2600000231993002900F049815846FCF760F902
:10F270000DF16C09C1E59C053FF55DAF18EE104A34
:10F28000A06DFBF797FFA28955E7F006079A00F1FA
:10F290001F83710640F1198332F9043B0792DA1794
:10F2A00011466EE616F01003079940F0098316F038
:10F2B000400000F001831A4651F8043B07919BB2CD
:10F2C000C3E6079B1A4600238DF84330134653F8D4
:10F2D000044B0393002C00F01284532900F0658343
:10F2E00016F0100540F061837B1C00F0B3843A46B1
:10F2F00029462046FBF7CAFF0890002800F09F84AB
:10F30000031B039A049323EAE3732F4607920393A4
:10F31000089557E6432902D0F50640F12D83079D55
:10F320000822002116A82BACFBF7DEFD16AB55F822
:10F33000042B21465846FFF713FC03460133049083
:10F3400000F0B384049B079523EAE373039300233F
:10F350008DF8433003E7079B53F8042B0692002AED
:10F3600080F29C82069A5242CDE9062398F800105A
:10F3700046F0040669E598F800108DF8434064E50E
:10F3800098F8001046F080065FE5424612F8011B2F
:10F390002A2900F09684A1F13003092B90464FF002
:10F3A00000073FF654AD18F8011B07EB870703EB86
:10F3B0004707A1F13003092BF5D948E598F800106B
:10F3C00046F0010641E59DF84330002B7FF4C2ADC5
:10F3D000202398F800108DF8433036E598F8001097
:10F3E0006C2903BF98F8011046F0200608F10108C7
:10F3F00046F0100629E598F80010682903BF98F830
:10F40000011046F4007608F1010846F040061CE5BC
:10F4100046F010030393039B13F0200200F00682D2
:10F42000079B073323F0070319465A6851F8083B36
:10F43000079101210DE6079A46F00203039352F863
:10F44000043B079247F63002ADF84420B84A0C92CC
:10F4500002210022FDE5B70600F14882F50600F121
:10F460004683740600F1D583B00540F14083079BC5
:10F47000059953F8042B07931170BEE403960129F4
:10F480003FF48CAD022944AC11D10C9803F00F016C
:10F490001B09415C04F8011D43EA0273120953EA97
:10F4A0000201F3D1039E44AB1B1B049383E503F0DD
:10F4B0000701DB0843EA4273D208303153EA020500
:10F4C000204604F8011DF2D1039EF307EBD5302945
:10F4D000E8D03023023804F8013C44AB1B1A039EE9
:10F4E0000493044667E5049B1B9401221C931A9322
:10F4F00019920DF16C0909F108099DE60DF16C09ED
:10F500007BE4069A039D551B002D7FF776AE102DE8
:10F5100040F3BB83099418EE104A07E000F1020C97
:10F5200009F108091046103D102D1EDD8149C9F86A
:10F530000010421C10331021072ACDE91923C9F805
:10F540000410EBDD18AA002B74D0214658460DF1AB
:10F550006C09FFF7CBFB00287FF4DBADDDE9190375
:10F56000103D102D00F1010CE0DC099C714AC9F836
:10F5700004502B44BCF1070FCDE919C3C9F8002092
:10F5800040F39481002B00F01F8318EE101A18AA84
:10F590005846FFF7ABFB00287FF4BBAD049ADDE9CA
:10F5A0001903BD1A002D00F101010DF16C097FF75F
:10F5B00029AE102D29DD0994102718EE104A07E016
:10F5C00000F1020C09F108091046103D102D1ADD5A
:10F5D000421C58491033072AC9E90017CDE91923FD
:10F5E000EEDD18AA03B3214658460DF16C09FFF76A
:10F5F0007DFB00287FF48DADDDE91903103D102D52
:10F6000000F1010CE4DC099C61464A4AC9F8045047
:10F610002B440729CDE91913C9F8002000F3E7802E
:10F6200009F108090131EDE54FF0010C18460DF123
:10F630006C09CAE74FF0010C18460DF16C0972E72E
:10F64000002B00F0048118EE101A18AA5846FFF794
:10F650004DFB00287FF45DADDDE919030DF16C0968
:10F66000411CA7E5022311AA1C931B9201210DF155
:10F670006C09084609F10809411CBAE5102D40F350
:10F68000E582DDE919130F94084618EE104A07E0E9
:10F6900000F1020C09F108091046103D102D1DDD86
:10F6A0002549C9F80010421C10331021072ACDE962
:10F6B0001923C9F80410EBDD18AA03B321465846F4
:10F6C0000DF16C09FFF712FB00287FF422ADDDE994
:10F6D0001903103D102D00F1010CE1DC0F9C604678
:10F6E000154AC9F804502B440728CDE91903C9F875
:10F6F000002000F3C18009F10809411C46E51846C5
:10F700004FF0010C0DF16C09C7E77607199353D53B
:10F71000069A0399541A002C4EDD0DF16C09102C39
:10F7200040F3B082199918EE106A10250DE000BF61
:10F73000102A002058310020502A0020881C09F18E
:10F7400008091146103C102C1ADD4A1CB34810332E
:10F75000072AC9E90005CDE91923EFDD18AA33B35B
:10F7600031465846FFF7C2FA00287FF4D2ACDDE9F3
:10F770001913103C102C01F101000DF16C09E4DCAF
:10F78000A64AC9F8044023440728CDE91903C9F85B
:10F7900000207FF759AD7BB118EE101A18AA584611
:10F7A000FFF7A4FA00287FF4B4AC1A9B4CE50120C3
:10F7B00019460DF16C09C5E7DDE9053203998A4266
:10F7C000ACBF9B185B18059349E5B2F90C108F0587
:10F7D00018EE103A8AB23FF5E8AA18EE105A986D62
:10F7E000FBF7E6FCB5F90C108AB2FFF7DEBA002B86
:10F7F0003FF479AE18EE101A18AA5846FFF776FAB9
:10F8000000287FF486AC19991A9B01310DF16C091F
:10F81000F8E419920DF16C095EE4002F7FF4C3AB9C
:10F82000039E0027049744ACFFF7C5BB039B13F06E
:10F83000100354D1039A12F0400000F06B81079935
:10F840001A4651F8043B07919BB2012101E4099A41
:10F85000002A64D1184601210DF16C09C9E4012187
:10F8600018460DF16C09C4E45B4262EB4202039658
:10F870002D200121FFF7EEBB002B00F0888018EE51
:10F88000101A18AA5846FFF731FA00287FF441AC45
:10F89000DDE919030DF16C09411C77E498F80010BB
:10F8A0000793FFF7D2BA44ACFFF785BB09F108090B
:10F8B0000CF101016046A0E416F4007240F097815B
:10F8C00051F8043B0791FFF7C0BBB30500F18881F5
:10F8D00052F8043B0792DA171146FFF752BB07991B
:10F8E00051F8043B07910121FFF7B3BB079B059833
:10F8F00053F8041B0793C217C1E90002FFF77DBA52
:10F900000B9B002B3FF426AB0B9B1B78002B3FF48B
:10F9100021AB98F8001046F48066FFF796BA0223F0
:10F9200011AA1C931B9201200DF16C09A2E603960B
:10F9300071E53B4B0C9316F0200259D0079B07331F
:10F9400023F0070318465A6850F8083B0790F4075D
:10F9500009D553EA020006D08DF84510302146F053
:10F9600002068DF8441026F4806103910221FFF70E
:10F9700070BB2C4B0C93DEE7079B012153F8042B43
:10F9800003918DF8AC20079304912BACDFE49DF834
:10F990004320002A40F03281099A002A7FF462AEA7
:10F9A000184601210DF16C0927E40021082216A850
:10F9B0001394FBF799FA791C00F0BC80002507949A
:10F9C0002C460CE02BA95846FFF7CAF8421C2044ED
:10F9D00000F06B81B84208DC00F070810446139A95
:10F9E000525916AB0435002AECD10494079CAFE0C1
:10F9F00016F0100307980CD116F0400405D01A46F3
:10FA000050F8043B07909BB2A1E716F4007240F057
:10FA1000E18050F8043B079099E700BF502A00208E
:10FA2000102A0020242A00200399049744AC9E4603
:10FA300008EE90BA01F480664FF0000C234606E011
:10FA4000BEF10A0F72F1000239D3A6462A46A64932
:10FA50001EEB020040F100000F46A1FB001424F051
:10FA6000030101EB9401401ABEEB00014FF0CC35CD
:10FA700062F1000405FB01F507FB0455A1FB0741FA
:10FA80000D44052704F00101A1FB071B09186408B8
:10FA9000303103F8011C44EAC5740CF1010C013B40
:10FAA0006D08002ECCD00B9909786145C8D1BCF106
:10FAB000FF0FC5D0BEF10A0F72F100026CD21C46D6
:10FAC00044AB1B1B049F039E049318EE90BAFFF7F0
:10FAD00072BA0396FFF762BA5846FBF781F8FFF750
:10FAE0005BB9012903967FF4CDACFFF75CBA079BA5
:10FAF000059953F8042B11600793FFF77EB9062F81
:10FB00003B46039A794C079228BF0623049303933C
:10FB1000FFF725BB039B079913F4007214BF51F83C
:10FB2000043B51F8043B07911CBF0246DBB20121A4
:10FB3000FFF78FBA16AB00930023194613AA584655
:10FB4000FFF734F803460133049000F0AE801394BD
:10FB5000049B002B30D0632B63DC002308932BAC79
:10FB60000822002116A8FBF7BFF9049D16AB0093ED
:10FB700013AA2B4621465846FFF718F8854240F055
:10FB8000AB80039B049A07930023A3541F4622EAE9
:10FB9000E2730393FFF716BA0E9A0D999B1A184653
:10FBA0000893FBF739FA0B99089B4A780AB101319F
:10FBB0000B914FF0000C48E7039B0793049B0393C2
:10FBC0001F460893FFF7FEB9012118460DF16C0995
:10FBD000FFF713BB50F8043B07902246DBB2B6E6B2
:10FBE00012F9043B0792DA171146FFF7CAB951F828
:10FBF000043B07910246DBB2FFF727BA01231C93AF
:10FC000001210DF143031B930DF16C090B46FFF726
:10FC1000CDBA079B059953F8042B07931180FFF782
:10FC2000ECB8591C5846FAF78BFA044600283CD029
:10FC3000089095E7886DFBF7BDFAFFF7E9B9039BDC
:10FC40000793CDE90377089FFFF7BCB919981A9B72
:10FC5000013045E5039B07932046FBF767FB20EA4D
:10FC6000E0732F46049003930895FFF7ABB918EEA5
:10FC7000101A18AA5846FFF739F800283FF436AA98
:10FC8000FFF74DBA199801307AE58C466EE46B6E39
:10FC9000D90705D4AB899A0502D4A86DFBF78AFA77
:10FCA0004FF0FF330593FFF749BA18EE102AB2F967
:10FCB0000C3043F040039381FFF735BA079C04975B
:10FCC00046E7079B98F8011053F8047B079390468A
:10FCD00047EAE777FFF7B9B818EE102A938943F09F
:10FCE00040039381FFF715BACDCCCCCC382A002045
:10FCF00070B50C468989ADF58E6D21F00201ADF825
:10FD00001410616E1B91E189ADF81610E16909913B
:10FD1000616A0B911CA9029106914FF4806106461D
:10FD20000491079118A80021CDE900320891FBF752
:10FD30003BFADDE9003202A93046FFF713F8051E51
:10FD400007DB02A93046FDF777FF002818BF4FF008
:10FD5000FF35BDF814305B0603D5A38943F040039B
:10FD6000A3811898FBF722FA28460DF58E6D70BD19
:10FD70009368002B00F085802DE9F04FB1F90C302D
:10FD80000C461907804683B0174698B225D52369DB
:10FD90001BB310F002033D682DD04FF0000ADFF8CE
:10FDA000C0B25646B9465E453346524628BF5B460A
:10FDB0004046002E52D0E169676AB847002856DDF8
:10FDC000D9F808301B1A8244361AC9F80830002BBB
:10FDD000E9D1002003B0BDE8F08F2146404600F095
:10FDE00041F9002840F03881B4F90C303D6898B2F0
:10FDF00010F00203D1D110F0010944D14E46009712
:10FE000046B38205D4F808B040F18580B3455A4620
:10FE100000F2B48010F4906F40F0C180206801922D
:10FE20004946FAF7E5FFA368019AA3EB0B012368A3
:10FE3000A1601344B24623600026009A9368A3EBA6
:10FE40000A03D1449360002BC3D0B4F90C0080B2F4
:10FE5000002ED6D1D5E900960835D1E7D5E900A620
:10FE60000835A0E721464046FDF7E6FE88B3B4F921
:10FE70000C3043F040034FF0FF30A38103B0BDE8E6
:10FE8000F08F002070471E46BA46994618460095E6
:10FE90001F4666B3002832D04A46D4E904132068CE
:10FEA000A568B24228BF3246884204D905EB030B4D
:10FEB0005A4500F3A780934264DCE169656A3A46DB
:10FEC0004046A847B0F1000BD1DDB9EB0B09C9D012
:10FED0000120DAF80830A3EB0B035F44A6EB0B0616
:10FEE000CAF80830002B3FF474AF002ED2D1009A2C
:10FEF0005668134608320092002EF8D01F6832462A
:10FF00000A213846FBF7C2F9002800F09C80013036
:10FF1000A0EB0709C0E720682369984216D86269F8
:10FF2000B24213D86FF00043B34228BF3346E169B1
:10FF300093FBF2F3676A02FB03F340464A46B84775
:10FF4000B0F1000A93DDA6EB0A0676E7B345DA4680
:10FF500028BFB24652464946FAF74AFFA3682268CC
:10FF6000A3EB0A035244A3602260002BEBD121468D
:10FF70004046FDF761FE0028E5D078E72068B346EB
:10FF800032464CE739460192FAF732FF019AA368EC
:10FF90009B1AA360236813442360934695E7236864
:10FFA0002169A3EB010B636903EB430A0AEBDA7ADD
:10FFB0000BF101034FEA6A0A33445345524684BFAA
:10FFC0009A46524643052CD511464046FAF7B8F8F2
:10FFD00000283BD05A4621690190F0F731FBA289F5
:10FFE000019B22F4906242F08002A28103EB0B009D
:10FFF0002361AAEB0B03C4F814A0A3602060B346EE
:02000004600298
:1000000032460CE739465A46FAF7F2FE23685B445B
:10001000236021464046FDF70FFE00283FF455AF10
:1000200025E74046FAF754FB03460028DED1216954
:100030004046FBF77DFAB4F90C300C2223F0800324
:10004000C8F8002015E7721C914626E70C22B4F987
:100050000C30C8F800200CE74FF0FF30BAE600BFC4
:1000600000FCFF7F38B5314B1B6805460C4613B1C9
:100070005A6B002A4ED0B4F90C3018079AB21CD52E
:10008000216929B312F0010007D00020A060606947
:100090004042A06139B1002038BD950758BF606962
:1000A000A0600029F7D1120658BF0846F4D543F0E6
:1000B0004003A3814FF0FF3038BDD1062ED5520743
:1000C00014D4216943F00803A3819AB20029D9D13D
:1000D00002F42070B0F5007FD4D02146284600F00D
:1000E00047F9B4F90C3021699AB2CBE7216B51B1D1
:1000F00004F14002914204D02846FBF719FAB4F902
:100100000C300022226321690022C4E9001223F08E
:100110002403D7E71846FAF763FDACE7092243F05A
:1001200040032A604FF0FF30A38138BD543D0020CA
:100130002DE9F04782B0824688461446FAF79EFFC2
:10014000012803D108F1FF33FE2B36D90DF1040944
:10015000424604F15C0349465046FEF701FD421C4D
:10016000064632D020B39DF804C0002509E023687C
:100170005A1C226083F800C00135B54218D219F824
:1001800001CFA368013B002BA360F0DAA769BB4253
:1001900061462246504602DBBCF10A0FE7D100F06F
:1001A00053F9431CE8D10646304602B0BDE8F0875B
:1001B0004646304602B0BDE8F0875FFA88FC8DF80D
:1001C00004C006460DF10409CFE7A389304643F089
:1001D0004003A38102B0BDE8F08700BF30B5536E85
:1001E00013F0010FB2F90C30144683B005469AB2F1
:1001F00001D198051CD5900406D4626E43F40053D7
:1002000042F40052A381626622462846FFF790FF1F
:10021000636EDA07054602D4A3899B0502D52846FA
:1002200003B030BDA06DFAF7C5FF284603B030BD5E
:10023000A06D0191FAF7BCFFB4F90C3001999AB2A4
:10024000D9E700BF2DE9F04F8BB0DDE9158A149F87
:100250000391814605921E46B8F1000F5CD0039BC6
:10026000002B5ED0059B1D68002F6AD0741E4EB314
:10027000039B0493043D002601950BE0039B2BBBDD
:10028000019B1A68002A3AD0BC455CD2013C631C31
:10029000664617D0D8F800300293019BDAF8E05098
:1002A00053F8042F019307A943464846D8F804B0F1
:1002B000A847421C3AD000EB060CBC45DED9029B95
:1002C000C8E9003B30460BB0BDE8F08F00280EDDDA
:1002D000049B019D18445A1E07A900F1FF3E11F826
:1002E000013B02F8013F7245F9D101950490059B4D
:1002F0001A6804321A60019B1A68002AC4D1039B51
:100300000BB1059B1A600CF1FF3600223046C8F88D
:1003100000200BB0BDE8F08F039B00F58678002B22
:10032000A0D1059B4FF0FF371D689FE706468A2145
:1003300000223046C9F80010C8F800200BB0BDE814
:10034000F08F3E46BEE76646BCE700BF10B584B0FE
:10035000054C0698009007980190044800680294A4
:10036000FFF770FF04B010BDCC370020543D0020D3
:100370002DE9F0418B890C46990796B008D504F118
:1003800043030122C4E90432236016B0BDE8F081C2
:10039000B4F90E100029064625DB6A4600F0ACF8D9
:1003A00000281FDB019D05F47045A5F50055B5FA41
:1003B00085F54FF480686D094FF40067414630467B
:1003C000F9F7BEFEE0B1B4F90C30C4F8148043F084
:1003D000800320602061A38135BB3B43A38116B01D
:1003E000BDE8F081A38913F0800519D04FF04008D3
:1003F0000025414630462F46F9F7A2FE0028E2D1FB
:10040000B4F90C309A05C0D423F0030304F143027D
:1004100043F002030121C4E90421A3812260B4E76F
:100420004FF480682F46C9E7B4F90E10304600F04B
:1004300079F810B9B4F90C30CFE7A38923F003039E
:1004400043F001031BB2C8E7F8B50D461446064653
:1004500010B1436B002B4CD0B4F90C20A369A360FE
:10046000170790B21BD52369CBB1EDB281042F469B
:1004700022D522686169D31A994229DD0133A16826
:100480000139A160511C2160157062699A4227D020
:10049000A389DB0701D50A2D22D03846F8BD2146B5
:1004A0003046FFF7DFFD08BBB4F90C20236990B29A
:1004B000EDB281042F46DCD442F40052A281626E78
:1004C000616922F4005262662268D31A9942D5DC2F
:1004D00021463046FDF7B0FB40B922680123CEE744
:1004E00021463046FDF7A8FB0028D6D04FF0FF3755
:1004F000D3E7FAF775FBAFE770B50C46084D034636
:100500000026204611461C462E60F0F707FB431CD0
:1005100000D070BD2B68002BFBD0236070BD00BFE6
:10052000E0C2002038B5074D0022044608462A6084
:10053000F0F7FAFA431C00D038BD2B68002BFBD033
:10054000236038BDE0C20020000000005FF800F02A
:10055000851700605FF800F0D51B00605FF800F0C1
:0C056000291C00600000000000000000EA
:04056C00F8B500BF1F
:08057000E417FF7F0100000009
:100578000000000000000000000000000000000073
:100588000000000000000000000000000000000063
:100598000000000000000000000000000000000053
:1005A8000000000000000000000000000000000043
:1005B8000000000000000000000000000000000033
:1005C8000000000000000000000000000000000023
:1005D8000000000000000000000000000000000013
:1005E8000000000000000000000000000000000003
:1005F80000000000000000000000000000000000F3
:1006080000000000000000000000000000000000E2
:1006180000000000000000000000000000000000D2
:1006280000000000000000000000000000000000C2
:1006380000000000000000000000000000000000B2
:1006480000000000000000000000000000000000A2
:100658000000000000000000000000000000000092
:100668000000000000000000000000000000000082
:100678000000000000000000000000000000000072
:100688000000000000000000000000000000000062
:100698000000000000000000000000000000000052
:1006A8000000000000000000000000000000000042
:1006B8000000000000000000000000000000000032
:1006C8000000000000000000000000000000000022
:1006D8000000000000000000000000000000000012
:1006E8000000000000000000000000000000000002
:1006F80000000000000000000000000000000000F2
:1007080000000000000000000000000000000000E1
:1007180000000000000000000000000000000000D1
:1007280000000000000000000000000000000000C1
:1007380000000000000000000000000000000000B1
:1007480000000000000000000000000000000000A1
:100758000000000000000000000000000000000091
:100768000000000000000000000000000000000081
:100778000000000000000000000000000000000071
:100788000000000000000000000000000000000061
:100798000000000000000000000000000000000051
:1007A8000000000000000000000000000000000041
:1007B8000000000000000000000000000000000031
:1007C8000000000000000000000000000000000021
:1007D8000000000000000000000000000000000011
:1007E8000000000000000000000000000000000001
:1007F8000080E03779C34143176E05B5B5B8934615
:10080800F5F93FE9034F384D321D30F94877825AE0
:100818003CBF737FDD4F1575000000000000F03FFE
:1008280000000000000024400000000000005940C3
:100838000000000000408F40000000000088C34016
:1008480000000000006AF8400000000080842E418B
:1008580000000000D01263410000000084D79741D7
:100868000000000065CDCD41000000205FA00242DD
:10087800000000E876483742000000A2941A6D4252
:10088800000040E59C30A2420000901EC4BCD64245
:1008980000003426F56B0C430080E03779C34143F0
:1008A80000A0D8855734764300C84E676DC1AB4366
:1008B800003D9160E458E143408CB5781DAF154484
:1008C80050EFE2D6E41A4B4492D54D06CFF080445F
:1008D800F64AE1C7022DB544B49DD9794378EA4474
:1008E800000000000000F03F000000000000F0BF22
:1008F800000000000000F0BF000000000000F03F12
:1009080083C8C96D305F6441182D4454FB21F93FF9
:10091800000000000000F03F1C620CFDFFFFDFBF7D
:10092800198F06E15355A53F9D359AE887C056BFF4
:10093800C3F87B024393F93E03A695595455C5BFA6
:10094800C40B23057610813F24CF7437EB9429BF5D
:10095800000000000000F03F000000000000F0BFB1
:10096800000000000000F0BF000000000000F03FA1
:1009780083C8C96D305F6441182D4454FB21F93F89
:10098800000000000000F0BF1C620CFDFFFFDF3F0D
:10099800198F06E15355A5BF9D359AE887C0563F84
:1009A800C3F87B024393F9BE03A695595455C5BFB6
:1009B800C40B23057610813F24CF7437EB9429BFED
:1009C800000020C1000020C100002041000020419B
:1009D800000020C10000204100002041000020410B
:1009E80000002041000020C10000204100002041FB
:1009F800000020C1000020C1000020C100002041EB
:100A0800000020C1000020C100002041000020415A
:100A1800000020C1000020C100002041000020C1CA
:100A280000005600000056002E0001008400560009
:100A38000000DA002E00010000FF000A0000FF0796
:100A4800FF000007FFFFFF07000000000000000094
:100A5800000000000000000000000000000000008E
:100A6800000000000000000000000000000000007E
:100A7800000000000000000000000000000000006E
:100A8800000000000000000000000000000081429B
:100A98000000D74200802C430040814300C0B64389
:100AA8000080F74300402C440040724400D09E442C
:100AB8000040CF44009806450098294500F8514564
:100AC80000B87F450004B54500B4FF45FFFFFFFFB0
:100AD80000000000000000000000803F000000004F
:100AE80000000000000000000000803F000000003F
:100AF80000000000000000000000803F0000803F70
:100B08000000000000000000000000000000803F1E
:100B18000000000000000000000000000000803F0E
:100B280000000000000000000000000000000000BD
:100B380000000000000000000000000000000000AD
:100B4800000000000000000000000000000000009D
:100B5800000000000000000000000000000000008D
:100B68000200000004000000000200000000000075
:100B780002000000010000008080010132C82256F6
:100B880003010100CDCCCC3D9A99193E8FC2F53DA9
:100B98000AD7A33D0000000001000000303000200B
:100BA8000000000002000000D82F00200100000013
:100BB80006000000702F0020010000000600000061
:100BC800242F00200100000007000000B82E00209C
:100BD8000100000007000000582E0020010000005E
:100BE80008000000FC2D00200100000008000000A3
:100BF800A02D002000000000000000000000000000
:100C080000000000000000000000000000000000DC
:100C180000000000000000000000000000000000CC
:100C280000000000000000000000000000000000BC
:100C380000000000000D0B0C011B1A01022D2B2ACD
:100C480000003A4000C03940004039406C2D002077
:100C5800782D0020842D0020902D00204C45442024
:100C680054455354000000004932432053706565D1
:100C78006420546573742E2E2E0000004672616D38
:100C8800652054696D653A00207573003E3E205416
:100C98005552424F204F4B203C3C00003E3E2053D3
:100CA8004C4F572F455252203C3C000046532028B9
:100CB80031322900485320283438302900000000F8
:100CC800313A20504552464F524D414E434500005F
:100CD800434C4B203A200000204D487A0000000089
:100CE800564F4C543A2000002056000053544220DE
:100CF8003A200000206D7300323A20544845524D86
:100D0800414C202843290000435552523A20000004
:100D18004D4158203A2000004D494E203A2000000D
:100D2800333A20504F574552204553542E00000067
:100D38004C4F41443A200000206D5700414D50531C
:100D48003A200000206D4100565E32203A20000013
:100D5800343A204D454D4F5259204D415000000026
:100D6800555345443A200000204B42004652454521
:100D78003A200000555054203A200000207300000B
:100D8800353A2053595354454D20494E464F00009B
:100D9800555342203A200000493243203A200000AF
:100DA800206B487A000000004C4154203A20000093
:100DB8004D41545249584C45440000007C00000005
:100DC8004D415452495800004C454400424F4F543D
:100DD800000000004C4F4144494E4700444F4E45E7
:100DE800000000004D414E55414C20434F4E4649AE
:100DF8004700000042544E20434C49434B3A202BB5
:100E080031204C454400000042544E20484F4C4489
:100E1800203A2053415645005745422020202020A3
:100E2800203A20534554204C4544530053415645DD
:100E3800443A20004155544F3A2000004C45447331
:100E48003A2000004155544F3A207374617274205F
:100E5800736F66747761726500000000000000001F
:100E6800FF00780180014302880187018C018B0112
:100E7800920191019501F601990198019A013D02AB
:100E88009E012002A801A701AD01AC01B001AF018C
:100E9800B901B801BD01BC01BF01F701C601C40118
:100EA800C901C701CC01CA01DD018E01F301F101BD
:100EB800F501F4013A02652C3C023B023E02662C25
:100EC80042024102530281015402860156028901FD
:100ED80057028A0159028F015B0290016002930157
:100EE8006302940168029701690296016B02622C01
:100EF8006F029C0172029D0175029F017D02642CA4
:100F08008002A6018302A9018802AE018902440277
:100F18008A02B1018B02B2018C0245029202B7012A
:100F28007B03FD037C03FE037D03FF03AC03860301
:100F3800C203A303CC038C03CD038E03CE038F031C
:100F4800F203F903F803F703FB03FA03CF04C00421
:100F58007D1D632C511F591F531F5B1F551F5D1F9C
:100F6800571F5F1F781FF81F791FF91FB31FBC1F7A
:100F7800CC1FC31FE51FEC1FFC1FF31F4E2132219E
:100F880084218321612C602C762C752C001900009B
:100F98005DD300000000000074C00F40C0000000D6
:100FA800000000000200000050851F400100000002
:100FB800FF000000FF00000000000000000000002B
:100FC800010000000200000054851F4001000000DD
:100FD800FF000000FF00000000000000000000000B
:100FE800FF004000260018007C0000000000000000
:100FF800003E5B4F5B3E3E6B4F6B3E1C3E7C3E1C97
:10100800183C7E3C181C577D571C1C5E7F5E1C00DC
:10101800183C1800FFE7C3E7FF0018241800FFE793
:10102800DBE7FF30483A060E2629792926407F0556
:101038000507407F05253F5A3CE73C5A7F3E1C1C6C
:1010480008081C1C3E7F14227F22145F5F005F5F2C
:1010580006097F017F006689956A60606060609418
:10106800A2FFA29408047E040810207E201008081D
:101078002A1C08081C2A08081E101010100C1E0C28
:101088001E0C30383E3830060E3E0E0600000000BA
:101098000000005F00000007000700147F147F14A1
:1010A800242A7F2A122313086462364956205000E6
:1010B80008070300001C2241000041221C002A1CD2
:1010C8007F1C2A08083E08080080703000080808BD
:1010D8000808000060600020100804023E514945DD
:1010E8003E00427F400072494949462141494D33FB
:1010F8001814127F1027454545393C4A4949314162
:10110800211109073649494936464949291E00002F
:101118001400000040340000000814224114141484
:101128001414004122140802015909063E415D5970
:101138004E7C1211127C7F494949363E4141412279
:101148007F4141413E7F494949417F090909013EA3
:10115800414151737F0808087F00417F41002040CA
:10116800413F017F081422417F404040407F021CDC
:10117800027F7F0408107F3E4141413E7F090909F3
:10118800063E4151215E7F091929462649494932BF
:1011980003017F01033F4040403F1F2040201F3F85
:1011A8004038403F6314081463030478040361590A
:1011B800494D43007F41414102040810200041414C
:1011C800417F0402010204404040404000030708F8
:1011D8000020545478407F284444383844444428F4
:1011E800384444287F385454541800087E0902189B
:1011F800A4A49C787F0804047800447D4000204023
:10120800403D007F1028440000417F40007C047866
:1012180004787C080404783844444438FC182424AE
:101228001818242418FC7C0804040848545454242E
:1012380004043F44243C4040207C1C2040201C3CAB
:101248004030403C44281028444C9090907C4464A2
:10125800544C440008364100000077000000413635
:10126800080002010204023C2623263C1EA1A161BB
:10127800123A4040207A38545455592155557941ED
:101288002254547842215554784020545579400CC2
:101298001E527212395555555939545454593955A5
:1012A8005454580000457C410002457D42000145E8
:1012B8007C407D1211127DF0282528F07C5455457C
:1012C800002054547C547C0A097F493249494932E8
:1012D8003A4444443A324A4848303A4141217A3AF9
:1012E80042402078009DA0A07D3D4242423D3D40C5
:1012F80040403D3C24FF2424487E4943662B2FFC74
:101308002F2BFF0929F620C0887E09032054547921
:10131800410000447D413048484A32384040227AF2
:10132800007A0A0A727D0D19317D2629292F28266F
:101338002929292630484D40203808080808080877
:101348000808382F10C8ACBA2F102834FA00007BD0
:10135800000008142A142222142A140855005500E3
:1013680055AA55AA55AAFF55FF55FF000000FF00D2
:10137800101010FF00141414FF001010FF00FF10CD
:1013880010F010F0141414FC001414F700FF0000FF
:10139800FF00FF1414F404FC141417101F10101F7E
:1013A800101F1414141F00101010F0000000001F6C
:1013B800101010101F10101010F010000000FF1077
:1013C8001010101010101010FF10000000FF140073
:1013D80000FF00FF00001F10170000FC04F41414A5
:1013E8001710171414F404F40000FF00F714141471
:1013F80014141414F700F7141414171410101F10F1
:101408001F141414F4141010F010F000001F101F13
:101418000000001F14000000FC140000F010F01081
:1014280010FF10FF141414FF141010101F000000F8
:1014380000F010FFFFFFFFFFF0F0F0F0F0FFFFFFFC
:101448000000000000FFFF0F0F0F0F0F3844443853
:1014580044FC4A4A4A347E02020606027E027E02A2
:1014680063554941633844443C04407E201E2006AD
:10147800027E020299A5E7A5991C2A492A1C4C72EA
:1014880001724C304A4D4D303048784830BC625A71
:10149800463D3E494949007E0101017E2A2A2A2A01
:1014A8002A44445F444440514A444040444A5140DD
:1014B8000000FF0103E080FF000008086B6B08369E
:1014C80012362436060F090F06000018180000000F
:1014D8001010003040FF0101001F01011E00191DFE
:1014E8001712003C3C3C3C00000000006100E01A80
:1014F800E000E017F800E0070001013032010106C2
:10150800390101104A01012E790101068201010405
:10151800A0010106B3010104CD010110DE01011291
:10152800F8010128220201124602010AAD03DB0379
:10153800B103E011C303E009D80301183004E02027
:101548005004B010600401228A040136C104010E5F
:10155800D00401446105D026001E0196A01E015A40
:10156800001F0808101F0806201F0808301F080859
:10157800401F0806601F0808701F4A02721F5604A1
:10158800761F64027A1F70027C1F7E02801F080883
:10159800901F0808A01F0808B01F0802D01F0802E3
:1015A800E01F08027021F010D024E61A302CD02F4A
:1015B800672C0106802C0164002D002641FFE01AEB
:1015C8004361726420697320746F6F20736D616C5E
:1015D8006C2E0D0A00000000466F726D6174204485
:1015E8006F6E650D0A000000466F726D61742046CB
:1015F80061696C65640D0A0042616420636C7573EF
:1016080074657220636F756E740D0A00446576699F
:10161800636520697320746F6F20736D616C6C0D46
:101628000A00000057726974696E672046415420A9
:101638000000000057726974696E672075706361F5
:101648007365207461626C650D0A000057726974D5
:10165800696E6720726F6F740D0A0000466F726DB5
:10166800617420646F6E650D0A000000466F726D2C
:101678006174206661696C65640D0A0045584641CD
:1016880054000000556E6B6E6F776E005350492002
:101698004D616E616765723A2050726F6D6F746547
:1016A8006420636C6F636B2070696E20000000001B
:1016B80020746F2000000000202800002064657658
:1016C8006963657329000000535049204D616E61BC
:1016D8006765723A2043616E6E6F742070726F6D29
:1016E8006F746520636C6F636B2070696E200000F7
:1016F8002028706C6174666F726D206C696D6974F6
:101708006174696F6E290000535049204D616E6104
:101718006765723A20546F6F206D616E7920646539
:101728007669636573206F6E20636C6F636B2070DE
:10173800696E200020646576696365732C206D618D
:1017480078203136290000002E70696F5C6C696260
:10175800646570735C7465656E737934305C46617A
:1017680073744C45445C7372632F706C6174666F5C
:10177800726D732F7368617265642F7370695F622D
:1017880075735F6D616E616765722E6370702E6828
:10179800707000005350494275734D616E61676502
:1017A800723A206E756C6C70747220636F6E74720E
:1017B8006F6C6C657220706F696E746572000000E2
:1017C8005350494275734D616E616765723A205492
:1017D8006F6F206D616E7920646966666572656EEB
:1017E8007420636C6F636B2070696E7320286D6161
:1017F800782000005350494275734D616E616765EA
:10180800723A20546F6F206D616E79206465766935
:10181800636573206F6E20636C6F636B2070696EF5
:101828002000000020286D61782031362900000052
:101838005350493A20526571756573746564207315
:10184800706565642000000020487A20657863652B
:1018580065647320706C6174666F726D206D617859
:101868002000000020487A2C20636C616D70696E3E
:101878006720746F200000005350493A205573695F
:101888006E67207374616E646172642073696E6739
:101898006C652D6C616E6520535049202862757304
:1018A800206D616E61676572207061737374687210
:1018B8006F756768206D6F64652900004E6F20445E
:1018C80075616C2D53504920636F6E74726F6C6C28
:1018D80065727320617661696C61626C65206F6EF8
:1018E800207468697320706C6174666F726D000093
:1018F8004661696C656420746F20696E69746961FA
:101908006C697A65204475616C2D53504920636F6A
:101918006E74726F6C6C6572000000005350493A27
:1019280020496E697469616C697A656420447561DF
:101938006C2D53504920636F6E74726F6C6C6572B6
:101948002027000027202862757320002920617451
:101958002000000020487A004E6F20517561642DE8
:1019680053504920636F6E74726F6C6C657273208C
:10197800617661696C61626C65206F6E207468695C
:101988007320706C6174666F726D00004661696CDB
:10199800656420746F20696E697469616C697A6521
:1019A80020517561642D53504920636F6E74726FB6
:1019B8006C6C6572000000005350493A20496E690A
:1019C8007469616C697A656420517561642D53503E
:1019D8004920636F6E74726F6C6C6572202700000B
:1019E8004E6F204F6374616C2D5350492028382D59
:1019F8006C616E652920636F6E74726F6C6C6572B2
:101A08007320617661696C61626C65206F6E207409
:101A180068697320706C6174666F726D00000000F5
:101A28004661696C656420746F20696E69746961C8
:101A38006C697A65204F6374616C2D535049202876
:101A4800382D6C616E652920636F6E74726F6C6CD3
:101A5800657200005350493A20496E697469616C97
:101A6800697A6564204F6374616C2D535049206313
:101A78006F6E74726F6C6C65722027004E6F204811
:101A8800657861646563612D535049202831362D8E
:101A98006C616E652920636F6E74726F6C6C657211
:101AA8007320617661696C61626C65206F6E207469
:101AB80068697320706C6174666F726D0000000055
:101AC8004661696C656420746F20696E6974696128
:101AD8006C697A652048657861646563612D535047
:101AE80049202831362D6C616E652920636F6E742C
:101AF800726F6C6C657200005350493A20496E69E8
:101B08007469616C697A65642048657861646563A5
:101B1800612D53504920636F6E74726F6C6C6572DF
:101B2800202700004D756C74692D535049206E6F45
:101B38007420737570706F72746564206F6E207492
:101B480068697320706C6174666F726D00000000C4
:101B5800416C6C204475616C2D53504920636F6E45
:101B680074726F6C6C65727320616C7265616479F4
:101B780020696E2075736500416C6C205175616435
:101B88002D53504920636F6E74726F6C6C6572735D
:101B980020616C726561647920696E2075736500D7
:101BA800416C6C204F6374616C2D53504920283868
:101BB8002D6C616E652920636F6E74726F6C6C6535
:101BC800727320616C726561647920696E20757327
:101BD80065000000416C6C2048657861646563614C
:101BE8002D535049202831362D6C616E65292063AC
:101BF8006F6E74726F6C6C65727320616C72656164
:101C0800647920696E20757365000000535049425D
:101C180075734D616E616765723A2072656C6561B6
:101C2800736542757348617264776172652829200B
:101C380063616C6C65642C2069735F696E69746993
:101C4800616C697A65643D005350494275734D6112
:101C58006E616765723A2072656C6561736542757D
:101C680073486172647761726528292062757320F0
:101C78006E6F7420696E697469616C697A65642C29
:101C88002072657475726E696E6700005350494220
:101C980075734D616E616765723A2072656C656136
:101CA800736542757348617264776172652829208B
:101CB8006275735F747970653D0000005350494246
:101CC80075734D616E616765723A2072656C656106
:101CD800736542757348617264776172652829205B
:101CE80072656C656173696E672053494E474C4550
:101CF8005F53504920636F6E74726F6C6C6572002D
:101D08005350494275734D616E616765723A20722E
:101D1800656C656173654275734861726477617259
:101D28006528292063616C6C696E672073696E672A
:101D38006C652D3E656E64282900000053504942A9
:101D480075734D616E616765723A2072656C656185
:101D580073654275734861726477617265282920DA
:101D68006E756C6C696E672068775F636F6E7472EE
:101D78006F6C6C6572000000756E6B6E6F776E200D
:101D88006572726F720000004F6374616C0000002E
:101D9800517561640000000048657861646563619D
:101DA8000000000053504920427573204D616E6158
:101DB8006765723A204661696C656420746F2061BA
:101DC80063717569726520444D4120627566666568
:101DD8007220666F72204475616C2D5350493A2009
:101DE8000000000053504920427573204D616E6118
:101DF8006765723A204475616C207472616E737005
:101E08006F7365206661696C6564202D2000000091
:101E180053504920427573204D616E616765723A6F
:101E2800204475616C2D535049207472616E736D36
:101E38006974206661696C6564000000535049202C
:101E4800427573204D616E616765723A204661691B
:101E58006C656420746F20616371756972652044D4
:101E68004D412062756666657220666F722048650E
:101E78007861646563612D5350493A200000000081
:101E880053504920427573204D616E616765723AFF
:101E9800204661696C656420746F2061637175699F
:101EA800726520444D412062756666657220666FD2
:101EB80072204F6374616C2D5350493A2000000022
:101EC80053504920427573204D616E616765723ABF
:101ED800204661696C656420746F2061637175695F
:101EE800726520444D412062756666657220666F92
:101EF8007220517561642D5350493A20000000004A
:101F080053504920427573204D616E616765723A7E
:101F1800204865786164656361207472616E7370CE
:101F28006F7365206661696C6564202D2000000070
:101F380053504920427573204D616E616765723A4E
:101F4800204F6374616C207472616E73706F736577
:101F5800206661696C6564202D200000535049207B
:101F6800427573204D616E616765723A20517561E3
:101F780064207472616E73706F7365206661696C3A
:101F88006564202D200000002D5350492074726193
:101F98006E736D6974206661696C65640000000089
:101FA80053504920427573204D616E616765723ADE
:101FB80020000000535049204D616E616765723AF8
:101FC8002044697361626C65642064657669636541
:101FD80020000000206F6E20636C6F636B207069B7
:101FE8006E2000002028636F6E666C696374290098
:101FF8004F757470757420627566666572207369B2
:102008007A65206D757374206265206469766973DA
:1020180069626C6520627920320000004F75747027
:102028007574206275666665722073697A65206DBD
:1020380075737420626520646976697369626C657A
:1020480020627920340000004F7574707574206226
:1020580075666665722073697A65206D757374207C
:10206800626520646976697369626C6520627920AB
:10207800380000004F757470757420627566666567
:10208800722073697A65206D7573742062652064A7
:102098006976697369626C6520627920313600005F
:1020A8002E70696F5C6C6962646570735C746565D9
:1020B8006E737934305C466173744C45445C73725A
:1020C800632F706C6174666F726D732F61726D2F00
:1020D8007465656E73792F7465656E7379345F63A3
:1020E8006F6D6D6F6E2F7370695F68775F325F6DAC
:1020F800787274313036322E6370702E68707000CA
:102108005370694877324D585254313036323A203C
:10211800427573206D69736D61746368202D206545
:102128007870656374656420000000002C20676F78
:10213800742000005370694877324D58525431303A
:1021480036323A20496E76616C6964206275732074
:102158006E756D62657220005370694877324D580C
:102168005254313036323A204475616C2D535049FF
:1021780020726571756972657320626F7468206476
:102188006174613020616E64206461746131207013
:10219800696E7300202045787065637465643A2021
:1021A80053434B3D000000002044303D0000000038
:1021B8002044313D000000002020476F743A20532E
:1021C800434B3D005370694877324D585254313073
:1021D80036323A20496E76616C69642070696E20E7
:1021E800636F6D62696E6174696F6E20666F7220CD
:1021F80062757320000000002E70696F5C6C696264
:10220800646570735C7465656E737934305C4661BF
:1022180073744C45445C7372632F666C2F627974D7
:102228006573747265616D6D656D6F72792E63701B
:10223800702E68707000000028000000293A2057AE
:1022480041524E3A20000000427974655374726519
:10225800616D4D656D6F72793A3A726561643A20C5
:10226800647374203D3D206E756C6C707472000050
:102278002E70696F5C6C6962646570735C74656507
:102288006E737934305C466173744C45445C737288
:10229800632F706C6174666F726D732F6573702F26
:1022A80033322F647269766572732F6932732F77B0
:1022B800617665385F656E636F6465725F693273F6
:1022C8002E6370702E68707000000000776176656C
:1022D80038456E636F646549327353696E676C6520
:1022E8004C616E653A204F7574707574206275661E
:1022F80066657220746F6F20736D616C6C20286E38
:10230800656564200000000020776F7264732C20DC
:102318006861766520000000747275650000000031
:1023280066616C73650000002E70696F5C6C696291
:10233800646570735C7465656E737934305C46618E
:1023480073744C45445C7372632F706C6174666F70
:10235800726D732F61726D2F7465656E73792F744A
:1023680065656E7379345F636F6D6D6F6E2F737013
:10237800695F68775F6D616E616765725F6D7872BE
:1023880074313036322E6370702E68707000000021
:102398005465656E737920342E783A20496E6974D5
:1023A80069616C697A696E67205350492068617267
:1023B80064776172650000005465656E7379203436
:1023C8002E783A205265676973746572696E672062
:1023D80053706948773420696E7374616E636573EE
:1023E80000000000535049005350493100000000DC
:1023F80053504932000000005465656E73792034EB
:102408002E783A2053706948773420696E73746166
:102418006E636573207265676973746572656400BD
:102428005465656E737920342E783A205265676951
:1024380073746572696E67205370694877322069D2
:102448006E7374616E636573000000005465656E99
:10245800737920342E783A2053706948773220698E
:102468006E7374616E6365732072656769737465F2
:10247800726564005465656E737920342E783A204D
:1024880053504920686172647761726520696E698A
:102498007469616C697A6564000000002E70696F68
:1024A8005C6C6962646570735C7465656E737934BD
:1024B800305C466173744C45445C7372632F666C80
:1024C8002F6173796E632E6370702E6870700000D0
:1024D8005B666C3A3A7461736B5D205761726E6922
:1024E8006E673A206E6F207468656E2829206361D4
:1024F8006C6C6261636B2073657420666F72205424
:1025080061736B2300000000206C61756E63686561
:1025180064206174200000002E70696F5C6C696231
:10252800646570735C7465656E737934305C46619C
:1025380073744C45445C7372632F706C6174666F7E
:10254800726D732F61726D2F7465656E73792F6963
:102558006E69745F7465656E7379342E6370702E5E
:1025680068707000293A20005465656E73792034CC
:102578002E783A20506C6174666F726D20696E69AE
:102588007469616C697A6174696F6E2073746172C1
:1025980074696E67000000005465656E73792034B5
:1025A8002E783A20506C6174666F726D20696E697E
:1025B8007469616C697A6174696F6E20636F6D709C
:1025C8006C657465000000006E616E00696E6600DF
:1025D8006F76660069D300006DD3000071D30000E8
:1025E80075D300006CC00F40030000000E0D000002
:1025F800CD3D000022000000140000000100000092
:10260800F4841F40230000001400000001000000B3
:10261800F8841F402500000014000000010000009D
:10262800F0841F4024000000140000000100000096
:10263800EC841F406CC00F4030000000100F0000F9
:10264800CD3D000001000000170000000000000060
:1026580014851F401A00000012000000010000004D
:1026680018851F401B000000120000000100000038
:1026780010851F4000000000170000000100000046
:102688000C851F406CC00F40C0000000504F000078
:10269800F13C00000C0000001300000000000000E6
:1026A80024851F400B0000001300000000000000FC
:1026B80028851F400D0000001300000000000000E6
:1026C80020851F400A0000001300000001000000E0
:1026D8001C851F402E70696F5C6C6962646570733D
:1026E8005C7465656E737934305C466173744C450F
:1026F800445C7372632F706C6174666F726D732FB4
:102708006F74612E6370702E687070004F54412092
:102718006E6F7420737570706F72746564206F6E5D
:10272800207468697320706C6174666F726D000044
:1027380000000000000000008D5E0000795E0000CF
:1027480035380000E55D0000615F0000AD5D000008
:102758003D5D00000000000000000000A54A0000E8
:102768004DD40000353800003941000009E7000069
:102778003D41000041410000794100005141000005
:1027880065410000954400003D410000B54100004E
:10279800B1410000D9410000314200002D43000042
:1027A8009141000089420000C14300000000000080
:1027B80000000000A54A00004DD400003538000094
:1027C800394100000D4C00003D410000414100002E
:1027D8007941000051410000654100009544000026
:1027E8003D410000B5410000B94D0000D94100004D
:1027F800314200002D430000914100008942000051
:10280800C143000081C9000009E7000009E7000092
:102818000000000000000000F10E0000D50F0000CD
:102828002D0100007D02000085010000DD0200008E
:1028380029020000E9000000F9000000ED00000096
:10284800F1000000F5000000E90E000000000000A3
:1028580000000000A54A00004DD4000035380000F3
:10286800394100000D4C00003D410000414100008D
:102878007941000051410000654100009544000085
:102888003D410000B5410000B94D0000D9410000AC
:10289800314200002D4300009141000089420000B0
:1028A800C143000081C90000B9C80000CDC80000BC
:1028B80000000000000000004952010055520100CC
:1028C8004D52010055530100C55A0100F559010048
:1028D800515A0100F1580100D1540100055F01006F
:1028E80065520100D9510100955B0100C5510100F5
:1028F800C9510100D1510100D5510100E95401002D
:10290800255D0100AD5C010005580100BD510100C5
:10291800CD510100055E01002D5B0100C952010087
:102928000000000000000000C5D30000D1F0000046
:10293800CDF00000C9F00000C5F00000C5D60000C9
:10294800C9D60000C1F0000000000000000000002F
:10295800A54A00004DD40000353800003941000078
:102968000D4C00003D41000041410000794100004C
:102978005141000065410000954400003D410000C0
:10298800B5410000B94D0000D941000031420000B6
:102998002D4300009141000089420000C14300001E
:1029A80009E700000000000000000000F10E000030
:1029B800D50F0000000000000000000009E700003B
:1029C800DD02000029020000E9000000F900000013
:1029D800ED000000F1000000F500000009E700002C
:1029E80000000000000000000DD200004DD40000DF
:1029F80079CC0000D1CD000099CC00003DCD00007D
:102A0800C1CC000055CE0000EDCD000075CC000013
:102A18000000000000000000AD5F0000E15B000066
:102A280035380000255C0000016000000D5E0000E4
:102A3800B55B0000856300009D6300000000000096
:102A4800000000008D5E0000795E0000353800004F
:102A5800E55D0000615F0000AD5D00003D5D0000C8
:102A6800000000000000000061600000A16000009C
:102A7800955D0000655E0000155F0000555D000073
:102A8800F95D0000ED59000029610000555C000067
:102A9800715C000075590000515900009D590000F3
:102AA8006D5D00008D5C00007D5A0000355B000004
:102AB800C55A0000295A0000C15E0000000000004D
:102AC8000000000009E700004DD400003538000080
:102AD8003941000009E7000009E7000009E70000A4
:102AE8000000000000000000E53E0100F540010084
:102AF800B94001000140010065400100AD3F0100FF
:102B08002D4101001D4201005942010035430100D9
:102B1800000000000000000081380000AD3800000F
:102B2800353800007D38000039380000453800008D
:102B3800653800000000000000000000E5600100AA
:102B4800E9600100555F0100D964010021710100AD
:102B5800A16A01004132010015610100F170010014
:102B680031720100296B0100E94B0100496801003D
:102B78007560010081600100495F01004D5F01003F
:102B8800515F01008D600100B1600100D560010056
:102B980055650100F96001002D630100A165010080
:102BA80075660100000000000000000009E7000051
:102BB80009E70000000000000000000009E700002D
:102BC800DD02000029020000E90000004150000079
:102BD800ED000000F1000000F5000000000000001A
:102BE80000000000CD930000D5940000159D000062
:102BF80075960000259200001D8A00007D84000063
:102C08009184000095840000998400009D84000050
:102C180075840000099D000000000000000000000D
:102C2800259400007D9400003D8700002596000053
:102C3800F9920000C98A0000A1840000B584000050
:102C4800B9840000BD840000C184000079840000BC
:102C580065860000000000000000000051500000E0
:102C68005D5000006D50000055500000000000004D
:102C7800000000002D850000698500002D950000EA
:102C880041850000000000000000000029850000C8
:102C980059850000A9950000398500000000000052
:102CA80000000000258500004985000079850000A6
:102CB80031850000AED580A83FD30040AD8BA1C8B8
:102CC800DA1281FFD91FDB4033A62010A4000000D0
:102CD8006D590000715900004550000091500000E6
:102CE800495000004D500000D8399D270054EA2A69
:102CF80000A4781F007B9A172C2066756E63746990
:102D08006F6E3A2000000000617373657274696F1A
:102D18006E2022257322206661696C65643A2066FC
:102D2800696C6520222573222C206C696E6520252C
:102D380064257325730A0000A2000000F9A20000B0
:102D480083F9A2006E83F9A24E6E83F9444E6E8316
:102D580015444E6E2915444EFC29154427FC2915A7
:102D68005727FC29D15727FCF5D1572734F5D157D8
:102D7800DD34F5D1C0DD34F5DBC0DD3462DBC0DD28
:102D88009562DBC0999562DB3C999562433C9995C5
:102D980090433C994190433C42616C6C6F63207353
:102DA8007563636565646564000000002F64617481
:102DB800612F6A656E6B696E732F776F726B7370B4
:102DC8006163652F474E552D746F6F6C6368616939
:102DD8006E2F61726D2D31312F7372632F6E65778F
:102DE8006C69622D63796777696E2F6E65776C6998
:102DF800622F6C6962632F7374646C69622F6D70E3
:102E08007265632E6300000000202020202020200F
:102E18002020282828282820202020202020202082
:102E28002020202020202020208810101010101092
:102E380010101010101010101004040404040404DE
:102E48000404041010101010101041414141414178
:102E5800010101010101010101010101010101015A
:102E6800010101011010101010104242424242426A
:102E7800020202020202020202020202020202022A
:102E880002020202101010102000000000000000D2
:102E9800000000000000000000000000000000002A
:102EA800000000000000000000000000000000001A
:102EB800000000000000000000000000000000000A
:102EC80000000000000000000000000000000000FA
:102ED80000000000000000000000000000000000EA
:102EE80000000000000000000000000000000000DA
:102EF80000000000000000000000000000000000CA
:102F0800000000000000000000000000496E666933
:102F18006E697479000000004E614E002F64617480
:102F2800612F6A656E6B696E732F776F726B737042
:102F38006163652F474E552D746F6F6C63686169C7
:102F48006E2F61726D2D31312F7372632F6E65771D
:102F58006C69622D63796777696E2F6E65776C6926
:102F6800622F6C6962632F7374646C69622F647476
:102F78006F612E6300000000494E46004E414E002E
:102F880030313233343536373839616263646566D7
:102F98000000000030313233343536373839414299
:102FA8004344454600000000286E756C6C290000FB
:102FB8002020202020202020202020202020202009
:102FC80020202020202020202020202020202020F9
:102FD80000000042C8801F40B8821F40080000005F
:102FE80000000042C4801F40B4821F40040000005B
:102FF80000C0004224801F4014821F4010000000BF
:1030080000C0004228801F4018821F402000000096
:1030180000C000422C801F401C821F40400000005E
:1030280000C0004234801F4024821F40000100007D
:103038000040004264811F4054831F400004000088
:103048000040004280811F4070831F400000020042
:10305800004000427C811F406C831F40000001003B
:103068000040004268811F4058831F40000800004C
:10307800004000423C811F402C831F40010000009B
:103088000040004244811F4034831F400400000078
:103098000040004240811F4030831F400200000072
:1030A8000040004248811F4038831F40080000004C
:1030B8000000004204811F40F4821F400000040009
:1030C8000000004208811F40F8821F4000000800ED
:1030D8000000004218811F4008831F400000800044
:1030E8000000004214811F4004831F40000040007C
:1030F8000000004200811F40F0821F4000000200D3
:1031080000000042FC801F40EC821F4000000100CC
:103118000000004224811F4014831F400000000467
:103128000000004228811F4018831F40000000084B
:10313800000000421C811F400C831F40000000015A
:103148000000004220811F4010831F400000000241
:1031580000000042EC801F40DC821F40001000008D
:1031680000000042F0801F40E0821F400020000065
:103178000000004234811F4024831F4000000040AB
:103188000000004238811F4028831F400000008053
:103198000080004294801F4084821F400000040089
:1031A80000C0004290801F4080821F4000000080C5
:1031B80000800042A8801F4098821F4000008000C5
:1031C80000800042A4801F4094821F4000004000FD
:1031D800004000426C811F405C831F4000100000CB
:1031E80000C0004230801F4020821F408000000045
:1031F80000800042C8811F40B8831F400080000043
:1032080000800042C4811F40B4831F40004000007A
:1032180000800042C0811F40B0831F400020000092
:1032280000800042BC811F40AC831F40001000009A
:1032380000800042D0811F40C0831F400000020070
:1032480000800042CC811F40BC831F400000010069
:1032580044494D3A200000002500000030000000DD
:1032680053454E44494E4720574946492E2E2E0075
:10327800256C75004350553A0000000043200000BB
:103288004C3A0000252E31664D422F730000000095
:1032980025644B422F730000467265653A000000B2
:1032A8006B205350493A00004D487A000500000051
:1032B800190000007D000000524553455420434F3B
:1032C8004E4649472E2E2E00643372622773000043
:1032D80076332E302E6D6178000000004475616CE5
:1032E8002D53504900000000517561642D53504919
:1032F800000000004F63746F2D5350490000000018
:1033080048657861646563612D5350490000000089
:103318005741524E494E473A2050696E20697320F2
:1033280049324320627573202831363D53434C316E
:103338002C2031373D5344413129202D206D6179AE
:10334800206361757365206E6F69736520616E64B3
:1033580020636F6E666C69637420776974682049AE
:103368003243206465766963657300005741524EA5
:10337800494E473A2050696E2069732049324320EC
:10338800627573202831383D534441302C2031393F
:103398003D53434C3029202D206D617920636175A0
:1033A8007365206E6F69736520616E6420636F6E4C
:1033B800666C6963742077697468204932432064B5
:1033C80065766963657300005741524E494E473A26
:1033D8002050696E206973205350493120627573FB
:1033E800202832363D4D4F5349312C2032373D533A
:1033F800434B3129202D206D6179206361757365F8
:10340800206E6F69736520616E6420636F6E666CF1
:10341800696374207769746820706572697068657B
:1034280072616C73000000005741524E494E473A92
:103438002050696E206973205350492062757320AB
:103448002831313D4D4F53492C2031323D4D4953A0
:103458004F2C2031333D53434B29202D206D61796A
:10346800206361757365206E6F69736520616E6492
:1034780020636F6E666C6963742077697468206670
:103488006C6173682F534420706572697068657247
:10349800616C73005741524E494E473A2050696E4D
:1034A8002069732053657269616C3220554152540A
:1034B8002028373D5258322C20383D545832292084
:1034C8002D206D6179206361757365206E6F697356
:1034D800652F7369676E616C206973737565730016
:1034E8005741524E494E473A2050696E2069732021
:1034F80053657269616C3120554152542028303D22
:103508005258312C20313D54583129202D206D61DD
:1035180079206361757365206E6F6973652F7369B0
:10352800676E616C2069737375657320616E6420C2
:103538006166666563742073657269616C20646591
:1035480062756767696E670050696E20646F65739E
:10355800206E6F74206D617020746F206120766119
:103568006C6964204750494F20706F727420284757
:1035780050494F362D3929202D206D6179206265FB
:1035880020612067726F756E642F706F7765722F78
:10359800726561642D6F6E6C792070696E00000031
:1035A80050696E206E756D62657220657863656519
:1035B8006473204E554D5F4449474954414C5F5010
:1035C800494E5320666F72207468697320626F6178
:1035D8007264202D2070696E206973206F757420C5
:1035E8006F662076616C69642072616E67650000A1
:1035F8004C435F434F4C4C41544500004C435F43A0
:1036080054595045000000004C435F4D4F4E4554FF
:10361800415259004C435F4E554D455249430000B5
:103628004C435F54494D45004C435F4D455353410E
:103638004745530000010000583D002012000000DB
:1036480000060000202400600A00000000020000BC
:10365800BC230060620000000007000058230060DF
:1036680062000000EE030000943D002012000000FC
:10367800000004EE6C3D002028000000000300005C
:103688005423006000000000010309043C2300608B
:103698000000000002030904242300600000000069
:1036A80003030904AC3D00200000000000000000F6
:1036B8000000000000000000303030303030303082
:1036C80030303030303030303030303030303030F2
:1036D80030303030303030300000000030C1002051
:1036E80098C1002000C20020000000000000000077
:1036F80000000000000000000000000000000000C2
:1037080000000000000000000000000000000000B1
:1037180000000000000000000000000000000000A1
:103728000000000000000000000000000000000091
:103738000000000000000000000000000000000081
:103748000000000000000000000000000000000071
:103758000000000000000000000000000000000061
:103768000000000000000000000000000000000051
:1037780001000000000000000E33CDAB34126DE6EE
:10378800ECDE05000B000000000000000000000057
:103798000000000000000000000000000000000021
:1037A8000000000000000000000000000000000011
:1037B8000000000000000000000000000000000001
:1037C80000000000000000000000000000000000F1
:1037D80000000000000000000000000000000000E1
:1037E80000000000000000000000000000000000D1
:1037F80000000000000000000029DE07007B9A1787
:1038080000003A40142100200000000000000000E1
:1038180000000000000000000000000000000000A0
:103828000000000000000000000000000000000090
:103838000000000000000000000000000000000080
:103848000000000000000000000000000000000070
:1038580000C03940C4200020000000000000000023
:103868000000000000000000000000000000000050
:103878000000000000000000000000000000000040
:103888000000000000000000000000000000000030
:103898000000000000000000000000000000000020
:1038A80000403940742000200000000000000000A3
:1038B8000000000000000000000000000000000000
:1038C80000000000000000000000000000000000F0
:1038D80000000000000000000000000000000000E0
:1038E80000000000000000000000000000000000D0
:1038F800B823002000000000E803000000000000DA
:103908007824002000000000E80300000000000008
:10391800008019401C0A002000000000584A0020BE
:10392800184A0020000000000000000040000000CD
:1039380040000000400000004000000000000000BF
:10394800000000000000000000000000000000006F
:10395800000000000000000000000000000000005F
:10396800A825002000000000E80300000000000077
:1039780000003F40F420006000000000000000004C
:10398800000000000000000000000000000000002F
:10399800000000000000000000000000000000001F
:1039A800000000000000000000000000000000000F
:1039B80000000000000000000000000000000000FF
:1039C80000000000000000000000000000000000EF
:1039D80000000000000000000000000000000000DF
:1039E80000000000000000000000000000000000CF
:1039F80000000000000000000000000000000000BF
:103A080000000000000000000000000000000000AE
:103A1800000000000000000000000000000000009E
:103A2800000000000000000000000000000000008E
:103A3800000000000000000000000000000000007E
:103A4800000000000000000000000000000000006E
:103A5800000000000000000000000000000000005E
:103A6800000000000000000000000000000000004E
:103A7800000000000000000000000000000000003E
:103A8800000000000000000000000000000000002E
:103A9800000000000000000000000000000000001E
:103AA800A825002000000000E80300000000000036
:103AB80000803F40A42000600000000000000000DB
:103AC80000000000000000000000000000000000EE
:103AD80000000000000000000000000000000000DE
:103AE80000000000000000000000000000000000CE
:103AF80000000000000000000000000000000000BE
:103B080000000000000000000000000000000000AD
:103B1800000000000000000000000000000000009D
:103B2800000000000000000000000000000000008D
:103B3800000000000000000000000000000000007D
:103B4800000000000000000000000000000000006D
:103B5800000000000000000000000000000000005D
:103B6800000000000000000000000000000000004D
:103B7800000000000000000000000000000000003D
:103B8800000000000000000000000000000000002D
:103B9800000000000000000000000000000000001D
:103BA800000000000000000000000000000000000D
:103BB80000000000000000000000000000000000FD
:103BC80000000000000000000000000000000000ED
:103BD80000000000000000000000000000000000DD
:103BE800A825002000000000E803000000000000F5
:103BF80000C03F40542000600000000000000000AA
:103C080000000000000000000000000000000000AC
:103C1800000000000000000000000000000000009C
:103C2800000000000000000000000000000000008C
:103C3800000000000000000000000000000000007C
:103C4800000000000000000000000000000000006C
:103C5800000000000000000000000000000000005C
:103C6800000000000000000000000000000000004C
:103C7800000000000000000000000000000000003C
:103C8800000000000000000000000000000000002C
:103C9800000000000000000000000000000000001C
:103CA800000000000000000000000000000000000C
:103CB80000000000000000000000000000000000FC
:103CC80000000000000000000000000000000000EC
:103CD80000000000000000000000000000000000DC
:103CE80000000000000000000000000000000000CC
:103CF80000000000000000000000000000000000BC
:103D080000000000000000000000000000000000AB
:103D1800000000000000000000000000000000009B
:103D280078820020386300204D5C0000515C000060
:103D3800F0C0002080302020000000004300000078
:103D4800000000000000000000000000000000006B
:103D58000000000000000000000000004300000018
:103D6800000000000000000000000000000000004B
:103D780000000000000000000000000043000000F8
:103D8800000000000000000000000000000000002B
:103D980000000000000000000000000043000000D8
:103DA800000000000000000000000000000000000B
:103DB80000000000000000000000000043000000B8
:103DC80000000000000000000000000000000000EB
:103DD8000000000000000000000000004300000098
:103DE80000000000000000000000000000000000CB
:103DF8000000000000000000000000004300000078
:103E080000000000000000000000000000000000AA
:103E1800000000000000000000000000B59A01004A
:103E280011930100000000009828002008070020D6
:103E3800641000206410002064100020641000202A
:103E4800641000206410002064100020641000201A
:103E580064100020FFFFFFFFFFFFFFFFFFFFFFFFD2
:103E6800FFFF0000010041534349490000000000E2
:103E7800000000000000000000000000000000003A
:103E880000000000000041534349490000000000C1
:103E9800000000000000000000000000000000001A
:103EA800000000000000000000000000000000000A
:103EB80038390020383900204039002040390020A6
:103EC8004839002048390020503900205039002056
:103ED8005839002058390020603900206039002006
:103EE80068390020683900207039002070390020B6
:103EF8007839002078390020803900208039002066
:103F08008839002088390020903900209039002015
:103F18009839002098390020A0390020A0390020C5
:103F2800A8390020A8390020B0390020B039002075
:103F3800B8390020B8390020C0390020C039002025
:103F4800C8390020C8390020D0390020D0390020D5
:103F5800D8390020D8390020E0390020E039002085
:103F6800E8390020E8390020F0390020F039002035
:103F7800F8390020F8390020003A0020003A0020E3
:103F8800083A0020083A0020103A0020103A002091
:103F9800183A0020183A0020203A0020203A002041
:103FA800283A0020283A0020303A0020303A0020F1
:103FB800383A0020383A0020403A0020403A0020A1
:103FC800483A0020483A0020503A0020503A002051
:103FD800583A0020583A0020603A0020603A002001
:103FE800683A0020683A0020703A0020703A0020B1
:103FF800783A0020783A0020803A0020803A002061
:10400800883A0020883A0020903A0020903A002010
:10401800983A0020983A0020A03A0020A03A0020C0
:10402800A83A0020A83A0020B03A0020B03A002070
:10403800B83A0020B83A0020C03A0020C03A002020
:10404800C83A0020C83A0020D03A0020D03A0020D0
:10405800D83A0020D83A0020E03A0020E03A002080
:10406800E83A0020E83A0020F03A0020F03A002030
:10407800F83A0020F83A0020003B0020003B0020DE
:10408800083B0020083B0020103B0020103B00208C
:10409800183B0020183B0020203B0020203B00203C
:1040A800283B0020283B0020303B0020303B0020EC
:1040B800383B0020383B0020403B0020403B00209C
:1040C800483B0020483B0020503B0020503B00204C
:1040D800583B0020583B0020603B0020603B0020FC
:1040E800683B0020683B0020703B0020703B0020AC
:1040F800783B0020783B0020803B0020803B00205C
:10410800883B0020883B0020903B0020903B00200B
:10411800983B0020983B0020A03B0020A03B0020BB
:10412800A83B0020A83B0020B03B0020B03B00206B
:10413800B83B0020B83B0020C03B0020C03B00201B
:10414800C83B0020C83B0020D03B0020D03B0020CB
:10415800D83B0020D83B0020E03B0020E03B00207B
:10416800E83B0020E83B0020F03B0020F03B00202B
:10417800F83B0020F83B0020003C0020003C0020D9
:10418800083C0020083C0020103C0020103C002087
:10419800183C0020183C0020203C0020203C002037
:1041A800283C0020283C0020303C0020303C0020E7
:1041B800383C0020383C0020403C0020403C002097
:1041C800483C0020483C0020503C0020503C002047
:1041D800583C0020583C0020603C0020603C0020F7
:1041E800683C0020683C0020703C0020703C0020A7
:1041F800783C0020783C0020803C0020803C002057
:10420800883C0020883C0020903C0020903C002006
:10421800983C0020983C0020A03C0020A03C0020B6
:10422800A83C0020A83C0020B03C0020B03C002066
:10423800B83C0020B83C0020C03C0020C03C002016
:10424800C83C0020C83C0020D03C0020D03C0020C6
:10425800D83C0020D83C0020E03C0020E03C002076
:10426800E83C0020E83C0020F03C0020F03C002026
:10427800F83C0020F83C0020003D0020003D0020D4
:10428800083D0020083D0020103D0020103D002082
:10429800183D0020183D0020203D0020203D002032
:1042A800283D0020283D0020303D0020303D0020E2
:1042B800FFFFFFFF000002000000000003000000F5
:1042C80030C100206831002012010002EF020140D5
:1042D800C0168304790201020301000028000000CF
:1042E800000104000100000000000000020157491D
:1042F8004E5553420000000000000000000000007E
:104308000000000012034D00530046005400310025
:1043180030003000F80000000000C8420C03000024
:104328000000000000000000000000000000000085
:10433800000029140101FF00000000000000000037
:104348000000000000000000000000000000000065
:104358000000000000000000000000000000000055
:104368000000000000000000000000000000000045
:104378000000000000000000000000000000000035
:104388000000000000000000000000000000000025
:104398000000000000000000000000000000000015
:1043A8000000000000000000000000000000000005
:1043B80000000000000000000000000000000000F5
:1043C80000000000000000000000000000000000E5
:1043D80000000000000000000000000000000000D5
:1043E80000000000000000000000000000000000C5
:1043F80000000000000000000000000000000000B5
:1044080000000000000000000000000000000000A4
:104418000000000000000000000000000000000094
:104428000000000000000000000000000000000084
:104438000000000000000000000000000000000074
:104448000000000000000000000000000000000064
:104458000000000000000000000000000000000054
:104468000000000000000000000000000000000044
:104478000000000000000000000000000000000034
:104488000000000000000000000000000000000024
:104498000000000000000000000000000000000014
:1044A8000000000000000000000000000000000004
:1044B80000000000000000000000000000000000F4
:1044C80000000000000000000000000000000000E4
:1044D80000000000000000000000000000000000D4
:1044E80000000000000000000000000000000000C4
:1044F80000000000000000000000000000000000B4
:1045080000000000000000000000000000000000A3
:104518000000000000000000000000000000000093
:104528000000000000000000000000000000000083
:104538000000000000000000000000000000000073
:104548000000000000000000000000000000000063
:104558000000000000000000000000000000000053
:104568000000000000000000000000000000000043
:104578000000000000000000000000000000000033
:104588000000000000000000000000000000000023
:104598000000000000000000000000000000000013
:1045A8000000000000000000000000000000000003
:1045B80000000000000000000000000000000000F3
:1045C80000000000000000000000000000000000E3
:1045D80000000000000000000000000000000000D3
:1045E80000000000000000000000000000000000C3
:1045F80000000000000000000000000000000000B3
:1046080000000000000000000000000000000000A2
:104618000000000000000000000000000000000092
:104628000000000000000000000000000000000082
:104638000000000000000000000000000000000072
:104648000000000000000000000000000000000062
:104658000000000000000000000000000000000052
:104668000000000000000000000000000000000042
:104678000000000000000000000000000000000032
:104688000000000000000000000000000000000022
:104698000000000000000000000000000000000012
:1046A8000000000000000000000000000000000002
:1046B80000000000000000000000000000000000F2
:1046C80000000000000000000000000000000000E2
:1046D80000000000000000000000000000000000D2
:1046E80000000000000000000000000000000000C2
:1046F80000000000000000000000000000000000B2
:1047080000000000000000000000000000000000A1
:104718000000000000000000000000000000000091
:104728000000000000000000000000000000000081
:104738000000000000000000000000000000000071
:104748000000000000000000000000000000000061
:104758000000000000000000000000000000000051
:104768000000000000000000000000000000000041
:104778000000000000000000000000000000000031
:104788000000000000000000000000000000000021
:104798000000000000000000000000000000000011
:1047A8000000000000000000000000000000000001
:1047B80000000000000000000000000000000000F1
:1047C80000000000000000000000000000000000E1
:1047D80000000000000000000000000000000000D1
:1047E80000000000000000000000000000000000C1
:1047F80000000000000000000000000000000000B1
:1048080000000000000000000000000000000000A0
:104818000000000000000000000000000000000090
:104828000000000000000000000000000000000080
:10483800FFFFFFFFFFFFFFFFFFFFFFFFFFFFFFFF80
:10484800FFFFFFFFFFFFFFFFFFFFFFFFFFFFFFFF70
:10485800FFFFFFFFFFFFFFFFFFFFFFFFFFFFFFFF60
:10486800FFFFFFFFFFFFFFFFFFFFFFFFFFFFFFFF50
:10487800FFFFFFFFFFFFFFFFFFFFFFFFFFFFFFFF40
:10488800FFFFFFFFFFFFFFFFFFFFFFFFFFFFFFFF30
:10489800FFFFFFFFFFFFFFFFFFFFFFFFFFFFFFFF20
:1048A800FFFFFFFFFFFFFFFFFFFFFFFFFFFFFFFF10
:1048B800FFFFFFFFFFFFFFFFFFFFFFFFFFFFFFFF00
:1048C800FFFFFFFFFFFFFFFFFFFFFFFFFFFFFFFFF0
:1048D800FFFFFFFFFFFFFFFFFFFFFFFFFFFFFFFFE0
:1048E800FFFFFFFFFFFFFFFFFFFFFFFFFFFFFFFFD0
:1048F800FFFFFFFFFFFFFFFFFFFFFFFFFFFFFFFFC0
:10490800FFFFFFFFFFFFFFFFFFFFFFFFFFFFFFFFAF
:10491800FFFFFFFFFFFFFFFFFFFFFFFFFFFFFFFF9F
:10492800FFFFFFFFFFFFFFFFFFFFFFFFFFFFFFFF8F
:10493800FFFFFFFFFFFFFFFFFFFFFFFFFFFFFFFF7F
:10494800FFFFFFFFFFFFFFFFFFFFFFFFFFFFFFFF6F
:10495800FFFFFFFFFFFFFFFFFFFFFFFFFFFFFFFF5F
:10496800FFFFFFFFFFFFFFFFFFFFFFFFFFFFFFFF4F
:10497800FFFFFFFFFFFFFFFFFFFFFFFFFFFFFFFF3F
:10498800FFFFFFFFFFFFFFFFFFFFFFFFFFFFFFFF2F
:10499800FFFFFFFFFFFFFFFFFFFFFFFFFFFFFFFF1F
:1049A800FFFFFFFFFFFFFFFFFFFFFFFFFFFFFFFF0F
:1049B800FFFFFFFFFFFFFFFFFFFFFFFFFFFFFFFFFF
:1049C800FFFFFFFFFFFFFFFFFFFFFFFFFFFFFFFFEF
:1049D800FFFFFFFFFFFFFFFFFFFFFFFFFFFFFFFFDF
:1049E800FFFFFFFFFFFFFFFFFFFFFFFFFFFFFFFFCF
:1049F800FFFFFFFFFFFFFFFFFFFFFFFFFFFFFFFFBF
:104A0800FFFFFFFFFFFFFFFFFFFFFFFFFFFFFFFFAE
:104A1800FFFFFFFFFFFFFFFFFFFFFFFFFFFFFFFF9E
:104A2800FFFFFFFFFFFFFFFFFFFFFFFFFFFFFFFF8E
:104A3800FFFFFFFFFFFFFFFFFFFFFFFFFFFFFFFF7E
:104A4800FFFFFFFFFFFFFFFFFFFFFFFFFFFFFFFF6E
:104A5800FFFFFFFFFFFFFFFFFFFFFFFFFFFFFFFF5E
:104A6800FFFFFFFFFFFFFFFFFFFFFFFFFFFFFFFF4E
:104A7800FFFFFFFFFFFFFFFFFFFFFFFFFFFFFFFF3E
:104A8800FFFFFFFFFFFFFFFFFFFFFFFFFFFFFFFF2E
:104A9800FFFFFFFFFFFFFFFFFFFFFFFFFFFFFFFF1E
:104AA800FFFFFFFFFFFFFFFFFFFFFFFFFFFFFFFF0E
:104AB800FFFFFFFFFFFFFFFFFFFFFFFFFFFFFFFFFE
:104AC800FFFFFFFFFFFFFFFFFFFFFFFFFFFFFFFFEE
:104AD800FFFFFFFFFFFFFFFFFFFFFFFFFFFFFFFFDE
:104AE800FFFFFFFFFFFFFFFFFFFFFFFFFFFFFFFFCE
:104AF800FFFFFFFFFFFFFFFFFFFFFFFFFFFFFFFFBE
:104B0800FFFFFFFFFFFFFFFFFFFFFFFFFFFFFFFFAD
:104B1800FFFFFFFFFFFFFFFFFFFFFFFFFFFFFFFF9D
:104B2800FFFFFFFFFFFFFFFFFFFFFFFFFFFFFFFF8D
:104B3800FFFFFFFFFFFFFFFFFFFFFFFFFFFFFFFF7D
:104B4800FFFFFFFFFFFFFFFFFFFFFFFFFFFFFFFF6D
:104B5800FFFFFFFFFFFFFFFFFFFFFFFFFFFFFFFF5D
:104B6800FFFFFFFFFFFFFFFFFFFFFFFFFFFFFFFF4D
:104B7800FFFFFFFFFFFFFFFFFFFFFFFFFFFFFFFF3D
:104B8800FFFFFFFFFFFFFFFFFFFFFFFFFFFFFFFF2D
:104B9800FFFFFFFFFFFFFFFFFFFFFFFFFFFFFFFF1D
:104BA800FFFFFFFFFFFFFFFFFFFFFFFFFFFFFFFF0D
:104BB800FFFFFFFFFFFFFFFFFFFFFFFFFFFFFFFFFD
:104BC800FFFFFFFFFFFFFFFFFFFFFFFFFFFFFFFFED
:104BD800FFFFFFFFFFFFFFFFFFFFFFFFFFFFFFFFDD
:104BE800FFFFFFFFFFFFFFFFFFFFFFFFFFFFFFFFCD
:104BF800FFFFFFFFFFFFFFFF0000000000000000B5
:104C0800000000000000000000000000000000009C
:104C1800000000000000000000000000000000008C
:104C2800000000000000000000000000000000007C
:104C3800000000000000000000000000000000006C
:104C4800000000000000000000000000000000005C
:104C5800000000000000000000000000000000004C
:104C6800000000000000000000000000000000003C
:104C7800000000000000000000000000000000002C
:104C8800000000000000000000000000000000001C
:104C9800000000000000000000000000000000000C
:104CA80000000000000000000000000000000000FC
:104CB80000000000000000000000000000000000EC
:104CC80000000000000000000000000000000000DC
:104CD80000000000000000000000000000000000CC
:104CE80000000000000000000000000000000000BC
:104CF80000000000000000000000000000000000AC
:104D0800000000000000000000000000000000009B
:104D1800000000000000000000000000000000008B
:104D2800000000000000000000000000000000007B
:104D3800000000000000000000000000000000006B
:104D4800000000000000000000000000000000005B
:104D5800000000000000000000000000000000004B
:104D6800000000000000000000000000000000003B
:104D7800000000000000000000000000000000002B
:104D8800000000000000000000000000000000001B
:104D9800000000000000000000000000000000000B
:104DA80000000000000000000000000000000000FB
:104DB80000000000000000000000000000000000EB
:104DC80000000000000000000000000000000000DB
:104DD80000000000000000000000000000000000CB
:104DE80000000000000000000000000000000000BB
:104DF80000000000000000000000000000000000AB
:104E0800000000000000000000000000000000009A
:104E1800000000000000000000000000000000008A
:104E2800000000000000000000000000000000007A
:104E3800000000000000000000000000000000006A
:104E4800000000000000000000000000000000005A
:104E5800000000000000000000000000000000004A
:104E6800000000000000000000000000000000003A
:104E7800000000000000000000000000000000002A
:104E8800000000000000000000000000000000001A
:104E9800000000000000000000000000000000000A
:104EA80000000000000000000000000000000000FA
:104EB80000000000000000000000000000000000EA
:104EC80000000000000000000000000000000000DA
:104ED80000000000000000000000000000000000CA
:104EE80000000000000000000000000000000000BA
:104EF80000000000000000000000000000000000AA
:104F08000000000000000000000000000000000099
:104F18000000000000000000000000000000000089
:104F28000000000000000000000000000000000079
:104F38000000000000000000000000000000000069
:104F48000000000000000000000000000000000059
:104F58000000000000000000000000000000000049
:104F68000000000000000000000000000000000039
:104F78000000000000000000000000000000000029
:104F88000000000000000000000000000000000019
:104F98000000000000000000000000000000000009
:104FA80000000000000000000000000000000000F9
:104FB80000000000000000000000000000000000E9
:104FC80000000000000000000000000000000000D9
:104FD80000000000000000000000000000000000C9
:104FE80000000000000000000000000000000000B9
:104FF80000000000000000000000000000000000A9
:105008000000000000000000000000000000000098
:105018000000000000000000000000000000000088
:105028000000000000000000000000000000000078
:105038000000000000000000000000000000000068
:105048000000000000000000000000000000000058
:105058000000000000000000000000000000000048
:105068000000000000000000000000000000000038
:105078000000000000000000000000000000000028
:105088000000000000000000000000000000000018
:105098000000000000000000000000000000000008
:1050A80000000000000000000000000000000000F8
:1050B80000000000000000000000000000000000E8
:1050C80000000000000000000000000000000000D8
:1050D80000000000000000000000000000000000C8
:1050E80000000000000000000000000000000000B8
:1050F80000000000000000000000000000000000A8
:105108000000000000000000000000000000000097
:105118000000000000000000000000000000000087
:105128000000000000000000000000000000000077
:105138000000000000000000000000000000000067
:105148000000000000000000000000000000000057
:105158000000000000000000000000000000000047
:105168000000000000000000000000000000000037
:105178000000000000000000000000000000000027
:105188000000000000000000000000000000000017
:105198000000000000000000000000000000000007
:1051A80000000000000000000000000000000000F7
:1051B80000000000000000000000000000000000E7
:1051C80000000000000000000000000000000000D7
:1051D80000000000000000000000000000000000C7
:1051E80000000000000000000000000000000000B7
:1051F80000000000000000000000000000000000A7
:105208000000000000000000000000000000000096
:105218000000000000000000000000000000000086
:105228000000000000000000000000000000000076
:105238000000000000000000000000000000000066
:105248000000000000000000000000000000000056
:105258000000000000000000000000000000000046
:105268000000000000000000000000000000000036
:105278000000000000000000000000000000000026
:105288000000000000000000000000000000000016
:105298000000000000000000000000000000000006
:1052A80000000000000000000000000000000000F6
:1052B80000000000000000000000000000000000E6
:1052C80000000000000000000000000000000000D6
:1052D80000000000000000000000000000000000C6
:1052E80000000000000000000000000000000000B6
:1052F80000000000000000000000000000000000A6
:105308000000000000000000000000000000000095
:105318000000000000000000000000000000000085
:105328000000000000000000000000000000000075
:105338000000000000000000000000000000000065
:105348000000000000000000000000000000000055
:105358000000000000000000000000000000000045
:105368000000000000000000000000000000000035
:105378000000000000000000000000000000000025
:105388000000000000000000000000000000000015
:105398000000000000000000000000000000000005
:1053A80000000000000000000000000000000000F5
:1053B80000000000000000000000000000000000E5
:1053C80000000000000000000000000000000000D5
:1053D80000000000000000000000000000000000C5
:1053E80000000000000000000000000000000000B5
:1053F80000000000000000000000000000000000A5
:105408000000000000000000000000000000000094
:105418000000000000000000000000000000000084
:105428000000000000000000000000000000000074
:105438000000000000000000000000000000000064
:105448000000000000000000000000000000000054
:105458000000000000000000000000000000000044
:105468000000000000000000000000000000000034
:105478000000000000000000000000000000000024
:105488000000000000000000000000000000000014
:105498000000000000000000000000000000000004
:1054A80000000000000000000000000000000000F4
:1054B80000000000000000000000000000000000E4
:1054C80000000000000000000000000000000000D4
:1054D80000000000000000000000000000000000C4
:1054E80000000000000000000000000000000000B4
:1054F80000000000000000000000000000000000A4
:105508000000000000000000000000000000000093
:105518000000000000000000000000000000000083
:105528000000000000000000000000000000000073
:105538000000000000000000000000000000000063
:105548000000000000000000000000000000000053
:105558000000000000000000000000000000000043
:105568000000000000000000000000000000000033
:105578000000000000000000000000000000000023
:105588000000000000000000000000000000000013
:105598000000000000000000000000000000000003
:1055A80000000000000000000000000000000000F3
:1055B80000000000000000000000000000000000E3
:1055C80000000000000000000000000000000000D3
:1055D80000000000000000000000000000000000C3
:1055E80000000000000000000000000000000000B3
:1055F80000000000000000000000000000000000A3
:105608000000000000000000000000000000000092
:105618000000000000000000000000000000000082
:105628000000000000000000000000000000000072
:105638000000000000000000000000000000000062
:105648000000000000000000000000000000000052
:105658000000000000000000000000000000000042
:105668000000000000000000000000000000000032
:105678000000000000000000000000000000000022
:105688000000000000000000000000000000000012
:105698000000000000000000000000000000000002
:1056A80000000000000000000000000000000000F2
:1056B80000000000000000000000000000000000E2
:1056C80000000000000000000000000000000000D2
:1056D80000000000000000000000000000000000C2
:1056E80000000000000000000000000000000000B2
:1056F80000000000000000000000000000000000A2
:105708000000000000000000000000000000000091
:105718000000000000000000000000000000000081
:105728000000000000000000000000000000000071
:105738000000000000000000000000000000000061
:105748000000000000000000000000000000000051
:105758000000000000000000000000000000000041
:105768000000000000000000000000000000000031
:105778000000000000000000000000000000000021
:105788000000000000000000000000000000000011
:105798000000000000000000000000000000000001
:1057A80000000000000000000000000000000000F1
:1057B80000000000000000000000000000000000E1
:1057C80000000000000000000000000000000000D1
:1057D80000000000000000000000000000000000C1
:1057E80000000000000000000000000000000000B1
:0857F8000000000000000000A9
:040000056000100087
:00000001FF
